score,gc_multi,rsi,macd_buy_like,vol_surge,vol_quiet,vol_down,hurst,close,close_adj,adv20,adv20_m,hh252,pct_of_52w_high,max_dd_252,dev200,atr14,natr14,pullback_20d,pullback_60d,adx14,plus_di14,minus_di14,skip_reason,sell_score,sell_reason,sell_trend_break,sell_cross_sma25_down,sell_macd_sell_like,sell_rsi_reversal,sell_trailing_stop,sell_ext_dev200,sell_di_bear,sell_vol_distribution,sell_natr_spike,ticker,price_date,bar_is_current,skip_reason_yahoo,mkt_price,pe_ttm,pbr,eps_ttm,bps,market_cap,earn_ts,earn_start_ts,earn_end_ts,market_risk_on,market_close,market_ma200,fund_ok,earn_ts_pick,next_earn_date,days_to_earnings
8,True,50.0,True,False,True,True,0.3375374011187157,1802.0,1802.0,262912080.0,262.91208,1899.0,0.9489204844655081,-0.18422504368919645,0.03425934547812148,29.76945430989245,1.6520229916699471,-0.019586507072905324,-0.05107951553449186,23.95125090386908,26.12707920371054,21.95554984819813,,0,,False,False,False,False,False,False,False,False,False,8771.T,2026-09-17,True,,1802.0,23.372244,4.0839825,77.1,441.236,80168583168.0,1794551400.0,1794551400.0,1794551400.0,True,,,True,1794551400.0,2026-11-13,41.0
7,True,49.83202687569989,True,False,True,True,0.4569633612887699,6215.0,6215.0,19729501370.0,19729.50137,6673.0,0.9313652030570958,-0.18796721276828077,0.141141346469718,138.92060509783192,2.2352470651300393,-0.02295236598019179,-0.0686347969429042,8.689103589971786,25.62465713357167,25.247730537921715,,0,,False,False,False,False,False,False,False,False,False,8591.T,2026-09-17,True,,6215.0,11.044962,1.4451115,562.7,4300.706,6463514738688.0,1785997800.0,1794378600.0,1794378600.0,True,,,True,1794378600.0,2026-11-11,39.0
7,True,40.33078880407124,False,False,True,True,0.3548510222154151,4534.0,4534.0,13547140595.0,13547.140595,4836.39306640625,0.9374754983198775,-0.1874619444674689,0.026135344878192246,80.15620933970038,1.7678916925386055,-0.04547368421052633,-0.04547368421052633,20.57794209176068,28.237916227309835,24.97290467094845,,0,,False,False,False,False,False,False,False,False,False,7751.T,2026-09-17,True,,4534.0,11.46339,1.1053594,395.52,4101.833,3784573714432.0,1785133800.0,1792996200.0,1792996200.0,True,,,True,1792996200.0,2026-10-26,27.0
7,True,50.751879699248114,True,False,True,True,0.4606869668428601,1404.5,1404.5,4921974997.5,4921.9749975,1518.0,0.9252305665349143,-0.17012858555885257,0.023886167386791834,20.19433145035104,1.4378306479424023,-0.008121468926553632,-0.07476943346508569,13.059161192597012,20.00204812196084,23.18184110468271,,0,,False,False,False,False,False,False,False,False,False,8593.T,2026-09-17,True,,1404.5,14.78888,1.0022042,94.97,1401.411,2013771595776.0,1794465000.0,1794465000.0,1794465000.0,True,,,True,1794465000.0,2026-11-12,40.0
7,True,49.887133182844245,False,False,True,True,0.45441770615528626,2991.5,2991.5,3666660080.0,3666.66008,3277.98291015625,0.912603903678499,-0.3489216838048129,0.027734746499028518,66.52406727191678,2.223769589567668,-0.030622164614387604,-0.03406522441072002,18.39265477097139,27.98273410973166,20.41534058547944,,0,,False,False,False,False,False,False,False,False,False,2897.T,2026-09-17,True,,2991.5,19.139475,1.6326848,156.3,1832.258,857298305024.0,1794378600.0,1794378600.0,1794378600.0,True,,,True,1794378600.0,2026-11-11,39.0
7,True,51.275820170109355,True,False,True,True,0.3780179025642756,5350.0,5350.0,3636196765.0,3636.196765,6029.0,0.8873776745728976,-0.21429183941859486,0.005067808680468078,111.13547403404037,2.077298580075521,-0.0024240164087264704,-0.11262232542710238,14.084769504177483,23.41588277679243,22.67721655034172,,0,,False,False,False,False,False,False,False,False,False,6586.T,2026-09-17,True,,5350.0,17.834522,1.369499,299.98,3906.538,1378458664960.0,1793341800.0,1793341800.0,1793341800.0,True,,,True,1793341800.0,2026-10-30,31.0
7,True,46.49243466299862,False,False,True,True,0.27748380373565007,4691.0,4691.0,3005514855.0,3005.514855,4844.0,0.9684145334434352,-0.15630220576229126,0.08448589641470217,98.61743890863275,2.102269002528944,-0.024131474932390318,-0.0315854665565648,8.18312215717724,20.990306136590384,18.738914881856093,,0,,False,False,False,False,False,False,False,False,False,8253.T,2026-09-17,True,,4691.0,11.042065,0.874426,424.83,5364.662,673973141504.0,1794551400.0,1794551400.0,1794551400.0,True,,,True,1794551400.0,2026-11-13,41.0
7,True,49.529780564263326,True,False,True,True,0.42896626203192056,1757.0,1757.0,3004141777.5,3004.1417775,1931.0,0.909891248058001,-0.16071595538636207,0.003627317249263573,21.89444790130866,1.2461268014404474,-0.02062430323299891,-0.09010875194199897,15.536404194019692,25.33370261642106,30.78685261990788,,0,,False,False,False,False,False,False,False,False,False,5938.T,2026-09-17,True,,1757.0,61.953453,0.7734579,28.36,2271.617,505301008384.0,1785479400.0,1793255400.0,1793255400.0,True,,,True,1793255400.0,2026-10-29,30.0
7,True,47.51131221719457,True,False,True,True,0.5400438932070759,3889.0,3889.0,2551312950.0,2551.31295,4591.0,0.8470921367893705,-0.21947149665276522,0.06795872691134064,93.58514879895344,2.406406500358792,-0.02604557976458799,-0.15290786321062955,18.60063109307578,23.647261029067792,24.746000272201883,,0,,False,False,False,False,False,False,False,False,False,2579.T,2026-09-17,True,,3889.0,35.21369,1.7294514,110.44,2248.69,629139308544.0,1785393000.0,1793341800.0,1793341800.0,True,,,True,1793341800.0,2026-10-30,31.0
7,True,52.41935483870968,True,False,True,True,0.23949963301815552,1517.5,1517.5,2138839410.0,2138.83941,1660.0,0.9141566265060241,-0.1856680592353166,0.013513155585805237,28.08287657667165,1.8506014218564515,-0.03097062579821197,-0.08584337349397586,14.71410549480645,24.607018873507627,19.440887686406924,,0,,False,False,False,False,False,False,False,False,False,9143.T,2026-09-17,True,,1517.5,15.467333,1.6634111,98.11,912.282,905549185024.0,1793946600.0,1793946600.0,1793946600.0,True,,,True,1793946600.0,2026-11-06,36.0
7,True,52.27272727272727,False,False,True,True,0.26999913486645893,4154.0,4154.0,2122673965.0,2122.673965,4386.0,0.9471044231646146,-0.1823973499830821,0.07664785085340009,85.62664933641425,2.0613059541746326,-0.010481181515007099,-0.0246536745714957,11.104499119508667,28.26340669319201,20.07161869283284,,0,,False,False,False,False,False,False,False,False,False,4676.T,2026-09-17,True,,4154.0,126.76228,1.0972973,32.77,3785.665,591926722560.0,1785825000.0,1794292200.0,1794292200.0,True,,,True,1794292200.0,2026-11-10,38.0
7,True,48.186528497409334,False,False,True,True,0.3702711068658684,2675.0,2675.0,2025389687.5,2025.3896875,2909.5,0.9194019590995016,-0.1543220484619351,0.04429124598716294,53.40594669230975,1.9964839884975605,-0.030094271211022483,-0.030094271211022483,17.154268834244096,20.48829975631498,24.81609787022601,,0,,False,False,False,False,False,False,False,False,False,7276.T,2026-09-17,True,,2675.0,44.494347,1.1236299,60.12,2380.677,688784736256.0,1785306600.0,1793169000.0,1793169000.0,True,,,True,1793169000.0,2026-10-28,29.0
7,True,44.9561403508772,True,False,True,True,0.29458422198379025,1909.0,1909.0,1931272202.5,1931.2722025,2163.0,0.8825705039297272,-0.23803673309886675,0.0906608223875438,46.63438569460842,2.4428698635206088,-0.012671321437807137,-0.11742949607027275,12.619416038012593,23.079546953185016,18.31995331155426,,0,,False,False,False,False,False,False,False,False,False,2501.T,2026-09-17,True,,1909.0,78.6892,1.4513501,24.26,1315.327,744458420224.0,1786084200.0,1794465000.0,1794465000.0,True,,,True,1794465000.0,2026-11-12,40.0
7,True,50.81761006289308,True,False,True,True,0.3564216928722091,5931.0,5931.0,1739222560.0,1739.22256,6556.0,0.9046674801708359,-0.13285539963392312,0.009977378544786975,116.2301553925815,1.9597058740951185,-0.02209398186314926,-0.09533251982916413,18.10703091773759,26.34844124282354,26.58938273669816,,0,,False,False,False,False,False,False,False,False,False,9401.T,2026-09-17,True,,5931.0,17.888165,0.5684555,331.56,10433.534,905990635520.0,1785997800.0,1794292200.0,1794292200.0,True,,,True,1794292200.0,2026-11-10,38.0
7,True,42.047026279391424,False,False,True,True,0.44154941768916883,5750.0,5750.0,1568431810.0,1568.43181,6174.7509765625,0.9312116426759999,-0.383793918912519,0.04402989001720936,136.9700622758636,2.3820880395802364,-0.034424853064651595,-0.04785560523265442,18.11008796691049,21.261180147464316,18.04496671086421,,0,,False,False,False,False,False,False,False,False,False,4922.T,2026-09-17,True,,5750.0,23.953342,1.1472676,240.05,5011.908,326315081728.0,1794292200.0,1794292200.0,1794292200.0,True,,,True,1794292200.0,2026-11-10,38.0
7,True,50.37735849056604,True,False,True,True,0.34242974199250853,1753.0,1753.0,1205820132.5,1205.8201325,1935.0,0.9059431524547804,-0.1791937581274382,0.09246475655590158,35.58269448957143,2.029817141447315,-0.0220362622036262,-0.09405684754521959,12.409465684912522,20.5661648840207,24.86591760074912,,0,,False,False,False,False,False,False,False,False,False,5463.T,2026-09-17,True,,1753.0,14.85845,1.1016884,117.98,1591.194,387013246976.0,1794205800.0,1794205800.0,1794205800.0,True,,,True,1794205800.0,2026-11-09,37.0
7,True,51.4336917562724,False,False,True,False,0.5359442117289814,1526.0,1526.0,1200032650.0,1200.03265,1633.5,0.9341903887358433,-0.13341737669479126,0.05441196298100026,29.27724218236408,1.9185610866555753,-0.0267857142857143,-0.06466441924609256,14.985941798643424,23.685601982076577,19.160264528252924,,0,,False,False,False,False,False,False,False,False,False,1860.T,2026-09-17,True,,1526.0,12.376318,0.9385046,123.3,1625.991,451756752896.0,1794551400.0,1794551400.0,1794551400.0,True,,,True,1794551400.0,2026-11-13,41.0
7,True,39.237668161434975,False,False,True,False,0.4481299588727746,2190.0,2190.0,1186097390.0,1186.09739,2315.0,0.9460043196544277,-0.1950839269859691,0.09142268428977895,54.840379743197346,2.5041269289131205,-0.05399568034557234,-0.05399568034557234,15.325041679182993,28.025331134365334,21.32107073013261,,0,,False,False,False,False,False,False,False,False,False,8117.T,2026-09-17,True,,2190.0,12.550143,1.9095018,174.5,1146.896,121733054464.0,,1754284800.0,1754630400.0,True,,,True,1754284800.0,2025-08-04,-293.0
7,True,46.42857142857143,False,False,True,False,0.1800119656312832,3181.0,3181.0,1136612670.0,1136.61267,3478.355224609375,0.9145126919454385,-0.28447228010705383,0.007316342084223937,71.45824863353411,2.2464083191931503,-0.01790676134609448,-0.026025719534598868,13.352579185960124,27.14423612902713,27.277053977570276,,0,,False,False,False,False,False,False,False,False,False,6005.T,2026-09-17,True,,3181.0,13.328026,1.4984502,238.67,2122.86,368198713344.0,1794465000.0,1794465000.0,1794465000.0,True,,,True,1794465000.0,2026-11-12,40.0
7,True,52.51798561151079,True,False,True,True,0.3582655517364455,1164.0,1164.0,1080598957.5,1080.5989575,1272.5,0.9147347740667976,-0.1311012505042356,0.04226696992157586,28.100966104454862,2.4141723457435447,-0.04707327056897259,-0.0852652259332024,19.52078968475112,22.07556572599789,23.90552835963804,,0,,False,False,False,False,False,False,False,False,False,8012.T,2026-09-17,True,,1164.0,14.754722,1.0622987,78.89,1095.737,475290238976.0,1793946600.0,1793946600.0,1793946600.0,True,,,True,1793946600.0,2026-11-06,36.0
7,True,50.147058823529406,False,False,True,False,0.4158536302577032,3051.0,3051.0,1069017042.5,1069.0170425,3253.59375,0.9377323152283532,-0.15570282860298712,0.043422494072405726,64.04408682634516,2.099117890080143,-0.01675797615211083,-0.020231213872832332,11.741723118324208,22.66006038448028,18.72183783136174,,0,,False,False,False,False,False,False,False,False,False,7240.T,2026-09-17,True,,3051.0,10.708268,0.7668407,284.92,3978.662,479512395776.0,1785997800.0,1794292200.0,1794292200.0,True,,,True,1794292200.0,2026-11-10,38.0
7,True,52.58064516129033,True,False,True,True,0.24267033881406275,1583.0,1583.0,1015831470.0,1015.83147,1651.5,0.9585225552528005,-0.11909146715776553,0.03716582922710665,22.48908851629983,1.420662572097273,-0.001891551071878994,-0.0414774447471995,10.944820276013372,20.662091477745633,15.635997811629169,,0,,False,False,False,False,False,False,False,False,False,9006.T,2026-09-17,True,,1583.0,15.537889,1.116302,101.88,1418.075,417130741760.0,1785911400.0,1794292200.0,1794292200.0,True,,,True,1794292200.0,2026-11-10,38.0
7,True,49.70059880239521,True,False,True,True,0.2929539725254133,2768.5,2768.5,906091255.0,906.091255,2827.0,0.9793066855323664,-0.10118579396351013,0.09558208073892893,47.66313893859982,1.7216232233556013,-0.018262411347517715,-0.02069331446763356,17.33921186653034,27.237636329407266,19.458272788166223,,0,,False,False,False,False,False,False,False,False,False,9076.T,2026-09-17,True,,2768.5,19.035341,0.97929114,145.44,2827.045,450191818752.0,1785997800.0,1794465000.0,1794465000.0,True,,,True,1794465000.0,2026-11-12,40.0
7,True,43.04347826086957,False,False,True,True,0.44911931199726973,3190.0,3190.0,838782420.0,838.78242,3402.954833984375,0.9374206110943191,-0.17630408373122997,0.037031171975696164,36.636159419637416,1.148468947324057,-0.010238907849829393,-0.014215080346106301,17.38379905816669,24.092550421995213,20.00798498147208,,0,,False,False,False,False,False,False,False,False,False,7164.T,2026-09-17,True,,3190.0,13.084496,1.7443666,243.8,1828.744,424526839808.0,1793860200.0,1793860200.0,1793860200.0,True,,,True,1793860200.0,2026-11-05,35.0
7,True,46.31197097944377,False,False,False,True,0.5067450281152014,3925.0,3925.0,817635205.0,817.635205,4596.287109375,0.8539501355331388,-0.3211912298437215,0.024469351824407015,97.08493641613691,2.4735015647423415,-0.037518391368317805,-0.037518391368317805,13.967494847242957,29.30405574260202,21.812957345768442,,0,,False,False,False,False,False,False,False,False,False,2327.T,2026-09-17,True,,3925.0,23.281334,2.5990074,168.59,1510.192,718202011648.0,1793601000.0,1793601000.0,1793601000.0,True,,,True,1793601000.0,2026-11-02,32.0
7,True,36.52173913043479,True,False,True,True,0.3449868548317561,1334.0,1334.0,783963320.0,783.96332,1590.0,0.8389937106918239,-0.2132450331125828,0.04530967300306199,35.418861118654505,2.6550870403788984,-0.057909604519774005,-0.16100628930817606,14.771368673715468,21.09088718052535,19.513258773689213,,0,,False,False,False,False,False,False,False,False,False,3863.T,2026-09-17,True,,1334.0,13.119591,0.29853204,101.68,4468.532,153821544448.0,1785911400.0,1793860200.0,1793860200.0,True,,,True,1793860200.0,2026-11-05,35.0
7,True,41.82692307692308,False,False,True,True,0.29529365695675075,1622.0,1622.0,751237880.0,751.23788,1673.817138671875,0.9690425330971396,-0.14449125598683765,0.06252419675304144,26.511175515874175,1.634474446108149,-0.030957466902860387,-0.030957466902860387,17.726269461593937,22.819984288466465,23.05863617018868,,0,,False,False,False,False,False,False,False,False,False,3612.T,2026-09-17,True,,1622.0,9.468768,1.2445399,171.3,1303.293,123597709312.0,,1751349600.0,1751868000.0,True,,,True,1751349600.0,2025-07-01,-317.0
7,True,51.456310679611654,False,False,True,True,0.24783934751878456,3076.0,3076.0,716926070.0,716.92607,3195.0,0.962754303599374,-0.20745274520927315,0.03530355384001016,47.868354000795854,1.5561883615343255,-0.006780755569906316,-0.03724569640062603,12.984909547228405,24.697740266448964,18.145057806699917,,0,,False,False,False,False,False,False,False,False,False,2229.T,2026-09-17,True,,3076.0,21.972998,1.8022094,139.99,1706.794,374004252672.0,1793946600.0,1793946600.0,1793946600.0,True,,,True,1793946600.0,2026-11-06,36.0
7,True,51.41388174807199,False,False,True,True,0.4583733222525876,2737.0,2737.0,687849655.0,687.849655,2937.409423828125,0.931773411563804,-0.15904118615363072,0.013185542741281253,40.612368783568265,1.4838278693302251,-0.009410061527325375,-0.04451038575667654,17.52835867283636,21.26311833812538,19.293885486663246,,1,macd_sell_like,False,False,True,False,False,False,False,False,False,2811.T,2026-09-17,True,,2737.0,18.71709,1.2828938,146.23,2133.458,247535599616.0,1793255400.0,1793255400.0,1793255400.0,True,,,True,1793255400.0,2026-10-29,30.0
7,True,52.06185567010309,False,False,True,False,0.4667115692110276,2031.0,2031.0,625026420.0,625.02642,2298.3349609375,0.8836832030660783,-0.16752138840320463,0.011818078987473557,51.52292464645534,2.5368254380332513,-0.042432814710042455,-0.06319188191881919,11.821869510465675,26.259592525204763,24.575569170175232,,0,,False,False,False,False,False,False,False,False,False,7744.T,2026-09-17,True,,2031.0,10.650794,0.6861334,190.69,2960.066,212432273408.0,1794551400.0,1794551400.0,1794551400.0,True,,,True,1794551400.0,2026-11-13,41.0
7,True,44.6096654275093,False,False,True,True,0.38436796346851687,1385.0,1385.0,583315572.5,583.3155725,1428.5,0.9695484774238712,-0.13633144160549904,0.05872908997053394,21.45415380348784,1.5490363757030934,-0.014935988620199181,-0.03045152257612882,15.819248315430656,25.527795957798176,20.619345493943868,,0,,False,False,False,False,False,False,False,False,False,4927.T,2026-09-17,True,,1385.0,27.01912,1.8945845,51.26,731.031,306477268992.0,1794205800.0,1794205800.0,1794205800.0,True,,,True,1794205800.0,2026-11-09,37.0
7,True,47.82608695652174,False,False,True,False,0.4028104168797907,271.0,271.0,524461080.0,524.46108,292.8246154785156,0.9254686446258925,-0.22772276402234137,0.0563470436104041,6.395375393904577,2.359917119521984,-0.0073260073260073,-0.0073260073260073,22.3851786132023,27.5882542217382,17.187925460300548,,0,,False,False,False,False,False,False,False,False,False,2353.T,2026-09-17,True,,271.0,14.849315,4.099601,18.25,66.104,84005863424.0,,1749191400.0,1749191400.0,True,,,True,1749191400.0,2025-06-06,-334.0
7,True,36.41975308641975,False,False,False,True,0.558964768208246,2660.0,2660.0,460308285.0,460.308285,2809.0,0.9469562121751512,-0.259189100162731,0.13580142369943227,59.39138975068253,2.2327590131835535,-0.04830053667262968,-0.053043787824848754,20.568217712779912,24.76533301727241,23.26351559813737,,0,,False,False,False,False,False,False,False,False,False,9010.T,2026-09-17,True,,2660.0,3.9569201,3.3777092,672.24,787.516,141911015424.0,,1754373600.0,1754892000.0,True,,,True,1754373600.0,2025-08-05,-292.0
7,True,51.92307692307693,False,False,False,True,0.42745358679192347,4760.0,4760.0,454996100.0,454.9961,5202.873046875,0.9148791364146387,-0.2677122878697955,0.07776720423411909,96.85845238989647,2.0348414367625307,-0.022587268993839782,-0.022587268993839782,22.215172964922278,23.909378236111873,18.85521783279249,,0,,False,False,False,False,False,False,False,False,False,7242.T,2026-09-17,True,,4760.0,7.5365343,0.8363777,631.59,5691.209,191497928704.0,1785997800.0,1794465000.0,1794465000.0,True,,,True,1794465000.0,2026-11-12,40.0
7,True,47.17948717948718,False,False,True,False,0.3624530864579521,1382.0,1382.0,432177850.0,432.17785,1464.6236572265625,0.9435871072962045,-0.20013473691088757,0.08678593677191326,43.11443782662013,3.11971330149205,-0.045580110497237536,-0.045580110497237536,18.20143976054141,21.8078660787397,18.339756188631796,,0,,False,False,False,False,False,False,False,False,False,6395.T,2026-09-17,True,,1382.0,6.942979,0.8054125,199.05,1715.891,175093530624.0,1785825000.0,1793946600.0,1793946600.0,True,,,True,1793946600.0,2026-11-06,36.0
7,True,42.05607476635514,False,False,True,True,0.4158381474230477,709.0,709.0,424364895.0,424.364895,743.656494140625,0.9533971740801184,-0.15686878963577677,0.04041013435785268,12.046642844857233,1.6991033631674517,-0.04189189189189191,-0.04189189189189191,20.93428312627885,31.255317571539624,25.918769052644148,,0,,False,False,False,False,False,False,False,False,False,4290.T,2026-09-17,True,,709.0,15.136636,1.8135034,46.84,390.956,88436957184.0,1785220200.0,1793255400.0,1793255400.0,True,,,True,1793255400.0,2026-10-29,30.0
7,True,46.53465346534653,True,False,True,True,0.5044009648053822,3770.0,3770.0,416188975.0,416.188975,4341.41064453125,0.8683813416150717,-0.2120173687445812,0.0037812819446154666,64.25221931634343,1.7043028996377565,-0.01874023945861536,-0.054046090406512315,17.15310521962054,26.9567177701803,23.049166898728572,,0,,False,False,False,False,False,False,False,False,False,9793.T,2026-09-17,True,,3770.0,19.546846,2.1509364,192.87,1752.725,178266423296.0,1791181800.0,1791181800.0,1791181800.0,True,,,True,1791181800.0,2026-10-05,12.0
7,True,48.275862068965516,False,False,True,True,0.28059240425005677,460.0,460.0,389294270.0,389.29427,468.0,0.9829059829059829,-0.26267392865766326,0.1363816546858243,7.261864549662487,1.5786662064483667,-0.017094017094017144,-0.017094017094017144,23.84388325831985,30.18718376856256,19.19429570458664,,0,,False,False,False,False,False,False,False,False,False,8897.T,2026-09-17,True,,460.0,13.256484,0.74063575,34.7,621.088,61464596480.0,,1754553600.0,1754985600.0,True,,,True,1754553600.0,2025-08-07,-290.0
7,True,50.222222222222214,False,False,True,True,0.39508479448101325,2388.0,2388.0,383334865.0,383.334865,2511.0,0.951015531660693,-0.09318996415770608,0.02122922560466667,27.67594250204885,1.1589590662499518,-0.014444903012794108,-0.01606922126081578,14.43121714916363,23.891403466153452,20.261714936441063,,0,,False,False,False,False,False,False,False,False,False,8803.T,2026-09-17,True,,2388.0,14.423774,1.2755129,165.56,1872.188,157775773696.0,1793341800.0,1793341800.0,1793341800.0,True,,,True,1793341800.0,2026-10-30,31.0
7,True,56.41025641025641,True,False,True,True,0.30875095035978656,4430.0,4430.0,368459075.0,368.459075,4565.0654296875,0.9704132543623266,-0.12770564368023374,0.04998896876159753,60.79672982186145,1.3723866776943894,-0.020994475138121582,-0.020994475138121582,21.598848464128903,25.028083100158245,15.236765603157082,,0,,False,False,False,False,False,False,False,False,False,1377.T,2026-09-17,True,,4430.0,15.566254,1.049015,284.59,4223.009,186683359232.0,1791268200.0,1791268200.0,1791268200.0,True,,,True,1791268200.0,2026-10-06,13.0
7,True,49.72375690607735,False,False,True,False,0.410016601839862,1114.0,1114.0,334494710.0,334.49471,1145.9669189453125,0.9721048501341267,-0.19020350006780107,0.09053710907450996,19.36748257510906,1.738553193456828,-0.02280701754385961,-0.02280701754385961,26.35041620297261,31.865475540510097,22.241150251947634,,0,,False,False,False,False,False,False,False,False,False,7241.T,2026-09-17,True,,1114.0,6.212704,0.7144538,179.31,1559.233,99483582464.0,,1753687200.0,1754032800.0,True,,,True,1753687200.0,2025-07-28,-298.0
7,True,48.71794871794872,True,False,True,True,0.3260135182774453,3950.0,3950.0,307246400.0,307.2464,4375.53173828125,0.902747422774174,-0.17743702802192907,0.043912450951085535,71.04986504707931,1.7987307606855523,-0.01985111662531014,-0.04358353510895885,19.215914517360233,22.967732842609127,23.66954903339103,,0,,False,False,False,False,False,False,False,False,False,6209.T,2026-09-17,True,,3950.0,7.5871077,0.64268976,520.62,6146.045,106274611200.0,,1747306740.0,1747306740.0,True,,,True,1747306740.0,2025-05-15,-350.0
7,True,52.631578947368425,True,False,True,True,0.221494773309531,2281.0,2281.0,299069640.0,299.06964,2524.0,0.9037242472266244,-0.13589540412044376,0.05695477784288361,41.20675334423221,1.8065214092166686,-0.011698440207972283,-0.09627575277337563,11.798957208443277,21.195335597892164,13.991761868295077,,0,,False,False,False,False,False,False,False,False,False,3191.T,2026-09-17,True,,2281.0,15.282059,1.0873508,149.26,2097.759,137481502720.0,,1753941600.0,1754287200.0,True,,,True,1753941600.0,2025-07-31,-295.0
7,True,52.34042553191489,True,False,True,True,0.4540116912048171,2533.5,2533.5,298902892.5,298.9028925,2581.0,0.9815962805114297,-0.22437071621319782,0.09881632499066395,53.44560015150991,2.1095559562466906,0.0,-0.018403719488570336,27.03440755557829,23.970524516622312,11.139608218140658,,0,,False,False,False,False,False,False,False,False,False,7476.T,2026-09-17,True,,2533.5,19.740534,2.4662144,128.34,1027.283,180693434368.0,1793341800.0,1793341800.0,1793341800.0,True,,,True,1793341800.0,2026-10-30,31.0
7,True,42.45810055865922,False,False,True,False,0.37503835961275167,1307.0,1307.0,292628610.0,292.62861,1364.0023193359375,0.9582095143623444,-0.17228879746359083,0.05340136967008435,21.55085361875422,1.6488793893461533,-0.023898431665421938,-0.023898431665421938,25.472910268992806,25.57754878624225,20.178989473299254,,0,,False,False,False,False,False,False,False,False,False,3284.T,2026-09-17,True,,1307.0,7.4972754,1.0459288,174.33,1249.607,53458472960.0,,1754463600.0,1754982000.0,True,,,True,1754463600.0,2025-08-06,-291.0
7,True,46.06060606060606,True,False,True,True,0.36836882614497335,1772.0,1772.0,291514950.0,291.51495,1881.0,0.9420520999468368,-0.16666670236233194,0.0637308285623932,24.364337445234117,1.3749626097761918,-0.0161021654636313,-0.05794790005316319,13.42147724744393,25.572514321117172,21.657689182641178,,0,,False,False,False,False,False,False,False,False,False,9882.T,2026-09-17,True,,1772.0,12.896652,1.2103329,137.4,1464.06,148777140224.0,,1753768800.0,1754287200.0,True,,,True,1753768800.0,2025-07-29,-297.0
7,True,35.84905660377359,False,False,True,True,0.4364840715607822,1735.0,1735.0,269547195.0,269.547195,1832.1832275390625,0.946957691742656,-0.19112893420022126,0.03236416650331475,23.11340814917875,1.3321849077336456,-0.0252808988764045,-0.0252808988764045,15.679993180307168,25.06788429200626,24.441750925176784,,0,,False,False,False,False,False,False,False,False,False,8214.T,2026-09-17,True,,1735.0,15.440063,1.0429277,112.37,1663.586,146131173376.0,1786084200.0,1793946600.0,1793946600.0,True,,,True,1793946600.0,2026-11-06,36.0
7,True,54.861111111111114,True,False,True,True,0.34027613844681026,4475.0,4475.0,268039800.0,268.0398,5020.0,0.8914342629482072,-0.16035856573705176,0.02357128488699667,97.53774848102591,2.1796144911961095,0.0,-0.07541322314049592,16.097808984558323,21.68755607046228,19.09760724480175,,0,,False,False,False,False,False,False,False,False,False,6651.T,2026-09-17,True,,4475.0,14.766053,1.3779579,303.06,3247.559,169768583168.0,,1754289000.0,1754634600.0,True,,,True,1754289000.0,2025-08-04,-293.0
7,True,51.44230769230769,True,False,True,True,0.43995880284420946,3975.0,3975.0,262715350.0,262.71535,4700.0,0.8457446808510638,-0.2306717729629021,0.08660778934389346,131.37710402247208,3.305084377923826,-0.012422360248447228,-0.13209606986899558,12.405415024790894,25.4653795297407,24.00064283579973,,0,,False,False,False,False,False,False,False,False,False,6859.T,2026-09-17,True,,3975.0,14.696095,1.4046438,270.48,2829.899,83078389760.0,,1754463600.0,1754982000.0,True,,,True,1754463600.0,2025-08-06,-291.0
7,True,54.146341463414636,True,False,True,True,0.39626089835582856,3990.0,3990.0,255046475.0,255.046475,4682.0966796875,0.8521823176590849,-0.27169380871742366,0.04242279221808043,121.87292047945772,3.0544591598861586,-0.007462686567164201,-0.145610278372591,9.422092479366603,29.602569424132604,23.891339488185455,,0,,False,False,False,False,False,False,False,False,False,1975.T,2026-09-17,True,,3990.0,11.1446295,2.0211897,358.02,1974.085,103243980800.0,,1754463600.0,1754982000.0,True,,,True,1754463600.0,2025-08-06,-291.0
7,True,43.650793650793645,False,False,False,True,0.33167710601089956,4325.0,4325.0,251519325.0,251.519325,4590.0,0.9422657952069716,-0.09783343475586814,0.07667998795898212,72.22175232527746,1.6698671057867622,-0.03351955307262566,-0.057734204793028376,24.683551392076716,26.02147753600001,25.0368803382022,,0,,False,False,False,False,False,False,False,False,False,5192.T,2026-09-17,True,,4325.0,16.416155,1.1834326,263.46,3654.623,120290516992.0,,1754456400.0,1754888400.0,True,,,True,1754456400.0,2025-08-06,-291.0
7,True,53.562005277044854,True,False,True,True,0.28637010687007713,2252.0,2252.0,224937160.0,224.93716,2540.0,0.8866141732283465,-0.17244094488188977,0.046091111235271987,51.173728006999134,2.2723680287299795,-0.004860804242156402,-0.11338582677165354,13.183185959885538,22.556380016491126,18.645151916119683,,0,,False,False,False,False,False,False,False,False,False,7970.T,2026-09-17,True,,2252.0,18.428806,1.3870257,122.2,1623.618,180997111808.0,1792996200.0,1792996200.0,1792996200.0,True,,,True,1792996200.0,2026-10-26,27.0
7,True,45.21739130434783,False,False,False,True,0.5486485790573533,3655.0,3655.0,224789650.0,224.78965,4381.59130859375,0.8341718208248533,-0.29135335057149947,0.016732886049566797,72.37941590697164,1.9802849769349287,-0.017473118279569877,-0.03815789473684206,13.726278734051496,30.06762933910487,23.684228083140116,,0,,False,False,False,False,False,False,False,False,False,1814.T,2026-09-17,True,,3655.0,9.998632,1.4714348,365.55,2483.97,37629009920.0,,1754290800.0,1754636400.0,True,,,True,1754290800.0,2025-08-04,-293.0
7,True,45.41984732824427,False,False,True,True,0.37805065557084244,2107.0,2107.0,214856810.0,214.85681,2164.0,0.9736598890942699,-0.08881051768668513,0.13955470535687442,35.40870736925359,1.6805271651283145,-0.026340110905730074,-0.026340110905730074,17.101920503895673,21.00380987300619,20.911665219537255,,0,,False,False,False,False,False,False,False,False,False,8008.T,2026-09-17,True,,2107.0,25.242601,1.1274127,83.47,1868.881,45247361024.0,,1752040800.0,1752472800.0,True,,,True,1752040800.0,2025-07-09,-311.0
7,True,50.265957446808514,True,False,True,True,0.44163598963388356,2896.0,2896.0,210177105.0,210.177105,3260.0,0.8883435582822086,-0.21966327036536293,0.10873275673588978,94.20893016067397,3.253070792840952,-0.0027548209366391463,-0.11165644171779143,15.829318300992389,20.276063482039312,23.185918533342,,0,,False,False,False,False,False,False,False,False,False,7745.T,2026-09-17,True,,2896.0,13.379534,1.5947224,216.45,1815.99,79313682432.0,,1754289000.0,1754634600.0,True,,,True,1754289000.0,2025-08-04,-293.0
6,True,48.80478087649402,False,False,True,True,0.4131005130621876,6878.0,6878.0,76008183840.0,76008.18384,7214.0,0.9534238979761575,-0.19261767233312777,0.1703472395562915,171.90990526811626,2.4994170582744437,-0.029764423755113567,-0.04657610202384255,10.362054942541713,17.944520120083553,17.34948849819706,,1,macd_sell_like,False,False,True,False,False,False,False,False,False,8316.T,2026-09-17,True,,6878.0,15.418068,1.6226785,446.1,4238.671,26133030502400.0,1785479400.0,1794465000.0,1794465000.0,True,,,True,1794465000.0,2026-11-12,40.0
6,True,76.04456824512535,True,False,True,True,0.29657184455451435,3109.0,3109.0,23911116922.5,23911.1169225,3109.0,1.0,-0.12050254098303559,0.14304506842737075,56.518661694682464,1.8179048470467178,0.0,0.0,25.305805348494,26.3742571328473,10.801572771936158,,0,,False,False,False,False,False,False,False,False,False,9433.T,2026-09-17,True,,3109.0,16.941856,2.308716,183.51,1346.636,11490747744256.0,1786084200.0,1794465000.0,1794465000.0,True,,,True,1794465000.0,2026-11-12,40.0
6,True,52.33069481090589,False,False,True,False,0.5606983577529577,3929.0,3929.0,20462997735.0,20462.997735,4818.1142578125,0.8154642645987868,-0.33500954345265643,0.08030324500430797,119.18458445931736,3.033458499855367,-0.04450389105058361,-0.04450389105058361,22.280353113574655,32.193092192248265,21.08811392868782,,1,macd_sell_like,False,False,True,False,False,False,False,False,False,1605.T,2026-09-17,True,,3929.0,10.611176,0.89491415,370.27,4390.365,4543193022464.0,1794465000.0,1794465000.0,1794465000.0,True,,,True,1794465000.0,2026-11-12,40.0
6,True,45.26112185686654,False,False,True,True,0.518521969075918,3286.0,3286.0,17153266460.0,17153.26646,3447.0,0.9532927183057731,-0.2075949634733859,0.17085192060128063,88.37786354976477,2.6895271926282645,-0.03833772314896111,-0.04670728169422689,10.483912825391464,17.371894217915084,16.315794296370008,,0,,False,False,False,False,False,False,False,False,False,7182.T,2026-09-17,True,,3286.0,22.314276,1.2672169,147.26,2593.084,11704685559808.0,1786084200.0,1794551400.0,1794551400.0,True,,,True,1794551400.0,2026-11-13,41.0
6,True,45.147058823529406,True,False,True,True,0.44928193196161703,3559.0,3559.0,14829743730.0,14829.74373,3916.0,0.908835546475996,-0.1595610692752223,0.2097592746665904,104.22360567603393,2.928451971790782,-0.026797921793820123,-0.09116445352400404,15.712519870736276,25.494452610576836,26.246966604333306,,0,ext_dev200,False,False,False,False,False,True,False,False,False,6971.T,2026-09-17,True,,3559.0,34.68811,1.3902724,102.6,2559.93,4546719383552.0,1785393000.0,1793255400.0,1793255400.0,True,,,True,1793255400.0,2026-10-29,30.0
6,True,48.74651810584959,False,False,True,True,0.6317129268334143,5651.0,5651.0,14275206560.0,14275.20656,5780.0,0.977681660899654,-0.35399693234603113,0.33726434947319706,180.72796836355369,3.19815905792875,-0.022318339100345974,-0.022318339100345974,37.22852898691423,33.4134866723709,19.1568074602278,,0,ext_dev200,False,False,False,False,False,True,False,False,False,7832.T,2026-09-17,True,,5651.0,25.989975,4.0916452,217.43,1381.107,3624358903808.0,1785997800.0,1793860200.0,1793860200.0,True,,,True,1793860200.0,2026-11-05,35.0
6,True,52.14180206794683,False,False,True,True,0.653940704336682,3068.0,3068.0,13923273255.0,13923.273255,3696.72509765625,0.8299237619657285,-0.42503163101103136,0.1376589708631959,82.87911160223771,2.7014052021589867,-0.03764115432873272,-0.03764115432873272,25.875610476378114,24.005064992290155,19.20465657556052,,0,,False,False,False,False,False,False,False,False,False,4661.T,2026-09-17,True,,3068.0,41.208866,4.4595423,74.45,687.963,5030650314752.0,1793255400.0,1793255400.0,1793255400.0,True,,,True,1793255400.0,2026-10-29,30.0
6,False,39.48339483394834,False,False,True,True,0.38331779603408106,3256.0,3256.0,13778004300.0,13778.0043,3755.638671875,0.8669630612719312,-0.29732324364354223,0.04866624692892296,92.68908005984404,2.8467162180541785,-0.04989786985701783,-0.04989786985701783,24.81119063797713,26.98858788214012,19.676873879727115,,2,trend_break;macd_sell_like,True,False,True,False,False,False,False,False,False,8473.T,2026-09-17,True,,3256.0,5.2133536,1.1283553,624.55,2885.616,2104651284480.0,1785479400.0,1793341800.0,1793341800.0,True,,,True,1793341800.0,2026-10-30,31.0
6,True,47.22222222222223,False,False,True,True,0.3402878281985508,2783.5,2783.5,13405712867.5,13405.7128675,3211.365234375,0.8667653153259998,-0.25154229758931135,0.05778672257340434,92.12195778194084,3.3095727602637264,-0.08074636723910167,-0.08074636723910167,14.938771223044748,26.6054441589143,26.532467296136925,,2,macd_sell_like;trailing_stop,False,False,True,False,True,False,False,False,False,6326.T,2026-09-17,True,,2783.5,11.805497,1.121852,235.78,2481.165,3135313281024.0,1785825000.0,1793946600.0,1793946600.0,True,,,True,1793946600.0,2026-11-06,36.0
6,True,49.35672514619883,False,False,True,True,0.5353082384639947,2365.0,2365.0,13085196657.5,13085.1966575,2657.5,0.889934148635936,-0.2071495766698025,0.04193877377549593,49.56648144977467,2.0958343107727133,-0.02292914687048131,-0.02292914687048131,16.720142064860614,32.80102126261607,28.34252408027994,,0,,False,False,False,False,False,False,False,False,False,4503.T,2026-09-17,True,,2365.0,14.582563,2.1827915,162.18,1083.475,4240477519872.0,1785911400.0,1793255400.0,1793255400.0,True,,,True,1793255400.0,2026-10-29,30.0
6,True,52.723311546840954,False,False,True,True,0.446460659608366,3118.0,3118.0,11022971980.0,11022.97198,3411.97998046875,0.9138388905704066,-0.43132093845888886,0.15886895951439062,112.37516142965485,3.6040783011435167,-0.08077830188679247,-0.08077830188679247,39.30378443032551,31.806931390105163,23.44006117847071,,2,macd_sell_like;trailing_stop,False,False,True,False,True,False,False,False,False,9843.T,2026-09-17,True,,3118.0,19.734177,1.7471839,158.0,1784.586,1761849638912.0,1786084200.0,1794465000.0,1794465000.0,True,,,True,1794465000.0,2026-11-12,40.0
6,True,54.7024952015355,True,False,True,False,0.4065057421194663,2724.0,2724.0,10608207430.0,10608.20743,2899.0,0.9396343566747154,-0.42503816793893134,0.1245928305142825,100.0342613515795,3.6723297118788363,-0.031294452347083945,-0.03232682060390768,14.080228514086102,22.82630735818324,19.64862169015624,,0,,False,False,False,False,False,False,False,False,False,6594.T,2026-09-17,True,,2724.0,25.997328,1.7747396,104.78,1534.873,3122548178944.0,,1784097000.0,1784097000.0,True,,,True,1784097000.0,2026-07-15,-46.0
6,True,44.46032880629021,False,False,True,False,0.42932658528114076,5669.0,5669.0,10253924640.0,10253.92464,6900.181640625,0.8215725752237614,-0.2881346816900483,0.05213883320634527,169.81701303447414,2.995537361694728,-0.05986733001658373,-0.05986733001658373,15.198685613123066,25.11675882377908,22.46749424998633,,0,,False,False,False,False,False,False,False,False,False,6305.T,2026-09-17,True,,5669.0,16.484922,1.310099,343.89,4327.154,1181143531520.0,1785393000.0,1793082600.0,1793082600.0,True,,,True,1793082600.0,2026-10-27,28.0
6,True,45.64643799472296,False,False,False,False,0.33499961338304707,3405.0,3405.0,8576931740.0,8576.93174,4029.2080078125,0.8450792298133575,-0.27578819600723137,0.013447933977961846,94.12465185726306,2.7643069561604423,-0.0488826815642458,-0.0488826815642458,16.149434238975033,26.60717098029519,24.271244127218957,,0,,False,False,False,False,False,False,False,False,False,6988.T,2026-09-17,True,,3405.0,17.275494,1.9715655,197.1,1727.054,2252488572928.0,1785220200.0,1792996200.0,1792996200.0,True,,,True,1792996200.0,2026-10-26,27.0
6,True,42.92079207920792,False,False,True,True,0.5620849870281993,7840.0,7840.0,8000171790.0,8000.17179,8890.07421875,0.8818824013262685,-0.5745454793113282,0.3201390170354823,263.7637823417471,3.3643339584406515,-0.04296875,-0.04296875,23.094161447267872,35.37322997649657,22.962964351169056,,0,ext_dev200,False,False,False,False,False,True,False,False,False,6532.T,2026-09-17,True,,7840.0,31.466988,10.688889,249.15,733.472,1152354746368.0,1792045800.0,1792045800.0,1792045800.0,True,,,True,1792045800.0,2026-10-15,20.0
6,True,42.81098546042003,False,False,True,True,0.3421535909542114,1171.5,1171.5,7836554815.0,7836.554815,1351.4073486328125,0.8668740784820945,-0.2667643657432135,0.025048719886040738,32.127419581142426,2.7424173778183887,-0.07900943396226412,-0.07900943396226412,14.691750803449713,22.836116146969925,22.066670676701634,,0,,False,False,False,False,False,False,False,False,False,7261.T,2026-09-17,True,,1171.5,21.085312,0.38525146,55.56,3040.871,739181658112.0,1785825000.0,1793860200.0,1793860200.0,True,,,True,1793860200.0,2026-11-05,35.0
6,True,55.45023696682465,True,False,True,True,0.293532172792693,6506.0,6506.0,7345911925.0,7345.911925,7172.0,0.9071388733965421,-0.12409369771332956,0.06670817782882499,116.65389990704855,1.7930202875353296,0.0,-0.09286112660345791,17.45074489824114,26.524974706544675,19.623254358362978,,0,,False,False,False,False,False,False,False,False,False,9735.T,2026-09-17,True,,6506.0,23.550278,1.9963179,276.26,3259.0,2595433742336.0,1794378600.0,1794378600.0,1794378600.0,True,,,True,1794378600.0,2026-11-11,39.0
6,True,44.96894409937888,True,False,True,True,0.25789902877413035,2252.5,2252.5,7133077842.5,7133.0778425,2294.0,0.9819093286835222,-0.20375683019133595,0.15651297528098018,52.21707477652096,2.318183119934338,-0.017662450937636298,-0.01809067131647779,9.511843556120454,25.709867678585606,20.534919034036463,,0,,False,False,False,False,False,False,False,False,False,8697.T,2026-09-17,True,,2252.5,38.301308,7.155996,58.81,314.771,2302727684096.0,1793082600.0,1793082600.0,1793082600.0,True,,,True,1793082600.0,2026-10-27,28.0
6,True,41.846522781774574,False,False,True,True,0.36953653901770817,3000.0,3000.0,6424279560.0,6424.27956,3328.84814453125,0.9012126326424672,-0.21849844539354046,0.011449331094492532,47.0366910844375,1.5678897028145833,-0.025024374390640203,-0.06861223222601676,20.516743403632997,14.520586817711232,23.83535211731208,,1,di_bear,False,False,False,False,False,False,True,False,False,9202.T,2026-09-17,True,,3000.0,9.34172,0.9360234,321.14,3205.048,1288175222784.0,1793255400.0,1793255400.0,1793255400.0,True,,,True,1793255400.0,2026-10-29,30.0
6,True,51.34146341463415,True,False,True,True,0.4322223875166053,3073.0,3073.0,5366641050.0,5366.64105,3167.8994140625,0.970043425734657,-0.22882652487153698,0.08916897275753866,51.080252253588064,1.6622275383530123,0.0,-0.013166345536287705,9.325390733149007,27.320137621456226,18.533637094696857,,0,,False,False,False,False,False,False,False,False,False,9201.T,2026-09-17,True,,3073.0,10.009445,0.91261363,307.01,3367.252,1320860516352.0,1793601000.0,1793601000.0,1793601000.0,True,,,True,1793601000.0,2026-11-02,32.0
6,True,54.81481481481482,True,False,True,True,0.5611033823563233,3392.0,3392.0,4469207285.0,4469.207285,3798.0,0.8931016324381253,-0.23091100579252233,0.04330427483758226,58.40221738453087,1.721763484213764,0.0,-0.05803943349069707,13.32042660645415,25.31399864943569,16.331799689533955,,0,,False,False,False,False,False,False,False,False,False,1878.T,2026-09-17,True,,3392.0,11.352076,2.2360687,298.8,1516.948,1104883875840.0,1793341800.0,1793341800.0,1793341800.0,True,,,True,1793341800.0,2026-10-30,31.0
6,True,43.764537797327506,False,False,True,True,0.35200266179874645,971.5,971.5,4384898859.501038,4384.898859501038,1082.295654296875,0.8976290315340363,-0.4562348075067315,0.03207229194800876,19.599751218763164,2.017473105379636,-0.03188839063278526,-0.07520228462636835,12.493039825228712,25.229448554268313,26.102909727916572,,0,,False,False,False,False,False,False,False,False,False,8113.T,2026-09-17,True,,971.5,26.080538,2.0598426,37.25,471.638,1671757430784.0,1793946600.0,1793946600.0,1793946600.0,True,,,True,1793946600.0,2026-11-06,36.0
6,True,42.465753424657535,False,False,True,False,0.33179312848405756,61900.0,61900.0,4332091300.0,4332.0913,65758.7109375,0.9413201554214241,-0.13696611012205484,0.012718076528063671,910.8531306776484,1.471491325812033,-0.029780564263322873,-0.029780564263322873,12.232806329585966,17.551753499048477,19.015476622788018,,0,,False,False,False,False,False,False,False,False,False,8963.T,2026-09-17,True,,61900.0,15.250062,1.3413955,4059.0,46145.973,473315442688.0,1787639400.0,1787639400.0,1787639400.0,True,,,True,1787639400.0,2026-08-25,-17.0
6,True,54.4613710554951,False,False,False,True,0.3463742082049878,5837.0,5837.0,4313944300.0,4313.9443,6196.6748046875,0.9419568048955187,-0.2504378372032001,0.14213432979745644,219.0396587755986,3.7526067975946313,-0.02227805695142382,-0.026842280760253412,12.588996880722647,25.414848635407576,25.85677911853552,,0,,False,False,False,False,False,False,False,False,False,6302.T,2026-09-17,True,,5837.0,17.241684,0.9877335,338.54,5909.489,692225310720.0,1793341800.0,1793341800.0,1793341800.0,True,,,True,1793341800.0,2026-10-30,31.0
6,True,36.78321678321678,False,False,True,True,0.3265210599884661,2998.5,2998.5,3997251770.0,3997.25177,3319.0,0.9034347695088882,-0.2226571975407492,0.02889518674268876,72.10993552533401,2.404866950986627,-0.07023255813953488,-0.09656523049111176,16.8027533988944,20.26099493552573,24.998397328954844,,0,,False,False,False,False,False,False,False,False,False,7912.T,2026-09-17,True,,2998.5,12.738975,1.0460459,235.38,2866.509,1282945187840.0,1794551400.0,1794551400.0,1794551400.0,True,,,True,1794551400.0,2026-11-13,41.0
6,True,45.00000000000001,False,False,False,True,0.5473727121048503,7920.0,7920.0,3866658900.0,3866.6589,8590.0,0.9220023282887078,-0.17345750873108268,0.05698747919808311,153.13910575927366,1.9335745676675966,-0.041162227602905554,-0.041162227602905554,15.826857028687336,21.32224358626782,26.27180813102865,,2,cross_sma25_down;macd_sell_like,False,True,True,False,False,False,False,False,False,2702.T,2026-09-17,True,,7920.0,28.637547,3.5980814,276.56,2201.173,1053032579072.0,1786084200.0,1793946600.0,1793946600.0,True,,,True,1793946600.0,2026-11-06,36.0
6,True,73.32185886402755,True,False,True,True,0.37997536118156555,1813.5,1813.5,3775974857.5,3775.9748575,1813.5,1.0,-0.19332350186629144,0.13920526334248695,43.264953403182055,2.3857156549866034,0.0,0.0,21.59507567262542,27.268513949999917,12.560449845517638,,0,,False,False,False,False,False,False,False,False,False,7181.T,2026-09-17,True,,1813.5,11.887127,0.42142016,152.56,4303.306,1965240483840.0,1794551400.0,1794551400.0,1794551400.0,True,,,True,1794551400.0,2026-11-13,41.0
6,True,51.66531275385864,True,False,True,False,0.18859635460615112,2259.5,2259.5,3498832162.5,3498.8321625,2366.5,0.9547855482780477,-0.1626875132051553,0.06558641052454917,66.5120187068998,2.9436609297145298,-0.03088140681964402,-0.03088140681964402,12.151387926610633,26.059179374149892,18.19493469162419,,0,,False,False,False,False,False,False,False,False,False,6770.T,2026-09-17,True,,2259.5,16.75814,0.99133795,134.83,2279.243,436600700928.0,1793341800.0,1793341800.0,1793341800.0,True,,,True,1793341800.0,2026-10-30,31.0
6,True,42.96296296296296,False,False,True,True,0.36384916455428085,4677.0,4677.0,3280775130.0,3280.77513,5111.0,0.9150851105458815,-0.16501516683518702,0.057395538234178645,86.04893122185949,1.8398317558661428,-0.019496855345911945,-0.08491488945411851,6.576316414320505,15.182418947597338,18.001359479431144,,0,,False,False,False,False,False,False,False,False,False,9042.T,2026-09-17,True,,4677.0,14.171009,0.9813736,330.04,4765.769,1078803038208.0,1793341800.0,1793341800.0,1793341800.0,True,,,True,1793341800.0,2026-10-30,31.0
6,True,41.168658698539176,False,False,True,True,0.4495506374467875,2390.5,2390.5,3257718307.5,3257.7183075,2632.53076171875,0.908061563709618,-0.18025649258090115,0.014047167351330048,49.825218704600246,2.084301138029711,-0.0403452428743476,-0.04053782861729882,13.72523182330061,23.3384967544769,24.669004594602715,,0,,False,False,False,False,False,False,False,False,False,4528.T,2026-09-17,True,,2390.5,16.10632,1.2958845,148.42,1844.686,1123313385472.0,1793255400.0,1793255400.0,1793255400.0,True,,,True,1793255400.0,2026-10-29,30.0
6,True,45.45454545454546,False,False,True,True,0.34948592608344276,1155.5,1155.5,3242923875.0,3242.923875,1269.5,0.9102008664828672,-0.2744889617310172,0.08857765332619993,28.85757354295996,2.4974100859333586,-0.04425144747725396,-0.08979913351713276,23.540154720013582,24.069390594211917,28.832788419802174,,1,di_bear,False,False,False,False,False,False,True,False,False,4612.T,2026-09-17,True,,1155.5,18.350008,1.338768,62.97,863.107,2680136663040.0,1794378600.0,1794378600.0,1794378600.0,True,,,True,1794378600.0,2026-11-11,39.0
6,True,46.02026049204053,False,False,True,True,0.4026696396799282,4843.0,4843.0,3098239795.0,3098.239795,5675.0,0.8533920704845815,-0.22577854402642838,0.14689167428210714,154.90140019067164,3.198459636396276,-0.08536355051935784,-0.14660792951541846,15.837729800115458,25.33959356947692,26.90156801010887,,1,trailing_stop,False,False,False,False,True,False,False,False,False,4631.T,2026-09-17,True,,4843.0,8.126112,0.89934254,595.98,5385.045,456632434688.0,1786343400.0,1794465000.0,1794465000.0,True,,,True,1794465000.0,2026-11-12,40.0
6,True,57.61006289308176,True,False,True,True,0.10892633962531682,2870.0,2870.0,3024557002.5,3024.5570025,3087.0,0.9297052154195011,-0.3088608494516356,0.07865914972523735,55.570945462888886,1.9362698767557103,-0.03513195495041188,-0.03513195495041188,9.656373900285276,23.529495474243834,18.633159479359556,,0,,False,False,False,False,False,False,False,False,False,2267.T,2026-09-17,True,,2870.0,19.052044,1.3731703,150.64,2090.054,817155407872.0,1794551400.0,1794551400.0,1794551400.0,True,,,True,1794551400.0,2026-11-13,41.0
6,True,53.18627450980392,True,False,True,True,0.42981395760026186,1161.0,1161.0,2723314335.0,2723.314335,1414.340087890625,0.8208775314652493,-0.37408047404083233,0.013378643743288565,23.581269987328675,2.0311171393047953,-0.008962868117797673,-0.051857901184156785,9.63445068227838,31.29588428020015,23.238109236148304,,0,,False,False,False,False,False,False,False,False,False,3092.T,2026-09-17,True,,1161.0,21.472166,10.382294,54.07,111.825,1010732695552.0,1793255400.0,1793255400.0,1793255400.0,True,,,True,1793255400.0,2026-10-29,30.0
6,True,44.83240223463687,False,False,True,False,0.44286594190495143,1819.5,1819.5,2634354722.5,2634.3547225,1954.5,0.930928626247122,-0.34620444773087944,0.08484316547593562,40.39027402263881,2.2198556758801216,-0.04488188976377949,-0.06907137375287797,17.26013660195418,24.95129238955177,21.25840421197786,,0,,False,False,False,False,False,False,False,False,False,3405.T,2026-09-17,True,,1819.5,67.2892,0.7254136,27.04,2508.224,548209655808.0,1786084200.0,1794378600.0,1794378600.0,True,,,True,1794378600.0,2026-11-11,39.0
6,True,53.660436137071656,False,False,True,False,0.37455766825309667,2082.0,2082.0,2555999147.5,2555.9991475,2216.0,0.9395306859205776,-0.2442996599499878,0.08674519999801888,66.18077960219418,3.178711796455052,-0.05919566199728876,-0.060469314079422354,16.033427492053562,24.286998164420183,25.326454142961456,,0,,False,False,False,False,False,False,False,False,False,6473.T,2026-09-17,True,,2082.0,55.47562,0.818891,37.53,2542.463,662766878720.0,1793255400.0,1793255400.0,1793255400.0,True,,,True,1793255400.0,2026-10-29,30.0
6,True,39.69631236442516,False,False,True,True,0.30561989026323944,1284.5,1284.5,2530673527.5,2530.6735275,1406.0,0.9135846372688478,-0.22737956292510164,0.10372114456685222,28.48355770529128,2.2174821101822717,-0.05062823355506285,-0.08641536273115225,17.87204320139004,27.293111453877472,28.978953987916988,,0,,False,False,False,False,False,False,False,False,False,7951.T,2026-09-17,True,,1284.5,24.396961,1.1458406,52.65,1121.011,565047656448.0,1793860200.0,1793860200.0,1793860200.0,True,,,True,1793860200.0,2026-11-05,35.0
6,True,48.46765039727582,True,False,True,True,0.4502131566627963,2644.0,2644.0,2422176967.5,2422.1769675,3046.0,0.8680236375574524,-0.16967707658777287,0.033216215863154375,51.175658548578156,1.9355392794469801,-0.030080704328686703,-0.10448772226926328,33.16557782623469,18.934952488839222,28.355109966456954,,1,di_bear,False,False,False,False,False,False,True,False,False,4042.T,2026-09-17,True,,2644.0,19.954718,0.96771413,132.5,2732.212,814062632960.0,1793860200.0,1793860200.0,1793860200.0,True,,,True,1793860200.0,2026-11-05,35.0
6,True,48.511904452972296,True,False,True,True,0.44229708006978574,653.7000122070312,653.7000122070312,2272257126.194763,2272.2571261947633,721.8002319335938,0.9056522612300466,-0.33629527375121293,0.07511277671453476,24.061780807623645,3.6808597763958915,-0.06077584453012752,-0.06077584453012752,16.305647259083226,30.731095331222242,23.586849002473915,,0,,False,False,False,False,False,False,False,False,False,4902.T,2026-09-17,True,,653.7,10.058471,0.58721125,64.99,1113.228,323047882752.0,1785393000.0,1793773800.0,1793773800.0,True,,,True,1793773800.0,2026-11-04,34.0
6,True,44.0,False,False,True,False,0.41148406746537136,1727.5,1727.5,2126044550.0,2126.04455,1843.9962158203125,0.9368240483245849,-0.21777189844285227,0.10541264162508268,39.34196231148412,2.2773928979151443,-0.03248389806776808,-0.03275475923852189,21.433109169049445,25.299441707075808,23.27928168289816,,0,,False,False,False,False,False,False,False,False,False,6592.T,2026-09-17,True,,1727.5,14.1066475,1.210574,122.46,1427.009,407502454784.0,1786689000.0,1793341800.0,1793341800.0,True,,,True,1793341800.0,2026-10-30,31.0
6,True,68.6046511627907,True,False,True,True,0.16979540377995267,1849.0,1849.0,2092114335.0,2092.114335,1855.0,0.9967654986522911,-0.1272862182918687,0.0963806108693972,29.009022634146106,1.5689033333772906,0.0,-0.0032345013477088624,25.589185864559408,24.947925725884794,13.591860231408184,,0,,False,False,False,False,False,False,False,False,False,9007.T,2026-09-17,True,,1849.0,17.091885,1.2449862,108.18,1485.157,633418874880.0,1794378600.0,1794378600.0,1794378600.0,True,,,True,1794378600.0,2026-11-11,39.0
6,True,56.61605206073752,True,False,True,False,0.3931656999671741,12530.0,12530.0,2085622650.0,2085.62265,13745.0,0.9116042197162605,-0.14114223353946886,0.05227144968143249,311.26634377078284,2.484168745177836,-0.008702531645569667,-0.08839578028373951,17.757703431394265,21.73281895640096,21.547502118315922,,0,,False,False,False,False,False,False,False,False,False,5444.T,2026-09-17,True,,12530.0,12.228924,1.3690373,1024.62,9152.417,748697681920.0,1793601000.0,1793601000.0,1793601000.0,True,,,True,1793601000.0,2026-11-02,32.0
6,True,38.83720930232558,False,False,True,True,0.35578349597859676,1929.5,1929.5,2078892517.5,2078.8925175,2064.0,0.9348352713178295,-0.13613670636846975,0.06654812797125187,29.936635461418923,1.5515229573163474,-0.044328875681030167,-0.06516472868217049,16.354446643764202,20.908097101865973,24.94362347051113,,0,,False,False,False,False,False,False,False,False,False,4732.T,2026-09-17,True,,1929.5,21.772738,4.688145,88.62,411.57,876071157760.0,1785825000.0,1794292200.0,1794292200.0,True,,,True,1794292200.0,2026-11-10,38.0
6,True,58.13253012048193,True,False,False,True,0.38437856052727354,3574.0,3574.0,1980904185.0,1980.904185,3649.0,0.97944642367772,-0.21299635030518693,0.07526165964861664,51.92641813278108,1.4528936243083683,-0.002790178571428603,-0.020285087719298267,22.502879862295686,31.310692419893567,13.740069601876451,,0,,False,False,False,False,False,False,False,False,False,9041.T,2026-09-17,True,,3574.0,12.63344,1.0937196,282.9,3267.748,679590166528.0,1794551400.0,1794551400.0,1794551400.0,True,,,True,1794551400.0,2026-11-13,41.0
6,True,56.94864048338369,True,False,True,True,0.4527411062857312,2030.0,2030.0,1980653317.5,1980.6533175,2319.0,0.8753773178094006,-0.24536438119879256,0.01747118313604168,39.64729234570584,1.9530685884584158,-0.022157996146435432,-0.022157996146435432,10.440585488223336,26.174074983300816,17.676313118636454,,0,,False,False,False,False,False,False,False,False,False,4666.T,2026-09-17,True,,2030.0,9.279576,2.9415429,218.76,690.114,346584285184.0,1788157800.0,1788157800.0,1788157800.0,True,,,True,1788157800.0,2026-08-31,-13.0
6,True,52.068126520681275,True,False,False,True,0.44853846097351324,1158.0,1158.0,1978220302.5,1978.2203025,1321.5,0.8762769580022701,-0.1759364358683314,0.023171052800947,31.063255680204673,2.6824918549399546,-0.023196963306621687,-0.12039498670717808,13.773903813721283,30.905002213037914,16.803153303157526,,0,,False,False,False,False,False,False,False,False,False,2264.T,2026-09-17,True,,1158.0,16.797215,0.337549,68.94,3430.613,373796864000.0,1794205800.0,1794205800.0,1794205800.0,True,,,True,1794205800.0,2026-11-09,37.0
6,True,52.93005671077504,True,False,True,True,0.3531684837454875,12530.0,12530.0,1952472600.0,1952.4726,16640.0,0.7530048076923077,-0.32752403846153844,0.013119960017944354,633.4253869184945,5.055270446276892,-0.0007974481658692412,-0.24518072289156623,22.22009683541014,25.49335134043519,24.67449596118401,,0,,False,False,False,False,False,False,False,False,False,6507.T,2026-09-17,True,,12530.0,24.380278,3.4705257,513.94,3610.404,353542471680.0,1793946600.0,1793946600.0,1793946600.0,True,,,True,1793946600.0,2026-11-06,36.0
6,True,55.57768924302788,True,False,True,True,0.4005272372100431,3003.0,3003.0,1920497335.0,1920.497335,3198.0,0.9390243902439024,-0.13280409262861703,0.0541307794281678,46.04141069715988,1.5331805093959336,-0.013144922773578704,-0.060975609756097615,13.917688965713733,23.542699375793006,18.106741927046926,,0,,False,False,False,False,False,False,False,False,False,9001.T,2026-09-17,True,,3003.0,10.618061,0.9362032,282.82,3207.637,587180605440.0,1785825000.0,1793773800.0,1793773800.0,True,,,True,1793773800.0,2026-11-04,34.0
6,True,49.01960784313725,False,True,False,True,0.4052103949938088,7390.0,7390.0,1861007350.0,1861.00735,9157.2958984375,0.8070067934859403,-0.44961918279172675,0.08232473336944657,371.98145236800815,5.0335785164818425,-0.008053691275167751,-0.050128534704370176,13.871158394519728,29.238302988893082,23.98530401796953,,0,,False,False,False,False,False,False,False,False,False,7721.T,2026-09-17,True,,7390.0,30.356556,2.6833162,243.44,2754.055,121439764480.0,,1754550000.0,1754982000.0,True,,,True,1754550000.0,2025-08-07,-290.0
6,True,54.505494505494504,True,False,True,True,0.3419817178762219,2484.0,2484.0,1823672065.0,1823.672065,2484.0,1.0,-0.15823525207783895,0.4343108946282914,82.45653389195385,3.319506195328255,0.0,0.0,22.300165951846118,32.136567079409126,15.863340531271158,,0,ext_dev200,False,False,False,False,False,True,False,False,False,8368.T,2026-09-17,True,,2484.0,22.54288,1.144805,110.19,2169.802,599611670528.0,1794292200.0,1794292200.0,1794292200.0,True,,,True,1794292200.0,2026-11-10,38.0
6,True,48.333333333333336,True,False,True,True,0.360445626041871,1704.0,1704.0,1799016730.0,1799.01673,1887.0,0.9030206677265501,-0.19190283400809716,0.17979759251882776,47.42345525152088,2.7830666227418357,-0.022935779816513735,-0.0969793322734499,7.243730568374939,16.651130682387116,16.651352319660713,,0,,False,False,False,False,False,False,False,False,False,7173.T,2026-09-17,True,,1704.0,13.278267,1.23401,128.33,1380.864,487778811904.0,1785738600.0,1793341800.0,1793341800.0,True,,,True,1793341800.0,2026-10-30,31.0
6,True,44.597989949748744,True,False,True,True,0.4509098526454728,3328.0,3328.0,1718666045.0,1718.666045,4063.0,0.8190991877922718,-0.21560423332512924,0.08728289013054291,102.42059919730771,3.0775420431883327,-0.043128234617596295,-0.18090081220772825,9.282858001423007,23.074727633426402,23.02158610378193,,0,,False,False,False,False,False,False,False,False,False,5393.T,2026-09-17,True,,3328.0,20.078432,2.5797791,165.75,1290.033,624712286208.0,1794292200.0,1794292200.0,1794292200.0,True,,,True,1794292200.0,2026-11-10,38.0
6,True,47.5,True,True,False,True,0.39633960588772377,2821.0,2821.0,1699692930.0,1699.69293,3855.0,0.7317769130998703,-0.33255512321660186,0.01672167682314951,120.44941823801477,4.269741873024274,-0.025224602626123027,-0.26822308690012975,20.602073526193976,32.97948760490301,25.84908085125499,,0,,False,False,False,False,False,False,False,False,False,6703.T,2026-09-17,True,,2821.0,11.372707,1.4244531,248.05,1980.409,244709949440.0,1785393000.0,1793860200.0,1793860200.0,True,,,True,1793860200.0,2026-11-05,35.0
6,True,54.741896758703476,True,False,True,True,0.432490357675785,4281.0,4281.0,1632462560.0,1632.46256,4755.0703125,0.9003021445857957,-0.3091436936559495,0.06741290360737828,105.38225881100247,2.461627162135073,-0.008568781843446005,-0.01200092314793444,10.814622428524437,26.3384776727403,22.137674929377866,,0,,False,False,False,False,False,False,False,False,False,5233.T,2026-09-17,True,,4281.0,18.801054,0.69204175,227.7,6186.043,466471387136.0,1794292200.0,1794292200.0,1794292200.0,True,,,True,1794292200.0,2026-11-10,38.0
6,True,54.738562091503276,True,False,True,False,0.3558820555115554,3746.0,3746.0,1625850695.0,1625.850695,3805.304443359375,0.984415322284432,-0.13762661816837063,0.07466043382381926,75.27426001408662,2.009457021198255,-0.008994708994709,-0.008994708994709,14.405144350052538,27.893327989479243,18.199313914857232,,0,,False,False,False,False,False,False,False,False,False,8060.T,2026-09-17,True,,3746.0,17.69485,1.981586,211.7,1890.405,771294363648.0,1784874600.0,1792737000.0,1792737000.0,True,,,True,1792737000.0,2026-10-23,26.0
6,True,44.69820554649266,False,False,True,False,0.4682972935838473,3553.0,3553.0,1624063920.0,1624.06392,3787.0,0.938209664642197,-0.14924240356084428,0.09018548937353876,75.57710639572788,2.127134995657976,-0.03686635944700456,-0.03686635944700456,13.25484667392342,24.17374115054731,24.395991427479576,,0,,False,False,False,False,False,False,False,False,False,6923.T,2026-09-17,True,,3553.0,14.781379,0.94759125,240.37,3749.507,437410922496.0,1792996200.0,1792996200.0,1792996200.0,True,,,True,1792996200.0,2026-10-26,27.0
6,True,37.5,False,False,True,True,0.2534597425922106,5990.0,5990.0,1494633450.0,1494.63345,6280.0,0.9538216560509554,-0.09677418051050923,0.0339333833656259,92.88771200453124,1.5507130551674664,-0.04617834394904463,-0.04617834394904463,15.158636403050554,22.38863969082366,23.72402928662119,,0,,False,False,False,False,False,False,False,False,False,7278.T,2026-09-17,True,,5990.0,19.713675,1.1364639,303.85,5270.735,214403465216.0,1793255400.0,1793255400.0,1793255400.0,True,,,True,1793255400.0,2026-10-29,30.0
6,True,47.08276797829036,False,False,True,True,0.2873301557223341,2708.5,2708.5,1487922697.5,1487.9226975,3159.062255859375,0.8573746829383689,-0.25622119338439087,0.03334701095693959,53.49127483112604,1.97494092047724,-0.02081216867284852,-0.06875951206560749,13.252494929235175,25.073093481262,24.585582294306167,,0,,False,False,False,False,False,False,False,False,False,2670.T,2026-09-17,True,,2708.5,14.469255,1.6710306,187.19,1620.856,670669602816.0,1791354600.0,1791354600.0,1791354600.0,True,,,True,1791354600.0,2026-10-07,14.0
6,True,41.0958904109589,False,False,True,True,0.28192250021818727,7380.0,7380.0,1486505500.0,1486.5055,7817.4453125,0.9440424211474137,-0.1893333417866493,0.06991004025422343,219.24917557076208,2.9708560375442015,-0.03529411764705881,-0.05595757885258634,14.691657397374115,18.864992495265362,24.875825626052322,,0,,False,False,False,False,False,False,False,False,False,6432.T,2026-09-17,True,,7380.0,12.058429,1.8294228,612.02,4034.059,340903723008.0,1791873000.0,1791873000.0,1791873000.0,True,,,True,1791873000.0,2026-10-13,18.0
6,True,41.80569185475957,False,False,True,True,0.23020361451066623,2140.0,2140.0,1414758067.5,1414.7580675,2291.5,0.9338861008073315,-0.23292883101076622,0.1116259667110302,53.02914929959993,2.4779976308224265,-0.06611389919266852,-0.06611389919266852,13.687369115259392,23.046886078530854,22.479236700934873,,0,,False,False,False,False,False,False,False,False,False,8088.T,2026-09-17,True,,2140.0,10.335169,1.0350194,207.06,2067.594,492575064064.0,1785997800.0,1794378600.0,1794378600.0,True,,,True,1794378600.0,2026-11-11,39.0
6,True,37.79069767441861,False,False,True,True,0.4410699950264119,4594.0,4594.0,1364680685.0,1364.680685,4845.0,0.9481940144478844,-0.16845266088740163,0.06308538415949227,87.1228267762728,1.8964481231230474,-0.041518881702482746,-0.051805985552115574,18.59649761569335,16.737622229303,22.990274026882386,,0,,False,False,False,False,False,False,False,False,False,2809.T,2026-09-17,True,,4594.0,25.33782,1.9254967,181.31,2385.878,621431685120.0,1791441000.0,1791441000.0,1791441000.0,True,,,True,1791441000.0,2026-10-08,15.0
6,True,43.7869822485207,False,False,True,True,0.4200095270243496,4958.0,4958.0,1334955000.0,1334.955,5458.7265625,0.908270444257117,-0.25843510319628693,0.0340741177427446,103.59602867449289,2.089472139461333,-0.06452830188679248,-0.070839580209895,12.403068817645144,21.418264677856193,24.040581066039717,,0,,False,False,False,False,False,False,False,False,False,7988.T,2026-09-17,True,,4958.0,13.709008,1.5458071,361.66,3207.386,462452916224.0,1793341800.0,1793341800.0,1793341800.0,True,,,True,1793341800.0,2026-10-30,31.0
6,True,69.08462867012089,True,False,True,True,0.38920530077809,2994.0,2994.0,1321039865.0,1321.039865,3064.0,0.9771540469973891,-0.16313418149915282,0.06689325165844195,55.82398887624927,1.8645286865814719,0.0,-0.02284595300261094,22.81100210165673,25.24467781101405,11.939872602713514,,0,,False,False,False,False,False,False,False,False,False,7459.T,2026-09-17,True,,2994.0,14.4791565,0.9432699,206.78,3174.065,612867702784.0,1793860200.0,1793860200.0,1793860200.0,True,,,True,1793860200.0,2026-11-05,35.0
6,True,62.285714285714285,True,False,True,True,0.38446400608827247,1564.0,1564.0,1304842852.5,1304.8428525,1637.0,0.9554062309102016,-0.1552023779559647,0.11556256843286916,26.6819752210959,1.7060086458501216,0.0,-0.044593769089798396,10.823861441531278,24.619355975878488,18.691038872027463,,0,,False,False,False,False,False,False,False,False,False,9301.T,2026-09-17,True,,1564.0,10.032716,1.4033362,155.89,1114.487,531413204992.0,1793341800.0,1793341800.0,1793341800.0,True,,,True,1793341800.0,2026-10-30,31.0
6,True,56.29453681710213,True,False,True,False,0.587561019566232,3475.0,3475.0,1304239375.0,1304.239375,3582.686279296875,0.9699425875162005,-0.17101309786385166,0.06405931944112742,48.13536320916318,1.3851903081773578,0.0,0.0,23.806703048949256,36.85081551909584,17.558125766613205,,0,,False,False,False,False,False,False,False,False,False,9744.T,2026-09-17,True,,3475.0,17.810467,6.0808516,195.11,571.466,268293324800.0,1793255400.0,1793255400.0,1793255400.0,True,,,True,1793255400.0,2026-10-29,30.0
6,True,51.24999999999999,False,False,True,True,0.29208402548355844,6161.0,6161.0,1292850225.0,1292.850225,6345.0,0.9710007880220646,-0.12218226549738687,0.19034009454321055,121.76063926740115,1.9763129243207458,-0.028693047453886122,-0.028999211977935424,22.07460177163541,26.736814843052155,24.127590488746208,,0,ext_dev200,False,False,False,False,False,True,False,False,False,4118.T,2026-09-17,True,,6161.0,12.329644,0.73381656,499.69,8395.831,369833771008.0,1786602600.0,1795069800.0,1795069800.0,True,,,True,1795069800.0,2026-11-19,45.0
6,True,45.992115637319316,False,False,True,True,0.3886750824936071,4535.0,4535.0,1287677425.0,1287.677425,4730.0,0.9587737843551797,-0.27045913035164515,0.18611744424179855,111.29882748676243,2.4542189081976282,-0.04122621564482032,-0.04122621564482032,27.103262892871747,30.290266775317185,21.76112106539593,,0,ext_dev200,False,False,False,False,False,True,False,False,False,2607.T,2026-09-17,True,,4535.0,35.0166,1.5752605,129.51,2878.889,389930582016.0,1794292200.0,1794292200.0,1794292200.0,True,,,True,1794292200.0,2026-11-10,38.0
6,True,46.15384615384615,False,False,False,True,0.5025617410600015,2965.0,2965.0,1287255075.0,1287.255075,3231.342529296875,0.9175752719242581,-0.4979472016364006,0.24449209303638053,40.449577816093786,1.364235339497261,-0.018211920529801362,-0.07919254658385089,26.70878410574802,28.10255430902513,15.351973907334868,,1,macd_sell_like;ext_dev200,False,False,True,False,False,True,False,False,False,4413.T,2026-09-17,True,,2965.0,37.66993,11.458628,78.71,258.757,92493922304.0,,1744700400.0,1744700400.0,True,,,True,1744700400.0,2025-04-15,-372.0
6,True,46.37964774951076,False,False,True,True,0.49357298744705946,1555.5,1555.5,1277312877.5,1277.3128775,1636.5,0.9505041246562786,-0.21787888074662443,0.14200502210332977,33.367914836283795,2.1451568522201088,-0.046875,-0.04949587534372135,22.018588349573083,25.436788788488084,28.001524837285853,,1,di_bear,False,False,False,False,False,False,True,False,False,3941.T,2026-09-17,True,,1555.5,18.349653,0.75592786,84.77,2057.736,373761966080.0,1793860200.0,1793860200.0,1793860200.0,True,,,True,1793860200.0,2026-11-05,35.0
6,True,42.63157894736842,False,False,True,True,0.4014624674785454,3665.0,3665.0,1258408020.0,1258.40802,3897.0,0.9404670259173723,-0.32878226838946345,0.08850437104856823,86.29801049393875,2.3546524009260232,-0.02422790202342917,-0.04333072304881236,10.349592514959765,22.190053846994402,22.181562289142605,,0,,False,False,False,False,False,False,False,False,False,9468.T,2026-09-17,True,,3665.0,458.125,2.253424,8.0,1626.414,538629210112.0,1786602600.0,1793860200.0,1793860200.0,True,,,True,1793860200.0,2026-11-05,35.0
6,False,52.13815789473684,False,False,True,False,0.495364329079768,1936.5,1936.5,1254357742.5,1254.3577425,2143.932861328125,0.9032465684584804,-0.19796928765073218,0.025968635598175194,32.829989627739174,1.6953260845721236,-0.011485451761102605,-0.011485451761102605,21.96501995645193,26.711865186422344,17.003342871313166,,1,trend_break,True,False,False,False,False,False,False,False,False,1719.T,2026-09-17,True,,1936.5,10.211991,1.4081465,189.63,1375.212,303804055552.0,1785911400.0,1793946600.0,1793946600.0,True,,,True,1793946600.0,2026-11-06,36.0
6,True,43.45238095238095,False,False,False,True,0.45417272107165,1912.0,1912.0,1248510770.0,1248.51077,2138.5,0.8940846387654898,-0.1716156184241291,0.07425339250542096,36.420720456668256,1.9048493962692603,-0.031162908538130196,-0.03580433686333839,15.015178530620826,21.640598820364737,23.758488479173266,,0,,False,False,False,False,False,False,False,False,False,8282.T,2026-09-17,True,,1912.0,20.948833,1.1617705,91.27,1645.764,295424000000.0,1785997800.0,1793860200.0,1793860200.0,True,,,True,1793860200.0,2026-11-05,35.0
6,True,62.214983713355046,True,True,False,True,0.38157877072727237,1921.5,1921.5,1199951035.0,1199.951035,1994.5,0.9633993482075708,-0.13736715205249883,0.08237796432175815,24.934294115159066,1.29764736482743,0.0,-0.03660065179242922,13.075654706019586,25.913068481283673,14.637535226051948,,0,,False,False,False,False,False,False,False,False,False,9048.T,2026-09-17,True,,1921.5,18.474184,0.75864863,104.01,2532.793,376864309248.0,1786343400.0,1793946600.0,1793946600.0,True,,,True,1793946600.0,2026-11-06,36.0
6,True,60.046728971962615,True,False,True,False,0.34476502521020125,5862.0,5862.0,1198227845.0,1198.227845,6067.66943359375,0.9661040477164003,-0.19181966141966145,0.054143205170943176,97.78078109436248,1.6680447133122227,-0.008625063419584023,-0.008625063419584023,33.57665997176837,30.25910665922921,8.486033932768592,,0,,False,False,False,False,False,False,False,False,False,4967.T,2026-09-17,True,,5862.0,266.09167,2.0782068,22.03,2820.701,435773014016.0,1794378600.0,1794378600.0,1794378600.0,True,,,True,1794378600.0,2026-11-11,39.0
6,True,47.98850574712644,False,False,True,True,0.4193929692563547,4576.0,4576.0,1187106455.0,1187.106455,4876.16845703125,0.9384417376724509,-0.25966462565613024,0.10451835761134731,125.74815502062579,2.747992898178011,-0.041675392670157074,-0.041675392670157074,18.530945230390508,25.010542604293533,23.128948784123654,,0,,False,False,False,False,False,False,False,False,False,4401.T,2026-09-17,True,,4576.0,16.470505,1.380219,277.83,3315.416,443762081792.0,1794378600.0,1794378600.0,1794378600.0,True,,,True,1794378600.0,2026-11-11,39.0
6,True,43.22709163346614,False,False,True,True,0.5397666495818664,1432.0,1432.0,1186360437.5,1186.3604375,1614.8819580078125,0.8867521201156873,-0.29406604962857297,0.04249876891847082,28.612115372184192,1.9980527494542033,-0.05789473684210522,-0.05789473684210522,18.119870147296997,21.82294419030167,22.805056460695024,,0,,False,False,False,False,False,False,False,False,False,4202.T,2026-09-17,True,,1432.0,36.993027,0.99419177,38.71,1440.366,365893189632.0,1793860200.0,1793860200.0,1793860200.0,True,,,True,1793860200.0,2026-11-05,35.0
6,True,46.88385269121813,True,False,True,False,0.5828336708751374,1744.0,1744.0,1137997515.0,1137.997515,1788.0,0.9753914988814317,-0.5279213740398769,0.4601948025095708,82.10369696765285,4.707780789429636,-0.02460850111856827,-0.02460850111856827,33.544227432747036,30.495163834962064,14.652765331698706,,0,ext_dev200,False,False,False,False,False,True,False,False,False,4475.T,2026-09-17,True,,1744.0,38.0786,12.6907425,45.8,137.423,54364958720.0,1793860200.0,1793860200.0,1793860200.0,True,,,True,1793860200.0,2026-11-05,35.0
6,True,36.206896551724135,False,False,True,True,0.5761279037585622,3987.0,3987.0,1084479615.0,1084.479615,4343.0,0.9180290122035459,-0.3273171079195958,0.129340846228984,111.43260927106712,2.7948986523969683,-0.06386475698520777,-0.08197098779645406,16.15802192685404,23.319321522333844,22.770647782846297,,0,,False,False,False,False,False,False,False,False,False,9449.T,2026-09-17,True,,3987.0,22.207987,2.4932494,179.53,1599.118,373943107584.0,1794551400.0,1794551400.0,1794551400.0,True,,,True,1794551400.0,2026-11-13,41.0
6,True,49.795918367346935,True,False,True,True,0.4302314032998207,1185.0,1185.0,1056850195.0,1056.850195,1453.0,0.8155540261527874,-0.23446557533084833,0.040103380566534286,31.217950506458354,2.634426203076654,-0.01578073089700993,-0.12352071005917165,13.758755838123069,25.842984676079343,23.853380522282805,,0,,False,False,False,False,False,False,False,False,False,7004.T,2026-09-17,True,,1185.0,17.892193,1.0151728,66.23,1167.289,199376896000.0,1785997800.0,1793860200.0,1793860200.0,True,,,True,1793860200.0,2026-11-05,35.0
6,True,45.01039501039501,False,False,False,True,0.30162573748945876,4100.0,4100.0,1021298910.0,1021.29891,4711.6865234375,0.8701767359957486,-0.27329630632940405,0.05433562787726265,113.93802356826065,2.7789761845917234,-0.027975343764817473,-0.027975343764817473,14.359491240581917,21.7833875474284,17.539803331951784,,0,,False,False,False,False,False,False,False,False,False,3549.T,2026-09-17,True,,4100.0,23.178246,2.7606137,176.89,1485.177,389348556800.0,1790836200.0,1790836200.0,1790836200.0,True,,,True,1790836200.0,2026-10-01,10.0
6,True,50.0,False,False,True,True,0.3684814588598464,4085.0,4085.0,941981450.0,941.98145,4310.0,0.9477958236658933,-0.2713792962902324,0.16770399364792965,132.78797769458083,3.250623688973827,-0.01209189842805325,-0.05220417633410668,20.81779062379795,34.897874698322084,22.411430855846863,,0,,False,False,False,False,False,False,False,False,False,8022.T,2026-09-17,True,,4085.0,17.030767,1.7434852,239.86,2343.008,310696574976.0,1786084200.0,1793946600.0,1793946600.0,True,,,True,1793946600.0,2026-11-06,36.0
6,True,83.5978835978836,True,True,False,True,0.36803058176576675,3230.0,3230.0,896738900.0,896.7389,3268.0,0.9883720930232558,-0.19736842105263153,0.09286022668743765,56.012937266653665,1.7341466646022807,0.0,0.0,31.32701216403496,23.3346519988307,8.226324349369762,,1,rsi_reversal,False,False,False,True,False,False,False,False,False,9044.T,2026-09-17,True,,3230.0,14.199051,1.0158168,227.48,3179.707,349484974080.0,1793601000.0,1793601000.0,1793601000.0,True,,,True,1793601000.0,2026-11-02,32.0
6,False,54.64231354642313,False,False,True,False,0.43723423920378357,2534.0,2534.0,883896760.0,883.89676,2769.230712890625,0.9150555741724089,-0.30592006177943676,0.03731836183841053,66.84862384964205,2.6380672395281,-0.05093632958801497,-0.05093632958801497,20.334807254474892,26.819756404896882,21.91981016543199,,1,trend_break,True,False,False,False,False,False,False,False,False,3765.T,2026-09-17,True,,2534.0,56.0,1.146872,45.25,2209.488,132697686016.0,1786084200.0,1793946600.0,1793946600.0,True,,,True,1793946600.0,2026-11-06,36.0
6,True,42.774566473988436,False,False,True,False,0.521286174923055,3075.0,3075.0,836092905.0,836.092905,3345.0,0.9192825112107623,-0.25324281402324744,0.14811911455510995,87.73147792861975,2.8530561928006426,-0.05674846625766872,-0.08071748878923768,15.199618586117246,19.61344227413526,21.758158077709833,,0,,False,False,False,False,False,False,False,False,False,7716.T,2026-09-17,True,,3075.0,111.65577,2.0931683,27.54,1469.065,251557707776.0,1794551400.0,1794551400.0,1794551400.0,True,,,True,1794551400.0,2026-11-13,41.0
6,True,51.58730158730159,False,False,True,True,0.3546747092485164,1657.0,1657.0,811457245.0,811.457245,1915.0,0.8652741514360314,-0.2876489346397535,0.10181624928955313,56.39541358700422,3.403464911708161,-0.06542583192329388,-0.09055982436882548,13.039523248803459,23.161924245803554,15.9933278992829,,0,,False,False,False,False,False,False,False,False,False,3101.T,2026-09-17,True,,1657.0,13.075041,0.68623126,126.73,2414.638,146221580288.0,1794205800.0,1794205800.0,1794205800.0,True,,,True,1794205800.0,2026-11-09,37.0
6,True,50.46980723525263,False,False,True,True,0.3961165522911033,909.4000244140625,909.4000244140625,804606358.767395,804.606358767395,948.6768188476562,0.9585983407064772,-0.18664314586497788,0.05532755887670837,15.783934962463368,1.7356426807480185,-0.02162450305103547,-0.02162450305103547,30.744113708475417,20.85859636801917,12.366698757223547,,0,,False,False,False,False,False,False,False,False,False,7984.T,2026-09-17,True,,909.4,17.464952,1.5033791,52.07,604.904,376891801600.0,1793255400.0,1793255400.0,1793255400.0,True,,,True,1793255400.0,2026-10-29,30.0
6,True,49.22279792746114,True,False,True,False,0.30459859883254736,3636.0,3636.0,772735430.0,772.73543,3888.0244140625,0.9351793128790655,-0.25365794204308756,0.10353177681844539,80.12433382351297,2.2036395441010166,-0.014634146341463428,-0.014634146341463428,20.985035744128755,35.44493866536234,19.257018681480094,,0,,False,False,False,False,False,False,False,False,False,4544.T,2026-09-17,True,,3636.0,29.955513,1.487172,121.38,2444.909,198510952448.0,1794378600.0,1794378600.0,1794378600.0,True,,,True,1794378600.0,2026-11-11,39.0
6,True,58.87096774193549,True,True,False,True,0.4754616635727081,1295.0,1295.0,770541840.0,770.54184,1581.0,0.8191018342820999,-0.22505461236258084,0.04215994792996125,23.23341376660689,1.7940860051433891,0.0,-0.11362080766598215,22.09844020136584,25.555876109988446,20.212085513529697,,0,,False,False,False,False,False,False,False,False,False,7419.T,2026-09-17,True,,1295.0,10.341799,1.4688553,125.22,881.639,379209744384.0,1793255400.0,1793255400.0,1793255400.0,True,,,True,1793255400.0,2026-10-29,30.0
6,True,50.0,False,False,True,True,0.4540979191119318,6370.0,6370.0,765247050.0,765.24705,6660.0,0.9564564564564565,-0.19644131577769786,0.20005262593417994,194.35762632552803,3.051140130699027,-0.043543543543543506,-0.043543543543543506,27.331861778661292,29.773671943877766,18.711178153648085,,0,ext_dev200,False,False,False,False,False,True,False,False,False,4471.T,2026-09-17,True,,6370.0,9.008499,0.86783534,707.11,7340.102,140597608448.0,,1754377200.0,1754982000.0,True,,,True,1754377200.0,2025-08-05,-292.0
6,False,49.29577464788732,False,False,True,True,0.52480412561029,1377.0,1377.0,729233085.0,729.233085,1513.92431640625,0.9095566965122268,-0.18820248365030734,0.0043198175559882035,19.76522102746275,1.435382790665414,-0.011486001435750182,-0.011486001435750182,20.69276430103716,22.065547056921325,18.34383283407048,,1,trend_break,True,False,False,False,False,False,False,False,False,8425.T,2026-09-17,True,,1377.0,8.10143,0.8556675,169.97,1609.27,385817247744.0,1785393000.0,1793860200.0,1793860200.0,True,,,True,1793860200.0,2026-11-05,35.0
6,True,64.51612903225806,True,False,True,True,0.22779030313569404,1897.0,1897.0,705194285.0,705.194285,2002.6407470703125,0.9472492771232905,-0.127926304337053,0.021931049547509573,29.150939799351853,1.5366863362863392,-0.0035609678528010225,-0.03854125671982844,10.399072466727494,20.024456091289178,18.515414011202516,,0,,False,False,False,False,False,False,False,False,False,9842.T,2026-09-17,True,,1897.0,14.670173,0.93326586,129.31,2032.647,119175258112.0,,1751522400.0,1751868000.0,True,,,True,1751522400.0,2025-07-03,-315.0
6,True,64.0,True,False,True,True,0.3779261743637589,3115.0,3115.0,696128830.0,696.12883,3127.0,0.996162456028142,-0.13543095276094586,0.07505915049123435,56.5373909439531,1.815004524685493,-0.003837543971857982,-0.003837543971857982,30.585908150630484,28.352999673523282,13.143533643990466,,0,,False,False,False,False,False,False,False,False,False,8174.T,2026-09-17,True,,3115.0,22.770468,5.164005,136.8,603.214,331741888512.0,1793255400.0,1793255400.0,1793255400.0,True,,,True,1793255400.0,2026-10-29,30.0
6,True,52.032520325203244,False,False,True,True,0.3496420012249729,2537.0,2537.0,694574780.0,694.57478,2629.0,0.9650057055914797,-0.24228884552460928,0.1497637262994358,83.42785242567969,3.2884451094079497,-0.03499429440852031,-0.03499429440852031,29.939619044637,26.51842424215597,13.79445751954125,,0,,False,False,False,False,False,False,False,False,False,6810.T,2026-09-17,True,,2537.0,12.5519495,1.0325731,202.12,2456.969,93516947456.0,1785479400.0,1793341800.0,1793341800.0,True,,,True,1793341800.0,2026-10-30,31.0
6,True,55.6420233463035,True,True,False,True,0.4728856269520486,3149.0,3149.0,671012050.0,671.01205,3245.0,0.9704160246533128,-0.15780525502318388,0.06915106296581164,60.74844803637423,1.9291345835622173,0.0,-0.02958397534668722,21.537507852726623,19.56364614613241,11.3314799991875,,0,,False,False,False,False,False,False,False,False,False,9031.T,2026-09-17,True,,3149.0,7.4484944,0.8164639,422.77,3856.876,237877575680.0,1793946600.0,1793946600.0,1793946600.0,True,,,True,1793946600.0,2026-11-06,36.0
6,True,43.24324324324324,False,False,True,True,0.5916292534644947,4110.0,4110.0,659601950.0,659.60195,4501.83984375,0.9129600658064281,-0.20365892070169223,0.023200826940248165,51.54504658898415,1.2541373865932883,-0.028368794326241176,-0.030660377358490587,18.92267089674458,23.237871521161996,24.71619082109008,,0,,False,False,False,False,False,False,False,False,False,3002.T,2026-09-17,True,,4110.0,259.96204,1.193707,15.81,3443.056,128827768832.0,1785911400.0,1793860200.0,1793860200.0,True,,,True,1793860200.0,2026-11-05,35.0
6,True,47.557003257328994,False,False,True,True,0.46166727927911844,3015.0,3015.0,657056760.0,657.05676,3290.0,0.9164133738601824,-0.21458966565349546,0.06740338899097997,81.09819984437945,2.6898242071104295,-0.038277511961722466,-0.038277511961722466,19.738591125538576,28.11807412182059,20.331451169287988,,0,,False,False,False,False,False,False,False,False,False,5703.T,2026-09-17,True,,3015.0,11.572564,0.7327998,260.53,4114.357,185697320960.0,1793601000.0,1793601000.0,1793601000.0,True,,,True,1793601000.0,2026-11-02,32.0
6,True,54.43037974683545,True,False,True,True,0.1807575364725646,4530.0,4530.0,633359650.0,633.35965,4915.0,0.9216683621566633,-0.2115971515768057,0.06121466503888651,135.34532884551083,2.9877556036536608,0.0,-0.07645259938837923,14.006866407426486,28.787946648254074,22.09619226106324,,0,,False,False,False,False,False,False,False,False,False,6104.T,2026-09-17,True,,4530.0,103.63761,0.91177356,43.71,4968.339,107120967680.0,,1753768800.0,1754287200.0,True,,,True,1753768800.0,2025-07-29,-297.0
6,True,44.1860465116279,False,False,True,True,0.38584090470802906,3220.0,3220.0,615523575.0,615.523575,3310.0,0.972809667673716,-0.340811072047734,0.19855178530647444,67.22890067212153,2.08785405814042,-0.027190332326283984,-0.027190332326283984,28.633468496237246,30.85006476995219,18.067541084688823,,0,ext_dev200,False,False,False,False,False,True,False,False,False,4919.T,2026-09-17,True,,3220.0,19.02174,2.0422919,169.28,1576.66,102437289984.0,1794551400.0,1794551400.0,1794551400.0,True,,,True,1794551400.0,2026-11-13,41.0
6,True,37.125748502994014,False,False,True,True,0.4505120677380582,504.0,504.0,613524520.0,613.52452,579.408203125,0.8698530626278834,-0.45537063224937646,0.1375886091560783,18.082172893506527,3.587732716965581,-0.07861060329067637,-0.09999999999999998,27.012459350455984,30.803271957842338,22.956132983367407,,0,,False,False,False,False,False,False,False,False,False,3660.T,2026-09-17,True,,504.0,16.75532,2.132873,30.08,236.301,49126035456.0,,1754978400.0,1755496800.0,True,,,True,1754978400.0,2025-08-12,-287.0
6,True,40.196078431372555,False,False,True,True,0.3230243581415166,730.0,730.0,606939930.0,606.93993,806.117919921875,0.9055747080659713,-0.1397326475782279,0.006318672057595398,11.646263476502334,1.5953785584249771,-0.04450261780104714,-0.04450261780104714,31.581230212226554,22.029305046985296,27.460678428348995,,1,di_bear,False,False,False,False,False,False,True,False,False,8016.T,2026-09-17,True,,730.0,9.83165,1.051443,74.25,694.284,99485057024.0,,1751436000.0,1751868000.0,True,,,True,1751436000.0,2025-07-02,-316.0
6,True,54.74137931034483,False,False,True,True,0.17713937618594816,2735.0,2735.0,598904350.0,598.90435,2782.0,0.9831056793673616,-0.1392433181243078,0.07803596961565562,62.3603066537988,2.2800843383473053,-0.016894320632638404,-0.016894320632638404,20.19996419699623,24.169261379281014,17.691749212297182,,0,,False,False,False,False,False,False,False,False,False,8194.T,2026-09-17,True,,2735.0,12.564892,1.5013845,217.67,1821.652,236625772544.0,,1751868000.0,1752213600.0,True,,,True,1751868000.0,2025-07-07,-313.0
6,True,52.04918032786885,True,False,True,True,0.5182621394544374,3075.0,3075.0,581260845.0,581.260845,3715.0,0.8277254374158816,-0.2134589502018842,0.04448749007074193,65.99707365519622,2.146246297729958,-0.009661835748792313,-0.17227456258411844,34.565247046943355,21.707283260902987,26.981319527522963,,1,di_bear,False,False,False,False,False,False,True,False,False,6013.T,2026-09-17,True,,3075.0,16.609053,2.0164833,185.14,1524.932,220940419072.0,1785911400.0,1793860200.0,1793860200.0,True,,,True,1793860200.0,2026-11-05,35.0
6,True,46.99248120300752,False,False,True,True,0.26354315325763206,2524.0,2524.0,570158370.0,570.15837,2667.0,0.9463817022872141,-0.1781027371578553,0.11948811422263295,44.60190276501732,1.767111836965821,-0.011746280344557603,-0.031465848042977695,18.662881234726726,21.248180234480895,15.750944781486545,,0,,False,False,False,False,False,False,False,False,False,2730.T,2026-09-17,True,,2524.0,17.282936,1.1127311,146.04,2268.293,266887036928.0,1793860200.0,1793860200.0,1793860200.0,True,,,True,1793860200.0,2026-11-05,35.0
6,True,48.21428571428571,False,False,False,True,0.44666150835426605,2232.0,2232.0,557065525.0,557.065525,2250.0,0.992,-0.20976023909939778,0.11539219839189196,33.25980082476534,1.4901344455540029,-0.008000000000000007,-0.008000000000000007,23.831794684198513,30.045170773475682,22.048715742472595,,0,,False,False,False,False,False,False,False,False,False,6412.T,2026-09-17,True,,2232.0,18.859316,0.8714811,118.35,2561.157,220135309312.0,1794465000.0,1794465000.0,1794465000.0,True,,,True,1794465000.0,2026-11-12,40.0
6,True,51.74672489082969,False,False,False,True,0.36700018318808236,1851.0,1851.0,552242672.5,552.2426725,1963.528076171875,0.9426908748912511,-0.13551749549990666,0.026615329937744736,23.556448438088896,1.272633627125278,-0.01174586225306995,-0.020634920634920673,16.860323581060328,27.08551051444821,21.018893301478872,,0,,False,False,False,False,False,False,False,False,False,7313.T,2026-09-17,True,,1851.0,30.660925,0.69380414,60.37,2667.9,216182472704.0,1786084200.0,1794551400.0,1794551400.0,True,,,True,1794551400.0,2026-11-13,41.0
6,True,45.74257425742574,True,False,True,True,0.45801485201059583,1408.0,1408.0,550153470.0,550.15347,1713.0,0.8219497956800934,-0.45845070422535217,0.21752439588566697,73.49374605105126,5.219726282034891,-0.03890784982935158,-0.1780502043199066,11.786211734855833,22.836898160779036,22.219114414614317,,0,ext_dev200,False,False,False,False,False,True,False,False,False,4419.T,2026-09-17,True,,1408.0,48.368256,6.733588,29.11,209.101,73072779264.0,,1747094400.0,1747094400.0,True,,,True,1747094400.0,2025-05-13,-352.0
6,True,59.770114942528735,True,False,True,True,0.38445252879099473,3820.0,3820.0,515009200.0,515.0092,4005.0,0.9538077403245943,-0.10986267166042452,0.12312626045467101,77.21962088258448,2.021456044046714,0.0,-0.046192259675405745,20.69541689770898,24.00668895675679,15.149819459671996,,0,,False,False,False,False,False,False,False,False,False,2270.T,2026-09-17,True,,3820.0,7.280767,0.941135,524.67,4058.929,227577053184.0,1794292200.0,1794292200.0,1794292200.0,True,,,True,1794292200.0,2026-11-10,38.0
6,True,54.0,True,False,True,False,0.4790423411413918,2764.0,2764.0,497625725.0,497.625725,2809.898193359375,0.9836655315598813,-0.18324443019901304,0.11358182255008265,88.99134144010857,3.2196577945046516,-0.014967925873129007,-0.014967925873129007,13.001099916634526,27.828044961669562,19.11436711422692,,0,,False,False,False,False,False,False,False,False,False,7287.T,2026-09-17,True,,2764.0,19.307068,0.680245,143.16,4063.242,158881415168.0,,1754456400.0,1754888400.0,True,,,True,1754456400.0,2025-08-06,-291.0
6,True,49.473684210526315,False,False,True,True,0.34280902271459907,2336.0,2336.0,482739590.0,482.73959,2362.0,0.9889923793395428,-0.12857792857557782,0.12127212207784943,47.34259869871909,2.0266523415547555,-0.01100762066045724,-0.01100762066045724,14.856640805230374,26.934058646403216,18.96755303163652,,0,,False,False,False,False,False,False,False,False,False,1879.T,2026-09-17,True,,2336.0,8.975985,1.0088185,260.25,2315.58,136631492608.0,,1754542800.0,1754974800.0,True,,,True,1754542800.0,2025-08-07,-290.0
6,True,45.10250569476082,False,False,False,True,0.30785858867225746,2511.0,2511.0,480596785.0,480.596785,2554.0,0.9831636648394675,-0.14291978347986545,0.1242288547667103,46.7595515322166,1.862188432187041,-0.016836335160532512,-0.016836335160532512,13.136423655882961,25.329830449094093,19.53689397155027,,0,,False,False,False,False,False,False,False,False,False,8511.T,2026-09-17,True,,2511.0,19.346638,1.4451957,129.79,1737.481,202801643520.0,,1753941600.0,1754287200.0,True,,,True,1753941600.0,2025-07-31,-295.0
6,True,38.875598086124405,False,False,True,True,0.4454266229757334,2879.0,2879.0,470786755.0,470.786755,3485.0,0.8261119081779054,-0.35281976950181015,0.07217274908158489,103.6556216926587,3.6004036711586904,-0.09179810725552051,-0.12625189681335358,12.57900350518803,22.590610344501133,24.498718775543907,,1,trailing_stop,False,False,False,False,True,False,False,False,False,6363.T,2026-09-17,True,,2879.0,12.834343,1.2285484,224.32,2343.416,75765407744.0,,1754463600.0,1754982000.0,True,,,True,1754463600.0,2025-08-06,-291.0
6,True,46.75572519083969,False,False,True,False,0.42625198463875175,1835.0,1835.0,468516362.5,468.5163625,1903.0,0.9642669469259064,-0.1362809052325188,0.0625040821770182,31.54863289627592,1.7192715474809765,-0.03573305307409358,-0.03573305307409358,22.191523500959832,19.1289980326948,23.75814542712326,,1,di_bear,False,False,False,False,False,False,True,False,False,4045.T,2026-09-17,True,,1835.0,15.055793,0.88388455,121.88,2076.063,193971650560.0,1793341800.0,1793341800.0,1793341800.0,True,,,True,1793341800.0,2026-10-30,31.0
6,True,39.416058394160586,False,False,True,True,0.20353597118843264,3285.0,3285.0,465259400.0,465.2594,3610.697021484375,0.9097966349581779,-0.16359639647680457,0.00676128475093396,75.67506522972269,2.30365495372063,-0.07464788732394367,-0.077247191011236,24.193474841447504,18.307374478819934,26.875479672912284,,1,di_bear,False,False,False,False,False,False,True,False,False,3569.T,2026-09-17,True,,3285.0,12.452144,1.1655177,263.81,2818.49,191710756864.0,,,,True,,,True,,,
6,True,36.81818181818181,False,False,True,True,0.4954209077095651,3445.0,3445.0,464560200.0,464.5602,3805.0,0.9053876478318003,-0.4399999836619338,0.26472889081386364,164.22806497406975,4.767142669784318,-0.09461235216819974,-0.09461235216819974,24.587899136936386,39.74538121038303,21.965786286246868,,1,trailing_stop;ext_dev200,False,False,False,False,True,True,False,False,False,4431.T,2026-09-17,True,,3445.0,29.736729,6.7483125,115.85,510.498,66358607872.0,,1749725940.0,1749725940.0,True,,,True,1749725940.0,2025-06-12,-330.0
6,True,52.100840336134446,False,False,True,True,0.49486189291503985,3805.0,3805.0,462218250.0,462.21825,3917.160888671875,0.9713667904230752,-0.19444444271316907,0.09010215066855443,73.41380758079961,1.92940361578974,0.0,0.0,25.782068583148227,22.680693333980148,13.884810223976801,,0,,False,False,False,False,False,False,False,False,False,9948.T,2026-09-17,True,,3805.0,16.449074,1.0347786,231.32,3677.115,202731732992.0,1791873000.0,1791873000.0,1791873000.0,True,,,True,1791873000.0,2026-10-13,18.0
6,True,43.91143911439114,False,False,True,False,0.35055871373502545,2264.0,2264.0,448001155.0,448.001155,2457.93115234375,0.9210998435986184,-0.24489793384497693,0.11576376109854913,64.21098782613493,2.8361743739458887,-0.035364294844482336,-0.035364294844482336,20.38555040195523,32.454605084810325,30.64738796877076,,0,,False,False,False,False,False,False,False,False,False,8057.T,2026-09-17,True,,2264.0,8.936607,1.302921,253.34,1737.634,111661637632.0,,1756706400.0,1757052000.0,True,,,True,1756706400.0,2025-09-01,-273.0
6,True,24.76190476190476,False,False,True,False,0.5928491658146005,705.0,705.0,444700820.0,444.70082,758.0,0.9300791556728232,-0.2038971996439215,0.06972793406796973,15.125042973058333,2.145396166391253,-0.06992084432717682,-0.06992084432717682,22.159225339706037,21.01494243276859,20.204777030747096,,0,,False,False,False,False,False,False,False,False,False,8614.T,2026-09-17,True,,705.0,12.16566,1.6766711,57.95,420.476,47880798208.0,,1753772400.0,1754290800.0,True,,,True,1753772400.0,2025-07-29,-297.0
6,True,68.66840731070496,True,False,True,False,0.6068171301378316,2658.0,2658.0,440121745.0,440.121745,2658.0,1.0,-0.1781762685997711,0.1435190193199456,45.57750719761152,1.7147293904293273,0.0,0.0,32.86824567756608,35.00206719779998,10.738267482099163,,0,,False,False,False,False,False,False,False,False,False,9536.T,2026-09-17,True,,2658.0,13.542568,0.7819338,196.27,3399.265,95665471488.0,,1753774200.0,1754292600.0,True,,,True,1753774200.0,2025-07-29,-297.0
6,True,53.284671532846716,False,False,True,True,0.41858712881409726,3275.0,3275.0,436865400.0,436.8654,3416.501708984375,0.9585828660315703,-0.220547733666543,0.08458159809983257,76.7981142576411,2.3449805880195758,-0.026745913818722156,-0.026745913818722156,13.646031181240197,27.51912862852001,22.18185992138532,,0,,False,False,False,False,False,False,False,False,False,5482.T,2026-09-17,True,,3275.0,19.18908,0.8890443,170.67,3683.731,210408275968.0,,1753762800.0,1754281200.0,True,,,True,1753762800.0,2025-07-29,-297.0
6,True,38.49372384937238,False,False,True,False,0.4655845160071511,3775.0,3775.0,436491375.0,436.491375,4170.0,0.9052757793764988,-0.3499374096680783,0.11455723223365721,150.93698813100954,3.998330811417471,-0.09472422062350117,-0.09472422062350117,26.684492463117348,21.491909616010084,26.207488616868623,,2,trailing_stop;di_bear,False,False,False,False,True,False,True,False,False,3399.T,2026-09-17,True,,3775.0,18.142061,49.31611,208.08,76.547,74366353408.0,,1749812340.0,1749812340.0,True,,,True,1749812340.0,2025-06-13,-329.0
6,False,49.53703703703704,False,False,True,True,0.5166141870031576,2376.0,2376.0,432898675.0,432.898675,2705.04833984375,0.8783576858878771,-0.1852271297572049,0.0038708416733563844,30.516355194701177,1.2843583836153694,-0.018181818181818188,-0.018181818181818188,13.123552339363608,20.454341268222826,19.923659619183624,,1,trend_break,True,False,False,False,False,False,False,False,False,7994.T,2026-09-17,True,,2376.0,10.034632,1.1011343,236.78,2157.775,224942997504.0,1786084200.0,1793946600.0,1793946600.0,True,,,True,1793946600.0,2026-11-06,36.0
6,True,48.69927159209157,False,False,True,True,0.30353725636182755,3095.0,3095.0,428209665.0,428.209665,3465.0,0.8932178932178932,-0.2805194805194805,0.13289518661082522,115.42566098300647,3.729423618190839,-0.059270516717325195,-0.059270516717325195,13.454874359268752,23.30672328535372,21.524302301895478,,0,,False,False,False,False,False,False,False,False,False,8061.T,2026-09-17,True,,3095.0,14.983541,2.071592,206.56,1494.02,110275878912.0,,1754456400.0,1754974800.0,True,,,True,1754456400.0,2025-08-06,-291.0
6,True,54.56570155902005,True,False,True,False,0.31844240930462425,2749.0,2749.0,427944090.0,427.94409,2798.0,0.9824874910650465,-0.14616823942759283,0.10650897776292889,50.30601230765046,1.829974983908711,0.0,-0.003985507246376807,11.188701307903326,26.19509908197043,23.417559481972592,,0,,False,False,False,False,False,False,False,False,False,6371.T,2026-09-17,True,,2749.0,9.291243,0.94261825,295.87,2916.345,277664038912.0,1793341800.0,1793341800.0,1793341800.0,True,,,True,1793341800.0,2026-10-30,31.0
6,True,37.11340206185568,False,False,True,True,0.4228922734635761,93500.0,93500.0,425894450.0,425.89445,98700.0,0.9473150962512664,-0.14117573215418144,0.004123543492969173,1093.1144878921004,1.1691064041626742,-0.0380658436213992,-0.05268490374873358,19.1255990196159,22.758856615168202,24.57859825005104,,0,,False,False,False,False,False,False,False,False,False,8975.T,2026-09-17,True,,93500.0,18.382353,1.3837361,5086.4,67570.69,142840233984.0,,1781677800.0,1781677800.0,True,,,True,1781677800.0,2026-06-17,-66.0
6,True,52.671755725190835,False,True,False,True,0.23287000136331423,1133.0,1133.0,422115975.0,422.115975,1163.0,0.9742046431642304,-0.17469225774520625,0.10593092182433694,23.570701258484203,2.080379634464625,0.0,-0.02579535683576961,10.56758597320772,16.80341278539512,16.878361219402954,,0,,False,False,False,False,False,False,False,False,False,8818.T,2026-09-17,True,,1133.0,23.40909,1.279879,48.4,885.24,108093480960.0,,1753684200.0,1754029800.0,True,,,True,1753684200.0,2025-07-28,-298.0
6,True,51.24999999999999,False,True,False,False,0.28891966228444904,4505.0,4505.0,408104700.0,408.1047,4675.0,0.9636363636363636,-0.126984161979661,0.12658454486401194,142.77534004658324,3.169263930001848,-0.02699784017278617,-0.036363636363636376,23.568800762524134,30.84803602095258,18.277002503176238,,1,vol_distribution,False,False,False,False,False,False,False,True,False,4044.T,2026-09-17,True,,4505.0,13.357251,0.8743536,337.27,5152.378,111691489280.0,1794465000.0,1794465000.0,1794465000.0,True,,,True,1794465000.0,2026-11-12,40.0
6,True,66.10169491525424,True,False,True,True,0.4674091385308204,3020.0,3020.0,406371355.0,406.371355,3020.0,1.0,-0.10485573539760729,0.12423632232157256,50.95257869314044,1.6871714799053126,0.0,0.0,25.154256619698177,24.803506706258062,14.61024936319214,,0,,False,False,False,False,False,False,False,False,False,2001.T,2026-09-17,True,,3020.0,11.743661,0.8875955,257.16,3402.451,249646891008.0,1785997800.0,1793860200.0,1793860200.0,True,,,True,1793860200.0,2026-11-05,35.0
6,False,41.89944134078212,True,False,False,True,0.43500865147859874,3790.0,3790.0,403187125.0,403.187125,4405.0,0.8603859250851306,-0.2633371169125993,-0.01219464797796288,109.68743436098342,2.8941275556987707,-0.04292929292929293,-0.11137162954279012,23.703690004875526,24.905202220793452,20.419919302573796,,1,trend_break,True,False,False,False,False,False,False,False,False,4553.T,2026-09-17,True,,3790.0,35.56682,1.0224613,106.56,3706.742,186573619200.0,1794378600.0,1794378600.0,1794378600.0,True,,,True,1794378600.0,2026-11-11,39.0
6,True,35.8974358974359,False,False,True,True,0.4669213779797894,3680.0,3680.0,401672950.0,401.67295,3820.0,0.9633507853403142,-0.17844182164593025,0.14029247084046204,81.89710320657247,2.225464761048165,-0.03664921465968585,-0.03664921465968585,13.097165502207313,21.49178058990687,19.76868735838059,,0,,False,False,False,False,False,False,False,False,False,8059.T,2026-09-17,True,,3680.0,11.826713,1.2678219,311.16,2902.616,115745456128.0,,1753851600.0,1754283600.0,True,,,True,1753851600.0,2025-07-30,-296.0
6,True,41.40624999999999,False,False,True,False,0.3797612454252898,3910.0,3910.0,377971100.0,377.9711,4081.52490234375,0.9579752895185683,-0.16009557644889683,0.06289741315473174,64.66293606362008,1.6537835310388767,-0.04166666666666663,-0.04166666666666663,24.938655761601233,18.90260616274495,20.061631792699895,,1,di_bear,False,False,False,False,False,False,True,False,False,4041.T,2026-09-17,True,,3910.0,11.623068,0.99201894,336.4,3941.457,209589796864.0,1794465000.0,1794465000.0,1794465000.0,True,,,True,1794465000.0,2026-11-12,40.0
6,True,68.68686868686868,True,False,True,True,0.3376385330155059,4605.0,4605.0,371310100.0,371.3101,4605.0,1.0,-0.12486181323396817,0.13568884024083294,82.98740806691205,1.8021152674682313,0.0,0.0,29.78349651290895,33.602153704794866,14.099583474011101,,0,,False,False,False,False,False,False,False,False,False,7516.T,2026-09-17,True,,4605.0,10.65134,0.727807,432.34,6327.227,133015977984.0,,1752040800.0,1752472800.0,True,,,True,1752040800.0,2025-07-09,-311.0
6,True,48.14814814814815,False,False,True,True,0.4238754199247145,4215.0,4215.0,363736500.0,363.7365,4275.0,0.9859649122807017,-0.12816796519492368,0.09348600811491092,69.74011467292749,1.6545697431299522,-0.01403508771929829,-0.01403508771929829,24.769668932579815,25.77766075134358,14.113106068451556,,0,,False,False,False,False,False,False,False,False,False,9303.T,2026-09-17,True,,4215.0,18.267313,1.0173665,230.74,4143.05,318405509120.0,1786084200.0,1793860200.0,1793860200.0,True,,,True,1793860200.0,2026-11-05,35.0
6,True,45.8984375,False,False,True,True,0.3492613130726037,2356.0,2356.0,363149650.0,363.14965,2459.0,0.9581130540870273,-0.18047907237646865,0.21267463024787592,69.49064139745903,2.949517886140027,-0.041886945912972706,-0.041886945912972706,23.2081946405998,29.043279819526234,24.919894275713773,,0,ext_dev200,False,False,False,False,False,True,False,False,False,2681.T,2026-09-17,True,,2356.0,10.7452345,0.9306628,219.26,2531.529,93729857536.0,,1754287200.0,1754632800.0,True,,,True,1754287200.0,2025-08-04,-293.0
6,True,41.361256544502616,False,False,True,True,0.3904633373000472,2092.0,2092.0,361305180.0,361.30518,2200.0,0.9509090909090909,-0.3368561535788299,0.09051694716828407,42.8829889628056,2.0498560689677627,-0.030583873957367946,-0.049090909090909074,11.256888910129536,25.426984295318732,26.291278904656302,,0,,False,False,False,False,False,False,False,False,False,7199.T,2026-09-17,True,,2092.0,13.329086,3.1639874,156.95,661.191,81037238272.0,1794292200.0,1794292200.0,1794292200.0,True,,,True,1794292200.0,2026-11-10,38.0
6,True,40.58679706601467,False,False,True,False,0.4103229055631267,1241.0,1241.0,361258765.0,361.258765,1343.0,0.9240506329113924,-0.19583023082650786,0.05923448560826716,36.65388464361655,2.9535765224509714,-0.05842185128983313,-0.05842185128983313,12.573755440489442,24.78033670444835,25.037869267818962,,0,,False,False,False,False,False,False,False,False,False,6118.T,2026-09-17,True,,1241.0,15.841206,0.7770212,78.34,1597.125,67486646272.0,,1754550000.0,1754982000.0,True,,,True,1754550000.0,2025-08-07,-290.0
6,True,49.72273567467653,False,False,False,False,0.3635570656978575,2773.0,2773.0,342952365.0,342.952365,2977.3173828125,0.9313753434578436,-0.20757826181221106,0.04969896145316954,63.04442271904255,2.2735096544912565,-0.02427867698803654,-0.03514265831593599,18.987872734802398,28.12881392125583,24.60969914628613,,0,,False,False,False,False,False,False,False,False,False,5851.T,2026-09-17,True,,2773.0,8.265276,0.46984702,335.5,5901.921,87668318208.0,1793860200.0,1793860200.0,1793860200.0,True,,,True,1793860200.0,2026-11-05,35.0
6,True,46.18320610687023,False,False,True,True,0.46150878743654533,3005.0,3005.0,338935435.0,338.935435,3395.314453125,0.8850432092480388,-0.1838752968964008,0.020308249304741732,61.078462165321646,2.0325611369491394,-0.024350649350649345,-0.029079159935379684,10.691261350742314,21.14565881576928,17.82240590735745,,0,,False,False,False,False,False,False,False,False,False,6486.T,2026-09-17,True,,3005.0,13.85495,1.0140585,216.89,2963.34,137327861760.0,,1753941600.0,1754287200.0,True,,,True,1753941600.0,2025-07-31,-295.0
6,True,47.67441860465116,False,False,True,True,0.426886853709227,5540.0,5540.0,326436850.0,326.43685,5690.0,0.9736379613356766,-0.16370670458579517,0.16054342091361118,114.94353996697771,2.0747931401981536,-0.007168458781361964,-0.026362038664323406,20.497652036621307,32.30274787376581,19.71065468869772,,0,,False,False,False,False,False,False,False,False,False,5480.T,2026-09-17,True,,5540.0,10.653436,0.7476222,520.02,7410.16,76749791232.0,,1753682400.0,1754028000.0,True,,,True,1753682400.0,2025-07-28,-298.0
6,True,48.459958932238195,False,False,True,True,0.3698110124875693,2677.0,2677.0,325903570.0,325.90357,2699.0,0.9918488329010745,-0.19770456917530044,0.12157523842296825,57.51255315217832,2.1483957098310915,-0.0074156470152020315,-0.008151167098925494,16.29292284772643,24.56682366949864,19.05611679605953,,0,,False,False,False,False,False,False,False,False,False,4633.T,2026-09-17,True,,2677.0,10.881229,1.0350534,246.02,2586.34,130506792960.0,,1754546400.0,1754978400.0,True,,,True,1754546400.0,2025-08-07,-290.0
6,True,55.55555555555556,True,False,True,True,0.1790012762420581,6110.0,6110.0,319191500.0,319.1915,6400.0,0.9546875,-0.18279559949220403,0.06410058210811731,138.6794212473132,2.269712295373375,-0.008116883116883078,-0.04531249999999998,21.14678639322279,26.951838956642053,14.152865747750045,,0,,False,False,False,False,False,False,False,False,False,9605.T,2026-09-17,True,,6110.0,16.314217,1.2928807,374.52,4725.881,381795139584.0,1786343400.0,1794292200.0,1794292200.0,True,,,True,1794292200.0,2026-11-10,38.0
6,True,50.0,False,False,True,True,0.5136309765683807,3230.0,3230.0,318192975.0,318.192975,3272.587158203125,0.9869867000802789,-0.1367685982270006,0.05599581415049326,36.00741273563022,1.114780580050471,-0.0046224961479198745,-0.0046224961479198745,32.934342652101584,25.136501919967174,10.925822458544621,,0,,False,False,False,False,False,False,False,False,False,8130.T,2026-09-17,True,,3230.0,12.9703245,1.5623171,249.03,2067.442,189896507392.0,1794551400.0,1794551400.0,1794551400.0,True,,,True,1794551400.0,2026-11-13,41.0
6,True,51.66666666666666,False,False,True,True,0.35704034545520685,3110.0,3110.0,315302950.0,315.30295,3280.0,0.948170731707317,-0.12276266712563166,0.05975632316561352,54.0582504925604,1.7382074113363473,-0.022012578616352196,-0.05182926829268297,10.213789694551208,16.836228885409714,21.2154583820212,,0,,False,False,False,False,False,False,False,False,False,7981.T,2026-09-17,True,,3110.0,13.40575,1.004597,231.99,3095.769,196500324352.0,1793255400.0,1793255400.0,1793255400.0,True,,,True,1793255400.0,2026-10-29,30.0
6,True,44.567627494456765,False,False,True,True,0.4819991146385647,1940.0,1940.0,314651990.0,314.65199,2338.0,0.8297690333618477,-0.21257485029940115,0.031254597682534024,64.08531496023825,3.303366750527745,-0.046214355948869246,-0.09514925373134331,10.311863619131405,21.52827393757706,19.016926602937524,,0,,False,False,False,False,False,False,False,False,False,6745.T,2026-09-17,True,,1940.0,15.433573,2.1317627,125.7,910.045,144734044160.0,,1754285400.0,1754631000.0,True,,,True,1754285400.0,2025-08-04,-293.0
6,True,52.666666666666664,True,True,False,False,0.36079853174531373,2960.0,2960.0,313317305.0,313.317305,2990.0,0.9899665551839465,-0.14862872436648944,0.14225960743064014,49.854753696193555,1.6842822194659985,-0.010033444816053505,-0.010033444816053505,12.79649469157454,25.78045314166635,24.1193542896122,,0,,False,False,False,False,False,False,False,False,False,6282.T,2026-09-17,True,,2960.0,17.245398,1.0757061,171.64,2751.681,85079146496.0,,1754373600.0,1754978400.0,True,,,True,1754373600.0,2025-08-05,-292.0
6,True,54.41247857316534,False,False,True,True,0.3602885514170316,3710.0,3710.0,308460725.0,308.460725,3798.322021484375,0.9767470949053817,-0.12261798718311723,0.17692381111353006,84.84659060559079,2.2869700971857356,-0.015582090882660382,-0.023252905094618304,20.182150125767773,23.55388870174582,21.6348673621074,,0,,False,False,False,False,False,False,False,False,False,2664.T,2026-09-17,True,,3710.0,25.916872,0.72158265,143.15,5141.476,81212645376.0,,1753336800.0,1753682400.0,True,,,True,1753336800.0,2025-07-24,-300.0
6,True,44.49877750611247,False,False,True,True,0.32805522267003595,2179.0,2179.0,301402810.0,301.40281,2651.0,0.8219539796303281,-0.33308185590343264,0.24440198398482083,75.44019188498613,3.4621474017891756,-0.043039086517347336,-0.04847161572052405,9.694868265617295,19.87118303713514,20.3801565406925,,1,macd_sell_like;ext_dev200,False,False,True,False,False,True,False,False,False,2874.T,2026-09-17,True,,2179.0,40.698544,1.5162237,53.54,1437.123,128980746240.0,,1754971200.0,1755489600.0,True,,,True,1754971200.0,2025-08-12,-287.0
6,True,49.80544747081712,False,False,True,True,0.41281683496111726,2306.0,2306.0,298625005.0,298.625005,2421.8271484375,0.9521736518181206,-0.14730289347255054,0.029500058300954368,38.224906315664505,1.6576282010262142,-0.022881355932203418,-0.04782634818187936,11.40447541667135,16.586713115626683,19.102977216830617,,0,,False,False,False,False,False,False,False,False,False,8200.T,2026-09-17,True,,2306.0,34.531296,3.8912804,66.78,592.607,59758612480.0,,1752129000.0,1752474600.0,True,,,True,1752129000.0,2025-07-10,-310.0
6,True,45.16129032258065,False,False,True,True,0.34380098652336855,1251.0,1251.0,286858070.0,286.85807,1505.0,0.8312292358803987,-0.2637873754152824,0.0912068655081586,21.168759940920978,1.6921470776115892,-0.022656250000000044,-0.022656250000000044,14.988593588403633,25.3424941817876,17.529570819416808,,0,,False,False,False,False,False,False,False,False,False,3608.T,2026-09-17,True,,1251.0,20.674269,0.7576877,60.51,1651.076,71269924864.0,,1752127200.0,1752472800.0,True,,,True,1752127200.0,2025-07-10,-310.0
6,True,43.52159468438538,True,False,True,False,0.4057365119966556,2043.0,2043.0,280805365.0,280.805365,2082.0,0.9812680115273775,-0.16352747964568415,0.10870465839651167,34.34970588671671,1.6813365583317041,-0.018731988472622474,-0.018731988472622474,19.15339245590198,26.658820585924737,26.688364093191787,,0,,False,False,False,False,False,False,False,False,False,2154.T,2026-09-17,True,,2043.0,14.715839,2.16337,138.83,944.36,173573636096.0,1786084200.0,1793946600.0,1793946600.0,True,,,True,1793946600.0,2026-11-06,36.0
6,True,65.70397111913357,True,False,False,True,0.46099177504703226,3000.0,3000.0,279681595.0,279.681595,3050.0,0.9836065573770492,-0.14524590163934425,0.07109826227477778,39.80848738144089,1.326949579381363,0.0,0.0,33.13029384532579,30.350648482660112,10.66904617352629,,0,,False,False,False,False,False,False,False,False,False,9347.T,2026-09-17,True,,3000.0,15.297537,1.4220456,196.11,2109.637,108962840576.0,,1746701940.0,1746701940.0,True,,,True,1746701940.0,2025-05-08,-355.0
6,True,36.40350877192983,False,False,True,True,0.5485992493388554,2004.0,2004.0,279553715.0,279.553715,2066.0,0.9699903194578896,-0.20152043231940064,0.22224001234315316,37.963928657178826,1.894407617623694,-0.030009680542110395,-0.030009680542110395,34.749251434813125,29.84422756720982,20.927685338461295,,0,ext_dev200,False,False,False,False,False,True,False,False,False,6349.T,2026-09-17,True,,2004.0,14.426607,0.85010856,138.91,2357.346,106337681408.0,,1753682400.0,1754028000.0,True,,,True,1753682400.0,2025-07-28,-298.0
6,False,43.86617100371747,False,False,True,True,0.33613359419106964,2059.0,2059.0,278195205.0,278.195205,2274.697998046875,0.905175105340542,-0.17721521025230536,0.010732305646358409,35.6384617669056,1.7308626404519474,-0.023195344044329325,-0.023195344044329325,11.355661804840027,22.377389830073444,21.607008472108262,,2,trend_break;macd_sell_like,True,False,True,False,False,False,False,False,False,8278.T,2026-09-17,True,,2059.0,21.802202,0.7923089,94.44,2598.734,178404966400.0,1791441000.0,1791441000.0,1791441000.0,True,,,True,1791441000.0,2026-10-08,15.0
6,True,65.31365313653137,True,False,True,True,0.31241661582040675,3225.0,3225.0,275326455.0,275.326455,3435.0,0.9388646288209607,-0.20669577874818046,0.13740524229254736,99.56987611037157,3.08743801892625,0.0,0.0,28.500488882411364,32.90540449637127,14.652743695549129,,0,,False,False,False,False,False,False,False,False,False,1982.T,2026-09-17,True,,3225.0,16.177576,1.8437454,199.35,1749.157,133079752704.0,,1754460000.0,1754978400.0,True,,,True,1754460000.0,2025-08-06,-291.0
6,True,46.36363636363636,False,False,True,True,0.5747336357300329,4145.0,4145.0,272839225.0,272.839225,4276.00537109375,0.9693626738686157,-0.25863361536522433,0.08533647444068082,75.48646895952555,1.8211452101212438,-0.009557945041816063,-0.009557945041816063,24.27454134326562,21.517001672726067,16.523786761600228,,0,,False,False,False,False,False,False,False,False,False,9746.T,2026-09-17,True,,4145.0,15.415798,1.8574076,268.88,2231.605,203117772800.0,1794378600.0,1794378600.0,1794378600.0,True,,,True,1794378600.0,2026-11-11,39.0
6,True,58.45410628019324,True,False,True,True,0.5075732232405638,1232.0,1232.0,262989125.0,262.989125,1386.277099609375,0.8887112110177343,-0.2425171752047368,0.04249027186961518,27.550301889275623,2.2362258027009436,0.0,-0.11128878898226569,21.18415271238007,33.88070785439287,20.157410936702718,,0,,False,False,False,False,False,False,False,False,False,7818.T,2026-09-17,True,,1232.0,16.594828,3.1901727,74.24,386.186,69661204480.0,,1752040800.0,1752472800.0,True,,,True,1752040800.0,2025-07-09,-311.0
6,True,34.0,False,False,False,True,0.47908186617479853,3350.0,3350.0,250507700.0,250.5077,3435.0,0.975254730713246,-0.17065976745159595,0.11627436272498137,49.324862277829034,1.4723839485919115,-0.024745269286754024,-0.024745269286754024,20.91171501531964,25.71542046003798,16.32565420695395,,0,,False,False,False,False,False,False,False,False,False,4526.T,2026-09-17,True,,3350.0,14.054961,1.1530194,238.35,2905.415,96300351488.0,,1754550000.0,1754982000.0,True,,,True,1754550000.0,2025-08-07,-290.0
6,True,42.201834862385326,False,False,False,False,0.36643191826003085,5010.0,5010.0,247972475.0,247.972475,5180.0,0.9671814671814671,-0.2583046929374089,0.0817589248425743,115.95072665382972,2.3143857615534875,-0.032818532818532864,-0.032818532818532864,14.963456654080213,31.498651170706232,24.32232237464232,,0,,False,False,False,False,False,False,False,False,False,6947.T,2026-09-17,True,,5010.0,19.796894,2.571466,253.07,1948.305,105589538816.0,,1754287200.0,1754632800.0,True,,,True,1754287200.0,2025-08-04,-293.0
6,True,49.83818770226537,False,False,True,False,0.35544993709205497,918.0,918.0,242208120.0,242.20812,963.0,0.9532710280373832,-0.26116293984043826,0.17160565905950342,28.665850447525447,3.1226416609504843,-0.040752351097178674,-0.04672897196261683,20.482725089013563,31.64674157203423,20.976432651374015,,0,,False,False,False,False,False,False,False,False,False,6071.T,2026-09-17,True,,918.0,15.665529,3.15809,58.6,290.682,34814775296.0,,1754548200.0,1754980200.0,True,,,True,1754548200.0,2025-08-07,-290.0
6,True,48.05194805194805,False,False,True,True,0.43215290984281524,1575.0,1575.0,241406585.0,241.406585,1611.0,0.9776536312849162,-0.19614263851519032,0.10536192850144177,28.243731412268133,1.7932527880805165,-0.022346368715083775,-0.022346368715083775,27.261791084071266,31.128115812111982,19.066210761724044,,0,,False,False,False,False,False,False,False,False,False,7575.T,2026-09-17,True,,1575.0,11.817227,1.7143044,133.28,918.74,110493302784.0,1793341800.0,1793341800.0,1793341800.0,True,,,True,1793341800.0,2026-10-30,31.0
6,True,50.3875968992248,True,True,False,True,0.3721715618121442,1075.0,1075.0,240993465.0,240.993465,1106.0,0.9719710669077758,-0.19229567842177075,0.1222140080954206,17.674209169162676,1.644112480852342,-0.0101289134438306,-0.028028933092224206,18.665480766300256,32.913037469253354,19.660769725239476,,0,,False,False,False,False,False,False,False,False,False,9997.T,2026-09-17,True,,1075.0,8.965056,0.68539655,119.91,1568.435,103387693056.0,,1753768800.0,1754287200.0,True,,,True,1753768800.0,2025-07-29,-297.0
6,True,44.26229508196722,False,False,True,True,0.6172069016739311,527.0,527.0,238659365.0,238.659365,560.494140625,0.9402417649047123,-0.22746739240276959,0.056907615811414125,8.544882450698998,1.6214198198669827,-0.029465930018416242,-0.029465930018416242,34.85290593860307,23.682844352533106,20.41566637258302,,0,,False,False,False,False,False,False,False,False,False,7593.T,2026-09-17,True,,527.0,12.707981,0.8636867,41.47,610.175,59792535552.0,,1754550000.0,1754895600.0,True,,,True,1754550000.0,2025-08-07,-290.0
6,True,38.06818181818182,True,False,True,True,0.42956420433337966,8530.0,8530.0,233536200.0,233.5362,10230.0,0.833822091886608,-0.21166306695464365,0.04923275623481649,237.03762193639758,2.7788701282109916,-0.04692737430167593,-0.16617790811339195,27.39263388202495,17.64189097184731,33.54907697012572,,1,di_bear,False,False,False,False,False,False,True,False,False,6284.T,2026-09-17,True,,8530.0,15.008621,1.9686512,568.34,4332.916,127873728512.0,,1754377200.0,1754982000.0,True,,,True,1754377200.0,2025-08-05,-292.0
6,True,52.669039145907476,True,False,True,True,0.3565442319512346,2442.0,2442.0,228660570.0,228.66057,2679.690673828125,0.9112992122002771,-0.20522251568032945,0.04923294597274275,45.851219985436686,1.8776093360129684,-0.0032653061224490187,-0.0032653061224490187,16.07541733514425,20.78203952047032,20.03960661327906,,0,,False,False,False,False,False,False,False,False,False,9830.T,2026-09-17,True,,2442.0,9.851144,0.8329462,247.89,2931.762,161008926720.0,1793341800.0,1793341800.0,1793341800.0,True,,,True,1793341800.0,2026-10-30,31.0
6,True,37.00787401574803,False,True,False,True,0.5279559850615179,3400.0,3400.0,227371525.0,227.371525,3675.0,0.9251700680272109,-0.37188938815249284,0.1178244021506849,81.75689858146151,2.4046146641606327,-0.04895104895104896,-0.07482993197278909,17.505709979470247,28.97733552703184,19.126895118245667,,0,,False,False,False,False,False,False,False,False,False,9828.T,2026-09-17,True,,3400.0,17.198645,3.0225203,197.69,1124.889,60042387456.0,,1753689600.0,1754035200.0,True,,,True,1753689600.0,2025-07-28,-298.0
6,True,54.56000000000001,True,False,False,True,0.4235375480034451,2051.0,2051.0,223204005.0,223.204005,2228.0,0.920556552962298,-0.3242966133352916,0.15691672921243405,77.15216150453361,3.761685105047958,0.0,-0.07944344703770201,12.972812074543338,26.208354941949086,21.082552289833558,,0,,False,False,False,False,False,False,False,False,False,6638.T,2026-09-17,True,,2051.0,8.800687,1.4462554,233.05,1418.145,59401850880.0,,1754373600.0,1754978400.0,True,,,True,1754373600.0,2025-08-05,-292.0
6,True,43.553008595988544,False,False,True,True,0.36209659623764373,2282.0,2282.0,222984735.0,222.984735,2382.0,0.9580184718723762,-0.13910133186605866,0.1370431809906374,42.09765825818561,1.8447703005339882,-0.03794266441821248,-0.04198152812762379,23.993302083567993,29.568213111226083,25.341948455677066,,0,,False,False,False,False,False,False,False,False,False,5970.T,2026-09-17,True,,2282.0,7.2612724,0.42925826,314.27,5316.147,97698324480.0,,1754465400.0,1754983800.0,True,,,True,1754465400.0,2025-08-06,-291.0
6,True,55.17241379310345,True,False,True,True,0.3167553975021027,6940.0,6940.0,220574850.0,220.57485,6940.0,1.0,-0.0776316766956393,0.12640009089107362,101.70068411796541,1.4654277250427292,0.0,0.0,25.643224922508544,21.923228753212012,11.800606729858993,,0,,False,False,False,False,False,False,False,False,False,8566.T,2026-09-17,True,,6940.0,16.691118,0.8871065,415.79,7823.187,213921611776.0,1793773800.0,1793773800.0,1793773800.0,True,,,True,1793773800.0,2026-11-04,34.0
6,True,53.22580645161291,False,False,True,True,0.5095051801221635,6480.0,6480.0,220538750.0,220.53875,6530.0,0.9923430321592649,-0.20175254848695445,0.1307502435385084,147.81815238622067,2.28114432694785,-0.007656967840735107,-0.007656967840735107,43.273914103466524,28.184665577686623,10.641928970432508,,0,,False,False,False,False,False,False,False,False,False,8074.T,2026-09-17,True,,6480.0,11.376405,1.1108191,569.6,5833.533,136455241728.0,,1754542800.0,1754888400.0,True,,,True,1754542800.0,2025-08-07,-290.0
6,True,37.34939759036145,False,False,True,False,0.3907505471308414,602.0,602.0,215328065.0,215.328065,623.0,0.9662921348314607,-0.151280636578757,0.09748711083124406,12.158941134337589,2.0197576635112275,-0.0337078651685393,-0.0337078651685393,33.35339150278209,25.559250254365544,13.706018048929797,,0,,False,False,False,False,False,False,False,False,False,3232.T,2026-09-17,True,,602.0,9.672236,0.8271151,62.24,727.831,60660375552.0,,1754375400.0,1754980200.0,True,,,True,1754375400.0,2025-08-05,-292.0
6,True,42.29074889867841,False,False,True,True,0.4778297188615727,1348.0,1348.0,213226510.0,213.22651,1404.0,0.9601139601139601,-0.17458755508492485,0.2207288821500515,31.810793426110152,2.3598511443701895,-0.03988603988603989,-0.03988603988603989,27.733797783121197,28.62286896476326,23.934027412095944,,0,ext_dev200,False,False,False,False,False,True,False,False,False,4116.T,2026-09-17,True,,1348.0,11.39187,0.6546177,118.33,2059.217,92016959488.0,,1754377200.0,1754982000.0,True,,,True,1754377200.0,2025-08-05,-292.0
6,True,39.642857142857146,False,False,True,True,0.45959631735027023,1997.0,1997.0,212829935.0,212.829935,2184.977294921875,0.9139683074241757,-0.21678002097731686,0.04200749929902159,42.978563649135666,2.152156417082407,-0.032461240310077466,-0.04495456719273072,15.009951965546179,24.448495403921886,24.785298643235585,,0,,False,False,False,False,False,False,False,False,False,7821.T,2026-09-17,True,,1997.0,14.027817,1.7481921,142.36,1142.323,133171970048.0,,1754546400.0,1754978400.0,True,,,True,1754546400.0,2025-08-07,-290.0
6,True,41.89189189189189,False,False,True,True,0.218449482653981,3350.0,3350.0,205437300.0,205.4373,3525.0,0.950354609929078,-0.1146853072164018,0.023160491853342347,49.88841344596325,1.489206371521291,-0.027576197387518153,-0.049645390070921946,11.617710743768313,19.129553600142753,20.13527033391118,,0,,False,False,False,False,False,False,False,False,False,3148.T,2026-09-17,True,,3350.0,12.737158,1.4023948,263.01,2388.771,216417583104.0,,1751846400.0,1752192000.0,True,,,True,1751846400.0,2025-07-07,-313.0
