score,gc_multi,rsi,macd_buy_like,vol_surge,vol_quiet,vol_down,hurst,close,close_adj,adv20,adv20_m,hh252,pct_of_52w_high,max_dd_252,dev200,atr14,natr14,pullback_20d,pullback_60d,adx14,plus_di14,minus_di14,skip_reason,sell_score,sell_reason,sell_trend_break,sell_cross_sma25_down,sell_macd_sell_like,sell_rsi_reversal,sell_trailing_stop,sell_ext_dev200,sell_di_bear,sell_vol_distribution,sell_natr_spike,ticker,skip_reason_yahoo,mkt_price,pe_ttm,pbr,eps_ttm,bps,market_cap,earn_ts,earn_start_ts,earn_end_ts,market_risk_on,market_close,market_ma200,fund_ok,earn_ts_pick,next_earn_date,days_to_earnings
1,False,22.60622631343344,False,True,False,True,0.354197989262828,7370.0,7370.0,1113008400.0,1113.0084,16060.14453125,0.4588999797392468,-0.5411000202607532,-0.027570337013809287,1039.7946442785149,14.108475499030051,-0.4445255306293434,-0.5411000202607532,23.100077913465856,15.054930332956996,40.02036640605675,,6,trend_break;macd_sell_like;trailing_stop;di_bear;vol_distribution;natr_spike,True,False,True,False,True,False,True,True,True,6387.T,,7370.0,34.101425,4.0415096,216.12,1823.576,59198345216.0,,1757399400.0,1757917800.0,True,,,True,1757399400.0,2025-09-09,-232.0
1,False,52.118644067796616,False,False,True,False,0.21013028047699217,272.0,272.0,213575955.0,213.575955,651.0,0.41781874039938555,-0.71869918699187,-0.4123302617506941,64.22338373764289,23.611538138839297,-0.5821812596006144,-0.5821812596006144,35.46495917695789,28.019473006952055,29.453482084106845,"fund_neg_eps,fund_small_mcap",6,trend_break;cross_sma25_down;macd_sell_like;trailing_stop;di_bear;natr_spike,True,True,True,False,True,False,True,False,True,4381.T,,272.0,-0.7517342398363873,-1.7658553,-361.83,-154.033,791103872.0,,1747119600.0,1747119600.0,True,,,False,1747119600.0,2025-05-13,-317.0
3,False,46.93877551020408,False,True,False,False,0.503696701427354,3355.0,3355.0,201367775.0,201.367775,4389.43310546875,0.7643356031146801,-0.29717575689752973,-0.050021481974486304,135.11691317004883,4.027329751715316,-0.13530927835051543,-0.13530927835051543,33.73696753969153,24.36775618341996,28.154923913572972,,6,trend_break;cross_sma25_down;macd_sell_like;trailing_stop;di_bear;vol_distribution,True,True,True,False,True,False,True,True,False,7102.T,,3355.0,4.150892,0.5885937,808.26,5700.027,48410062848.0,,1753684800.0,1754030400.0,True,,,True,1753684800.0,2025-07-28,-263.0
1,False,42.05607476635514,False,True,False,False,0.48918453400689194,820.0,820.0,86430905.0,86.430905,1289.0,0.6361520558572537,-0.44813614262560775,-0.09562148450424623,48.621861118735076,5.929495258382326,-0.19921875,-0.19921875,28.68033580005083,24.588891376550254,28.94052051547446,"fund_low_adv20,fund_small_mcap",6,trend_break;cross_sma25_down;macd_sell_like;trailing_stop;di_bear;vol_distribution,True,True,True,False,True,False,True,True,False,4479.T,,820.0,16.282764,1.714011,50.36,478.41,10453747712.0,1785220200.0,1793082600.0,1793082600.0,True,,,False,1793082600.0,2026-10-27,63.0
0,False,24.444444444444443,False,True,False,False,0.39718178971562185,46.0,46.0,41673130.0,41.67313,122.0,0.3770491803278688,-0.6229508196721312,-0.4353749846569289,4.54546792486933,9.8814520105855,-0.3866666666666667,-0.3866666666666667,46.17679136985511,14.47130757066996,35.815261942205375,"fund_neg_eps,fund_low_adv20,fund_small_mcap",6,trend_break;macd_sell_like;trailing_stop;di_bear;vol_distribution;natr_spike,True,False,True,False,True,False,True,True,True,4881.T,,46.0,-0.9163346613545816,1.1975113,-50.2,38.413,2062947584.0,,1754461800.0,1754548200.0,True,,,False,1754461800.0,2025-08-06,-256.0
1,False,20.048535701540843,False,True,False,False,0.5124190770638792,1953.0,1953.0,22579305.0,22.579305,2620.83349609375,0.7451827836109658,-0.5124149062148214,-0.013210739223096124,61.09781613397764,3.1284084041975238,-0.17350825222175204,-0.17350825222175204,37.68195446593234,19.633055572193502,61.00792690607217,"fund_neg_eps,fund_low_adv20,fund_small_mcap",6,trend_break;macd_sell_like;trailing_stop;di_bear;vol_distribution;natr_spike,True,False,True,False,True,False,True,True,True,6577.T,,1953.0,-48.377508050532576,2.7525728,-40.37,709.518,2950756352.0,,1757399400.0,1757917800.0,True,,,False,1757399400.0,2025-09-09,-232.0
2,False,24.83108108108108,False,True,False,False,0.3140482578681057,2580.0,2580.0,17300415.0,17.300415,2998.0,0.8605737158105403,-0.1511007338225484,-0.07829491704654246,71.27489777264903,2.762592936924381,-0.12542372881355934,-0.12542372881355934,26.90749492624054,14.976446692985668,47.026663564290764,"fund_neg_eps,fund_low_adv20,fund_small_mcap",6,trend_break;macd_sell_like;trailing_stop;di_bear;vol_distribution;natr_spike,True,False,True,False,True,False,True,True,True,1444.T,,2580.0,-64.29105407425865,1.7051775,-40.13,1513.039,2806722560.0,,1757572200.0,1757917800.0,True,,,False,1757572200.0,2025-09-11,-230.0
1,False,13.757700205338793,False,True,False,False,0.38864426399137986,1550.0,1550.0,16443980.0,16.44398,2209.228759765625,0.7016023094704045,-0.37282850338949014,-0.06398631177875558,45.89137555221305,2.9607339065943905,-0.21518987341772156,-0.2211055276381909,22.578545098947394,8.944249405073892,61.15187698824521,"fund_neg_eps,fund_low_adv20,fund_small_mcap",6,trend_break;macd_sell_like;trailing_stop;di_bear;vol_distribution;natr_spike,True,False,True,False,True,False,True,True,True,3931.T,,1550.0,-357.14285714285717,2.690253,-4.34,576.154,2800553984.0,,1749812340.0,1749812340.0,True,,,False,1749812340.0,2025-06-13,-294.0
0,False,15.041782729805021,False,True,False,False,0.6136749354217987,2573.0,2573.0,15061865.0,15.061865,3310.0,0.7773413897280966,-0.28481203007518796,-0.08089253086761528,38.13686127742289,1.482194375337073,-0.10752688172043012,-0.10752688172043012,18.890311984964264,15.895062434563306,57.495928478585554,"fund_neg_eps,fund_low_adv20,fund_small_mcap",6,trend_break;cross_sma25_down;macd_sell_like;trailing_stop;vol_distribution;natr_spike,True,True,True,False,True,False,False,True,True,7674.T,,2573.0,-6.7685589519650655,4.8395953,-380.14,531.656,6296316416.0,,1749812340.0,1749812340.0,True,,,False,1749812340.0,2025-06-13,-294.0
1,False,26.037091264031233,False,False,False,False,0.38194521944840787,51870.0,51870.0,121825492050.0,121825.49205,88480.0,0.5862341772151899,-0.41998191681735986,-0.17903268956861973,5158.944231155326,9.945911376817671,-0.33499999999999996,-0.4137658227848101,23.949692605182424,16.368047385080327,44.6591861900355,,5,trend_break;macd_sell_like;trailing_stop;di_bear;natr_spike,True,False,True,False,True,False,True,False,True,6146.T,,51870.0,41.593163,9.663994,1247.08,5367.346,5626221035520.0,1792650600.0,1792650600.0,1792650600.0,True,,,True,1792650600.0,2026-10-22,60.0
0,False,25.84692597239649,False,True,False,True,0.42249387425417384,1893.5,1893.5,25015542727.5,25015.5427275,3448.155029296875,0.5491342424897032,-0.5035806271795457,-0.1707080603939919,193.4284108054906,10.215390061024062,-0.34116214335421013,-0.3730132450331126,16.040492755101646,16.81775682217614,36.898053377969916,,5,trend_break;macd_sell_like;trailing_stop;vol_distribution;natr_spike,True,False,True,False,True,False,False,True,True,6526.T,,1893.5,38.36102,2.4943814,49.36,759.106,331909988352.0,1785306600.0,1793255400.0,1793255400.0,True,,,True,1793255400.0,2026-10-29,65.0
4,True,34.77551020408164,False,True,False,False,0.27295363256259697,2178.0,2178.0,23034122400.0,23034.1224,2393.5,0.9099644871527053,-0.226267251891221,0.1885434948563951,79.6905052139626,3.6588845369128835,-0.09003551284729472,-0.09003551284729472,22.004317982878902,23.41170486726437,28.92965108527006,earnings_blackout,5,cross_sma25_down;macd_sell_like;trailing_stop;ext_dev200;di_bear;vol_distribution;before_earnings,False,True,True,False,True,True,True,True,False,8308.T,,2178.0,19.130436,1.6889076,113.85,1289.591,4884905590784.0,1785479400.0,1785479400.0,1785479400.0,True,,,True,1785479400.0,2026-07-31,1.0
1,False,25.194228634850163,False,True,False,True,0.2935088915129383,5488.0,5488.0,5984183630.0,5984.18363,7346.0,0.7470732371358563,-0.25292676286414373,-0.04204614408757412,238.63273436206023,4.348264110095849,-0.1996499927081814,-0.25292676286414373,23.989568261810398,14.202576569496348,32.956655397140665,earnings_blackout,5,trend_break;macd_sell_like;trailing_stop;di_bear;vol_distribution;before_earnings,True,False,True,False,True,False,True,True,False,1942.T,,5488.0,17.606672,2.798552,311.7,1961.014,1092188569600.0,1785479400.0,1785479400.0,1785479400.0,True,,,True,1785479400.0,2026-07-31,1.0
1,False,27.242798353909464,False,False,False,False,0.3930463544022968,13650.0,13650.0,5593179350.0,5593.17935,26353.23828125,0.5179629104523297,-0.4835549295782998,-0.0271517642334288,1586.5722708578069,11.623240079544372,-0.38319023949389963,-0.4820370895476703,29.63734049905408,12.337015238245277,38.958411307142896,,5,trend_break;macd_sell_like;trailing_stop;di_bear;natr_spike,True,False,True,False,True,False,True,False,True,6278.T,,13650.0,38.574577,2.8835397,353.86,4733.765,262264602624.0,1785997800.0,1785997800.0,1785997800.0,True,,,True,1785997800.0,2026-08-06,5.0
2,False,45.5852156057495,False,False,True,False,0.20790818112998521,1546.0,1546.0,4064647080.0,4064.64708,2300.0,0.6721739130434783,-0.5625368731563423,-0.03349629277685384,119.510620598873,7.730311811052587,-0.08898055391867998,-0.12159090909090908,21.53731186310928,21.961489845764,24.870763349555403,,5,trend_break;macd_sell_like;trailing_stop;di_bear;natr_spike,True,False,True,False,True,False,True,False,True,5253.T,,1546.0,34.340294,5.084155,45.02,304.082,98588909568.0,,1747117800.0,1747117800.0,True,,,True,1747117800.0,2025-05-13,-317.0
1,False,30.14416775884665,False,False,True,False,0.29354351295415193,12250.0,12250.0,3878255550.0,3878.25555,19450.0,0.6298200514138818,-0.3881748071979434,-0.0398697116057537,997.1813898750246,8.14025624387775,-0.2861305361305362,-0.37017994858611825,29.93733081378923,13.652258534954559,43.767879837879924,earnings_blackout,5,trend_break;macd_sell_like;trailing_stop;di_bear;natr_spike,True,False,True,False,True,False,True,False,True,6622.T,,12250.0,20.712511,1.8774611,591.43,6524.769,289183465472.0,1785825000.0,1785825000.0,1785825000.0,True,,,True,1785825000.0,2026-08-04,3.0
2,True,25.0,False,True,False,False,0.4206347698922393,5560.0,5560.0,3811244350.0,3811.24435,8180.0,0.6797066014669927,-0.3202933985330073,0.2977798154261386,564.5997081401201,10.15467100971439,-0.3152709359605911,-0.3202933985330073,21.012214341411028,15.244486496701581,32.362049051692544,earnings_blackout,5,macd_sell_like;trailing_stop;ext_dev200;di_bear;vol_distribution;natr_spike;before_earnings,False,False,True,False,True,True,True,True,True,6101.T,,5560.0,37.458736,3.2337143,148.43,1719.385,258678603776.0,1785393000.0,1785393000.0,1785393000.0,True,,,True,1785393000.0,2026-07-30,0.0
1,False,31.04738154613466,False,True,False,True,0.2301640364696971,1840.0,1840.0,3701834082.5,3701.8340825,2326.5,0.7908875993982377,-0.29805909662217933,-0.04156526732555654,103.7634354461653,5.639317143813332,-0.1991294885745375,-0.20911240060176228,23.69687175623379,18.43357164743973,35.40538642354734,fund_neg_eps,5,trend_break;macd_sell_like;trailing_stop;di_bear;vol_distribution,True,False,True,False,True,False,True,True,False,7731.T,,1840.0,-7.033908024007035,1.0329384,-261.59,1781.326,606126866432.0,1785997800.0,1785997800.0,1785997800.0,True,,,False,1785997800.0,2026-08-06,5.0
1,False,22.55489021956089,False,True,False,True,0.4016430585757526,5130.0,5130.0,3461814705.0,3461.814705,8094.65869140625,0.6337512420932954,-0.36624875790670464,-0.16643134916956837,227.0185782970376,4.425313417096249,-0.19276160503540518,-0.27898038378696843,38.97476517385821,10.63828522909547,40.712123162444286,earnings_blackout,5,trend_break;macd_sell_like;trailing_stop;di_bear;vol_distribution;before_earnings,True,False,True,False,True,False,True,True,False,5214.T,,5130.0,13.419483,0.76810306,382.28,6678.791,377997230080.0,1785479400.0,1785479400.0,1785479400.0,True,,,True,1785479400.0,2026-07-31,1.0
1,False,30.187721968543883,False,True,False,True,0.3790292075863817,3801.0,3801.0,3263577405.0,3263.577405,5622.0,0.676093916755603,-0.32390608324439696,-0.09072955234614688,237.75837160295026,6.255153159772435,-0.24433399602385686,-0.32390608324439696,24.546275667176005,12.790717935160226,42.249761565327695,,5,trend_break;macd_sell_like;trailing_stop;di_bear;vol_distribution,True,False,True,False,True,False,True,True,False,4043.T,,3801.0,12.317714,0.9660122,308.58,3934.733,273463558144.0,1785306600.0,1793255400.0,1793255400.0,True,,,True,1793255400.0,2026-10-29,65.0
1,False,37.73087071240105,False,False,True,False,0.149545366366698,229.0,229.0,1838652555.0,1838.652555,803.5285034179688,0.2849930015250272,-0.7647874354225758,-0.2744886503296924,40.80323319407555,17.818005761605043,-0.4414634146341463,-0.4414634146341463,23.724442573931928,21.74138305419429,25.011375084204822,fund_small_mcap,5,trend_break;macd_sell_like;trailing_stop;di_bear;natr_spike,True,False,True,False,True,False,True,False,True,4935.T,,229.0,148.70131,5.2970023,1.54,43.232,6875857920.0,,1747292400.0,1747292400.0,True,,,False,1747292400.0,2025-05-15,-315.0
1,False,16.7032967032967,False,True,False,False,0.5773231607598155,3495.0,3495.0,1610372415.0,1610.372415,5975.16748046875,0.5849208430431841,-0.41507915695681585,-0.22397577104554212,123.67232716007574,3.5385501333355003,-0.15904716073147251,-0.2708116002503651,25.11868374454775,7.444225430315364,40.01235247048525,,5,trend_break;macd_sell_like;trailing_stop;di_bear;vol_distribution,True,False,True,False,True,False,True,True,False,4516.T,,3495.0,7.926788,0.80797607,440.91,4325.623,235566235648.0,1778826600.0,1785997800.0,1785997800.0,True,,,True,1785997800.0,2026-08-06,5.0
1,False,28.03180914512923,False,False,True,False,0.42962647772764156,4155.0,4155.0,1311124325.0,1311.124325,6160.0,0.674512987012987,-0.325487012987013,-0.0491575816740889,318.56548253432703,7.667039290838195,-0.29336734693877553,-0.325487012987013,20.739429333494307,16.11164477624043,38.36806677862568,,5,trend_break;macd_sell_like;trailing_stop;di_bear;natr_spike,True,False,True,False,True,False,True,False,True,4187.T,,4155.0,10.802589,1.5553718,384.63,2671.387,84501364736.0,,1752041400.0,1752473400.0,True,,,True,1752041400.0,2025-07-09,-276.0
5,True,36.30252100840336,False,True,False,False,0.27376888228306706,1699.0,1699.0,917855630.0,917.85563,1949.0,0.8717290918419702,-0.12827090815802977,0.20506205661796129,66.27268586355844,3.900687808331868,-0.12827090815802977,-0.12827090815802977,20.651616061573545,17.139670411827645,36.21470970581114,,5,cross_sma25_down;macd_sell_like;trailing_stop;ext_dev200;di_bear;vol_distribution,False,True,True,False,True,True,True,True,False,8367.T,,1699.0,15.647449,0.88914615,108.58,1910.822,266848698368.0,1785220200.0,1793082600.0,1793082600.0,True,,,True,1793082600.0,2026-10-27,63.0
1,False,15.5820348304308,False,True,False,True,0.595379515258834,2698.0,2698.0,917590325.0,917.590325,6780.0,0.3979351032448378,-0.6020648967551623,-0.1887946625214415,284.9521229967339,10.561605744875239,-0.41155943293347874,-0.6020648967551623,34.879994350363354,9.187905839630526,39.67767750696204,fund_neg_eps,5,trend_break;macd_sell_like;trailing_stop;di_bear;vol_distribution,True,False,True,False,True,False,True,True,False,6521.T,,2698.0,-57.36763767807782,6.542509,-47.03,412.38,31287025664.0,,1744599600.0,1744599600.0,True,,,False,1744599600.0,2025-04-14,-338.0
1,False,20.64768976897689,False,True,False,False,0.491689607785352,1349.0,1349.0,739671420.0,739.67142,5410.0,0.24935304990757856,-0.7506469500924214,-0.08203793328135633,551.3219186894468,40.86893392805388,-0.7302,-0.7506469500924214,32.11473937644445,15.18358711680478,38.75149130668055,fund_small_mcap,5,trend_break;trailing_stop;di_bear;vol_distribution;natr_spike,True,False,False,False,True,False,True,True,True,9256.T,,1349.0,19.722221,1.8524572,68.4,728.222,4831038976.0,,1747133940.0,1747133940.0,True,,,False,1747133940.0,2025-05-13,-317.0
1,False,38.94230769230769,False,True,False,True,0.3619258832989393,854.0,854.0,583009650.0,583.00965,1242.0,0.6876006441223832,-0.5147313691507799,-0.07823656076461039,32.62805154007738,3.82061493443529,-0.12139917695473246,-0.3123993558776168,25.05989209915687,13.138885528367178,29.247387840658845,fund_neg_eps,5,trend_break;macd_sell_like;trailing_stop;di_bear;vol_distribution,True,False,True,False,True,False,True,True,False,4565.T,,854.0,-6.154067882107083,1.2134922,-138.77,703.754,78338400256.0,1786084200.0,1786084200.0,1786084200.0,True,,,False,1786084200.0,2026-08-07,6.0
1,False,33.60000000000001,False,True,False,True,0.3184148344169841,3055.0,3055.0,436701400.0,436.7014,4158.416015625,0.7346547311574936,-0.2653452688425064,-0.09750621364842105,106.25346314539769,3.4780184335645723,-0.08120300751879694,-0.14425770308123254,24.38230299503093,12.478805914065674,40.2810416504639,,5,trend_break;macd_sell_like;trailing_stop;di_bear;vol_distribution,True,False,True,False,True,False,True,True,False,9551.T,,3055.0,14.593485,1.4900105,209.34,2050.321,133643689984.0,,1753250400.0,1753682400.0,True,,,True,1753250400.0,2025-07-23,-266.0
1,False,34.93150684931507,False,False,True,False,0.4600046190846145,5360.0,5360.0,402951950.0,402.95195,8753.75,0.6123090104241039,-0.3876909895758961,-0.15854179013347514,336.7137452248634,6.281972858672824,-0.18417047184170476,-0.2197962154294032,20.39366443145508,22.580135985159927,31.463967930060164,,5,trend_break;cross_sma25_down;macd_sell_like;trailing_stop;di_bear,True,True,True,False,True,False,True,False,False,1965.T,,5360.0,9.392633,1.6574758,570.66,3233.833,109898924032.0,,1747112400.0,1747112400.0,True,,,True,1747112400.0,2025-05-13,-317.0
1,False,22.147651006711413,False,True,False,True,0.5374045328662599,105500.0,105500.0,195724065.0,195.724065,133300.0,0.7914478619654913,-0.20855213803450867,-0.08862377871267024,1823.0152024206157,1.7279764951854177,-0.08894645941278068,-0.15532425940752603,26.40435700535822,11.142793835916365,35.8584661381027,"fund_neg_eps,fund_low_adv20",5,trend_break;macd_sell_like;trailing_stop;di_bear;vol_distribution,True,False,True,False,True,False,True,True,False,2972.T,,105500.0,-16.941259594694415,1.0052986,-6227.4,104943.945,49278943232.0,,1744698600.0,1744698600.0,True,,,False,1744698600.0,2025-04-15,-337.0
0,False,8.793018232806858,False,True,False,False,0.45928085858961176,932.0,932.0,140549955.0,140.549955,1281.9019775390625,0.7270446698188355,-0.30393127887190785,-0.10013761831291157,16.582154209395377,1.7792010954286885,-0.09456541964028309,-0.09456541964028309,29.045456738697027,14.721744466041278,49.04868577517566,"fund_low_adv20,fund_small_mcap",5,trend_break;macd_sell_like;trailing_stop;di_bear;vol_distribution,True,False,True,False,True,False,True,True,False,3662.T,,932.0,29.03427,1.9655356,32.1,474.171,17322260480.0,,1757053800.0,1757053800.0,True,,,False,1757053800.0,2025-09-05,-234.0
2,False,43.33333333333333,False,True,False,False,0.3328347549810038,185.0,185.0,124048925.0,124.048925,307.0,0.6026058631921825,-0.46579804560260585,-0.11896371082960278,8.76512291785071,4.737904279919303,-0.13551401869158874,-0.13551401869158874,27.834891272644164,24.90304784068915,31.5447955370608,"fund_low_adv20,fund_small_mcap",5,trend_break;macd_sell_like;trailing_stop;di_bear;vol_distribution,True,False,True,False,True,False,True,True,False,3911.T,,185.0,13.464338,1.2556163,13.74,147.338,8633617408.0,,1753682400.0,1754028000.0,True,,,False,1753682400.0,2025-07-28,-263.0
1,False,44.37299035369775,False,False,True,False,0.3914301694795325,546.0,546.0,55840155.0,55.840155,1287.0,0.42424242424242425,-0.6397212543554007,-0.1998006829539959,32.67910970185771,5.985184927080168,-0.20291970802919712,-0.20291970802919712,25.110596673372065,20.818638510121207,23.712223931108642,"fund_neg_eps,fund_low_adv20,fund_small_mcap",5,trend_break;cross_sma25_down;macd_sell_like;trailing_stop;di_bear,True,True,True,False,True,False,True,False,False,5026.T,,546.0,-17.85480706344016,3.238972,-30.58,168.572,4579902464.0,,1744628340.0,1744628340.0,True,,,False,1744628340.0,2025-04-14,-338.0
0,False,17.777777777777786,False,True,False,False,0.4181889609357032,840.0,840.0,47281960.0,47.28196,1436.0,0.584958217270195,-0.5053635280095352,-0.1373378657328007,47.30646054640826,5.631721493620031,-0.27586206896551724,-0.27586206896551724,24.071639080356576,17.22739632950823,51.44823075433297,"fund_low_adv20,fund_small_mcap",5,trend_break;macd_sell_like;trailing_stop;di_bear;vol_distribution,True,False,True,False,True,False,True,True,False,3930.T,,840.0,18.060633,1.1884987,46.51,706.774,2518114304.0,,1749794400.0,1749794400.0,True,,,False,1749794400.0,2025-06-13,-294.0
2,False,8.448985469112415,False,True,False,False,0.39111656588723664,1050.0,1050.0,46040365.0,46.040365,1225.7535400390625,0.856615922942012,-0.2049485845442236,-0.036688236832642884,15.917408695585305,1.5159436852938386,-0.08530623195743259,-0.08530623195743259,34.413658441679246,11.643797947180902,56.90601915990297,"fund_low_adv20,fund_small_mcap",5,trend_break;macd_sell_like;trailing_stop;di_bear;vol_distribution,True,False,True,False,True,False,True,True,False,3418.T,,1050.0,25.119617,1.8763736,41.8,559.59,11353938944.0,,1749794400.0,1749794400.0,True,,,False,1749794400.0,2025-06-13,-294.0
4,False,45.446027625024705,False,True,False,True,0.4847348885539445,1105.0,1105.0,43477755.0,43.477755,1336.13720703125,0.8270108744708851,-0.25849333926324614,-0.01414712129601614,21.883911644142064,1.98044449268254,-0.0313385130624132,-0.042110620934571186,28.684817547991592,19.335980861237793,25.442993568159107,"fund_low_adv20,fund_small_mcap",5,trend_break;cross_sma25_down;macd_sell_like;di_bear;vol_distribution,True,True,True,False,False,False,True,True,False,1433.T,,1105.0,13.591636,1.8268871,81.3,604.854,9791305728.0,,1749448800.0,1749448800.0,True,,,False,1749448800.0,2025-06-09,-298.0
2,False,36.563194246408266,False,True,False,False,0.37235760210039903,480.0,480.0,34675830.0,34.67583,623.974609375,0.7692620705845528,-0.3122709132169966,-0.007129191458484119,9.923808358566912,2.0674600747014398,-0.08133971291866027,-0.08133971291866027,27.600745917661015,22.118371255366892,38.49256194071325,"fund_low_adv20,fund_small_mcap",5,trend_break;macd_sell_like;trailing_stop;di_bear;vol_distribution,True,False,True,False,True,False,True,True,False,6040.T,,480.0,16.382254,2.1466136,29.3,223.608,22099404800.0,,1749189600.0,1749189600.0,True,,,False,1749189600.0,2025-06-06,-299.0
2,False,37.052096045603314,False,True,False,True,0.5264288205752686,1394.0,1394.0,34423560.0,34.42356,2245.50634765625,0.6207953949695975,-0.40711467585979555,-0.06117012128345911,48.247551020565844,3.4610868737852107,-0.09503768190640072,-0.09503768190640072,21.19628380584183,16.32655288612742,27.571239839866863,"fund_low_adv20,fund_small_mcap",5,trend_break;macd_sell_like;trailing_stop;di_bear;vol_distribution,True,False,True,False,True,False,True,True,False,2983.T,,1394.0,6.0479846,1.8107775,230.49,769.835,14877356032.0,,1749725940.0,1749725940.0,True,,,False,1749725940.0,2025-06-12,-295.0
3,False,51.769911504424776,False,False,True,True,0.2796252209100549,515.0,515.0,29578375.0,29.578375,703.0,0.732574679943101,-0.6428571428571428,0.030319399013694293,28.34791362447565,5.504449247471,-0.1387959866220736,-0.1387959866220736,28.417948730229863,20.139738024716504,24.886585927464886,"fund_low_adv20,fund_small_mcap",5,trend_break;cross_sma25_down;macd_sell_like;trailing_stop;di_bear,True,True,True,False,True,False,True,False,False,3195.T,,515.0,26.369686,2.0024807,19.53,257.181,4205206272.0,,1749794400.0,1749794400.0,True,,,False,1749794400.0,2025-06-13,-294.0
2,False,17.630190369985442,False,True,False,False,0.3973988913673873,2763.0,2763.0,27538280.0,27.53828,3245.056884765625,0.8514488645703844,-0.20468120344998886,-0.022835671916857314,45.25427601482175,1.63786739105399,-0.08231324648597416,-0.103068679007702,24.345363997805983,17.69693950303301,48.41750100401991,"fund_low_adv20,fund_small_mcap",5,trend_break;macd_sell_like;trailing_stop;di_bear;vol_distribution,True,False,True,False,True,False,True,True,False,7097.T,,2763.0,16.274002,1.8858099,169.78,1465.153,12009423872.0,,1757484000.0,1757916000.0,True,,,False,1757484000.0,2025-09-10,-231.0
0,False,30.579429714990027,False,True,False,False,0.24010353055058617,319.0,319.0,23119330.0,23.11933,520.7749633789062,0.6125486485184609,-0.5561913950907789,-0.13392546526442217,9.333337370803974,2.925811088026324,-0.10112068915107819,-0.10112068915107819,37.68260093751387,17.63725626768227,29.8890491442991,"fund_neg_eps,fund_low_adv20,fund_small_mcap",5,trend_break;macd_sell_like;trailing_stop;di_bear;vol_distribution,True,False,True,False,True,False,True,True,False,4936.T,,319.0,-211.25827814569536,0.9609823,-1.51,331.952,7295657472.0,,1749812340.0,1749812340.0,True,,,False,1749812340.0,2025-06-13,-294.0
2,False,36.393442622950815,False,True,False,True,0.5525442976181559,1741.0,1741.0,17684160.0,17.68416,2444.0,0.7123567921440261,-0.36170212765957444,-0.08801017340227357,59.104685125886945,3.3948699095856947,-0.0543183052688756,-0.19547134935304988,25.62975239434793,14.957730642990988,20.95657504105776,"fund_low_adv20,fund_small_mcap",5,trend_break;cross_sma25_down;macd_sell_like;di_bear;vol_distribution,True,True,True,False,False,False,True,True,False,4347.T,,1741.0,15.8604355,2.4517674,109.77,710.1,12408400896.0,,1746081000.0,1746081000.0,True,,,False,1746081000.0,2025-05-01,-325.0
2,False,24.962464076302098,False,True,False,False,0.5743378946560413,1410.0,1410.0,16377010.0,16.37701,1545.0167236328125,0.9126114807900937,-0.2073064535563931,-0.023537096359534937,21.76992158698627,1.5439660699990263,-0.06869220607661819,-0.06869220607661819,25.14728981528355,15.775674526041042,52.34467375325805,"fund_low_adv20,fund_small_mcap",5,trend_break;macd_sell_like;rsi_reversal;di_bear;vol_distribution,True,False,True,True,False,False,True,True,False,7126.T,,1410.0,10.65196,1.4515746,132.37,971.359,4778357248.0,,1749812340.0,1749812340.0,True,,,False,1749812340.0,2025-06-13,-294.0
0,False,23.28767123287672,False,True,False,True,0.46319779332469885,1058.0,1058.0,10883190.0,10.88319,1430.3680419921875,0.7396697695555607,-0.26452495503549156,-0.1856774430656778,25.343852869828986,2.395449231552834,-0.12126245847176076,-0.21918819188191885,28.683601798861975,12.553935149436143,35.61714792209125,"fund_low_adv20,fund_small_mcap",5,trend_break;macd_sell_like;trailing_stop;di_bear;vol_distribution,True,False,True,False,True,False,True,True,False,3417.T,,1058.0,10.769545,0.4224838,98.24,2504.238,14432470016.0,,1747377000.0,1747377000.0,True,,,False,1747377000.0,2025-05-16,-314.0
2,False,38.02816901408451,False,False,True,True,0.26873429116721265,290.0,290.0,9503385.0,9.503385,481.0,0.6029106029106029,-0.537261698440208,-0.043488299223246485,12.68012343629876,4.3724563573444,-0.08517350157728709,-0.08517350157728709,22.02757376904933,15.217558354018145,22.52305681093383,"fund_neg_eps,fund_low_adv20,fund_small_mcap",5,trend_break;cross_sma25_down;macd_sell_like;trailing_stop;di_bear,True,True,True,False,True,False,True,False,False,4167.T,,290.0,-5.319148936170213,1.4593912,-54.52,198.713,2208056064.0,,1747204200.0,1747204200.0,True,,,False,1747204200.0,2025-05-14,-316.0
1,False,12.5,False,True,False,False,0.4146674488275728,103.0,103.0,8491230.0,8.49123,125.0,0.824,-0.25899280575539574,-0.062357760582612554,2.1311046296366607,2.069033621006467,-0.0636363636363636,-0.0636363636363636,42.45735399418242,5.827114522267209,46.40466309330484,"fund_neg_eps,fund_low_adv20,fund_small_mcap",5,trend_break;macd_sell_like;di_bear;vol_distribution;natr_spike,True,False,True,False,False,False,True,True,True,7918.T,,103.0,-9.163701067615659,3.7929003,-11.24,27.156,4699445248.0,,1754290800.0,1754636400.0,True,,,False,1754290800.0,2025-08-04,-258.0
3,False,41.75824175824176,False,True,False,True,0.09295141792867864,1532.0,1532.0,7584935.0,7.584935,2001.45458984375,0.7654432969771253,-0.2597656026049414,-0.008150454227935922,12.968528470642655,0.8465096912952124,-0.020460358056266004,-0.020460358056266004,37.81332289890942,20.31619794259458,29.00667124713907,"fund_low_adv20,fund_small_mcap",5,trend_break;cross_sma25_down;macd_sell_like;di_bear;vol_distribution,True,True,True,False,False,False,True,True,False,7614.T,,1532.0,10.806235,0.56207687,141.77,2725.606,10201955328.0,,1749812340.0,1749812340.0,True,,,False,1749812340.0,2025-06-13,-294.0
3,True,34.09090909090909,False,True,False,False,0.5293067375589761,755.0,755.0,7286005.0,7.286005,989.4720458984375,0.7630331782788895,-0.270317940771711,0.026436148695992756,21.44091629971686,2.839856463538657,-0.09145607701564384,-0.09145607701564384,24.765020124724817,18.8809759463827,40.4810845366805,"fund_low_adv20,fund_small_mcap",5,cross_sma25_down;macd_sell_like;trailing_stop;di_bear;vol_distribution,False,True,True,False,True,False,True,True,False,5906.T,,755.0,4.5077314,0.54206806,167.49,1392.814,10513950720.0,,1745562600.0,1745562600.0,True,,,False,1745562600.0,2025-04-25,-329.0
0,False,28.75,False,False,True,False,0.4050949735230582,389.0,389.0,6481125.0,6.481125,491.5428466796875,0.7913857410959145,-0.3765672796271833,-0.1179629776339447,15.629646671369645,4.017904028629729,-0.08899297423887587,-0.17584745762711862,31.05432421671996,8.513676427230546,32.89239951931226,"fund_low_adv20,fund_small_mcap",5,trend_break;cross_sma25_down;macd_sell_like;trailing_stop;di_bear,True,True,True,False,True,False,True,False,False,4492.T,,389.0,8.887365,1.650333,43.77,235.71,4501150720.0,,1754535600.0,1754881200.0,True,,,False,1754535600.0,2025-08-07,-255.0
3,False,20.338983050847446,False,True,False,False,0.3078101688105504,2265.0,2265.0,6287395.0,6.287395,2781.0,0.81445523193096,-0.29018338727076587,-0.03801393078482107,55.8060874432076,2.463844920229916,-0.11454261141516808,-0.11454261141516808,35.66303382167412,25.72938631360228,40.769989708047724,"fund_low_adv20,fund_small_mcap",5,trend_break;macd_sell_like;trailing_stop;di_bear;vol_distribution,True,False,True,False,True,False,True,True,False,7073.T,,2265.0,16.701077,2.1804886,135.62,1038.758,2097630080.0,,1747375200.0,1747634400.0,True,,,False,1747375200.0,2025-05-16,-314.0
1,False,18.93204938398179,False,True,False,False,0.32938149136241224,1831.0,1831.0,6244705.0,6.244705,2399.6552734375,0.7630262647588948,-0.3139917863364977,-0.0396174005215012,29.51825708076498,1.6121385625759137,-0.0852719134841411,-0.0852719134841411,34.56553454984347,16.148693563663983,57.32587253891144,"fund_low_adv20,fund_small_mcap",5,trend_break;macd_sell_like;trailing_stop;di_bear;vol_distribution,True,False,True,False,True,False,True,True,False,9242.T,,1831.0,10.747197,1.2782322,170.37,1432.447,2256079360.0,,1749207540.0,1749207540.0,True,,,False,1749207540.0,2025-06-06,-299.0
1,False,17.0556552962298,False,True,False,True,0.3771418746738039,1554.0,1554.0,5108685.0,5.108685,2424.0,0.6410891089108911,-0.3589108910891089,-0.06702661131968268,75.70785733872847,4.871805491552669,-0.2210526315789474,-0.27076489910839985,26.273061830626787,16.132125922549253,43.17346772859757,"fund_low_adv20,fund_small_mcap",5,trend_break;macd_sell_like;trailing_stop;di_bear;vol_distribution,True,False,True,False,True,False,True,True,False,7477.T,,1554.0,33.47695,0.8060254,46.42,1927.979,2206091008.0,,1747292400.0,1747292400.0,True,,,False,1747292400.0,2025-05-15,-315.0
2,False,27.70448548812665,False,False,True,False,0.2501027454587033,2115.0,2115.0,5066805.0,5.066805,2314.0,0.9140017286084702,-0.17207421450759852,-0.012343734401027207,48.940332272126156,2.3139637008097473,-0.08599827139152982,-0.08599827139152982,26.714029351192416,23.494755891353908,32.80592019487425,"fund_low_adv20,fund_small_mcap",5,trend_break;macd_sell_like;trailing_stop;di_bear;natr_spike,True,False,True,False,True,False,True,False,True,6230.T,,2115.0,7.927583,0.63874835,266.79,3311.163,9682148352.0,,1746167400.0,1746167400.0,True,,,False,1746167400.0,2025-05-02,-324.0
1,False,21.698113207547166,False,True,False,True,0.5544447837411844,701.0,701.0,3978435.0,3.978435,1041.0,0.6733909702209414,-0.5804006497022198,-0.10274871204121461,15.57860808175523,2.222340667868078,-0.08961038961038958,-0.08961038961038958,21.90886179030062,16.374718966537007,28.757939655889086,"fund_low_adv20,fund_small_mcap",5,trend_break;macd_sell_like;trailing_stop;di_bear;vol_distribution,True,False,True,False,True,False,True,True,False,7096.T,,701.0,45.31351,2.6322017,15.47,266.317,7059201536.0,,1747117800.0,1747117800.0,True,,,False,1747117800.0,2025-05-13,-317.0
2,False,16.86746987951807,False,True,False,True,0.38700799397177843,790.0,790.0,3118600.0,3.1186,949.3677368164062,0.8321327651697673,-0.1678672348302327,-0.03276048038175339,17.557336716704373,2.2224476856587816,-0.09195402298850575,-0.1678672348302327,43.639565843998426,7.831207953610615,37.58511494560011,"fund_low_adv20,fund_small_mcap",5,trend_break;macd_sell_like;trailing_stop;di_bear;vol_distribution,True,False,True,False,True,False,True,True,False,7813.T,,790.0,14.928194,0.79315835,52.92,996.018,2671358208.0,,1746687600.0,1746687600.0,True,,,False,1746687600.0,2025-05-08,-320.0
0,False,3.4042553191489446,False,True,False,False,0.4028692877922052,431.0,431.0,2123850.0,2.12385,844.8763427734375,0.510133824537181,-0.48986617546281896,-0.4191568360627681,24.850591079925557,5.765798394414282,-0.35382308845577215,-0.463230206800869,54.51059164244512,11.702917933018817,52.002627025868584,"fund_low_adv20,fund_small_mcap",5,trend_break;trailing_stop;di_bear;vol_distribution;natr_spike,True,False,False,False,True,False,True,True,True,9257.T,,431.0,14.750172,0.6318574,29.22,682.11597,9632458752.0,,1754996340.0,1755518400.0,True,,,False,1754996340.0,2025-08-12,-252.0
4,True,46.96969696969697,False,False,True,True,0.25163867652463096,1555.0,1555.0,1939450.0,1.93945,1725.0,0.9014492753623189,-0.09855072463768111,0.2404770451916558,38.75353149500079,2.492188520578829,-0.08529411764705885,-0.09855072463768111,33.885164312248214,29.242225785912034,32.135671201961344,"fund_low_adv20,fund_small_mcap",5,cross_sma25_down;macd_sell_like;trailing_stop;ext_dev200;di_bear;natr_spike,False,True,True,False,True,True,True,False,True,2961.T,,1555.0,12.241203,0.2263552,127.03,6869.734,6935679488.0,,1754028000.0,1754114400.0,True,,,False,1754028000.0,2025-08-01,-259.0
3,False,46.706586826347305,False,True,False,False,0.4055515536160516,635.0,635.0,1506005.0,1.506005,847.743896484375,0.7490469735416182,-0.32880672764538454,0.007808143701314885,17.081171043750018,2.6899481958661444,-0.06065088757396453,-0.06065088757396453,24.59658348221255,26.58407572931656,30.035122147268634,"fund_low_adv20,fund_small_mcap",5,trend_break;macd_sell_like;di_bear;vol_distribution;natr_spike,True,False,True,False,False,False,True,True,True,7042.T,,635.0,12.689848,1.4831042,50.04,428.156,2194439424.0,,1754982000.0,1755500400.0,True,,,False,1754982000.0,2025-08-12,-252.0
2,True,24.21917808219179,False,False,False,False,0.3639037639684057,52240.0,52240.0,285017820450.0,285017.82045,78800.0,0.6629441624365482,-0.36548223350253806,0.16523628177849714,4637.411730585027,8.877128121334279,-0.2963362068965517,-0.3370558375634518,23.173072832089407,16.747219531348385,39.700239555409624,earnings_blackout,4,macd_sell_like;trailing_stop;di_bear;natr_spike;before_earnings,False,False,True,False,True,False,True,False,True,8035.T,,52240.0,41.792,11.478945,1250.0,4550.941,23750978306048.0,1785393000.0,1785393000.0,1785393000.0,True,,,True,1785393000.0,2026-07-30,0.0
2,True,24.839611778253,False,False,False,False,0.5260782363918155,6416.0,6416.0,274334433875.0,274334.433875,12250.0,0.5237551020408163,-0.49134693877551017,0.2620258255965673,874.9562623369292,13.637098851884808,-0.42093862815884475,-0.4762448979591837,28.74440834041574,14.758309802425023,39.77541694205311,earnings_blackout,4,macd_sell_like;trailing_stop;ext_dev200;di_bear;natr_spike;before_earnings,False,False,True,False,True,True,True,False,True,6981.T,,6416.0,50.227024,4.2957335,127.74,1493.575,11678975524864.0,1785479400.0,1785479400.0,1785479400.0,True,,,True,1785479400.0,2026-07-31,1.0
5,True,43.14404432132964,False,False,False,False,0.37299572722148244,7818.0,7818.0,81127406810.0,81127.40681,8766.0,0.891854893908282,-0.24634552868471427,0.19959208248265448,289.43471768000467,3.7021580670248744,-0.10814510609171801,-0.10814510609171801,23.83961466342497,23.383453804966077,32.85430345601464,earnings_blackout,4,cross_sma25_down;macd_sell_like;trailing_stop;ext_dev200;di_bear;before_earnings,False,True,True,False,True,True,True,False,False,8411.T,,7818.0,15.544598,1.6846488,502.94,4640.73,19048077197312.0,1785393000.0,1785393000.0,1785393000.0,True,,,True,1785393000.0,2026-07-30,0.0
3,True,18.621757646147884,False,False,False,True,0.46872122082519574,3196.0,3196.0,62225262380.0,62225.26238,5123.0,0.6238532110091743,-0.44052329450656014,0.09598590260008977,316.69143212819785,9.908993495876029,-0.3399421726559273,-0.37614678899082565,22.14376040893075,17.958638752543692,41.65599648917568,"fund_neg_eps,earnings_blackout",4,macd_sell_like;trailing_stop;di_bear;natr_spike;before_earnings,False,False,True,False,True,False,True,False,True,6723.T,,3196.0,-112.02243252716438,2.2821789,-28.53,1400.416,5798486343680.0,1785479400.0,1785479400.0,1785479400.0,True,,,False,1785479400.0,2026-07-31,1.0
2,False,39.60042811273636,False,False,False,True,0.3776356224484396,2109.5,2109.5,51928906922.5,51928.9069225,3491.25,0.6042248478338704,-0.40651629072681705,-0.019220344174780135,176.3677444421628,8.360642068839194,-0.2153617258694439,-0.3957751521661296,23.019362139392086,18.20131975097266,39.43739215665784,earnings_blackout,4,trend_break;macd_sell_like;trailing_stop;di_bear;before_earnings,True,False,True,False,True,False,True,False,False,5802.T,,2109.5,17.798685,2.3988056,118.52,879.396,6580963639296.0,1785479400.0,1785479400.0,1785479400.0,True,,,True,1785479400.0,2026-07-31,1.0
2,True,16.1544227886057,False,True,False,False,0.3587457563271201,5245.0,5245.0,11936420610.0,11936.42061,7853.0,0.6678976187444289,-0.3403794728129377,0.1811386441153342,351.41683133304963,6.700034915787409,-0.2981399705606851,-0.3321023812555711,31.17468789385951,14.018550541389654,43.23353844196826,earnings_blackout,4,macd_sell_like;trailing_stop;ext_dev200;di_bear;natr_spike;before_earnings,False,False,True,False,True,True,True,False,True,5333.T,,5245.0,25.441404,1.8641287,206.16,2813.647,1476379672576.0,1785393000.0,1785393000.0,1785393000.0,True,,,True,1785393000.0,2026-07-30,0.0
2,False,35.778321108394465,False,True,False,True,0.47618226540889297,2317.5,2317.5,8257092075.0,8257.092075,3516.321044921875,0.659069513390092,-0.340930486609908,-0.1331826164768184,110.76057213164013,4.7793127133393805,-0.1370322100167567,-0.3311688311688312,14.263938080484778,12.35774824124711,31.351602715677192,earnings_blackout,4,trend_break;macd_sell_like;trailing_stop;vol_distribution;before_earnings,True,False,True,False,True,False,False,True,False,1803.T,,2317.5,12.407645,1.6094947,186.78,1439.893,1574049021952.0,1785393000.0,1785393000.0,1785393000.0,True,,,True,1785393000.0,2026-07-30,0.0
2,False,36.15686274509804,False,True,False,False,0.38143659813496666,8177.0,8177.0,1900189040.0,1900.18904,10423.552734375,0.7844734140437287,-0.21552658595627128,-0.05108967501344919,342.0697513087278,4.1833160243209955,-0.12526743688489517,-0.17429061900434217,14.997598087239888,21.364306598940168,34.504029522160735,earnings_blackout,4,trend_break;macd_sell_like;trailing_stop;vol_distribution;before_earnings,True,False,True,False,True,False,False,True,False,1959.T,,8177.0,14.449295,1.6635231,565.91,4915.471,578398650368.0,1785393000.0,1785393000.0,1785393000.0,True,,,True,1785393000.0,2026-07-30,0.0
5,True,36.0,False,True,False,False,0.3676321377545279,1881.0,1881.0,1610871925.0,1610.871925,2123.0,0.8860103626943006,-0.15823525207783895,0.2536255956564535,81.02878395563434,4.307750343202251,-0.11398963730569944,-0.11398963730569944,16.6153458769853,18.39246830879077,33.31615961961278,earnings_blackout,4,cross_sma25_down;macd_sell_like;trailing_stop;ext_dev200;vol_distribution;before_earnings,False,True,True,False,True,True,False,True,False,8368.T,,1881.0,17.082916,0.88349515,110.11,2129.044,454054051840.0,1785479400.0,1785479400.0,1785479400.0,True,,,True,1785479400.0,2026-07-31,1.0
2,False,38.131313131313135,False,False,True,False,0.43385099181888637,23840.0,23840.0,25288069700.0,25288.0697,30030.0,0.7938727938727939,-0.2112887112887113,-0.07436717854018315,702.2251951726982,2.9455754831069556,-0.08060161974546853,-0.16394879887778357,17.077279846344055,19.37149189345358,33.13914124385437,earnings_blackout,3,trend_break;macd_sell_like;trailing_stop;before_earnings,True,False,True,False,True,False,False,False,False,7741.T,,23840.0,32.049904,7.837694,743.84,3041.711,7974921175040.0,1785479400.0,1785479400.0,1785479400.0,True,,,True,1785479400.0,2026-07-31,1.0
4,False,72.95988934993085,True,True,False,False,0.21597424153591016,21840.0,21840.0,11931496325.0,11931.496325,25558.390625,0.8545138980166127,-0.3239010916791636,0.06577125391325622,864.2144210647307,3.957025737475873,-0.038097335388680875,-0.038097335388680875,20.750650110360564,46.19935888790801,11.858203023287798,earnings_blackout,3,trend_break;rsi_reversal;vol_distribution;before_earnings,True,False,False,True,False,False,False,True,False,9766.T,,21840.0,29.597107,5.244215,737.91,4164.589,2960553410560.0,1785393000.0,1785393000.0,1785393000.0,True,,,True,1785393000.0,2026-07-30,0.0
2,True,14.307535641547858,False,False,True,True,0.4366540471364314,6717.0,6717.0,8979718325.0,8979.718325,9315.0,0.7210950080515298,-0.3212413164910446,0.18571701540555052,332.9363930995648,4.956623389899729,-0.21767994409503844,-0.2789049919484702,24.764034615599567,14.740424712934121,37.500546838147336,earnings_blackout,3,macd_sell_like;trailing_stop;ext_dev200;di_bear;before_earnings,False,False,True,False,True,True,True,False,False,5332.T,,6717.0,27.665884,2.0907428,242.79,3212.734,1104627367936.0,1785479400.0,1785479400.0,1785479400.0,True,,,True,1785479400.0,2026-07-31,1.0
1,False,27.518216888126872,False,False,True,False,0.25578277342809513,4337.0,4337.0,6125581765.0,6125.581765,5820.0,0.7451890034364261,-0.2701030927835052,-0.013252386645442482,278.8155277760314,6.4287647631088625,-0.25481099656357387,-0.25481099656357387,18.206118669488006,18.279700841038522,42.275209129118124,earnings_blackout,3,trend_break;macd_sell_like;trailing_stop;before_earnings,True,False,True,False,True,False,False,False,False,6268.T,,4337.0,34.964527,1.8541224,124.04,2339.112,508229255168.0,1785479400.0,1785479400.0,1785479400.0,True,,,True,1785479400.0,2026-07-31,1.0
3,True,35.90146750524109,False,False,False,False,0.3736770256098514,3553.0,3553.0,5729782290.0,5729.78229,4776.0,0.74392797319933,-0.28015075376884424,0.17536061243559486,238.41480138729472,6.710239273495489,-0.21044444444444443,-0.25607202680067,20.96918553522967,16.700766201105736,36.94061735774483,earnings_blackout,3,macd_sell_like;trailing_stop;di_bear;before_earnings,False,False,True,False,True,False,True,False,False,6754.T,,3553.0,38.99682,3.426504,91.11,1036.917,454755221504.0,1785393000.0,1785393000.0,1785393000.0,True,,,True,1785393000.0,2026-07-30,0.0
0,False,27.022653721682858,False,False,True,True,0.439570670034305,1290.5,1290.5,4962998285.0,4962.998285,3184.0,0.40530778894472363,-0.6039572864321607,-0.34755351527346634,54.26756235387207,4.205157873217518,-0.1711624919717405,-0.25576701268742796,28.10063895174649,13.765367745290652,31.481099639229587,earnings_blackout,3,trend_break;trailing_stop;di_bear;before_earnings,True,False,False,False,True,False,True,False,False,4506.T,,1290.5,4.7968626,1.7530228,269.03,736.157,578909765632.0,1785479400.0,1785479400.0,1785479400.0,True,,,True,1785479400.0,2026-07-31,1.0
4,True,44.26559356136821,False,False,True,True,0.2252202018211127,2494.0,2494.0,3505205057.5,3505.2050575,2699.5,0.9238747916280793,-0.1513761373588195,0.2615925022054406,78.68656609289297,3.1550347270606647,-0.07612520837192072,-0.07612520837192072,24.011777799544397,21.451290964803537,29.942142796200137,earnings_blackout,3,cross_sma25_down;macd_sell_like;ext_dev200;di_bear;before_earnings,False,True,True,False,False,True,True,False,False,8359.T,,2494.0,17.684181,0.9839553,141.03,2534.668,1136179544064.0,1785479400.0,1785479400.0,1785479400.0,True,,,True,1785479400.0,2026-07-31,1.0
3,True,26.619627966645282,False,True,False,False,0.25995193410577405,2776.0,2776.0,2325808815.0,2325.808815,3855.0,0.7201037613488975,-0.27989623865110247,0.0677642656753148,206.96838937691476,7.4556336230877065,-0.23314917127071821,-0.27989623865110247,14.438059101388852,15.708210796090869,35.65588457203903,earnings_blackout,3,macd_sell_like;trailing_stop;vol_distribution;before_earnings,False,False,True,False,True,False,False,True,False,6703.T,,2776.0,11.198064,1.3353761,247.9,2078.815,240806379520.0,1785393000.0,1785393000.0,1785393000.0,True,,,True,1785393000.0,2026-07-30,0.0
4,True,59.25925925925926,False,True,False,False,0.48403617136236726,793.0,793.0,628027390.0,628.02739,815.0,0.9730061349693252,-0.1405848108601514,0.14438058678951982,18.309420029174134,2.3088802054444053,-0.026993865030674802,-0.026993865030674802,27.313952705123505,23.56219256204456,25.893030825900944,earnings_blackout,3,macd_sell_like;di_bear;vol_distribution;before_earnings,False,False,True,False,False,False,True,True,False,8616.T,,793.0,12.105021,1.027624,65.51,771.683,201180921856.0,1785479400.0,1785479400.0,1785479400.0,True,,,True,1785479400.0,2026-07-31,1.0
4,True,45.743473325766175,False,False,False,False,0.41233950244075607,6666.0,6666.0,88565728080.0,88565.72808,7214.0,0.9240365955087331,-0.19261767233312777,0.2317961690021646,192.20079571979022,2.8833002658234355,-0.07596340449126693,-0.07596340449126693,25.649785437348836,24.50270157352102,29.890713310627152,earnings_blackout,2,macd_sell_like;ext_dev200;di_bear;before_earnings,False,False,True,False,False,True,True,False,False,8316.T,,6666.0,16.18472,1.604553,411.87,4154.428,25410796519424.0,1785479400.0,1785479400.0,1785479400.0,True,,,True,1785479400.0,2026-07-31,1.0
2,True,22.34920634920634,False,False,False,True,0.2386090413757024,3584.0,3584.0,47906140355.0,47906.140355,4770.0,0.7513626834381552,-0.26477987421383653,0.30564705089744515,213.6706649243124,5.96179310614711,-0.21351766513056836,-0.24863731656184485,26.52921352341435,15.104999154476625,38.95910197894467,earnings_blackout,2,trailing_stop;ext_dev200;di_bear;before_earnings,False,False,False,False,True,True,True,False,False,6752.T,,3584.0,44.24145,1.6056685,81.01,2232.092,8368371531776.0,1785393000.0,1785393000.0,1785393000.0,True,,,True,1785393000.0,2026-07-30,0.0
3,True,24.009111617312072,False,False,False,True,0.5641935525249421,2811.5,2811.5,41219311442.5,41219.3114425,4111.0,0.6838968620773535,-0.33203600097299923,0.07113935428307339,179.42269950727174,6.381742824373885,-0.23992971073263047,-0.31610313792264655,31.258548409789917,12.48619900965852,36.574274493943335,earnings_blackout,2,trailing_stop;di_bear;before_earnings,False,False,False,False,True,False,True,False,False,6762.T,,2811.5,27.301416,2.4399133,102.98,1152.295,5336660443136.0,1785479400.0,1785479400.0,1785479400.0,True,,,True,1785479400.0,2026-07-31,1.0
5,True,40.20044543429844,False,False,False,True,0.4146402076659691,3550.0,3550.0,23188656005.0,23188.656005,3916.0,0.9065372829417774,-0.17553685635899963,0.3307681927116932,140.50329045672865,3.957839167795173,-0.09346271705822262,-0.09346271705822262,15.566351730375006,22.977575018241794,25.56616168378279,earnings_blackout,2,macd_sell_like;trailing_stop;ext_dev200;before_earnings,False,False,True,False,True,True,False,False,False,6971.T,,3550.0,34.59702,1.4004756,102.61,2534.853,4609076101120.0,1785393000.0,1785393000.0,1785393000.0,True,,,True,1785393000.0,2026-07-30,0.0
2,False,65.96173212487412,False,True,False,False,0.5528097612013472,2920.0,2920.0,18312034382.5,18312.0343825,3696.72509765625,0.789888326251606,-0.42503163101103136,0.0628365621084297,96.90893981007807,3.318799308564317,-0.0363036303630363,-0.0363036303630363,33.51965753649384,45.31773174804457,13.27919951392937,earnings_blackout,2,trend_break;vol_distribution;before_earnings,True,False,False,False,False,False,False,True,False,4661.T,,2920.0,39.331898,4.352622,74.24,670.86,4787972603904.0,1785393000.0,1785393000.0,1785393000.0,True,,,True,1785393000.0,2026-07-30,0.0
4,False,86.66666666666667,True,False,False,False,0.3513044914315239,2197.5,2197.5,14731831950.0,14731.83195,2273.523193359375,0.9665615052525404,-0.22855501570461778,0.08786464404283079,46.7280566793409,2.1264189615172198,-0.004755434782608647,-0.004755434782608647,28.138369790821052,47.698917122307144,9.846405508671898,earnings_blackout,2,trend_break;rsi_reversal;before_earnings,True,False,False,True,False,False,False,False,False,6902.T,,2197.5,8.521074,1.0769842,257.89,2040.42,5509215158272.0,1785479400.0,1785479400.0,1785479400.0,True,,,True,1785479400.0,2026-07-31,1.0
4,False,69.44801026957639,False,False,True,True,0.41550963970703364,3820.0,3820.0,11028336245.0,11028.336245,4155.3798828125,0.9192901991464848,-0.2106618185339083,0.03366702892553719,97.12810853126959,2.5426206421798323,-0.029224904701397714,-0.029224904701397714,24.902231135929302,38.29531620574101,13.205009772249229,earnings_blackout,2,trend_break;rsi_reversal;before_earnings,True,False,False,True,False,False,False,False,False,9020.T,,3820.0,17.39764,1.4154539,219.57,2698.781,4313041862656.0,1785479400.0,1785479400.0,1785479400.0,True,,,True,1785479400.0,2026-07-31,1.0
4,True,26.597633136094657,False,False,True,False,0.3150059841232464,8903.0,8903.0,10545727890.0,10545.72789,10990.0,0.8101000909918107,-0.18989990900818932,0.1283954701769079,384.79042041015964,4.322031005393234,-0.18989990900818932,-0.18989990900818932,29.169467048730525,13.006659165501123,37.456564871944,earnings_blackout,2,trailing_stop;di_bear;before_earnings,False,False,False,False,True,False,True,False,False,5334.T,,8903.0,19.080175,2.276867,466.61,3910.198,1736032256000.0,1785479400.0,1785479400.0,1785479400.0,True,,,True,1785479400.0,2026-07-31,1.0
5,True,45.29780564263323,False,False,True,True,0.41426169995566536,1137.5,1137.5,7033552177.5,7033.5521775,1225.0,0.9285714285714286,-0.25368380041637706,0.16281339907930592,38.54059758793494,3.38818440333494,-0.0714285714285714,-0.0714285714285714,19.22796053514817,23.38109709776799,26.551296334978367,"fund_neg_eps,earnings_blackout",2,cross_sma25_down;macd_sell_like;before_earnings,False,True,True,False,False,False,False,False,False,4188.T,,1137.5,-18.823432070163825,0.8772038,-60.43,1296.734,1545347792896.0,1785479400.0,1785479400.0,1785479400.0,True,,,False,1785479400.0,2026-07-31,1.0
4,False,62.719298245614034,False,True,False,True,0.5737990568189046,6263.0,6263.0,6347056360.0,6347.05636,7800.1953125,0.8029286125647895,-0.2429676740866865,-0.030480767535706388,129.29984403691066,2.064503337648262,-0.004292527821939562,-0.08059307105108637,22.97359272705925,22.53055280284201,12.797883790573023,earnings_blackout,2,trend_break;vol_distribution;before_earnings,True,False,False,False,False,False,False,True,False,9531.T,,6263.0,9.564899,1.2158619,654.79,5151.078,2069798191104.0,1785393000.0,1785393000.0,1785393000.0,True,,,True,1785393000.0,2026-07-30,0.0
5,False,74.35530085959886,True,False,True,False,0.5777907964671161,3505.0,3505.0,5413791415.0,5413.791415,3798.0,0.9228541337546077,-0.23091100579252233,0.09840313525769329,80.84866899718092,2.306666733157801,-0.02665926131630103,-0.02665926131630103,26.824167673484926,43.38087287431312,10.672324096859903,earnings_blackout,2,trend_break;rsi_reversal;before_earnings,True,False,False,True,False,False,False,False,False,1878.T,,3505.0,11.727115,2.2993526,298.88,1524.342,1140599816192.0,1785479400.0,1785479400.0,1785479400.0,True,,,True,1785479400.0,2026-07-31,1.0
3,False,57.28571428571429,False,True,False,True,0.5981408172405507,5519.0,5519.0,4836411520.0,4836.41152,6674.45654296875,0.8268838016203771,-0.20622750842820115,-0.007049137622467727,122.44557165886734,2.2186188015739687,-0.017272079772079785,-0.04943162245952459,12.896326880630273,21.99223464175357,23.35090539910491,earnings_blackout,2,trend_break;vol_distribution;before_earnings,True,False,False,False,False,False,False,True,False,9532.T,,5519.0,14.119784,1.1730084,390.87,4704.996,2098817269760.0,1785393000.0,1785393000.0,1785393000.0,True,,,True,1785393000.0,2026-07-30,0.0
4,True,31.028938906752416,False,False,False,True,0.31588539686726286,3479.0,3479.0,4648397215.0,4648.397215,4187.0,0.8309051827083831,-0.30188842110754355,0.18294519368543827,150.43334739701916,4.324039879189973,-0.1690948172916169,-0.1690948172916169,25.699426234028547,13.38752421635809,33.53826498682362,earnings_blackout,2,trailing_stop;ext_dev200;di_bear;before_earnings,False,False,False,False,True,True,True,False,False,9962.T,,3479.0,23.323946,2.4183722,149.16,1438.571,917790064640.0,1785479400.0,1785479400.0,1785479400.0,True,,,True,1785479400.0,2026-07-31,1.0
5,False,65.97938144329896,True,True,False,False,0.31205263278038436,11355.0,11355.0,4118378275.0,4118.378275,12198.111328125,0.9308818139590962,-0.19995811339261826,0.05479309884774697,258.73196479192177,2.2785730056532083,-0.009162303664921434,-0.009162303664921434,24.645976843565887,39.39409275852703,13.966567139713545,earnings_blackout,2,trend_break;vol_distribution;before_earnings,True,False,False,False,False,False,False,True,False,2875.T,,11355.0,15.929912,2.0819712,712.81,5453.966,1100889194496.0,1785479400.0,1785479400.0,1785479400.0,True,,,True,1785479400.0,2026-07-31,1.0
2,False,76.25979843225085,True,True,False,True,0.5853608209854185,3937.0,3937.0,3645989045.0,3645.989045,5272.77490234375,0.7466656690104488,-0.4523318809594872,-0.020875636263215647,117.01980993884312,2.9723091170648495,-0.0005077430820005224,-0.0005077430820005224,31.609678326316683,49.45437455720264,12.979315672614735,earnings_blackout,2,trend_break;vol_distribution;before_earnings,True,False,False,False,False,False,False,True,False,3626.T,,3937.0,19.220818,2.668163,204.83,1475.547,826094256128.0,1785393000.0,1785393000.0,1785393000.0,True,,,True,1785393000.0,2026-07-30,0.0
3,False,66.35859519408503,False,True,False,True,0.349571055045179,1814.5,1814.5,3204114030.0,3204.11403,1986.6951904296875,0.913325813008867,-0.2583142913717543,0.072040307403064,43.40351642418006,2.392037278819513,-0.015196743554952485,-0.015196743554952485,15.334358518178348,26.14096601898967,17.77587973213804,earnings_blackout,2,trend_break;vol_distribution;before_earnings,True,False,False,False,False,False,False,True,False,9508.T,,1814.5,5.7681913,0.7191986,314.57,2522.947,857855950848.0,1785479400.0,1785479400.0,1785479400.0,True,,,True,1785479400.0,2026-07-31,1.0
6,True,41.27358490566038,False,False,False,True,0.35313337569643344,2554.0,2554.0,2157975005.0,2157.975005,2860.0,0.893006993006993,-0.2633737960751438,0.11231843723192858,82.46186298558342,3.2287338678771897,-0.08030248469571477,-0.10699300699300696,19.27431298097399,22.610262137033686,18.790194282617197,earnings_blackout,2,macd_sell_like;trailing_stop;before_earnings,False,False,True,False,True,False,False,False,False,4088.T,,2554.0,54.36356,1.3162934,46.98,1940.297,585420242944.0,1785479400.0,1785479400.0,1785479400.0,True,,,True,1785479400.0,2026-07-31,1.0
5,False,68.65671641791045,True,True,False,False,0.32989760970389953,3598.0,3598.0,1907461420.0,1907.46142,3676.0,0.9787812840043526,-0.17057040507026733,0.10485008536338714,95.59431888104872,2.6568737876889585,-0.021218715995647397,-0.021218715995647397,26.384310254005456,43.55272622165113,12.164883255471784,earnings_blackout,2,trend_break;vol_distribution;before_earnings,True,False,False,False,False,False,False,True,False,2212.T,,3598.0,17.385002,1.5329007,206.96,2347.184,708463820800.0,1785479400.0,1785479400.0,1785479400.0,True,,,True,1785479400.0,2026-07-31,1.0
5,True,44.11463664278403,False,False,True,False,0.33126619544373254,3409.0,3409.0,1869443835.0,1869.443835,3677.0,0.9271144955126461,-0.14239482200647247,0.1877703698191291,114.62289569832711,3.362361270118132,-0.07288550448735387,-0.07288550448735387,20.274816038873226,19.962860678403484,27.053904971397802,earnings_blackout,2,macd_sell_like;ext_dev200;di_bear;before_earnings,False,False,True,False,False,True,True,False,False,8341.T,,3409.0,14.078632,1.0992033,242.14,3101.337,760542003200.0,1785479400.0,1785479400.0,1785479400.0,True,,,True,1785479400.0,2026-07-31,1.0
4,True,49.528301886792455,False,False,True,False,0.25826123015262425,2249.0,2249.0,1836394830.0,1836.39483,2402.0,0.9363030807660283,-0.10804715985498248,0.21314247709742706,66.90374495234924,2.9748219187349596,-0.0636969192339717,-0.0636969192339717,22.44104321969671,21.59780648704951,28.242697043093095,earnings_blackout,2,macd_sell_like;ext_dev200;di_bear;before_earnings,False,False,True,False,False,True,True,False,False,7327.T,,2249.0,14.006351,1.0365283,160.57,2169.743,590240612352.0,1785479400.0,1785479400.0,1785479400.0,True,,,True,1785479400.0,2026-07-31,1.0
1,False,30.496453900709213,False,False,False,True,0.4705137886714685,4700.0,4700.0,1828301985.0,1828.301985,6096.0,0.770997375328084,-0.2326115485564304,-0.026654648267678382,70.13619381929892,1.492259442963807,-0.05943566139683809,-0.12882298424467098,25.65778192205498,13.357991642668765,31.98571865215598,earnings_blackout,2,trend_break;di_bear;before_earnings,True,False,False,False,False,False,True,False,False,4626.T,,4700.0,28.581854,4.5185966,164.44,1040.146,523000381440.0,1785479400.0,1785479400.0,1785479400.0,True,,,True,1785479400.0,2026-07-31,1.0
4,True,39.701492537313435,False,True,False,True,0.4086082901070765,8360.0,8360.0,1694044900.0,1694.0449,11100.0,0.7531531531531531,-0.2801801801801802,0.10982634259939017,445.04415595179535,5.323494688418605,-0.14519427402862983,-0.24684684684684688,23.778438538152617,15.9867554322625,37.0902915986849,earnings_blackout,2,trailing_stop;di_bear;before_earnings,False,False,False,False,True,False,True,False,False,6508.T,,8360.0,16.047606,2.168489,520.95,3855.219,379242643456.0,1785479400.0,1785479400.0,1785479400.0,True,,,True,1785479400.0,2026-07-31,1.0
4,False,63.53436185133239,False,True,False,True,0.47641098924806974,3931.0,3931.0,1051669425.0,1051.669425,4596.287109375,0.8552555370142085,-0.3211912298437215,0.037897893725368004,108.28127862472218,2.7545479171895746,-0.01355081555834381,-0.01355081555834381,24.278400661962063,35.174296251017275,20.315285434921474,earnings_blackout,2,trend_break;vol_distribution;before_earnings,True,False,False,False,False,False,False,True,False,2327.T,,3931.0,23.319689,2.5762622,168.57,1525.854,719299936256.0,1785393000.0,1785393000.0,1785393000.0,True,,,True,1785393000.0,2026-07-30,0.0
4,True,42.964071856287426,False,False,False,False,0.2756787262415869,2355.0,2355.0,1021398495.0,1021.398495,2547.0,0.9246171967020024,-0.16381685673437174,0.34030358876433264,74.95573808888439,3.1828338891246024,-0.07538280329799762,-0.07538280329799762,27.235712478483677,21.71386913441797,26.79531437598438,earnings_blackout,2,macd_sell_like;ext_dev200;di_bear;before_earnings,False,False,True,False,False,True,True,False,False,8381.T,,2355.0,15.694768,1.1022396,150.05,2136.559,352497991680.0,1785479400.0,1785479400.0,1785479400.0,True,,,True,1785479400.0,2026-07-31,1.0
5,False,58.222591362126245,True,True,False,False,0.27725118987212355,3119.0,3119.0,964705072.5,964.7050725,3195.0,0.9762128325508607,-0.23477191373519912,0.060556780156129086,70.63528148650703,2.264677187768741,-0.023787167449139335,-0.023787167449139335,20.14538485864512,35.73227381850908,18.72469952482929,earnings_blackout,2,trend_break;vol_distribution;before_earnings,True,False,False,False,False,False,False,True,False,2229.T,,3119.0,22.288122,1.8007075,139.94,1732.097,379232518144.0,1785393000.0,1785393000.0,1785393000.0,True,,,True,1785393000.0,2026-07-30,0.0
4,False,77.05816024971476,True,True,False,True,0.352799027459145,899.2000122070312,899.2000122070312,917588760.7568359,917.5887607568359,948.6768188476562,0.9478465103630088,-0.18664314586497788,0.05306331413787713,16.04470214117207,1.7843307299108386,-0.00530972100992122,-0.00530972100992122,27.28001992721123,34.4414327362571,12.621271546437532,earnings_blackout,2,trend_break;vol_distribution;before_earnings,True,False,False,False,False,False,False,True,False,7984.T,,899.2,18.628548,1.503239,48.27,598.175,378612252672.0,1785479400.0,1785479400.0,1785479400.0,True,,,True,1785479400.0,2026-07-31,1.0
4,False,69.52789699570815,False,True,False,True,0.5074624387673423,1589.0,1589.0,862754925.0,862.754925,1841.0,0.8631178707224335,-0.23818576860401952,0.030535542591741294,31.737457563355186,1.99732269121178,-0.014879107253564783,-0.014879107253564783,21.606416363239653,28.299575089352224,13.565263842974906,earnings_blackout,2,trend_break;vol_distribution;before_earnings,True,False,False,False,False,False,False,True,False,9507.T,,1589.0,6.4266934,0.6843327,247.25,2321.97,324749459456.0,1785479400.0,1785479400.0,1785479400.0,True,,,True,1785479400.0,2026-07-31,1.0
5,True,73.06967984934087,False,True,False,True,0.4095673048019366,4517.0,4517.0,752993370.0,752.99337,4591.0,0.9838815072968852,-0.10797260400927322,0.060932435020422115,75.26691739728547,1.6663032410291225,-0.01611849270311483,-0.01611849270311483,22.919141446043735,29.055563082186747,12.921711814286072,earnings_blackout,2,rsi_reversal;vol_distribution;before_earnings,False,False,False,True,False,False,False,True,False,8424.T,,4517.0,18.920958,0.80999917,238.73,5576.549,407440097280.0,1785393000.0,1785393000.0,1785393000.0,True,,,True,1785393000.0,2026-07-30,0.0
2,False,73.16017316017316,True,True,False,True,0.36965760864176356,1659.0,1659.0,717464735.0,717.464735,2363.96337890625,0.7017875212464502,-0.3811804419336672,-0.10481321917557107,31.67698209776442,1.9094021758748896,-0.008368200836820106,-0.008368200836820106,27.583926860039327,32.29716949362567,9.198962755234389,earnings_blackout,2,trend_break;vol_distribution;before_earnings,True,False,False,False,False,False,False,True,False,7148.T,,1659.0,9.006515,2.3236532,184.2,713.962,138919624704.0,1785393000.0,1785393000.0,1785393000.0,True,,,True,1785393000.0,2026-07-30,0.0
5,True,66.66666666666666,False,True,False,False,0.4387537163097463,3215.0,3215.0,466643100.0,466.6431,3345.0,0.9611360239162929,-0.1732309062750349,0.08213058675510809,83.493773873704,2.5970069634122552,-0.038863976083707064,-0.038863976083707064,23.983294320056306,27.677491995574925,24.21310281762169,earnings_blackout,2,rsi_reversal;vol_distribution;before_earnings,False,False,False,True,False,False,False,True,False,6995.T,,3215.0,9.286271,0.7867811,346.21,4086.27,273750130688.0,1785393000.0,1785393000.0,1785393000.0,True,,,True,1785393000.0,2026-07-30,0.0
4,False,82.3529411764706,True,True,False,False,0.40338242671133856,468.0,468.0,451844320.0,451.84432,527.7279052734375,0.8868206424625394,-0.2685624615586747,0.033325675558487644,9.371849940020985,2.0025320384660223,0.0,0.0,28.31888650675139,44.887834843887006,10.549330898646977,earnings_blackout,2,trend_break;rsi_reversal;before_earnings,True,False,False,True,False,False,False,False,False,2317.T,,468.0,14.777391,4.223293,31.67,110.814,167289339904.0,1785393000.0,1785393000.0,1785393000.0,True,,,True,1785393000.0,2026-07-30,0.0
6,True,42.857142857142854,False,True,False,True,0.34293674029170135,1709.0,1709.0,402528440.0,402.52844,1805.0,0.9468144044321329,-0.12125532369618186,0.04914600739804609,36.30288309837843,2.1242178524504642,-0.03227633069082669,-0.05318559556786706,12.860040980585637,22.222841103557435,22.87269294710567,earnings_blackout,2,macd_sell_like;vol_distribution;before_earnings,False,False,True,False,False,False,False,True,False,6454.T,,1709.0,22.348633,2.6650033,76.47,641.275,307260817408.0,1785393000.0,1785393000.0,1785393000.0,True,,,True,1785393000.0,2026-07-30,0.0
6,True,48.46153846153846,False,True,False,False,0.3977183442755807,3035.0,3035.0,373100325.0,373.100325,3280.0,0.9253048780487805,-0.12276266712563166,0.07122070259438029,82.83208285218035,2.729228430055366,-0.07469512195121952,-0.07469512195121952,20.536824332329186,23.955281025472292,28.323498690588018,earnings_blackout,2,di_bear;vol_distribution;before_earnings,False,False,False,False,False,False,True,True,False,7981.T,,3035.0,13.087538,0.9774938,231.9,3104.879,191906480128.0,1785393000.0,1785393000.0,1785393000.0,True,,,True,1785393000.0,2026-07-30,0.0
4,False,83.13253012048193,True,False,True,True,0.3486082173096587,3935.0,3935.0,366662700.0,366.6627,4030.0,0.9764267990074442,-0.11910669975186106,0.05725400952015014,76.75238748379168,1.950505399842228,0.0,0.0,19.352312703616402,31.08975294562869,11.935510797318452,earnings_blackout,2,trend_break;rsi_reversal;before_earnings,True,False,False,True,False,False,False,False,False,9715.T,,3935.0,12.020773,1.1494964,327.35,3423.238,147455098880.0,1785479400.0,1785479400.0,1785479400.0,True,,,True,1785479400.0,2026-07-31,1.0
4,False,44.41747572815534,False,False,True,True,0.37334982868344746,2058.0,2058.0,366055860.0,366.05586,2477.197265625,0.8307776003784519,-0.24228884552460928,-0.04360209916339719,59.135836563062995,2.8734614462129735,-0.05204974666052509,-0.09419014084507038,10.364256588595923,20.636806292109554,26.314176729184258,earnings_blackout,2,trend_break;macd_sell_like;before_earnings,True,False,True,False,False,False,False,False,False,6810.T,,2058.0,10.182574,0.8713678,202.11,2361.804,75860418560.0,1785479400.0,1785479400.0,1785479400.0,True,,,True,1785479400.0,2026-07-31,1.0
4,False,84.55284552845528,True,False,False,True,0.43353136693284194,1583.0,1583.0,286539095.0,286.539095,1743.90869140625,0.907731011262696,-0.17312184571016587,0.015397229383139921,20.83684057890895,1.3162880972147157,0.0,0.0,28.794249076778158,39.75427048505033,10.081132746537023,earnings_blackout,2,trend_break;rsi_reversal;before_earnings,True,False,False,True,False,False,False,False,False,9832.T,,1583.0,14.890415,0.91238767,106.31,1735.008,124310061056.0,1785479400.0,1785479400.0,1785479400.0,True,,,True,1785479400.0,2026-07-31,1.0
3,False,80.3030303030303,True,False,False,True,0.41451519005071225,3809.0,3809.0,60788983260.0,60788.98326,4681.6923828125,0.8135946765711601,-0.335069512164342,0.029622802494422285,101.40167394141186,2.662159987960406,0.0,0.0,17.924866297005604,43.26432541586759,16.411826787833622,earnings_blackout,1,trend_break;before_earnings,True,False,False,False,False,False,False,False,False,6758.T,,3809.0,22.221573,2.7715566,171.41,1374.318,22368206454784.0,1785479400.0,1785479400.0,1785479400.0,True,,,True,1785479400.0,2026-07-31,1.0
4,True,45.67619047619047,False,False,False,True,0.42281123023262573,6624.0,6624.0,39881853340.0,39881.85334,8428.0,0.7859515899383009,-0.24727678873470638,0.05667418474263353,340.8492917634847,5.14567167517338,-0.11408318844456333,-0.21404841006169906,17.537232304989338,20.012438656739278,33.6705569082275,earnings_blackout,1,trailing_stop;before_earnings,False,False,False,False,True,False,False,False,False,6954.T,,6624.0,37.13421,3.3145688,178.38,1998.45,6181238079488.0,1785479400.0,1785479400.0,1785479400.0,True,,,True,1785479400.0,2026-07-31,1.0
4,True,72.36227824463118,False,False,False,True,0.3420067830485245,6665.0,6665.0,29986561590.0,29986.56159,6781.0,0.9828933785577348,-0.08197732834707061,0.16993442802653735,131.06480805377893,1.9664637367408693,-0.017106621442265157,-0.017106621442265157,35.27730170608594,37.7658750778437,7.704487813306993,earnings_blackout,1,rsi_reversal;before_earnings,False,False,False,True,False,False,False,False,False,2914.T,,6665.0,23.684303,2.8961613,281.41,2301.322,11832758632448.0,1785393000.0,1785393000.0,1785393000.0,True,,,True,1785393000.0,2026-07-30,0.0
5,True,38.251642243557356,False,True,False,False,0.30317009493557234,5318.0,5318.0,29872869410.0,29872.86941,6560.0,0.8106707317073171,-0.2115853658536585,0.01610314153728698,230.0092102623309,4.325107376125064,-0.11997352308456066,-0.18932926829268293,18.646647496205542,16.689065667261513,36.981640079765334,earnings_blackout,1,trailing_stop;before_earnings,False,False,False,False,True,False,False,False,False,6503.T,,5318.0,26.846384,2.4269173,198.09,2191.257,10882945908736.0,1785479400.0,1785479400.0,1785479400.0,True,,,True,1785479400.0,2026-07-31,1.0
3,False,72.52650176678445,True,True,False,True,0.38588395754553917,3902.0,3902.0,28770078570.0,28770.07857,4586.318359375,0.8507913525069255,-0.32952757330630544,0.054417677749181825,129.338655292712,3.3146759429193233,0.0,0.0,16.976053702936674,45.087942432532024,15.76822668554216,earnings_blackout,1,trend_break;before_earnings,True,False,False,False,False,False,False,False,False,6702.T,,3902.0,22.358469,3.3429086,174.52,1167.247,6769101242368.0,1785393000.0,1785393000.0,1785393000.0,True,,,True,1785393000.0,2026-07-30,0.0
1,False,69.79695431472081,False,False,False,True,0.2780020616993188,2889.0,2889.0,17866304462.5,17866.3044625,4118.44189453125,0.7014788781738581,-0.4235507453194136,-0.05239469833297439,74.34517175511581,2.5733877381486954,-0.00017304031839415757,-0.00017304031839415757,25.10260760546888,32.208794738835664,14.657423941623449,earnings_blackout,1,trend_break;before_earnings,True,False,False,False,False,False,False,False,False,4568.T,,2889.0,20.594526,3.1589031,140.28,914.558,5256978104320.0,1785479400.0,1785479400.0,1785479400.0,True,,,True,1785479400.0,2026-07-31,1.0
5,True,54.07788390889052,False,False,True,True,0.37701211918519695,1672.0,1672.0,17302524715.0,17302.524715,1720.25,0.9719517511989536,-0.16083183691299197,0.2956406558506184,41.70320458765999,2.494210800697368,-0.028048248801046394,-0.028048248801046394,32.63711945792147,24.23874488149047,16.67104641693654,earnings_blackout,1,macd_sell_like;ext_dev200;before_earnings,False,False,True,False,False,True,False,False,False,8309.T,,1672.0,14.810878,0.32751352,112.89,5105.133,4603607252992.0,1785479400.0,1785479400.0,1785479400.0,True,,,True,1785479400.0,2026-07-31,1.0
5,True,57.60517799352751,False,True,False,False,0.2693491025379455,11305.0,11305.0,16049683250.0,16049.68325,11680.0,0.9678938356164384,-0.30889734101717525,0.139557370017094,334.781509208139,2.9613578877323223,-0.03210616438356162,-0.03210616438356162,22.475793623016994,26.788394873221904,17.601257649285277,earnings_blackout,1,vol_distribution;before_earnings,False,False,False,False,False,False,False,True,False,4578.T,,11305.0,16.5145,1.9179713,684.55,5894.249,5939572244480.0,1785479400.0,1785479400.0,1785479400.0,True,,,True,1785479400.0,2026-07-31,1.0
3,False,70.78986587183309,True,True,False,True,0.4645852896359594,5576.0,5576.0,13971765760.0,13971.76576,6335.86669921875,0.8800690204999979,-0.44350680552456856,0.0971774247707542,190.5418704022536,3.4171784505425684,0.0,0.0,19.67044567312353,39.727623605227095,17.4408537235132,earnings_blackout,1,trend_break;before_earnings,True,False,False,False,False,False,False,False,False,4307.T,,5576.0,211.45241,7.3815193,26.37,755.4,3120872816640.0,1785393000.0,1785393000.0,1785393000.0,True,,,True,1785393000.0,2026-07-30,0.0
4,False,69.66292134831461,True,False,False,False,0.3099104345258237,1749.0,1749.0,12955644070.0,12955.64407,1916.2203369140625,0.9127342854614731,-0.24382977175540055,0.08691863587801629,43.18384580255332,2.469059222558795,-0.015479876160990669,-0.015479876160990669,31.512761169995116,44.84560386430627,11.42587632400306,earnings_blackout,1,trend_break;before_earnings,True,False,False,False,False,False,False,False,False,2502.T,,1749.0,21.49705,0.8518626,81.36,2053.148,2558554275840.0,1783492200.0,1785479400.0,1785479400.0,True,,,True,1785479400.0,2026-07-31,1.0
0,False,58.84450784593438,False,False,True,False,0.29934042568630137,2826.0,2826.0,12609945575.0,12609.945575,3755.638671875,0.7524685537943727,-0.29732324364354223,-0.09395421601751797,80.83423272230766,2.8603762463661595,-0.023834196891191706,-0.09073359073359077,11.12281315905326,20.025606372148673,19.91018022029245,earnings_blackout,1,trend_break;before_earnings,True,False,False,False,False,False,False,False,False,8473.T,,2826.0,4.524568,1.0176486,624.59,2776.99,1826702884864.0,1785479400.0,1785479400.0,1785479400.0,True,,,True,1785479400.0,2026-07-31,1.0
3,False,80.54567022538552,False,False,True,True,0.5092718461051833,4174.0,4174.0,11682925850.0,11682.92585,4786.7861328125,0.8719838079641853,-0.3197941354261171,0.028017315076900084,104.92381993276888,2.513747482816696,-0.016262078717888317,-0.016262078717888317,40.59871183725535,45.562277070999954,8.573877331741896,earnings_blackout,1,trend_break;before_earnings,True,False,False,False,False,False,False,False,False,9022.T,,4174.0,7.3140817,0.78665406,570.68,5306.017,3969759051776.0,1785479400.0,1785479400.0,1785479400.0,True,,,True,1785479400.0,2026-07-31,1.0
5,True,44.142857142857146,False,False,False,True,0.389393746995239,1810.0,1810.0,8350307207.5,8350.3072075,1901.0,0.9521304576538664,-0.21756439556364915,0.17159013472341922,45.445539004770126,2.510803259932051,-0.04786954234613361,-0.04786954234613361,11.571647617157874,16.052966980502664,22.98817727798709,earnings_blackout,1,macd_sell_like;before_earnings,False,False,True,False,False,False,False,False,False,3407.T,,1810.0,15.474053,1.1755842,116.97,1539.66,2436689821696.0,1785479400.0,1785479400.0,1785479400.0,True,,,True,1785479400.0,2026-07-31,1.0
4,False,72.01646090534979,False,False,True,True,0.450452567414119,2450.5,2450.5,7992616700.0,7992.6167,2775.51025390625,0.8829007194447108,-0.37621123548233526,0.010618623774026004,51.023555368957396,2.082169164209647,-0.00588235294117645,-0.00588235294117645,22.255589330912613,24.429178525563152,15.90068557612024,earnings_blackout,1,trend_break;before_earnings,True,False,False,False,False,False,False,False,False,9503.T,,2450.5,7.1828465,0.7901181,341.16,3101.435,2729995927552.0,1785479400.0,1785479400.0,1785479400.0,True,,,True,1785479400.0,2026-07-31,1.0
3,False,59.375,False,False,True,True,0.5870735032511766,5345.0,5345.0,6201755575.0,6201.755575,6989.4697265625,0.7647218185504226,-0.28063212279297944,0.0005283167748864059,131.93798181370926,2.4684374520806225,-0.022851919561243106,-0.09804252446844419,10.031019641291529,24.00766376684527,23.220448441520308,earnings_blackout,1,trend_break;before_earnings,True,False,False,False,False,False,False,False,False,2768.T,,5345.0,10.80169,1.0199134,494.83,5240.641,1112081956864.0,1785479400.0,1785479400.0,1785479400.0,True,,,True,1785479400.0,2026-07-31,1.0
1,False,60.11080332409973,False,False,True,True,0.5147420883618535,3619.0,3619.0,6199713075.0,6199.713075,5742.01318359375,0.630266752145452,-0.5384893912170633,-0.1342155398545144,130.1648257549956,3.596706984111511,-0.037755915979792554,-0.13730631704410012,30.656408078408514,26.992349264741165,11.361144744824,earnings_blackout,1,trend_break;before_earnings,True,False,False,False,False,False,False,False,False,9024.T,,3619.0,23.995491,1.6168355,150.82,2238.323,919869456384.0,1785479400.0,1785479400.0,1785479400.0,True,,,True,1785479400.0,2026-07-31,1.0
5,True,62.432795698924735,True,True,False,False,0.43287124451308806,5598.0,5598.0,5095172415.0,5095.172415,6900.181640625,0.8112829910218057,-0.2881346816900483,0.07400078524177878,185.0652430892483,3.3059171684395907,-0.014436619718309895,-0.014436619718309895,14.369811375742204,25.878317417831987,13.053962842795977,earnings_blackout,1,vol_distribution;before_earnings,False,False,False,False,False,False,False,True,False,6305.T,,5598.0,16.269472,1.3229746,344.08,4231.374,1190896599040.0,1785393000.0,1785393000.0,1785393000.0,True,,,True,1785393000.0,2026-07-30,0.0
3,False,68.02507836990596,False,False,True,True,0.5204694121827295,2734.0,2734.0,4741020015.0,4741.020015,3007.081787109375,0.9091871101477819,-0.24827451993816352,0.044091983998604034,45.46594035751703,1.6629824563832125,-0.009061254077564307,-0.009061254077564307,33.978049797309055,30.4200039534209,15.29682593412645,earnings_blackout,1,trend_break;before_earnings,True,False,False,False,False,False,False,False,False,4204.T,,2734.0,14.968519,1.2966945,182.65,2108.438,1107522617344.0,1785479400.0,1785479400.0,1785479400.0,True,,,True,1785479400.0,2026-07-31,1.0
4,False,53.71024734982333,True,False,False,False,0.4040639956770476,1195.5,1195.5,4708959345.0,4708.959345,1526.2664794921875,0.7832839258828258,-0.37408047404083233,0.019823440470850162,34.70703038863684,2.9031393047793252,-0.023683135973866842,-0.023683135973866842,22.792853284891528,36.05956341692145,19.32825621315501,earnings_blackout,1,trend_break;before_earnings,True,False,False,False,False,False,False,False,False,3092.T,,1195.5,22.089802,9.899965,54.12,120.758,1054187978752.0,1785479400.0,1785479400.0,1785479400.0,True,,,True,1785479400.0,2026-07-31,1.0
2,False,78.2716049382716,True,True,False,True,0.5155224439376028,2518.5,2518.5,4543641817.5,4543.6418175,3041.7080078125,0.8279887463002161,-0.2927971762370096,-0.004135801549075224,62.99661145568997,2.5013544354055974,0.0,0.0,13.618258094901275,38.05981857255941,15.709040576877506,earnings_blackout,1,trend_break;before_earnings,True,False,False,False,False,False,False,False,False,7259.T,,2518.5,8.162637,0.8292554,308.54,3037.062,1766769295360.0,1785479400.0,1785479400.0,1785479400.0,True,,,True,1785479400.0,2026-07-31,1.0
5,True,37.22084367245658,False,False,True,False,0.2030675813526079,4473.0,4473.0,4274100585.0,4274.100585,4821.0,0.9278158058494088,-0.12854631138311756,0.1521681688112717,133.7886534252709,2.9910273513362595,-0.06909469302809579,-0.07218419415059119,13.116690407957094,17.89681608079103,28.059608914368717,earnings_blackout,1,macd_sell_like;before_earnings,False,False,True,False,False,False,False,False,False,5844.T,,4473.0,13.209497,1.1184335,338.62,3999.344,1263635791872.0,1785479400.0,1785479400.0,1785479400.0,True,,,True,1785479400.0,2026-07-31,1.0
4,True,67.73428232502965,True,True,False,False,0.5421201364980655,4491.0,4491.0,3811673435.0,3811.673435,4591.0,0.978218253103899,-0.21947149665276522,0.31391916865963854,139.96630000487085,3.1165954131567766,-0.021781746896101017,-0.021781746896101017,19.165076387784847,33.14914799374945,16.218260233976096,"fund_neg_eps,earnings_blackout",1,ext_dev200;vol_distribution;before_earnings,False,False,False,False,False,True,False,True,False,2579.T,,4491.0,-15.1426259356666,1.9995246,-296.58,2246.034,726996877312.0,1785393000.0,1785393000.0,1785393000.0,True,,,False,1785393000.0,2026-07-30,0.0
6,True,52.66106442577031,False,False,True,False,0.47226040371123973,1886.0,1886.0,3777869522.5,3777.8695225,1931.0,0.9766960124287933,-0.16071595538636207,0.08081520719421675,37.554099994704316,1.991203605233527,-0.023303987571206664,-0.023303987571206664,27.328790853381978,32.129430030914676,23.163841003585095,earnings_blackout,1,macd_sell_like;before_earnings,False,False,True,False,False,False,False,False,False,5938.T,,1886.0,66.43185,0.8154142,28.39,2312.935,542400512000.0,1785479400.0,1785479400.0,1785479400.0,True,,,True,1785479400.0,2026-07-31,1.0
3,False,61.666666666666664,True,False,False,False,0.4649416497204401,1500.0,1500.0,3317934172.5,3317.9341725,1717.142333984375,0.8735443593190506,,-0.03703037961441458,31.42020115366236,2.0946800769108243,-0.011857707509881465,-0.027867790019442618,24.807051166063143,33.9523316957129,17.249842131700024,earnings_blackout,1,trend_break;before_earnings,True,False,False,False,False,False,False,False,False,9023.T,,1500.0,14.771049,1.1852928,101.55,1265.51,870895321088.0,1785479400.0,1785479400.0,1785479400.0,True,,,True,1785479400.0,2026-07-31,1.0
5,True,58.55855855855856,True,True,False,True,0.1403822074289499,2903.0,2903.0,3172868770.0,3172.86877,3087.0,0.9403952057013282,-0.3088608494516356,0.1236108488493588,68.2778557364923,2.3519757401478576,-0.005821917808219168,-0.019753503292250563,15.676282415213947,30.900149682000748,17.630266646421667,earnings_blackout,1,vol_distribution;before_earnings,False,False,False,False,False,False,False,True,False,2267.T,,2903.0,19.24811,1.3988407,150.82,2075.29,835242491904.0,1785479400.0,1785479400.0,1785479400.0,True,,,True,1785479400.0,2026-07-31,1.0
3,False,62.61357728074781,False,False,False,True,0.5082296159570334,972.7000122070312,972.7000122070312,2842274569.527893,2842.274569527893,1137.849365234375,0.8548583335604127,-0.22116227394960042,0.0029042279930151516,17.925897116513152,1.8429008832681881,-0.02004832144707558,-0.043089018979801996,17.742088644651155,31.299944097749275,16.669930861132535,earnings_blackout,1,trend_break;before_earnings,True,False,False,False,False,False,False,False,False,3231.T,,972.7,10.061027,1.0368985,96.68,938.086,830889394176.0,1785393000.0,1785393000.0,1785393000.0,True,,,True,1785393000.0,2026-07-30,0.0
3,False,66.33906633906633,False,False,False,False,0.4768746926588359,1299.5,1299.5,2403606462.5,2403.6064625,1417.8673095703125,0.9165173576036647,-0.3612857112887694,0.06719445964933812,32.032328475855586,2.464973334040445,-0.023299511461856492,-0.023299511461856492,47.14901114654479,34.11845025931699,11.150180714724753,earnings_blackout,1,trend_break;before_earnings,True,False,False,False,False,False,False,False,False,9009.T,,1299.5,13.040642,1.1234109,99.65,1156.745,626669912064.0,1785479400.0,1785479400.0,1785479400.0,True,,,True,1785479400.0,2026-07-31,1.0
6,True,54.1015625,False,True,False,True,0.4802970557644442,3547.0,3547.0,2213827130.0,2213.82713,3787.0,0.93662529706892,-0.14924240356084428,0.1214561996957193,91.67984000151161,2.5847149704401358,-0.035617183251767215,-0.06337470293108005,14.60171985976942,20.76273026148268,24.117167884487056,earnings_blackout,1,vol_distribution;before_earnings,False,False,False,False,False,False,False,True,False,6923.T,,3547.0,14.745989,0.9591572,240.54,3698.038,436672233472.0,1785393000.0,1785393000.0,1785393000.0,True,,,True,1785393000.0,2026-07-30,0.0
2,False,61.273209549071616,False,False,True,False,0.2943809379576244,1017.5,1017.5,2184260236.4151,2184.2602364151003,1238.66357421875,0.8214498441530079,-0.30689439847942757,-0.021365373065552862,24.34761594542524,2.3928860880024807,-0.01405038759689925,-0.01405038759689925,20.10330883407605,22.217050545576186,16.41282511478843,earnings_blackout,1,trend_break;before_earnings,True,False,False,False,False,False,False,False,False,9509.T,,1017.5,4.963899,0.45725936,204.98,2225.214,208944627712.0,1785393000.0,1785393000.0,1785393000.0,True,,,True,1785393000.0,2026-07-30,0.0
4,False,77.94486215538848,True,False,False,True,0.25761412186517496,3945.0,3945.0,2009379820.0,2009.37982,4740.67138671875,0.8321606114805032,-0.3614445542115261,0.03592446281293982,80.31187032893722,2.035788854979397,-0.002023779408044546,-0.002023779408044546,21.030765871394113,34.88697880091634,17.91877788948817,earnings_blackout,1,trend_break;before_earnings,True,False,False,False,False,False,False,False,False,5929.T,,3945.0,14.016699,2.3754928,281.45,1660.708,824264622080.0,1785479400.0,1785479400.0,1785479400.0,True,,,True,1785479400.0,2026-07-31,1.0
5,True,59.656652360515025,False,False,False,True,0.5405364417259868,1445.5,1445.5,1799338222.5,1799.3382225,1614.8819580078125,0.8951118642648226,-0.29406604962857297,0.07453893496373887,33.48109740604352,2.316229498861537,-0.03246318607764387,-0.03246318607764387,29.404900384935544,24.134886219202237,20.20139630754986,earnings_blackout,1,macd_sell_like;before_earnings,False,False,True,False,False,False,False,False,False,4202.T,,1445.5,37.32249,1.0381713,38.73,1392.352,369171300352.0,1785479400.0,1785479400.0,1785479400.0,True,,,True,1785479400.0,2026-07-31,1.0
4,True,72.17573221757323,False,False,False,True,0.366593411517858,13420.0,13420.0,1770430500.0,1770.4305,13745.0,0.9763550381957076,-0.1177151617678156,0.18241223612187807,312.26690147031104,2.326877060136446,-0.02364496180429243,-0.02364496180429243,22.622309928366345,30.431363449496672,13.862072343261925,earnings_blackout,1,rsi_reversal;ext_dev200;before_earnings,False,False,False,True,False,True,False,False,False,5444.T,,13420.0,13.105469,1.4801778,1024.0,9066.479,801877327872.0,1785479400.0,1785479400.0,1785479400.0,True,,,True,1785479400.0,2026-07-31,1.0
2,False,80.68880688806888,True,False,False,False,0.546458546997081,2419.5,2419.5,1614579037.5,1614.5790375,3222.5205078125,0.7508098068373183,-0.3443020781784445,-0.008228960314869194,51.26315839535805,2.1187500886694792,0.0,0.0,21.42261607190093,42.97610954502964,15.2854063719008,earnings_blackout,1,trend_break;before_earnings,True,False,False,False,False,False,False,False,False,3116.T,,2419.5,18.584375,0.89080226,130.19,2716.091,432267132928.0,1785479400.0,1785479400.0,1785479400.0,True,,,True,1785479400.0,2026-07-31,1.0
5,True,60.8876560332871,False,True,False,True,0.4190663627576787,2113.5,2113.5,1494084482.5,1494.0844825,2173.5,0.9723947550034506,-0.13782788771283938,0.08125097281907001,45.44603425234024,2.1502736812084335,-0.027605244996549372,-0.027605244996549372,23.76845937358219,37.39340409651638,14.270916532391487,earnings_blackout,1,vol_distribution;before_earnings,False,False,False,False,False,False,False,True,False,2002.T,,2113.5,18.6639,1.1434455,113.24,1848.361,590964916224.0,1785393000.0,1785393000.0,1785393000.0,True,,,True,1785393000.0,2026-07-30,0.0
3,False,57.36649244084753,False,False,False,True,0.38710596633728117,945.0,945.0,1423031117.741394,1423.0311177413942,1106.2591552734375,0.8542302185661201,-0.3018812069144826,0.0016833061626921886,17.623689037243885,1.8649406388617868,-0.009433962264150941,-0.009433962264150941,13.493073781586373,19.911321281148318,19.416768167076146,earnings_blackout,1,trend_break;before_earnings,True,False,False,False,False,False,False,False,False,9504.T,,945.0,4.957767,0.43718648,190.61,2161.549,339799638016.0,1785479400.0,1785479400.0,1785479400.0,True,,,True,1785479400.0,2026-07-31,1.0
5,True,47.83505154639175,False,False,True,True,0.46653997017551474,1602.5,1602.5,1393271552.5,1393.2715525,1637.0,0.9789248625534515,-0.1552023779559647,0.20382867381912217,32.491338018807184,2.0275405939973283,-0.021075137446548542,-0.021075137446548542,29.472240003328583,23.810023374092268,17.034972987980147,earnings_blackout,1,macd_sell_like;ext_dev200;before_earnings,False,False,True,False,False,True,False,False,False,9301.T,,1602.5,10.278365,1.4526161,155.91,1103.182,546098806784.0,1785479400.0,1785479400.0,1785479400.0,True,,,True,1785479400.0,2026-07-31,1.0
2,False,58.971871968962176,True,False,True,False,0.4474889500015338,3004.0,3004.0,1367079697.5,1367.0796975,4091.12548828125,0.7342722702114011,-0.3404015575347984,-0.09889874857540837,73.58416451827073,2.449539431367201,-0.016693944353518786,-0.016693944353518786,24.33829247634189,35.9149483226942,13.054800581026363,earnings_blackout,1,trend_break;before_earnings,True,False,False,False,False,False,False,False,False,9404.T,,3004.0,13.287919,0.74691457,226.07,4021.879,735478087680.0,1785479400.0,1785479400.0,1785479400.0,True,,,True,1785479400.0,2026-07-31,1.0
5,True,51.32978723404254,False,False,True,False,0.2966831328063755,2674.0,2674.0,1299526700.0,1299.5267,2935.0,0.9110732538330494,-0.16034859997764794,0.34304739221804303,101.40151049318375,3.792128290694979,-0.08892674616695062,-0.08892674616695062,21.166638659369358,28.825124263506925,26.548269873928117,earnings_blackout,1,trailing_stop;ext_dev200;before_earnings,False,False,False,False,True,True,False,False,False,8544.T,,2674.0,20.302177,0.99216616,131.71,2695.113,316090712064.0,1785479400.0,1785479400.0,1785479400.0,True,,,True,1785479400.0,2026-07-31,1.0
6,True,56.02409638554217,False,True,False,True,0.46878287884079606,1382.0,1382.0,1204940215.0,1204.940215,1581.0,0.8741302972802024,-0.22505461236258084,0.12246385753397049,48.767581121607414,3.528768532677816,-0.054072553045859006,-0.12586970271979758,20.619240190465202,26.92742549629622,22.696241423592888,earnings_blackout,1,vol_distribution;before_earnings,False,False,False,False,False,False,False,True,False,7419.T,,1382.0,11.037457,1.6294671,125.21,848.13,401333157888.0,1785393000.0,1785393000.0,1785393000.0,True,,,True,1785393000.0,2026-07-30,0.0
4,True,53.64464692482915,False,True,False,False,0.39706102222943024,3309.0,3309.0,1148857835.0,1148.857835,3464.0,0.9552540415704388,-0.2085383688705874,0.19962006655194475,104.77376207088429,3.166327049588525,-0.044745958429561195,-0.044745958429561195,13.81342243693837,23.114109210506516,23.226585050713844,earnings_blackout,1,macd_sell_like;ext_dev200;before_earnings,False,False,True,False,False,True,False,False,False,5832.T,,3309.0,14.850552,0.94768566,222.82,3491.664,588228460544.0,1785393000.0,1785393000.0,1785393000.0,True,,,True,1785393000.0,2026-07-30,0.0
4,False,64.89990287555922,True,True,False,True,0.2231392604932346,701.7999877929688,701.7999877929688,1143423927.5125122,1143.4239275125121,784.1040649414062,0.8950342424833777,-0.21829050917970683,0.031777755900638915,13.607689970476866,1.9389698214829747,0.0,0.0,20.98663841548357,39.52361795995565,17.28651906233737,earnings_blackout,1,trend_break;before_earnings,True,False,False,False,False,False,False,False,False,2127.T,,701.8,17.834816,4.4376154,39.35,158.148,222510825472.0,1785393000.0,1785393000.0,1785393000.0,True,,,True,1785393000.0,2026-07-30,0.0
5,False,81.84615384615384,True,False,True,True,0.5785766116790565,3400.0,3400.0,1115998230.0,1115.99823,3582.686279296875,0.9490085748359948,-0.17101309786385166,0.05444571552973443,44.4725706452117,1.3080167836826968,0.0,0.0,37.45889051344408,37.79295055390934,10.935055335018685,earnings_blackout,1,trend_break;before_earnings,True,False,False,False,False,False,False,False,False,9744.T,,3400.0,17.44216,5.383128,194.93,631.603,262502825984.0,1785393000.0,1785393000.0,1785393000.0,True,,,True,1785393000.0,2026-07-30,0.0
4,False,72.03274215552524,True,True,False,False,0.33751517798877406,2999.0,2999.0,1035563045.0,1035.563045,3475.859375,0.8628082084016993,-0.38134426765081697,0.13830276410065534,98.0752273854087,3.2702643342917206,0.0,0.0,36.544041651908856,41.88729341345941,13.528839025878234,earnings_blackout,1,trend_break;before_earnings,True,False,False,False,False,False,False,False,False,4816.T,,2999.0,24.431772,3.5824268,122.75,837.142,612734599168.0,1785479400.0,1785479400.0,1785479400.0,True,,,True,1785479400.0,2026-07-31,1.0
3,False,61.146496815286625,False,False,True,True,0.5226727151724899,1345.0,1345.0,894901900.0,894.9019,1513.92431640625,0.8884195764770844,-0.18820248365030734,-0.0047483305363537065,21.7291409410497,1.6155495123457024,-0.016812865497076057,-0.07369146005509641,20.377670288187808,27.906904736976944,15.152886129049875,earnings_blackout,1,trend_break;before_earnings,True,False,False,False,False,False,False,False,False,8425.T,,1345.0,7.909904,0.8803353,170.04,1527.827,376851267584.0,1785393000.0,1785393000.0,1785393000.0,True,,,True,1785393000.0,2026-07-30,0.0
5,False,74.42965779467681,True,True,False,True,0.419047639465971,3226.0,3226.0,774702022.5,774.7020225,3268.0,0.9871481028151775,-0.19736842105263153,0.10765780187037821,71.5315753192483,2.217345794149048,0.0,0.0,26.883188046426035,40.31867208453229,12.590426167944537,earnings_blackout,1,trend_break;before_earnings,True,False,False,False,False,False,False,False,False,9044.T,,3226.0,14.173367,1.0465829,227.61,3082.412,349052174336.0,1785393000.0,1785393000.0,1785393000.0,True,,,True,1785393000.0,2026-07-30,0.0
4,False,58.63708399366085,True,False,False,True,0.3815358917389215,2950.5,2950.5,726290532.5,726.2905325,3099.23193359375,0.9520100667582867,-0.13543095276094586,0.02841798896015635,57.527205776524326,1.9497443069487994,-0.006732873253661009,-0.006732873253661009,17.97663683990973,29.097812255406346,15.21265454754178,earnings_blackout,1,trend_break;before_earnings,True,False,False,False,False,False,False,False,False,8174.T,,2950.5,21.593237,4.691995,136.64,628.837,314305019904.0,1785393000.0,1785393000.0,1785393000.0,True,,,True,1785393000.0,2026-07-30,0.0
4,False,64.8936170212766,True,False,False,False,0.5131621360923937,2832.5,2832.5,725834840.0,725.83484,2937.409423828125,0.9642850523399616,-0.18972134366103088,0.047599921893943575,49.63273030659416,1.7522587928188584,-0.011171234072263947,-0.011171234072263947,33.669387378042714,39.76131202915285,13.270656964253618,earnings_blackout,1,trend_break;before_earnings,True,False,False,False,False,False,False,False,False,2811.T,,2832.5,17.563713,1.3557763,161.27,2089.209,256082198528.0,1785393000.0,1785393000.0,1785393000.0,True,,,True,1785393000.0,2026-07-30,0.0
4,False,81.67701863354037,True,True,False,False,0.45603633821422646,2963.5,2963.5,695392212.5,695.3922125,3510.086181640625,0.8442812645172293,-0.32195397011945137,0.006175300675778761,67.46224135211007,2.27643804123874,0.0,0.0,29.60784299216641,46.99455494308221,12.150965922043259,earnings_blackout,1,trend_break;before_earnings,True,False,False,False,False,False,False,False,False,9759.T,,2963.5,17.38429,3.0506668,170.47,971.427,224533282816.0,1785393000.0,1785393000.0,1785393000.0,True,,,True,1785393000.0,2026-07-30,0.0
0,False,63.7037037037037,False,False,True,True,0.40561302783606185,4105.0,4105.0,668573325.0,668.573325,7974.9345703125,0.5147377654082929,-0.5579901040038411,-0.24786962466806672,113.01547840886967,2.753117622627763,-0.014405762304921965,-0.30892255892255893,19.464196529900676,30.02842385756395,17.35737241402733,earnings_blackout,1,trend_break;before_earnings,True,False,False,False,False,False,False,False,False,2326.T,,4105.0,16.537083,2.9906638,248.23,1372.605,54869008384.0,1785479400.0,1785479400.0,1785479400.0,True,,,True,1785479400.0,2026-07-31,1.0
5,False,80.47404063205417,True,True,False,True,0.5183125605427855,2819.0,2819.0,653087282.5,653.0872825,3130.0,0.9006389776357827,-0.2504792332268371,0.04675781451593797,59.85256807274722,2.123184394208841,0.0,0.0,24.961634840119963,43.447247646314025,11.535063153872475,earnings_blackout,1,trend_break;before_earnings,True,False,False,False,False,False,False,False,False,9003.T,,2819.0,10.903957,1.3311328,258.53,2117.745,270536818688.0,1785393000.0,1785393000.0,1785393000.0,True,,,True,1785393000.0,2026-07-30,0.0
3,False,67.54807692307693,True,False,True,False,0.5040559315001052,3075.0,3075.0,606343230.0,606.34323,3901.68603515625,0.7881208206638431,-0.3336214199265066,0.002936956095376031,55.27639927278125,1.7976064804156502,-0.012841091492776902,-0.012841091492776902,31.99965930773429,41.711320077629296,12.213192371226166,earnings_blackout,1,trend_break;before_earnings,True,False,False,False,False,False,False,False,False,9936.T,,3075.0,21.839489,2.4824975,140.8,1238.672,161533624320.0,1778826600.0,1785479400.0,1785479400.0,True,,,True,1785479400.0,2026-07-31,1.0
4,False,77.77777777777777,True,True,False,True,0.40021964560787926,1174.0,1174.0,564739975.0,564.739975,1329.492431640625,0.8830437632136471,-0.27566342080515993,0.048680690561537565,25.748864245167727,2.1932593053805562,0.0,0.0,34.32165952351561,43.77150644236657,12.775060129858392,earnings_blackout,1,trend_break;before_earnings,True,False,False,False,False,False,False,False,False,9682.T,,1174.0,16.09542,2.945353,72.94,398.594,183957913600.0,1785479400.0,1785479400.0,1785479400.0,True,,,True,1785479400.0,2026-07-31,1.0
4,True,62.34718826405868,False,True,False,False,0.4480132812736774,1790.0,1790.0,532178190.0,532.17819,1884.697998046875,0.9497542852250009,-0.13628086137287565,0.075188760429449,31.094330472410064,1.7371134342128527,-0.006383569247848997,-0.006383569247848997,10.103277124550193,26.31696234264901,21.71264176816029,earnings_blackout,1,vol_distribution;before_earnings,False,False,False,False,False,False,False,True,False,4045.T,,1790.0,15.289997,0.8927957,117.07,2004.938,189503963136.0,1785479400.0,1785479400.0,1785479400.0,True,,,True,1785479400.0,2026-07-31,1.0
5,False,60.76294277929155,True,False,True,True,0.41650755126522054,2625.0,2625.0,492436315.0,492.436315,2790.354736328125,0.9407406039901156,-0.2600701482311376,0.04293372021427877,58.10436358027481,2.21349956496285,-0.00718608169440238,-0.00718608169440238,24.528107136192553,29.142822654037097,14.100369653106535,earnings_blackout,1,trend_break;before_earnings,True,False,False,False,False,False,False,False,False,7947.T,,2625.0,14.284937,1.291034,183.76,2033.254,212301529088.0,1785479400.0,1785479400.0,1785479400.0,True,,,True,1785479400.0,2026-07-31,1.0
5,True,55.95238095238095,False,True,False,True,0.3119721501317847,2644.0,2644.0,462549790.0,462.54979,2798.0,0.9449606862044317,-0.14616823942759283,0.10722831343356543,56.68147020818804,2.143777239341454,-0.012327231976092645,-0.05503931379556826,6.371180424535534,19.225821277491516,21.428593489602875,earnings_blackout,1,vol_distribution;before_earnings,False,False,False,False,False,False,False,True,False,6371.T,,2644.0,8.941494,0.9281381,295.7,2848.714,275059245056.0,1785393000.0,1785393000.0,1785393000.0,True,,,True,1785393000.0,2026-07-30,0.0
2,False,61.11111111111111,False,False,True,True,0.4765967225762325,918.0,918.0,461085065.0,461.085065,1120.718505859375,0.8191173744347793,-0.26386510467462654,-0.05732193625798221,17.33479601014657,1.8883220054625893,-0.012903225806451646,-0.0955665024630542,24.310772430523457,30.708005311274583,18.58577525192226,earnings_blackout,1,trend_break;before_earnings,True,False,False,False,False,False,False,False,False,8585.T,,918.0,12.186379,0.6274302,75.33,1463.111,157148610560.0,1785479400.0,1785479400.0,1785479400.0,True,,,True,1785479400.0,2026-07-31,1.0
5,True,44.44444444444444,False,False,False,True,0.34627819791726,11190.0,11190.0,438041300.0,438.0413,12420.0,0.9009661835748792,-0.15700483091787443,0.21346684409474315,370.5571989486338,3.3115031183970847,-0.06045340050377834,-0.09903381642512077,11.849665998958777,18.994307910475243,23.694010522400614,earnings_blackout,1,macd_sell_like;ext_dev200;before_earnings,False,False,True,False,False,True,False,False,False,6960.T,,11190.0,16.362759,1.6012403,683.87,6988.333,302307737600.0,1785479400.0,1785479400.0,1785479400.0,True,,,True,1785479400.0,2026-07-31,1.0
4,False,76.138147566719,True,False,False,True,0.4217133343921291,2578.0,2578.0,408884432.5,408.8844325,2581.0,0.9988376598217745,-0.26468958628150197,0.115763967375629,52.18512542417726,2.0242484648633536,-0.0011623401782254739,-0.0011623401782254739,32.341312000087164,38.53986671603133,15.202618304384194,earnings_blackout,1,trend_break;before_earnings,True,False,False,False,False,False,False,False,False,7476.T,,2578.0,20.096664,2.5812807,128.28,998.729,183727898624.0,1785479400.0,1785479400.0,1785479400.0,True,,,True,1785479400.0,2026-07-31,1.0
5,True,30.633802816901408,False,True,False,True,0.18879284783029557,2619.0,2619.0,312107920.0,312.10792,2734.0,0.9579370885149964,-0.2568385188797182,0.12108091609847915,60.55615649022606,2.3121861966485704,-0.04206291148500363,-0.04206291148500363,14.290870871240607,16.215677313685365,26.859397229956457,earnings_blackout,1,vol_distribution;before_earnings,False,False,False,False,False,False,False,True,False,7976.T,,2619.0,22.921408,1.0085638,114.26,2596.762,130974187520.0,1785393000.0,1785393000.0,1785393000.0,True,,,True,1785393000.0,2026-07-30,0.0
2,False,52.713178294573645,False,False,True,True,0.4413506690240045,4210.0,4210.0,307876925.0,307.876925,4904.8583984375,0.8583326281837503,-0.2650144597143895,-0.02910066183280835,93.78330908313524,2.2276320447300533,-0.028835063437139596,-0.056053811659192876,17.283746974319296,23.745585085866907,16.99876623421934,earnings_blackout,1,trend_break;before_earnings,True,False,False,False,False,False,False,False,False,4547.T,,4210.0,12.694871,0.75827426,331.63,5552.081,174512685056.0,1785479400.0,1785479400.0,1785479400.0,True,,,True,1785479400.0,2026-07-31,1.0
1,False,61.904761904761905,False,False,True,False,0.4199318862345257,504.0,504.0,300618855.0,300.618855,769.9717407226562,0.6545694774810453,-0.42205671135106115,-0.1488679781903377,15.156784365485086,3.007298485215295,-0.052631578947368474,-0.10479573712255774,26.810272601620984,29.183722399316025,20.051553912169926,earnings_blackout,1,trend_break;before_earnings,True,False,False,False,False,False,False,False,False,4552.T,,504.0,28.251122,1.3098803,17.84,384.768,61496483840.0,1785393000.0,1785393000.0,1785393000.0,True,,,True,1785393000.0,2026-07-30,0.0
4,False,77.30496453900709,True,True,False,True,0.3178190095106921,1452.0,1452.0,201935595.0,201.935595,1567.4422607421875,0.9263499118063045,-0.19614263851519032,0.03257411777015595,23.155705304472743,1.5947455443851752,0.0,0.0,32.14824508692125,36.29298468091124,10.40910490412214,earnings_blackout,1,trend_break;before_earnings,True,False,False,False,False,False,False,False,False,7575.T,,1452.0,10.895993,1.5458106,133.26,939.313,101864308736.0,1785393000.0,1785393000.0,1785393000.0,True,,,True,1785393000.0,2026-07-30,0.0
2,False,62.745098039215684,True,False,True,True,0.6979472853356624,1211.0,1211.0,170980870.0,170.98087,1711.0,0.7077732320280538,-0.37521917007597894,-0.1610478441484664,23.79111577642309,1.9645842920250283,-0.005747126436781658,-0.21870967741935488,20.11305828370283,27.153261987014975,16.840719273351194,"fund_low_adv20,earnings_blackout",1,trend_break;before_earnings,True,False,False,False,False,False,False,False,False,4569.T,,1211.0,20.166529,0.48855862,60.05,2478.72,69567463424.0,1785393000.0,1785393000.0,1785393000.0,True,,,False,1785393000.0,2026-07-30,0.0
3,False,70.48192771084338,True,False,False,True,0.5139218220764784,2560.0,2560.0,158506915.0,158.506915,2954.276611328125,0.8665403876481038,-0.19811164908657897,-0.014574112400427941,46.45547598845852,1.8146670307991608,0.0,0.0,16.36611773219878,29.03550390830735,16.82373345753605,"fund_low_adv20,earnings_blackout",1,trend_break;before_earnings,True,False,False,False,False,False,False,False,False,6455.T,,2560.0,11.39449,1.036389,224.67,2470.115,104887746560.0,1785479400.0,1785479400.0,1785479400.0,True,,,False,1785479400.0,2026-07-31,1.0
3,False,60.0,True,True,False,True,0.3411814128461605,725.0,725.0,20523550.0,20.52355,874.9474487304688,0.8286211943951154,-0.429821089759002,-0.05026731710077659,14.25862494912182,1.9667068895340443,0.0,-0.08459595959595956,11.35157472585433,21.271025395496363,13.897673513358805,"fund_low_adv20,fund_small_mcap,earnings_blackout",1,trend_break;before_earnings,True,False,False,False,False,False,False,False,False,6035.T,,725.0,14.322403,2.1039803,50.62,344.585,12878447616.0,1785479400.0,1785479400.0,1785479400.0,True,,,False,1785479400.0,2026-07-31,1.0
5,True,66.5631469979296,False,False,False,False,0.5919512101334988,5718.0,5718.0,21710446670.0,21710.44667,5890.0,0.9707979626485569,-0.19388794567062817,0.13370293639046493,122.25545597270694,2.138080727049789,-0.022062596203181073,-0.022062596203181073,35.509864862840416,38.21376590460682,14.736481832434745,"fund_neg_eps,earnings_blackout",0,before_earnings,False,False,False,False,False,False,False,False,False,4502.T,,5718.0,-59.266169154228855,1.2159065,-96.48,4702.664,9130224910336.0,1785393000.0,1785393000.0,1785393000.0,True,,,False,1785393000.0,2026-07-30,0.0
4,True,66.24605678233439,False,True,False,True,0.39508510572638356,6625.0,6625.0,17669195130.0,17669.19513,7397.0,0.8956333648776531,-0.19453832634851964,0.13326404316310736,205.85389146373868,3.1072285503960555,0.0,-0.1043666351223469,15.923281579753365,29.13007245689331,18.886496872350083,earnings_blackout,0,before_earnings,False,False,False,False,False,False,False,False,False,8015.T,,6625.0,18.86336,2.2151937,351.21,2990.709,6994516770816.0,1785479400.0,1785479400.0,1785479400.0,True,,,True,1785479400.0,2026-07-31,1.0
6,True,54.38016528925619,False,False,True,True,0.4216276296083576,1592.0,1592.0,17294721135.0,17294.721135,1924.75,0.8271204052474347,-0.21340433822574356,0.09122739869117291,42.41314698354987,2.664142398464188,-0.022713321055862545,-0.1728795947525653,10.283653035455872,19.310316812358657,25.201337178486614,earnings_blackout,0,before_earnings,False,False,False,False,False,False,False,False,False,8053.T,,1592.0,12.764592,1.6408718,124.72,970.216,7544243748864.0,1785479400.0,1785479400.0,1785479400.0,True,,,True,1785479400.0,2026-07-31,1.0
5,True,46.766743648960734,True,True,False,True,0.3520492590512847,12695.0,12695.0,11700766400.0,11700.7664,17275.0,0.734876989869754,-0.30274963820549927,0.04627167905647145,656.0210897576707,5.167554862210875,-0.0624076809453471,-0.265123010130246,19.138968610360063,18.85078475854211,30.4907265975212,earnings_blackout,0,before_earnings,False,False,False,False,False,False,False,False,False,6504.T,,12695.0,19.093672,2.3385303,664.88,5428.623,1853361094656.0,1785393000.0,1785393000.0,1785393000.0,True,,,True,1785393000.0,2026-07-30,0.0
4,True,65.32180595581173,False,False,True,False,0.3779543850879729,5009.0,5009.0,5706881790.0,5706.88179,5111.0,0.980043044414009,-0.16501516683518702,0.15477128386825778,129.07327260572268,2.5768271632206563,-0.019956955585990976,-0.019956955585990976,20.908046381120528,38.10906578368628,15.43641797543093,earnings_blackout,0,before_earnings,False,False,False,False,False,False,False,False,False,9042.T,,5009.0,15.170972,1.0763888,330.17,4653.523,1172325269504.0,1785479400.0,1785479400.0,1785479400.0,True,,,True,1785479400.0,2026-07-31,1.0
4,True,66.815144766147,False,False,True,True,0.27933771923161954,3050.0,3050.0,3995495900.0,3995.4959,3124.0,0.9763124199743918,-0.18598143252610055,0.1860354951549401,67.26890459417216,2.2055378555466283,-0.023687580025608224,-0.023687580025608224,22.97319053979349,29.003269003352788,16.56574207798616,earnings_blackout,0,ext_dev200;before_earnings,False,False,False,False,False,True,False,False,False,8304.T,,3050.0,16.454468,0.8794045,185.36,3468.256,422062260224.0,1785479400.0,1785479400.0,1785479400.0,True,,,True,1785479400.0,2026-07-31,1.0
6,True,50.9229098805646,True,False,False,True,0.4495306926285343,2457.5,2457.5,3531059650.0,3531.05965,2632.53076171875,0.9335123584255957,-0.27800554999891036,0.08632829653834362,61.70572552469022,2.5109145686547394,-0.013646397752357986,-0.045074800854866925,17.0336009406013,23.629408053147866,14.687764028589125,earnings_blackout,0,before_earnings,False,False,False,False,False,False,False,False,False,4528.T,,2457.5,16.549936,1.3574244,148.49,1810.414,1154797142016.0,1785479400.0,1785479400.0,1785479400.0,True,,,True,1785479400.0,2026-07-31,1.0
5,True,71.04959630911188,True,False,False,True,0.28347188140489604,2242.5,2242.5,3461045055.0,3461.045055,2366.5,0.9476019437988591,-0.1626875132051553,0.0821562702025278,70.17595705271657,3.1293626333429905,0.0,0.0,14.562208310684346,21.028115487152608,17.18073719237871,earnings_blackout,0,before_earnings,False,False,False,False,False,False,False,False,False,6770.T,,2242.5,16.635756,0.9776809,134.8,2293.693,437544517632.0,1785479400.0,1785479400.0,1785479400.0,True,,,True,1785479400.0,2026-07-31,1.0
5,True,48.86877828054298,False,True,False,True,0.418337332789952,1130.0,1130.0,2664161585.0,2664.161585,1387.723876953125,0.8142830276012968,-0.21654242866570128,0.04521956872156774,40.34670960948229,3.5705052751754236,-0.07224958949096882,-0.1805656272661349,15.351600888938398,21.784567258887822,28.99051970712535,earnings_blackout,0,before_earnings,False,False,False,False,False,False,False,False,False,6471.T,,1130.0,24.301075,0.8228469,46.5,1373.281,552932737024.0,1785393000.0,1785393000.0,1785393000.0,True,,,True,1785393000.0,2026-07-30,0.0
5,True,53.96498455200824,False,False,False,True,0.3852982613078166,2101.0,2101.0,2475711765.0,2475.711765,2175.0,0.9659770114942529,-0.2442996599499878,0.1580756748694363,70.37212466275288,3.34945857509533,-0.03402298850574714,-0.03402298850574714,8.809572019783742,27.38328229628715,23.36797893799642,earnings_blackout,0,before_earnings,False,False,False,False,False,False,False,False,False,6473.T,,2101.0,55.729443,0.8463809,37.7,2482.334,668815196160.0,1785479400.0,1785479400.0,1785479400.0,True,,,True,1785479400.0,2026-07-31,1.0
5,True,67.4321503131524,False,False,False,True,0.41253212528270267,3801.0,3801.0,2384165755.0,2384.165755,4450.0,0.8541573033707865,-0.1982022471910112,0.08000112149108918,82.70012900923601,2.1757466195536965,-0.01247077162899457,-0.1345628415300546,13.622593311199271,20.32565119958674,22.28764189175669,earnings_blackout,0,before_earnings,False,False,False,False,False,False,False,False,False,9513.T,,3801.0,11.672757,0.4760037,325.63,7985.232,669007478784.0,1785479400.0,1785479400.0,1785479400.0,True,,,True,1785479400.0,2026-07-31,1.0
4,True,58.252427184466015,True,False,False,True,0.3967040195961868,5253.0,5253.0,2303663825.0,2303.663825,5291.0,0.9928179928179928,-0.2177278362589019,0.2181766960210927,138.48974236600807,2.6363933441082823,-0.007182007182007233,-0.007182007182007233,14.904612389018926,29.717722284994192,18.869504029087913,earnings_blackout,0,ext_dev200;before_earnings,False,False,False,False,False,True,False,False,False,7282.T,,5253.0,10.644808,1.0833087,493.48,4849.033,615926267904.0,1785479400.0,1785479400.0,1785479400.0,True,,,True,1785479400.0,2026-07-31,1.0
5,True,80.8329004712711,True,False,False,True,0.48059774370509006,690.7999877929688,690.7999877929688,2267039699.73114,2267.03969973114,721.8002319335938,0.9570514904690733,-0.3597112431060028,0.16147854701353181,22.135508770293022,3.204329641205348,0.0,0.0,30.665948272089317,36.25958050267507,8.155878714415152,earnings_blackout,0,before_earnings,False,False,False,False,False,False,False,False,False,4902.T,,690.8,10.627692,0.63630724,65.0,1085.639,341382070272.0,1785393000.0,1785393000.0,1785393000.0,True,,,True,1785393000.0,2026-07-30,0.0
5,True,36.63220088626292,False,False,False,True,0.22961970258432668,1759.0,1759.0,1753572380.0,1753.57238,1990.5,0.8836975634262748,-0.1527863314517275,0.17393831040668983,51.649326535899476,2.9362891720238475,-0.06709095730575443,-0.11630243657372519,15.129969769798468,23.05428170632167,29.786164225512866,earnings_blackout,0,before_earnings,False,False,False,False,False,False,False,False,False,6952.T,,1759.0,21.962793,1.6817986,80.09,1045.904,389466783744.0,1785479400.0,1785479400.0,1785479400.0,True,,,True,1785479400.0,2026-07-31,1.0
5,True,68.22916666666667,True,False,True,False,0.46763668745031733,567.0,567.0,1688519320.0,1688.51932,567.0,1.0,-0.2982062502557211,0.4186119081911399,25.577121093654217,4.5109561011735835,0.0,0.0,36.98205003730317,39.15739634673225,13.516680501094362,earnings_blackout,0,ext_dev200;before_earnings,False,False,False,False,False,True,False,False,False,2492.T,,567.0,66.70588,5.1198235,8.5,110.746,151109959680.0,1785479400.0,1785479400.0,1785479400.0,True,,,True,1785479400.0,2026-07-31,1.0
5,True,75.68027210884354,False,False,False,False,0.41830736173289484,9382.0,9382.0,1583422630.0,1583.42263,9899.486328125,0.9477259414304364,-0.1527843241550767,0.07862046910558629,180.26242679911897,1.9213646002890532,-0.00782571912013541,-0.00782571912013541,23.768844237501668,26.11993018123001,10.426905873038523,earnings_blackout,0,before_earnings,False,False,False,False,False,False,False,False,False,9065.T,,9382.0,15.287848,1.5512705,613.69,6047.946,470466920448.0,1785479400.0,1785479400.0,1785479400.0,True,,,True,1785479400.0,2026-07-31,1.0
6,True,73.53407290015848,True,False,True,True,0.448526590102729,5336.0,5336.0,1411268100.0,1411.2681,5458.7265625,0.9775173639685308,-0.25843510319628693,0.1359323093973921,114.00370732211479,2.136501261658823,0.0,0.0,33.03764477311181,32.626908924547365,12.019045541003802,earnings_blackout,0,before_earnings,False,False,False,False,False,False,False,False,False,7988.T,,5336.0,14.757861,1.6761968,361.57,3183.397,496918659072.0,1785479400.0,1785479400.0,1785479400.0,True,,,True,1785479400.0,2026-07-31,1.0
5,True,63.38028169014085,True,False,False,True,0.2922133611700736,6140.0,6140.0,1029833650.0,1029.83365,6240.0,0.9839743589743589,-0.10424538504584502,0.08980453340674899,103.13348512495492,1.679698454803826,0.0,-0.01602564102564108,12.075311067373919,24.996204429515583,18.06758844800126,earnings_blackout,0,before_earnings,False,False,False,False,False,False,False,False,False,7278.T,,6140.0,20.194048,1.164188,304.05,5274.062,222079729664.0,1785393000.0,1785393000.0,1785393000.0,True,,,True,1785393000.0,2026-07-30,0.0
4,True,58.088235294117645,False,False,True,True,0.43698878783628375,2991.0,2991.0,931200140.0,931.20014,3341.190673828125,0.8951898565468882,-0.28982134646724156,0.09859866713823728,64.95333964766434,2.1716262001893796,-0.0010020040080159776,-0.0010020040080159776,32.177087587193064,34.30322854974365,14.553357759960983,earnings_blackout,0,before_earnings,False,False,False,False,False,False,False,False,False,2121.T,,2991.0,11.58943,1.0676873,258.08,2801.382,195340255232.0,1785479400.0,1785479400.0,1785479400.0,True,,,True,1785479400.0,2026-07-31,1.0
6,True,59.21787709497206,True,True,False,True,0.320511441222717,811.0,811.0,598278330.0,598.27833,920.0,0.8815217391304347,-0.2152173913043478,0.021527710459549487,25.491400699630073,3.1432060048865686,0.0,-0.11847826086956526,16.28737212801458,28.29805170513286,17.835560804726622,earnings_blackout,0,before_earnings,False,False,False,False,False,False,False,False,False,6727.T,,811.0,11.428974,2.9162488,70.96,278.097,107668873216.0,1785393000.0,1785393000.0,1785393000.0,True,,,True,1785393000.0,2026-07-30,0.0
5,True,67.47404844290656,True,True,False,False,0.36816063072963584,1109.0,1109.0,459133235.0,459.133235,1109.0,1.0,-0.16750254257022346,0.3332456338879817,33.96272006564567,3.062463486532522,0.0,0.0,21.27534654478835,33.66073956408192,21.146349833463677,earnings_blackout,0,ext_dev200;before_earnings,False,False,False,False,False,True,False,False,False,8609.T,,1109.0,10.413145,0.9606472,106.5,1154.43,222683512832.0,1785393000.0,1785393000.0,1785393000.0,True,,,True,1785393000.0,2026-07-30,0.0
4,True,69.8292220113852,False,False,False,True,0.40291522266594026,2800.0,2800.0,453766532.5,453.7665325,2829.0,0.9897490279250618,-0.11563206012272254,0.09261704501948809,52.382848420841185,1.8708160150300424,-0.007092198581560294,-0.010250972074938192,8.105661007673472,20.258870629342933,20.912332980954087,earnings_blackout,0,before_earnings,False,False,False,False,False,False,False,False,False,9934.T,,2800.0,13.581684,1.5923938,206.16,1758.359,314423640064.0,1785479400.0,1785479400.0,1785479400.0,True,,,True,1785479400.0,2026-07-31,1.0
6,True,40.72164948453609,False,False,False,True,0.23277123240723732,5030.0,5030.0,374545175.0,374.545175,5680.0,0.8855633802816901,-0.12840458670472843,0.0846974383344321,144.25956511653473,2.8679834019191794,-0.07875457875457881,-0.11443661971830987,17.873813759384216,17.234193254167078,28.266541556999243,earnings_blackout,0,before_earnings,False,False,False,False,False,False,False,False,False,1941.T,,5030.0,14.71707,1.0901859,341.78,4613.892,266300801024.0,1785479400.0,1785479400.0,1785479400.0,True,,,True,1785479400.0,2026-07-31,1.0
5,True,65.0,True,False,False,True,0.39903594193296144,2413.0,2413.0,371953020.0,371.95302,2511.0,0.9609717244125846,-0.09855669346061546,0.040409820781415196,31.593543133425502,1.3093055587826565,0.0,-0.019902518277822856,15.076195817777233,22.36978004395133,11.799901366020562,earnings_blackout,0,before_earnings,False,False,False,False,False,False,False,False,False,8803.T,,2413.0,14.562463,1.2577016,165.7,1918.579,159427526656.0,1785479400.0,1785479400.0,1785479400.0,True,,,True,1785479400.0,2026-07-31,1.0
5,True,81.85328185328186,False,False,False,True,0.3483810864377137,1981.0,1981.0,328597960.0,328.59796,2012.0,0.9845924453280318,-0.3227095513405248,0.12596162863727955,41.40282826965907,2.089996379084254,-0.015407554671968193,-0.015407554671968193,30.91180468810455,38.80834966795369,10.125166549232107,"fund_small_mcap,earnings_blackout",0,before_earnings,False,False,False,False,False,False,False,False,False,7839.T,,1981.0,16.114862,3.3336813,122.93,594.238,,1785479400.0,1785479400.0,1785479400.0,True,,,False,1785479400.0,2026-07-31,1.0
5,True,75.28089887640449,False,False,False,True,0.2858462713302907,6850.0,6850.0,289811600.0,289.8116,6860.0,0.9985422740524781,-0.0776316766956393,0.14719306011001176,115.84440161845278,1.6911591477146393,-0.001457725947521915,-0.001457725947521915,37.30883639698459,30.136939952764912,10.470382347361445,earnings_blackout,0,before_earnings,False,False,False,False,False,False,False,False,False,8566.T,,6850.0,16.477436,0.8736689,415.72,7840.499,211147407360.0,1785479400.0,1785479400.0,1785479400.0,True,,,True,1785479400.0,2026-07-31,1.0
0,False,,False,False,False,False,,1418.0,1418.0,,,,,,,,,,,,,,"insufficient_daily,fund_low_adv20,earnings_blackout",0,insufficient_daily;before_earnings,False,False,False,False,False,False,False,False,False,8303.T,,1418.0,10.308229,1.0266398,137.56,1381.205,1257765994496.0,1785479400.0,1785479400.0,1785479400.0,True,,,False,1785479400.0,2026-07-31,1.0
