score,gc_multi,rsi,macd_buy_like,vol_surge,vol_quiet,vol_down,hurst,close,close_adj,adv20,adv20_m,hh252,pct_of_52w_high,max_dd_252,dev200,atr14,natr14,pullback_20d,pullback_60d,adx14,plus_di14,minus_di14,skip_reason,sell_score,sell_reason,sell_trend_break,sell_cross_sma25_down,sell_macd_sell_like,sell_rsi_reversal,sell_trailing_stop,sell_ext_dev200,sell_di_bear,sell_vol_distribution,sell_natr_spike,ticker,skip_reason_yahoo,mkt_price,pe_ttm,pbr,eps_ttm,bps,market_cap,earn_ts,earn_start_ts,earn_end_ts,market_risk_on,market_close,market_ma200,fund_ok,earn_ts_pick,next_earn_date,days_to_earnings
3,False,35.66787003610108,False,True,False,False,0.3999724770517781,3236.0,3236.0,17577871465.0,17577.871465,3878.0,0.8344507478081485,-0.23302382928281262,-0.014039650525552227,136.12475115406022,4.206574510323245,-0.16554925219185146,-0.16554925219185146,34.68566065544356,19.309974799599527,41.207888137332645,,6,trend_break;macd_sell_like;trailing_stop;di_bear;vol_distribution;natr_spike,True,False,True,False,True,False,True,True,True,4901.T,,3236.0,14.0953045,1.0158604,229.58,3185.477,3870215110656.0,1785997800.0,1793860200.0,1793860200.0,True,,,True,1793860200.0,2026-11-05,64.0
0,False,29.417989417989418,False,True,False,False,0.4487734006644811,1530.0,1530.0,8064667650.0,8064.66765,2700.4384765625,0.5665746556639203,-0.5135975096636867,-0.16529362697472627,95.47324356155238,6.240081278532835,-0.22883064516129037,-0.22883064516129037,29.30321423447769,20.52716917755833,42.09293554278194,earnings_blackout,6,trend_break;macd_sell_like;trailing_stop;di_bear;vol_distribution;natr_spike,True,False,True,False,True,False,True,True,True,2413.T,,1530.0,21.09181,2.5015123,72.54,611.63,1021167337472.0,1785997800.0,1785997800.0,1785997800.0,True,,,True,1785997800.0,2026-08-06,-1.0
1,False,39.56876456876457,False,True,False,False,0.28523099451110684,4305.0,4305.0,2353169835.0,2353.169835,6380.328125,0.6747301887393135,-0.3514440137042325,-0.1299867167614791,182.84863869604825,4.2473551381195875,-0.15322580645161288,-0.15322580645161288,25.59269603549492,28.36266768263937,38.65118776835404,,6,trend_break;cross_sma25_down;macd_sell_like;trailing_stop;di_bear;natr_spike,True,True,True,False,True,False,True,False,True,8056.T,,4305.0,13.448922,2.3228536,320.1,1853.324,415931170816.0,1785911400.0,1793860200.0,1793860200.0,True,,,True,1793860200.0,2026-11-05,64.0
2,False,36.434108527131784,False,True,False,False,0.4126968688316708,1434.5,1434.5,1194988847.5,1194.9888475,1839.051025390625,0.7800218592060565,-0.33528489827352437,-0.08752940478609939,47.24428247795041,3.2934320305298295,-0.1353224834237492,-0.1353224834237492,28.93007167953552,21.527960891135027,44.323991787065545,earnings_blackout,6,trend_break;macd_sell_like;trailing_stop;di_bear;vol_distribution;natr_spike,True,False,True,False,True,False,True,True,True,6849.T,,1434.5,16.06203,1.2768567,89.31,1123.462,229480529920.0,1785997800.0,1785997800.0,1785997800.0,True,,,True,1785997800.0,2026-08-06,-1.0
2,False,40.91644204851752,False,True,False,False,0.4753928754036258,1945.0,1945.0,295186780.0,295.18678,4115.0,0.4726609963547995,-0.5273390036452005,-0.2704385058430562,193.12817380102905,9.929469090027201,-0.2798963346908553,-0.3246527777777778,13.938733676932832,22.953573122182615,40.348869987132666,fund_small_mcap,6,trend_break;cross_sma25_down;macd_sell_like;trailing_stop;vol_distribution;natr_spike,True,True,True,False,True,False,False,True,True,7760.T,,1945.0,14.049407,2.3791583,138.44,817.516,,,,,True,,,False,,,
0,False,25.324675324675326,False,True,False,False,0.23567768670111636,553.0,553.0,27577785.0,27.577785,913.1416625976562,0.6056015431678534,-0.45121268141483406,-0.16439065307485157,18.63930729100053,3.3705799802894267,-0.13458528951486703,-0.13458528951486703,34.26075804849542,17.722398563081203,34.24678747786897,fund_low_adv20,6,trend_break;cross_sma25_down;macd_sell_like;trailing_stop;di_bear;vol_distribution,True,True,True,False,True,False,True,True,False,9438.T,,553.0,8.738938,1.5510398,63.28,356.535,30713720832.0,,1754287200.0,1754632800.0,True,,,False,1754287200.0,2025-08-04,-264.0
1,False,14.65346534653466,False,True,False,False,0.3668554574321299,1338.0,1338.0,11401695.0,11.401695,1841.0,0.7267789244975557,-0.37129252977083127,-0.07534824896243097,75.08850629957543,5.611995986515353,-0.22926267281105994,-0.27322107550244434,24.992278081136316,12.194263958419787,40.38355795423121,"fund_low_adv20,fund_small_mcap",6,trend_break;macd_sell_like;trailing_stop;di_bear;vol_distribution;natr_spike,True,False,True,False,True,False,True,True,True,8115.T,,1338.0,10.565382,1.0310677,126.64,1297.684,6030589440.0,,1747290600.0,1747290600.0,True,,,False,1747290600.0,2025-05-15,-321.0
1,False,34.58498023715414,False,True,False,False,0.5480239796693501,1569.0,1569.0,4410475.0,4.410475,2105.520751953125,0.7451838214107188,-0.2548161785892812,-0.13621914594066975,45.10232139491216,2.874590273735638,-0.1008595988538682,-0.13362782992821642,29.891774258425027,9.58544897165775,39.41910788219701,"fund_low_adv20,fund_small_mcap",6,trend_break;cross_sma25_down;macd_sell_like;trailing_stop;di_bear;vol_distribution,True,True,True,False,True,False,True,True,False,9171.T,,1569.0,5.214357,0.54786754,300.9,2863.831,18644490240.0,,1746766800.0,1746766800.0,True,,,False,1746766800.0,2025-05-09,-325.0
1,False,50.73170731707317,False,True,False,False,0.3297026357823914,288.0,288.0,1364485.0,1.364485,467.0,0.6167023554603854,-0.4047109207708779,-0.1421550376051829,16.03764139758873,5.568625485273864,-0.1977715877437326,-0.1977715877437326,23.660975759504492,27.232164544511527,38.49236539590342,"fund_neg_eps,fund_low_adv20,fund_small_mcap",6,trend_break;macd_sell_like;trailing_stop;di_bear;vol_distribution;natr_spike,True,False,True,False,True,False,True,True,True,9258.T,,288.0,-6.931407942238268,0.9405556,-41.55,306.202,1918730624.0,,1747306740.0,1747306740.0,True,,,False,1747306740.0,2025-05-15,-321.0
1,False,26.77322677322678,False,True,False,True,0.4671999688966393,5059.0,5059.0,9341725145.0,9341.725145,7582.04150390625,0.6672345432814651,-0.33276545671853486,-0.13820641148269708,198.37871862381112,3.921302997110321,-0.12170138888888893,-0.18757025855146936,25.921009035493043,10.177288453851343,31.528536669043245,,5,trend_break;macd_sell_like;trailing_stop;di_bear;vol_distribution,True,False,True,False,True,False,True,True,False,1812.T,,5059.0,13.313509,1.7046993,379.99,2967.679,2331954118656.0,1785911400.0,1785911400.0,1785911400.0,True,,,True,1785911400.0,2026-08-05,-2.0
2,False,36.786188579017264,False,True,False,False,0.38525183391492596,3602.0,3602.0,4073467170.0,4073.46717,4745.75830078125,0.7589935626108553,-0.2660037288643755,-0.09970447462078103,152.95880079313886,4.246496412913349,-0.15841121495327104,-0.15841121495327104,22.900246681310023,18.23227842763511,37.11808092894249,earnings_blackout,5,trend_break;macd_sell_like;trailing_stop;di_bear;vol_distribution;before_earnings,True,False,True,False,True,False,True,True,False,5105.T,,3602.0,8.717751,1.0411482,413.18,3459.642,554692509696.0,1786084200.0,1786084200.0,1786084200.0,True,,,True,1786084200.0,2026-08-07,0.0
2,False,36.80895731280616,False,True,False,True,0.21904556949492793,4114.0,4114.0,2894395470.0,2894.39547,5593.69921875,0.7354703639069349,-0.2645296360930651,-0.10067285867229159,174.2704774088881,4.236034939447936,-0.1420229405630865,-0.20671037408407256,27.63692451316798,18.632530475921843,32.31899217524799,,5,trend_break;macd_sell_like;trailing_stop;di_bear;vol_distribution,True,False,True,False,True,False,True,True,False,1969.T,,4114.0,14.400728,2.575398,285.68,1597.423,538369654784.0,1785911400.0,1785911400.0,1785911400.0,True,,,True,1785911400.0,2026-08-05,-2.0
5,True,39.116719242902214,False,True,False,False,0.31658506549344667,6070.0,6070.0,2659437700.0,2659.4377,7310.0,0.8303693570451436,-0.19972640218878246,0.20631687739302018,367.96066898393985,6.061955007972649,-0.12283236994219648,-0.16963064295485641,15.72379141751445,23.896809268801285,26.569641051282577,,5,cross_sma25_down;macd_sell_like;trailing_stop;ext_dev200;vol_distribution;natr_spike,False,True,True,False,True,True,False,True,True,7966.T,,6070.0,22.968935,1.5437016,264.27,3932.107,397472301056.0,1785997800.0,1793946600.0,1793946600.0,True,,,True,1793946600.0,2026-11-06,65.0
1,False,35.05477308294209,False,True,False,False,0.43016654730193365,2075.0,2075.0,1210973040.0,1210.97304,3114.91455078125,0.6661498946992207,-0.3338501053007793,-0.13977316116229999,66.2316834880043,3.191888360867677,-0.14468260511129427,-0.14468260511129427,21.70677430590006,18.060399133259146,38.92840521863683,,5,trend_break;macd_sell_like;trailing_stop;di_bear;vol_distribution,True,False,True,False,True,False,True,True,False,8111.T,,2075.0,11.798488,2.193052,175.87,946.17,283796340736.0,1785997800.0,1793860200.0,1793860200.0,True,,,True,1793860200.0,2026-11-05,64.0
2,False,36.0,False,True,False,False,0.2550404756946563,3020.0,3020.0,760495925.0,760.495925,4189.1318359375,0.720913095666311,-0.279086904333689,-0.10392802680183821,166.03021979115218,5.497689397058019,-0.15642458100558654,-0.23252858958068612,23.466179796346275,18.352485836935422,39.65774491263773,,5,trend_break;macd_sell_like;trailing_stop;di_bear;vol_distribution,True,False,True,False,True,False,True,True,False,1952.T,,3020.0,11.305357,1.6602875,267.13,1818.962,137254338560.0,,1754541000.0,1754973000.0,True,,,True,1754541000.0,2025-08-07,-261.0
2,False,42.19178082191781,False,True,False,False,0.3803952857960491,5550.0,5550.0,736836050.0,736.83605,8000.0,0.69375,-0.31000000000000005,-0.058772706816550335,383.8860967061356,6.916866607317759,-0.20714285714285718,-0.30625,24.62824289806863,22.82852400695299,39.98038875725358,,5,trend_break;trailing_stop;di_bear;vol_distribution;natr_spike,True,False,False,False,True,False,True,True,True,4975.T,,5550.0,15.166006,2.5040674,365.95,2216.394,136639471616.0,,1754373600.0,1754978400.0,True,,,True,1754373600.0,2025-08-05,-263.0
0,False,32.30769230769231,False,True,False,False,0.3721541202627145,2039.0,2039.0,574646675.0,574.646675,3184.040771484375,0.6403812470810272,-0.41740695765801594,-0.1446780111445347,149.8693865273042,7.350141565831496,-0.22589217919514049,-0.22589217919514049,21.955240118892256,12.05725396078618,26.110776108969645,,5,trend_break;macd_sell_like;trailing_stop;di_bear;vol_distribution,True,False,True,False,True,False,True,True,False,6226.T,,2039.0,17.42884,2.4157307,116.99,844.051,71937892352.0,,1747047540.0,1747047540.0,True,,,True,1747047540.0,2025-05-12,-324.0
1,False,44.71544715447155,False,True,False,False,0.3565567845245983,845.0,845.0,545276535.0,545.276535,1222.82763671875,0.6910213464486408,-0.38912077420457436,-0.07775345302134573,28.67697993361807,3.3937254359311324,-0.1105263157894737,-0.1105263157894737,31.371515781809258,23.05108993705687,30.508249052961062,,5,trend_break;cross_sma25_down;macd_sell_like;trailing_stop;di_bear,True,True,True,False,True,False,True,False,False,9090.T,,845.0,16.197048,1.8241006,52.17,463.242,113807343616.0,1785911400.0,1793860200.0,1793860200.0,True,,,True,1793860200.0,2026-11-05,64.0
0,False,22.41379310344827,False,True,False,False,0.6152988290391697,1708.0,1708.0,300525290.0,300.52529,2507.615478515625,0.681125162383766,-0.3663826587622294,-0.13208188386729147,59.37464588544842,3.476267323504006,-0.15193644488579938,-0.15193644488579938,22.491536240732575,14.668751790494886,44.404921557521796,,5,trend_break;macd_sell_like;trailing_stop;di_bear;vol_distribution,True,False,True,False,True,False,True,True,False,3299.T,,1708.0,6.0278807,1.1592292,283.35,1473.393,40129028096.0,,1754548200.0,1754980200.0,True,,,True,1754548200.0,2025-08-07,-261.0
6,True,42.63473053892215,False,True,False,False,0.44301849502646706,1900.0,1900.0,295204150.0,295.20415,2228.0,0.8527827648114902,-0.3242966133352916,0.10142840417013943,98.0837760567414,5.162304002986389,-0.14721723518850982,-0.14721723518850982,24.554797696449796,23.044566807245573,37.47334740823523,,5,macd_sell_like;trailing_stop;di_bear;vol_distribution;natr_spike,False,False,True,False,True,False,True,True,True,6638.T,,1900.0,8.152757,1.3792994,233.05,1377.511,55028531200.0,,1754373600.0,1754978400.0,True,,,True,1754373600.0,2025-08-05,-263.0
1,False,23.33333333333333,False,False,True,False,0.3421538443806814,281.0,281.0,283317890.0,283.31789,398.8636474609375,0.7045014049005797,-0.468131885255026,-0.0688849900769617,9.117524339036967,3.244670583287177,-0.12461059190031154,-0.12461059190031154,26.398143926951967,21.745624011160526,31.145723490810763,,5,trend_break;cross_sma25_down;macd_sell_like;trailing_stop;di_bear,True,True,True,False,True,False,True,False,False,4477.T,,281.0,14.883475,2.1633358,18.88,129.892,32359221248.0,1785911400.0,1793860200.0,1793860200.0,True,,,True,1793860200.0,2026-11-05,64.0
2,False,41.85463659147869,False,True,False,False,0.3395666400924534,2188.0,2188.0,257358115.0,257.358115,2916.143798828125,0.7503059351460187,-0.24969406485398127,-0.06000684657893829,89.11884882558583,4.073073529505751,-0.1379038613081166,-0.1379038613081166,16.016204842962456,21.31375974434264,38.710602749100595,,5,trend_break;cross_sma25_down;macd_sell_like;trailing_stop;vol_distribution,True,True,True,False,True,False,False,True,False,6328.T,,2188.0,11.874525,1.866036,184.26,1172.539,51682951168.0,,1754289000.0,1754634600.0,True,,,True,1754289000.0,2025-08-04,-264.0
2,False,43.026706231454014,False,True,False,False,0.4010680828304001,1399.0,1399.0,141357590.0,141.35759,1864.5570068359375,0.7503122698157858,-0.30224713150083105,-0.07274672743420885,45.34965988906211,3.24157683267063,-0.08800521512385917,-0.08800521512385917,22.17214495413256,26.348231837445507,33.70979606945529,"fund_low_adv20,fund_small_mcap",5,trend_break;macd_sell_like;trailing_stop;di_bear;vol_distribution,True,False,True,False,True,False,True,True,False,3837.T,,1399.0,16.416334,3.3915153,85.22,412.5,23557441536.0,,1754373600.0,1754978400.0,True,,,False,1754373600.0,2025-08-05,-263.0
0,False,34.50704225352112,False,True,False,True,0.4056791924644961,447.0,447.0,128575355.0,128.575355,622.4418334960938,0.7181393922213059,-0.3364841857105161,-0.07245237965461482,18.470120274518838,4.132017958505333,-0.14203454894433776,-0.14203454894433776,28.329124237056458,14.246562978712006,34.61789291856097,"fund_low_adv20,fund_small_mcap",5,trend_break;macd_sell_like;trailing_stop;di_bear;natr_spike,True,False,True,False,True,False,True,False,True,2533.T,,447.0,8.170353,0.94548744,54.71,472.772,24896593920.0,,1754370000.0,1754974800.0,True,,,False,1754370000.0,2025-08-05,-263.0
2,False,43.81188118811881,False,False,True,False,0.4574893566531692,946.0,946.0,110975140.0,110.97514,1421.2943115234375,0.6655905060128007,-0.4040643143838877,-0.13327883256724182,39.798936652101375,4.207075756036086,-0.15985790408525757,-0.15985790408525757,29.6628607149833,23.93474093021231,36.740158438738,fund_low_adv20,5,trend_break;macd_sell_like;trailing_stop;di_bear;natr_spike,True,False,True,False,True,False,True,False,True,4687.T,,946.0,11.516922,1.9496953,82.14,485.204,44094078976.0,,1754287200.0,1754632800.0,True,,,False,1754287200.0,2025-08-04,-264.0
2,False,35.76248313090417,False,True,False,True,0.46131547469671447,1746.0,1746.0,84344605.0,84.344605,2289.0,0.762778505897772,-0.35376223724030464,-0.046004923010974696,86.07813262521209,4.930019050699432,-0.17524799244213507,-0.23722149410222804,23.931128199652644,18.961655775042534,33.70159346461667,"fund_low_adv20,fund_small_mcap",5,trend_break;macd_sell_like;trailing_stop;di_bear;vol_distribution,True,False,True,False,True,False,True,True,False,4667.T,,1746.0,17.65241,1.4152848,98.91,1233.674,9219164160.0,,1746771600.0,1746771600.0,True,,,False,1746771600.0,2025-05-09,-325.0
1,False,27.734375,False,True,False,True,0.46282407524664737,2350.0,2350.0,82592935.0,82.592935,2947.0,0.7974211062097047,-0.4424157527527909,-0.08575574887942472,68.88990691741503,2.931485400741065,-0.12017970797454136,-0.20257889379029526,20.902499183709676,12.830361013738775,34.640894768152265,"fund_low_adv20,fund_small_mcap",5,trend_break;macd_sell_like;trailing_stop;di_bear;vol_distribution,True,False,True,False,True,False,True,True,False,4310.T,,2350.0,12.959083,1.925341,181.34,1220.563,20535945216.0,,1753941600.0,1754287200.0,True,,,False,1753941600.0,2025-07-31,-266.0
1,False,33.25471698113208,False,True,False,False,0.36849379164399626,794.0,794.0,70567330.0,70.56733,1313.0,0.6047220106626047,-0.39527798933739533,-0.23210920630791354,46.56396363398626,5.864479047101544,-0.2075848303393214,-0.33333333333333337,30.532350867597984,13.614844422874645,47.3403191512159,"fund_low_adv20,fund_small_mcap",5,trend_break;macd_sell_like;trailing_stop;di_bear;vol_distribution,True,False,True,False,True,False,True,True,False,7271.T,,794.0,4.3708024,0.5570507,181.66,1425.364,8180844032.0,,1754375400.0,1754980200.0,True,,,False,1754375400.0,2025-08-05,-263.0
2,False,36.23188405797102,False,True,False,False,0.45270637840546346,1050.0,1050.0,61038525.0,61.038525,1446.7001953125,0.7257896303616596,-0.3340149845992463,-0.026279808685173878,44.69987005333917,4.257130481270397,-0.1322314049586777,-0.18981481481481477,23.997539945231832,17.393957811154177,42.05145840856451,"fund_low_adv20,fund_small_mcap",5,trend_break;macd_sell_like;trailing_stop;di_bear;vol_distribution,True,False,True,False,True,False,True,True,False,8416.T,,1050.0,22.231632,0.23194139,47.23,4527.006,10645877760.0,,1754546400.0,1754978400.0,True,,,False,1754546400.0,2025-08-07,-261.0
1,False,58.267716535433074,False,True,False,False,0.5765314708571492,2009.0,2009.0,46873850.0,46.87385,2665.0,0.7538461538461538,-0.3373358348968105,-0.07079839850016134,58.544008438642365,2.9140870302957875,-0.08012820512820518,-0.08012820512820518,32.049233627103824,40.52581923342602,6.498281868923088,"fund_low_adv20,fund_small_mcap",5,trend_break;rsi_reversal;trailing_stop;vol_distribution;natr_spike,True,False,False,True,True,False,False,True,True,4404.T,,2009.0,2.1303217,0.4842216,943.05,4148.927,20493711360.0,,1754275800.0,1754621400.0,True,,,False,1754275800.0,2025-08-04,-264.0
2,False,41.9753086419753,False,False,True,False,0.4346893684240122,122.0,122.0,39698145.0,39.698145,235.0,0.5191489361702127,-0.625,-0.22236032762851765,8.177531410341832,6.702894598640846,-0.19736842105263153,-0.19736842105263153,30.701810853137076,28.206489797681893,34.824634261736925,"fund_neg_eps,fund_low_adv20,fund_small_mcap",5,trend_break;macd_sell_like;trailing_stop;di_bear;natr_spike,True,False,True,False,True,False,True,False,True,2721.T,,122.0,-4.104979811574697,8.656779,-29.72,14.093,1255194624.0,,1754982000.0,1755500400.0,True,,,False,1754982000.0,2025-08-12,-258.0
2,False,50.16835016835017,False,False,True,False,0.4529595477472307,393.0,393.0,35245680.0,35.24568,1805.0,0.21772853185595567,-0.8120517176147817,-0.5302386459397916,31.973754032208916,8.135815275371225,-0.17782426778242677,-0.33838383838383834,33.96110009192862,25.59316980435859,12.875556121923967,"fund_neg_eps,fund_low_adv20,fund_small_mcap",5,trend_break;cross_sma25_down;macd_sell_like;trailing_stop;natr_spike,True,True,True,False,True,False,False,False,True,9238.T,,393.0,-3.460420885797306,1.4445343,-113.57,272.06,904138176.0,,1744612200.0,1744612200.0,True,,,False,1744612200.0,2025-04-14,-344.0
1,False,31.771428571428572,False,True,False,False,0.6841693016454918,1995.0,1995.0,27312895.0,27.312895,3195.939453125,0.6242295979823029,-0.37577040201769707,-0.1342043667092392,100.67502541376935,5.046367188660118,-0.1987951807228916,-0.1987951807228916,17.14154888086734,15.609254143428592,38.82961659818458,"fund_low_adv20,fund_small_mcap",5,trend_break;cross_sma25_down;macd_sell_like;trailing_stop;vol_distribution,True,True,True,False,True,False,False,True,False,8747.T,,1995.0,2.5605483,0.62422204,779.13,3195.978,11350853632.0,,1746770400.0,1746770400.0,True,,,False,1746770400.0,2025-05-09,-325.0
2,False,45.382165605095544,False,False,True,False,0.5613115015452437,1500.0,1500.0,23679765.0,23.679765,2327.759521484375,0.6443964619865346,-0.5023160095497374,-0.07950262698324195,74.50934626233754,4.967289750822503,-0.1071428571428571,-0.1071428571428571,20.155163568073633,18.050175290884116,19.10573033328527,"fund_low_adv20,fund_small_mcap",5,trend_break;cross_sma25_down;macd_sell_like;trailing_stop;di_bear,True,True,True,False,True,False,True,False,False,7378.T,,1500.0,12.725884,3.7493064,117.87,400.074,10544380928.0,,1749812340.0,1749812340.0,True,,,False,1749812340.0,2025-06-13,-300.0
2,True,55.97345132743363,False,True,False,False,0.4922031808728974,887.0,887.0,13882315.0,13.882315,1242.0,0.714170692431562,-0.4879227053140096,0.10210978852414199,44.46759816787836,5.013257967066331,-0.15523809523809529,-0.15523809523809529,34.178890936249466,29.055658318777862,30.96944334832104,"fund_low_adv20,fund_small_mcap",5,rsi_reversal;trailing_stop;di_bear;vol_distribution;natr_spike,False,False,False,True,True,False,True,True,True,4074.T,,887.0,22.404648,1.6657027,39.59,532.508,5930195456.0,,1747281600.0,1747281600.0,True,,,False,1747281600.0,2025-05-15,-321.0
2,False,35.09615384615384,False,True,False,False,0.43816840288678394,1006.0,1006.0,11743435.0,11.743435,1394.8406982421875,0.721229314048397,-0.29382616865042643,-0.15498935392866053,36.7965983817446,3.657713556833459,-0.1409052092228864,-0.1409052092228864,21.32715134209493,20.650928262136198,34.83775748745083,"fund_low_adv20,fund_small_mcap",5,trend_break;macd_sell_like;trailing_stop;di_bear;vol_distribution,True,False,True,False,True,False,True,True,False,1798.T,,1006.0,3.998728,0.58501124,251.58,1719.625,10970128384.0,,1747029600.0,1747029600.0,True,,,False,1747029600.0,2025-05-12,-324.0
1,False,45.42124542124542,False,False,True,False,0.40828192851116607,985.0,985.0,11205670.0,11.20567,1343.3189697265625,0.7332584607217304,-0.3784052642612742,-0.10211407008078288,28.402636865564762,2.88351643305226,-0.10127737226277367,-0.10127737226277367,35.59642979430788,24.6027135763571,25.40121402665673,"fund_low_adv20,fund_small_mcap",5,trend_break;cross_sma25_down;macd_sell_like;trailing_stop;di_bear,True,True,True,False,True,False,True,False,False,3712.T,,985.0,12.554168,2.005077,78.46,491.253,14897711104.0,,1754462400.0,1754980800.0,True,,,False,1754462400.0,2025-08-06,-262.0
2,False,36.893203883495154,False,True,False,True,0.5692705762415924,1018.0,1018.0,7446265.0,7.446265,1686.131591796875,0.6037488443681545,-0.41463643478254575,-0.18470798375020925,28.605320426053833,2.809952890575033,-0.08944543828264762,-0.08944543828264762,35.52826985371093,21.869116207670867,27.284641471408793,"fund_low_adv20,fund_small_mcap",5,trend_break;macd_sell_like;trailing_stop;di_bear;vol_distribution,True,False,True,False,True,False,True,True,False,1768.T,,1018.0,5.44065,0.71528953,187.11,1423.2,7436864512.0,,1754547600.0,1754893200.0,True,,,False,1754547600.0,2025-08-07,-261.0
1,False,58.94736842105264,False,True,False,False,0.3740757044243273,888.0,888.0,6159735.0,6.159735,1340.0,0.6626865671641791,-0.526865671641791,0.04798546038190099,22.991723519331753,2.589158053978801,-0.07112970711297073,-0.07112970711297073,37.74640441159727,28.58037294976372,31.300630879656595,"fund_low_adv20,fund_small_mcap",5,trend_break;macd_sell_like;rsi_reversal;di_bear;vol_distribution,True,False,True,True,False,False,True,True,False,5587.T,,888.0,11.30778,1.9229187,78.53,461.798,3063208448.0,,1747290600.0,1747290600.0,True,,,False,1747290600.0,2025-05-15,-321.0
0,False,27.11864406779661,False,True,False,True,0.42422822389799697,475.0,475.0,1432445.0,1.432445,1380.0,0.3442028985507246,-0.7004732927653821,-0.20208968511939251,16.29148778306431,3.429786901697749,-0.10881801125703561,-0.10881801125703561,27.93448831132605,11.869768980812697,44.81879848501193,"fund_low_adv20,fund_small_mcap",5,trend_break;macd_sell_like;trailing_stop;di_bear;vol_distribution,True,False,True,False,True,False,True,True,False,5134.T,,475.0,33.427162,2.0852907,14.21,227.786,1840804608.0,,1749725940.0,1749725940.0,True,,,False,1749725940.0,2025-06-12,-301.0
4,False,53.63128491620112,False,True,False,False,0.28014490037443107,1194.0,1194.0,1327400.0,1.3274,1463.5367431640625,0.8158319260360056,-0.2121824030824837,-0.009833273493254024,18.470155014454843,1.546914155314476,-0.05087440381558028,-0.05087440381558028,22.827418426894265,31.05927103342758,45.88172904847281,"fund_low_adv20,fund_small_mcap",5,trend_break;rsi_reversal;di_bear;vol_distribution;natr_spike,True,False,False,True,False,False,True,True,True,5969.T,,1194.0,18.148655,0.44944075,65.79,2656.635,2229675520.0,,1746752400.0,1746752400.0,True,,,False,1746752400.0,2025-05-09,-325.0
1,False,32.95019157088123,False,True,False,True,0.584805144573161,3030.0,3030.0,7987693760.0,7987.69376,4362.78173828125,0.6945110211251803,-0.30548897887481974,-0.10258849127760361,101.10917058085269,3.336936322800419,-0.09036325427799463,-0.14839797639123098,13.825645489956026,14.267349625921568,28.159112145854436,earnings_blackout,4,trend_break;macd_sell_like;trailing_stop;vol_distribution;before_earnings,True,False,True,False,True,False,False,True,False,1802.T,,3030.0,12.141369,1.6553361,249.56,1830.444,2082887172096.0,1786084200.0,1786084200.0,1786084200.0,True,,,True,1786084200.0,2026-08-07,0.0
4,True,49.26517571884984,False,True,False,False,0.31320396004283685,3575.0,3575.0,3011060945.0,3011.060945,4533.0,0.7886609309508053,-0.2819324950363997,0.0766124692012613,209.9694655609777,5.873271763943432,-0.12698412698412698,-0.21133906904919475,23.971793803611053,24.075212733595897,34.92292227009079,earnings_blackout,4,cross_sma25_down;trailing_stop;di_bear;vol_distribution;before_earnings,False,True,False,False,True,False,True,True,False,4061.T,,3575.0,19.649334,0.9918122,181.94,3604.513,308163969024.0,1786084200.0,1786084200.0,1786084200.0,True,,,True,1786084200.0,2026-08-07,0.0
4,True,32.365145228215766,False,True,False,False,0.49466130538945047,4055.0,4055.0,1361117000.0,1361.117,4965.0,0.8167170191339376,-0.18328298086606243,0.09877488853804195,173.55957535753703,4.280137493404119,-0.1525600835945663,-0.18328298086606243,26.360405862624546,15.683625378133542,37.626479024902984,earnings_blackout,4,macd_sell_like;trailing_stop;di_bear;vol_distribution;before_earnings,False,False,True,False,True,False,True,True,False,1979.T,,4055.0,16.530106,1.5869755,245.31,2555.175,255463358464.0,1786084200.0,1786084200.0,1786084200.0,True,,,True,1786084200.0,2026-08-07,0.0
1,False,35.91874422899353,False,False,True,False,0.45048195439092104,4862.0,4862.0,927511835.0,927.511835,6550.9501953125,0.7421824094280216,-0.26636596879657104,-0.15155104684162446,129.63428715099963,2.6662749311188736,-0.09712163416898789,-0.10096153846153844,20.57540873179699,24.510727380366237,28.51279024894298,earnings_blackout,4,trend_break;macd_sell_like;trailing_stop;di_bear;before_earnings,True,False,True,False,True,False,True,False,False,9987.T,,4862.0,8.908514,0.790753,545.77,6148.57,328855224320.0,1786084200.0,1786084200.0,1786084200.0,True,,,True,1786084200.0,2026-08-07,0.0
5,True,54.366471734892784,True,False,False,False,0.4538493559815719,32220.0,32220.0,40011064375.0,40011.064375,54900.0,0.5868852459016394,-0.5325136612021858,0.07446503227836243,2967.208878179897,9.209214395344187,-0.11629182665935267,-0.40156017830609214,22.42982205782183,25.534587250041298,33.67825468135935,earnings_blackout,3,cross_sma25_down;trailing_stop;di_bear;before_earnings,False,True,False,False,True,False,True,False,False,5706.T,,32220.0,20.196827,4.4737034,1595.3,7202.087,1843380486144.0,1786084200.0,1786084200.0,1786084200.0,True,,,True,1786084200.0,2026-08-07,0.0
2,False,37.92207792207792,False,False,True,False,0.45562968247854646,3833.0,3833.0,14167381960.0,14167.38196,5280.33544921875,0.7259008517284844,-0.2992869419787654,-0.06288100297527022,117.15612698131021,3.05651257451892,-0.1004459047172025,-0.12046810463515378,23.465594984556503,18.199908012777023,32.00618805824399,earnings_blackout,3,trend_break;trailing_stop;di_bear;before_earnings,True,False,False,False,True,False,True,False,False,8802.T,,3833.0,21.103342,1.7194324,181.63,2229.224,4611593207808.0,1786084200.0,1786084200.0,1786084200.0,True,,,True,1786084200.0,2026-08-07,0.0
2,False,34.82142857142857,False,False,False,False,0.42556433463196736,1670.0,1670.0,4143364002.5,4143.3640025,1982.0638427734375,0.8425561094254276,-0.19427418757340842,-0.053571453513338585,36.85462148315713,2.2068635618656964,-0.09558624424587059,-0.09558624424587059,19.576656694345306,27.047455112379254,27.49069684267601,earnings_blackout,3,trend_break;macd_sell_like;trailing_stop;before_earnings,True,False,True,False,True,False,False,False,False,9005.T,,1670.0,10.9716835,1.042665,152.21,1601.665,941952139264.0,1786084200.0,1786084200.0,1786084200.0,True,,,True,1786084200.0,2026-08-07,0.0
2,False,46.14525139664805,False,False,False,True,0.4411498868906238,1499.5,1499.5,2777916582.5,2777.9165825,2183.36474609375,0.686784012008415,-0.3388644739352137,-0.1013631028069436,62.466534635569516,4.165824250454786,-0.08147013782542112,-0.22825527534740098,21.425666813373315,22.07625837392737,32.65626951795606,earnings_blackout,3,trend_break;trailing_stop;di_bear;before_earnings,True,False,False,False,True,False,True,False,False,1893.T,,1499.5,11.947255,2.065373,125.51,726.019,406625714176.0,1786084200.0,1786084200.0,1786084200.0,True,,,True,1786084200.0,2026-08-07,0.0
4,True,45.91194968553459,False,True,False,False,0.25706609650076784,12890.0,12890.0,2327108100.0,2327.1081,16640.0,0.7746394230769231,-0.2830528846153846,0.0705815171695583,995.573455235763,7.723610979330978,-0.13663764233087738,-0.22536057692307687,15.576811285721405,23.551065957439153,35.176743896654365,earnings_blackout,3,cross_sma25_down;trailing_stop;vol_distribution;before_earnings,False,True,False,False,True,False,False,True,False,6507.T,,12890.0,25.051989,3.6772394,514.53,3505.347,363701108736.0,1786084200.0,1786084200.0,1786084200.0,True,,,True,1786084200.0,2026-08-07,0.0
4,True,45.80536912751678,False,True,False,False,0.3289310171744702,2091.0,2091.0,669132370.0,669.13237,2672.296142578125,0.782473157328546,-0.25108410890285415,0.044108410411529464,124.34716882764148,5.946779953497919,-0.1426814268142681,-0.21752684267145395,22.278720736782883,25.19919905868897,38.978492879280054,earnings_blackout,3,trailing_stop;di_bear;vol_distribution;before_earnings,False,False,False,False,True,False,True,True,False,6498.T,,2091.0,15.863744,2.5230465,131.81,828.76,181760147456.0,1786084200.0,1786084200.0,1786084200.0,True,,,True,1786084200.0,2026-08-07,0.0
2,False,37.05882352941176,True,False,False,True,0.3653529434951332,865.0,865.0,520189795.0,520.189795,1242.0,0.6964573268921095,-0.5008665511265165,-0.06247290384115145,31.740419439671896,3.6694126519851906,-0.08271474019088021,-0.26194539249146753,23.90087919624979,17.311348680052955,24.92767916145645,"fund_neg_eps,earnings_blackout",3,trend_break;trailing_stop;di_bear;before_earnings,True,False,False,False,True,False,True,False,False,4565.T,,865.0,-6.232886583081136,1.2291226,-138.78,703.754,79347449856.0,1786084200.0,1786084200.0,1786084200.0,True,,,False,1786084200.0,2026-08-07,0.0
4,False,54.56989247311827,False,True,False,False,0.3296622458642609,2357.0,2357.0,356660105.0,356.660105,2682.71435546875,0.8785877613825055,-0.20522245371891334,0.015090030568211121,54.2471374733616,2.3015331978515743,-0.0379591836734694,-0.0379591836734694,15.976134649521741,20.00990345522416,21.532676972444094,earnings_blackout,3,trend_break;macd_sell_like;vol_distribution;before_earnings,True,False,True,False,False,False,False,True,False,9830.T,,2357.0,9.78658,0.82418525,240.84,2859.794,155420753920.0,1786084200.0,1786084200.0,1786084200.0,True,,,True,1786084200.0,2026-08-07,0.0
2,False,55.55555555555556,False,False,True,True,0.4525665604442654,482.0,482.0,344046020.0,344.04602,699.0,0.6895565092989986,-0.42060085836909866,-0.06961481667358349,1.4892305152380167,0.30896898656390387,-0.004132231404958664,-0.004132231404958664,21.948495092963057,14.581431814523004,12.780682772455378,earnings_blackout,3,trend_break;cross_sma25_down;macd_sell_like;before_earnings,True,True,True,False,False,False,False,False,False,5202.T,,482.0,15.720809,0.45349678,30.66,1062.852,68590305280.0,1786084200.0,1786084200.0,1786084200.0,True,,,True,1786084200.0,2026-08-07,0.0
4,False,40.993788819875775,False,True,False,False,0.33520772596304516,4595.0,4595.0,309335175.0,309.335175,5258.431640625,0.8738346933143459,-0.1594451916323375,-0.03501751203635317,97.37316403887132,2.1191112957316935,-0.05936540429887416,-0.05936540429887416,20.082585015597378,26.38434877798248,22.794497215141604,earnings_blackout,3,trend_break;macd_sell_like;vol_distribution;before_earnings,True,False,True,False,False,False,False,True,False,8850.T,,4595.0,8.722806,1.1525642,526.78,3986.763,217546489856.0,1786084200.0,1786084200.0,1786084200.0,True,,,True,1786084200.0,2026-08-07,0.0
4,True,50.56947608200456,True,False,True,False,0.4183986176631172,6330.0,6330.0,4934691000.0,4934.691,8180.0,0.773838630806846,-0.3728606356968215,0.29754954074311657,508.6291795903689,8.035216107272811,-0.12448132780082988,-0.226161369193154,14.835473380580872,28.791773248880038,31.373421167801236,earnings_blackout,2,cross_sma25_down;trailing_stop;ext_dev200;before_earnings,False,True,False,False,True,True,False,False,False,6407.T,,6330.0,31.113297,2.7554638,203.45,2297.254,423065616384.0,1786343400.0,1786343400.0,1786343400.0,True,,,True,1786343400.0,2026-08-10,1.0
3,True,48.42767295597484,False,True,False,False,0.32481318610655385,3810.0,3810.0,3003667750.0,3003.66775,4895.0,0.7783452502553626,-0.3258426966292135,0.27134761579858613,284.4495887079521,7.465868470024989,-0.10877192982456141,-0.2216547497446374,13.000805305214275,26.449491873591093,29.291359967785326,earnings_blackout,2,trailing_stop;ext_dev200;vol_distribution;before_earnings,False,False,False,False,True,True,False,True,False,4368.T,,3810.0,28.1909,3.4388146,135.15,1107.94,403084181504.0,1786084200.0,1786084200.0,1786084200.0,True,,,True,1786084200.0,2026-08-07,0.0
5,True,50.894085281980736,False,True,False,False,0.34306427392119415,1489.5,1489.5,2000128000.0,2000.128,1610.0,0.9251552795031056,-0.19807618307952635,0.22822630266795407,52.85007970378154,3.548175878065226,-0.07484472049689439,-0.07484472049689439,18.07485542478739,20.157036458797066,31.27999661001405,earnings_blackout,2,macd_sell_like;ext_dev200;vol_distribution;before_earnings,False,False,True,False,False,True,False,True,False,7180.T,,1489.5,17.011192,0.82906556,87.56,1796.601,629998419968.0,1786084200.0,1786084200.0,1786084200.0,True,,,True,1786084200.0,2026-08-07,0.0
6,True,47.77327935222672,False,False,False,False,0.41112720722998225,2198.0,2198.0,1876310620.0,1876.31062,2718.0,0.8086828550404709,-0.3696980538426031,0.14553540337733284,150.9915575678535,6.869497614552025,-0.17275122318404212,-0.19131714495952912,17.512353939569536,23.779381447785312,30.750710213163536,earnings_blackout,2,cross_sma25_down;trailing_stop;before_earnings,False,True,False,False,True,False,False,False,False,6055.T,,2198.0,21.348097,3.6060512,102.96,609.531,225897644032.0,1786084200.0,1786084200.0,1786084200.0,True,,,True,1786084200.0,2026-08-07,0.0
3,False,54.66666666666667,False,False,True,False,0.5343381841128039,1290.0,1290.0,1112624580.0,1112.62458,1500.501953125,0.8597123098129923,-0.1952971954697451,-0.003684930259118868,22.023708766095535,1.707264245433762,-0.04656319290465627,-0.04656319290465627,14.503111191771174,25.17876648677695,24.110805088906677,earnings_blackout,2,trend_break;macd_sell_like;before_earnings,True,False,True,False,False,False,False,False,False,1414.T,,1290.0,17.891817,2.4974687,72.1,516.523,259240509440.0,1786343400.0,1786343400.0,1786343400.0,True,,,True,1786343400.0,2026-08-10,1.0
3,False,42.00542005420054,False,False,True,False,0.2373320999985694,3136.0,3136.0,999821260.0,999.82126,3469.76123046875,0.9038085884590795,-0.14742044368867702,-0.03116834527062473,71.73491591106793,2.287465430837625,-0.08677926616191034,-0.08677926616191034,15.58751945658115,25.151188536060136,28.403428582559005,earnings_blackout,2,trend_break;trailing_stop;before_earnings,True,False,False,False,True,False,False,False,False,9045.T,,3136.0,9.426759,0.9273886,332.67,3381.538,316424093696.0,1786084200.0,1786084200.0,1786084200.0,True,,,True,1786084200.0,2026-08-07,0.0
2,False,35.5,False,False,True,True,0.6113906866589607,1388.0,1388.0,952679630.0,952.67963,2007.237060546875,0.69149779429732,-0.33141927957708694,-0.09788258564474117,34.45953394126041,2.482675355998589,-0.06845637583892616,-0.06908115358819589,13.477048015958655,16.668648966662257,21.27358335068848,earnings_blackout,2,trend_break;macd_sell_like;before_earnings,True,False,True,False,False,False,False,False,False,1861.T,,1388.0,11.874412,1.2553985,116.89,1105.625,235845533696.0,1786084200.0,1786084200.0,1786084200.0,True,,,True,1786084200.0,2026-08-07,0.0
3,False,36.91756272401434,False,False,False,True,0.49353255579812094,3469.0,3469.0,950824610.0,950.82461,4181.0,0.8297058120066969,-0.18129634058837596,-0.03861969886919525,82.61537880190826,2.3815329720930603,-0.07739361702127656,-0.1415491215045781,44.75362995735911,16.109138091631596,27.14287884105599,earnings_blackout,2,trend_break;di_bear;before_earnings,True,False,False,False,False,False,True,False,False,1417.T,,3469.0,13.250573,1.1007107,261.8,3151.6,302098219008.0,1786084200.0,1786084200.0,1786084200.0,True,,,True,1786084200.0,2026-08-07,0.0
7,True,48.63387978142076,False,True,False,False,0.3727707731354549,3655.0,3655.0,747846050.0,747.84605,4005.0,0.9126092384519351,-0.10893856967894977,0.11544394798661295,115.21034821854536,3.1521299102201192,-0.08739076154806491,-0.08739076154806491,24.165666972111566,34.79173735935322,22.707809106755207,earnings_blackout,2,trailing_stop;vol_distribution;before_earnings,False,False,False,False,True,False,False,True,False,2270.T,,3655.0,6.9653544,0.93160254,524.74,3923.347,219848654848.0,1786084200.0,1786084200.0,1786084200.0,True,,,True,1786084200.0,2026-08-07,0.0
1,False,43.62139917695473,False,False,True,True,0.6333475699420766,1650.0,1650.0,740145065.0,740.145065,2395.795654296875,0.6887064833934039,-0.33258080791148315,-0.18277740379884255,34.547337805086926,2.0937780487931468,-0.03536977491961413,-0.1881918819188192,21.4201464358398,20.353240313365124,24.6489616588504,earnings_blackout,2,trend_break;di_bear;before_earnings,True,False,False,False,False,False,True,False,False,4887.T,,1650.0,16.574585,1.0671793,99.55,1546.132,190551293952.0,1786343400.0,1786343400.0,1786343400.0,True,,,True,1786343400.0,2026-08-10,1.0
4,False,60.56622851365015,False,False,True,True,0.4977507801074051,2452.5,2452.5,657624770.0,657.62477,2748.146728515625,0.8924195984705247,-0.2786047486369765,0.024773091536269165,58.50252319236651,2.3854239833788586,-0.05089009287925694,-0.05089009287925694,36.93231801801164,25.531539886269922,19.722920970451362,earnings_blackout,2,trend_break;macd_sell_like;before_earnings,True,False,True,False,False,False,False,False,False,3360.T,,2452.5,17.013529,1.4938537,144.15,1641.727,223703891968.0,1786084200.0,1786084200.0,1786084200.0,True,,,True,1786084200.0,2026-08-07,0.0
4,False,53.684210526315795,False,True,False,True,0.43947390104144146,5280.0,5280.0,499830000.0,499.83,6595.22119140625,0.8005796692429333,-0.2530920108290118,-0.019592121086317138,120.2237143558855,2.276964287043286,-0.05714285714285716,-0.05714285714285716,19.947154694709603,25.012672341532554,28.552579966400852,earnings_blackout,2,trend_break;macd_sell_like;before_earnings,True,False,True,False,False,False,False,False,False,2815.T,,5280.0,17.766413,1.2613202,297.19,4186.09,168158953472.0,1786084200.0,1786084200.0,1786084200.0,True,,,True,1786084200.0,2026-08-07,0.0
2,False,57.65765765765766,False,False,True,True,0.5366326444465278,737.0,737.0,451795385.0,451.795385,889.0440673828125,0.828980280099722,-0.24863117081870523,-0.04595275681909228,13.583539310815327,1.8430853881703295,-0.03280839895013121,-0.03280839895013121,27.371304051192116,31.85132355644702,18.763786654717837,"fund_small_mcap,earnings_blackout",2,trend_break;macd_sell_like;before_earnings,True,False,True,False,False,False,False,False,False,8219.T,,737.0,15.363769,0.59073424,47.97,1247.6,,1786343400.0,1786343400.0,1786343400.0,True,,,False,1786343400.0,2026-08-10,1.0
2,False,57.4712643678161,False,False,True,False,0.4354044846557473,3775.0,3775.0,369092325.0,369.092325,4464.72900390625,0.8455160428991777,-0.25863361536522433,-0.010095639720139049,90.54338355487543,2.3985002266192166,-0.0679012345679012,-0.0679012345679012,27.88566947668846,32.99963246180861,23.145609092223314,earnings_blackout,2,trend_break;macd_sell_like;before_earnings,True,False,True,False,False,False,False,False,False,9746.T,,3775.0,14.038154,1.7393036,268.91,2170.409,187973468160.0,1786084200.0,1786084200.0,1786084200.0,True,,,True,1786084200.0,2026-08-07,0.0
1,False,56.16438356164384,False,False,True,True,0.40555062436667,1016.0,1016.0,302931085.0,302.931085,1308.14599609375,0.7766717193905527,-0.27130043190151254,-0.10358280791579766,18.55393384397082,1.8261745909420102,-0.03145853193517634,-0.0544251282843049,10.337505726367292,22.225529471744125,19.708863029369716,earnings_blackout,2,trend_break;macd_sell_like;before_earnings,True,False,True,False,False,False,False,False,False,9416.T,,1016.0,11.045879,2.3989422,91.98,423.52,48320110592.0,1786343400.0,1786343400.0,1786343400.0,True,,,True,1786343400.0,2026-08-10,1.0
2,False,50.0,False,False,True,True,0.39755261895903815,69.0,69.0,29519355.0,29.519355,201.0,0.34328358208955223,-0.6716417910447761,-0.27997495565063135,3.1609042423403317,4.581020641072945,-0.0547945205479452,-0.1785714285714286,23.65313828824694,19.499040657335758,14.568225985283737,"fund_neg_eps,fund_low_adv20,fund_small_mcap,earnings_blackout",2,trend_break;cross_sma25_down;before_earnings,True,True,False,False,False,False,False,False,False,4582.T,,69.0,-0.669512905103823,21.488632,-103.06,3.211,4978194432.0,1786343400.0,1786343400.0,1786343400.0,True,,,False,1786343400.0,2026-08-10,1.0
3,True,60.91593475533249,False,True,False,True,0.38693333309283784,2778.5,2778.5,36973529327.5,36973.5293275,3651.781982421875,0.7608614132427721,-0.2867865572104372,0.0011706164941025499,136.86537670502406,4.925872834443911,-0.04976060191518472,-0.17355740630577032,14.167511917477874,25.7180076298337,29.10796905219965,earnings_blackout,1,vol_distribution;before_earnings,False,False,False,False,False,False,False,True,False,7012.T,,2778.5,21.47716,2.6447423,129.37,1050.575,2426180993024.0,1786084200.0,1786084200.0,1786084200.0,True,,,True,1786084200.0,2026-08-07,0.0
5,True,73.68421052631578,True,True,False,False,0.5584141664915734,8999.0,8999.0,24842720770.0,24842.72077,12825.5693359375,0.7016452653516615,-0.4702769271253263,0.13147041035768603,457.38089634535174,5.082574689913899,-0.009793133802816878,-0.12418491484184913,22.167748550224626,38.262425760425984,21.182931119465646,earnings_blackout,1,vol_distribution;before_earnings,False,False,False,False,False,False,False,True,False,5713.T,,8999.0,13.849091,1.1734316,649.79,7668.96,2416079536128.0,1786343400.0,1786343400.0,1786343400.0,True,,,True,1786343400.0,2026-08-10,1.0
4,True,59.58268933539413,True,True,False,True,0.23439647390918739,74190.0,74190.0,21670061000.0,21670.061,84560.0,0.8773651844843898,-0.36153493064973086,0.15193558942602725,3794.720055304797,5.114867307325512,-0.021110964507190966,-0.02124010554089706,13.524953370099368,35.3575127911236,21.6709428217468,earnings_blackout,1,vol_distribution;before_earnings,False,False,False,False,False,False,False,True,False,6273.T,,74190.0,28.131577,2.2146986,2637.25,33498.914,4648774664192.0,1786084200.0,1786084200.0,1786084200.0,True,,,True,1786084200.0,2026-08-07,0.0
4,False,55.1255230125523,False,False,True,True,0.567447115532969,3499.0,3499.0,16035095470.0,16035.09547,4821.03857421875,0.725777225411853,-0.3354129093399323,0.003283037521260912,97.48952066162197,2.7862109363138603,-0.0696623238500399,-0.10936429674077475,17.679165465218105,26.805049144717557,29.61130320802969,earnings_blackout,1,trend_break;before_earnings,True,False,False,False,False,False,False,False,False,1605.T,,3499.0,10.589232,0.83160585,330.43,4207.522,4066502246400.0,1786084200.0,1786084200.0,1786084200.0,True,,,True,1786084200.0,2026-08-07,0.0
2,False,48.250728862973766,False,False,True,True,0.42927651312228526,1525.0,1525.0,13680242407.5,13680.2424075,2124.775146484375,0.7177230035485143,-0.31851612515524674,-0.10142266051766669,38.397648860819096,2.517878613824203,-0.06269207129686538,-0.06269207129686538,14.577751660280247,25.29246725346602,26.743198434317307,earnings_blackout,1,trend_break;before_earnings,True,False,False,False,False,False,False,False,False,8801.T,,1525.0,15.093032,1.2642235,101.04,1206.274,4105580576768.0,1786084200.0,1786084200.0,1786084200.0,True,,,True,1786084200.0,2026-08-07,0.0
4,True,58.45659163987138,False,True,False,True,0.31581242961782563,5672.0,5672.0,12255239720.0,12255.23972,5901.0,0.9611930181325199,-0.2711461633950131,0.24782477653772617,247.89302563317807,4.370469422305678,-0.038806981867480106,-0.038806981867480106,32.13217618632868,28.635064545332767,18.850810789875933,earnings_blackout,1,ext_dev200;vol_distribution;before_earnings,False,False,False,False,False,True,False,True,False,3563.T,,5672.0,45.11972,11.239651,125.71,504.642,1288806072320.0,1786084200.0,1786084200.0,1786084200.0,True,,,True,1786084200.0,2026-08-07,0.0
5,True,58.31325301204819,True,False,True,True,0.31935505448621887,7160.0,7160.0,11209943050.0,11209.94305,8890.0,0.8053993250843644,-0.5510675272523864,0.4885286507724742,614.3581547243098,8.580421155367453,-0.09137055837563457,-0.1946006749156356,15.130140714643701,26.25829591525854,25.018164722216845,earnings_blackout,1,trailing_stop;ext_dev200;before_earnings,False,False,False,False,True,True,False,False,False,6324.T,,7160.0,418.46872,8.431574,17.11,849.189,677814206464.0,1786084200.0,1786084200.0,1786084200.0,True,,,True,1786084200.0,2026-08-07,0.0
4,False,75.88860661362978,True,False,False,True,0.4488489700241901,886.5,886.5,10241689465.897522,10241.689465897522,1056.0,0.8394886363636364,-0.3464015035918264,0.03523537360050666,23.820479435664783,2.687025317051865,0.0,0.0,21.59165083561591,33.09266219909746,13.889407068786532,"fund_neg_eps,earnings_blackout",1,trend_break;before_earnings,True,False,False,False,False,False,False,False,False,4755.T,,886.5,-10.771567436208992,2.138386,-82.3,414.565,1926976241664.0,1786343400.0,1786343400.0,1786343400.0,True,,,False,1786343400.0,2026-08-10,1.0
4,False,69.16230366492147,True,False,False,False,0.3621079597391625,2825.0,2825.0,9410609392.5,9410.6093925,3411.97998046875,0.8279649986726744,-0.46705068598182675,0.08325590756460288,103.96520192470584,3.6801841389276406,0.0,0.0,24.857723169020396,37.641964194903,14.742140944562049,earnings_blackout,1,trend_break;before_earnings,True,False,False,False,False,False,False,False,False,9843.T,,2825.0,17.896736,1.6147609,157.85,1749.485,1596286697472.0,1786084200.0,1786084200.0,1786084200.0,True,,,True,1786084200.0,2026-08-07,0.0
5,True,50.694168980563276,False,False,False,False,0.342994886158977,25670.0,25670.0,6835035750.0,6835.03575,28880.0,0.8888504155124654,-0.18559556786703602,0.27722974366607667,1416.8982573121089,5.519665980958742,-0.11114958448753465,-0.11114958448753465,12.337061495812195,27.19884721130212,32.53720495210965,earnings_blackout,1,trailing_stop;ext_dev200;before_earnings,False,False,False,False,True,True,False,False,False,6856.T,,25670.0,29.170122,3.1281192,880.01,8206.209,1078440951808.0,1786084200.0,1786084200.0,1786084200.0,True,,,True,1786084200.0,2026-08-07,0.0
3,False,72.4865694551036,True,False,True,True,0.3903086402026673,10475.0,10475.0,5796162640.0,5796.16264,10475.0,1.0,-0.2851627750263025,0.17252863131199025,312.4896450542335,2.9831947021883867,0.0,0.0,43.27721268074955,40.33742239358783,11.800197042925497,earnings_blackout,1,trend_break;before_earnings,True,False,False,False,False,False,False,False,False,7550.T,,10475.0,37.97216,4.8068185,275.86,2179.196,1638942507008.0,1786084200.0,1786084200.0,1786084200.0,True,,,True,1786084200.0,2026-08-07,0.0
5,True,39.66480446927375,False,False,True,True,0.5179903199438283,5200.0,5200.0,5742472540.0,5742.47254,5588.0,0.9305654974946314,-0.1234425250232215,0.298064485154395,136.26834280549897,2.6205450539519037,-0.06943450250536864,-0.06943450250536864,23.165658817505744,18.464234140775453,24.946918570997344,earnings_blackout,1,ext_dev200;di_bear;before_earnings,False,False,False,False,False,True,True,False,False,9147.T,,5200.0,487.3477,1.5267032,10.67,3406.032,1255222542336.0,1786084200.0,1786084200.0,1786084200.0,True,,,True,1786084200.0,2026-08-07,0.0
2,False,64.43514644351464,True,True,False,True,0.545974876618812,10320.0,10320.0,5434127715.0,5434.127715,15963.6767578125,0.6464676124784018,-0.43490461897600174,-0.15062962912869649,442.6453031420681,4.289198673857249,-0.017142857142857126,-0.14773007710340746,13.165143045578658,26.88557323256426,18.43280888460653,earnings_blackout,1,trend_break;before_earnings,True,False,False,False,False,False,False,False,False,6269.T,,10320.0,12.387617,2.9518971,833.09,3496.057,705275625472.0,1786084200.0,1786084200.0,1786084200.0,True,,,True,1786084200.0,2026-08-07,0.0
5,True,40.52734375,False,False,True,True,0.3102239023807935,3030.0,3030.0,4926230990.0,4926.23099,3272.044189453125,0.9260266135056143,-0.2226571975407492,0.06968565658760961,83.50871587939967,2.7560632303432238,-0.05754276827371696,-0.05754276827371696,22.542063814920454,22.586954097869704,23.991594012987314,earnings_blackout,1,di_bear;before_earnings,False,False,False,False,False,False,True,False,False,7912.T,,3030.0,12.872801,1.0980564,235.38,2759.421,1299442040832.0,1786084200.0,1786084200.0,1786084200.0,True,,,True,1786084200.0,2026-08-07,0.0
6,True,36.50519031141868,False,True,False,True,0.49206982148451067,2613.5,2613.5,4864807085.0,4864.807085,2915.5,0.8964157091407992,-0.1922563605134835,0.162438539632203,91.16239350292335,3.4881344366911557,-0.10358429085920084,-0.10358429085920084,26.330556993902817,29.340867075087612,22.65265304438819,earnings_blackout,1,trailing_stop;before_earnings,False,False,False,False,True,False,False,False,False,5076.T,,2613.5,10.121607,1.0815805,258.21,2416.371,660414136320.0,1786084200.0,1786084200.0,1786084200.0,True,,,True,1786084200.0,2026-08-07,0.0
4,True,53.03102625298329,True,False,False,False,0.38955692124949204,4458.0,4458.0,4812497980.0,4812.49798,5665.0,0.78693733451015,-0.32568402471315094,0.1561429439773312,260.2360212735437,5.837506085095193,-0.06383872322553552,-0.21306266548984998,24.112335651145287,26.52492894706826,32.19853990217841,"fund_neg_eps,earnings_blackout",1,di_bear;before_earnings,False,False,False,False,False,False,True,False,False,4182.T,,4458.0,-21.54559953603016,1.3430305,-206.91,3319.359,869411192832.0,1786084200.0,1786084200.0,1786084200.0,True,,,False,1786084200.0,2026-08-07,0.0
2,False,46.58273381294964,False,False,False,False,0.3910877604500061,1347.0,1347.0,4599773832.5,4599.7738325,1794.763671875,0.7505166396602965,-0.3470353756990714,-0.0849390679635329,32.494810857298326,2.4123838795321695,-0.04230359047280485,-0.04230359047280485,12.258790081741626,30.275487777086973,25.36774853647415,earnings_blackout,1,trend_break;before_earnings,True,False,False,False,False,False,False,False,False,1911.T,,1347.0,7.7355995,0.66492647,174.13,2025.788,825940770816.0,1786084200.0,1786084200.0,1786084200.0,True,,,True,1786084200.0,2026-08-07,0.0
3,False,63.42281879194631,False,False,False,False,0.5249693161273958,1321.0,1321.0,4552660037.5,4552.6600375,1659.0,0.7962628089210367,-0.28481012658227844,0.02684056719202732,33.740559155104584,2.5541679905453885,-0.009373828271466045,-0.07492997198879547,15.871404546660616,30.82885439587088,23.759444678961433,earnings_blackout,1,trend_break;before_earnings,True,False,False,False,False,False,False,False,False,5019.T,,1321.0,9.414196,0.8390162,140.32,1574.463,1583153545216.0,1786084200.0,1786084200.0,1786084200.0,True,,,True,1786084200.0,2026-08-07,0.0
2,False,46.900072939460244,False,False,True,False,0.3196981884504889,2489.5,2489.5,4106194477.5,4106.1944775,3324.539794921875,0.7488254476010873,-0.33554713245599443,-0.02105000518274125,69.86873712604891,2.8065369401907576,-0.07522288261515597,-0.07522288261515597,23.599903829442276,32.04991516863654,23.813299212666752,earnings_blackout,1,trend_break;before_earnings,True,False,False,False,False,False,False,False,False,3088.T,,2489.5,17.798672,1.8226224,139.87,1365.889,979168919552.0,1786343400.0,1786343400.0,1786343400.0,True,,,True,1786343400.0,2026-08-10,1.0
3,False,62.84538506760729,True,False,True,False,0.24097124946569493,2769.5,2769.5,3054717927.5,3054.7179275,3738.187255859375,0.7408671129727334,-0.3728243558893036,0.029497053323659372,82.98354909759648,2.996336851330438,-0.0526765862835642,-0.0526765862835642,26.605532302551477,38.30728436457982,20.157662773307823,earnings_blackout,1,trend_break;before_earnings,True,False,False,False,False,False,False,False,False,9684.T,,2769.5,33.74147,2.8627098,82.08,967.44,998733905920.0,1786343400.0,1786343400.0,1786343400.0,True,,,True,1786343400.0,2026-08-10,1.0
3,False,63.55140186915888,False,True,False,False,0.37110928657363634,2769.5,2769.5,2897623732.5,2897.6237325,3373.079833984375,0.8210597247348842,-0.41160967667578796,0.11763324892983928,102.94115024512571,3.716957943496144,-0.052028067773404074,-0.052028067773404074,37.731547643224935,40.5663126167409,18.607699163583042,"fund_neg_eps,earnings_blackout",1,trend_break;before_earnings,True,False,False,False,False,False,False,False,False,6460.T,,2769.5,-101.0029175784099,1.5813614,-27.42,1751.339,562001412096.0,1786084200.0,1786084200.0,1786084200.0,True,,,False,1786084200.0,2026-08-07,0.0
5,True,42.928452579034946,False,True,False,True,0.2511332279544203,1960.0,1960.0,2865741747.5,2865.7417475,2163.0,0.9061488673139159,-0.25177946548413954,0.15711582468259255,80.4744189502101,4.105837701541332,-0.09385113268608414,-0.09385113268608414,22.149111249827417,32.99388891368625,22.771696158136205,earnings_blackout,1,trailing_stop;before_earnings,False,False,False,False,True,False,False,False,False,2501.T,,1960.0,50.882656,3.5551748,38.52,551.309,764089466880.0,1786084200.0,1786084200.0,1786084200.0,True,,,True,1786084200.0,2026-08-07,0.0
4,True,57.57042253521126,False,True,False,True,0.4580760648307413,5246.0,5246.0,2792782515.0,2792.782515,5903.0,0.8887006606810096,-0.14144395837367774,0.060100778193591387,143.37973858360056,2.7331250206557485,-0.0188890966897326,-0.07657102622777678,13.99071865850759,20.40855507645064,16.473433383842075,earnings_blackout,1,vol_distribution;before_earnings,False,False,False,False,False,False,False,True,False,1721.T,,5246.0,16.929134,1.5139128,309.88,3465.193,605756915712.0,1786084200.0,1786084200.0,1786084200.0,True,,,True,1786084200.0,2026-08-07,0.0
2,True,55.12422360248448,False,False,True,False,0.38983371313743914,8850.0,8850.0,2740028150.0,2740.02815,11598.396484375,0.7630365121525589,-0.36715389839550494,0.22268216225038384,736.6330210558158,8.323536961082665,-0.1096579476861167,-0.23696348784744115,19.86811098818965,27.789894540943784,29.48678579605948,earnings_blackout,1,trailing_stop;ext_dev200;before_earnings,False,False,False,False,True,True,False,False,False,4971.T,,8850.0,32.537964,11.631132,271.99,760.889,161606631424.0,1786343400.0,1786343400.0,1786343400.0,True,,,True,1786343400.0,2026-08-10,1.0
5,True,65.04064872554046,False,False,True,False,0.4710674480733145,325.0,325.0,2284007510.1594543,2284.0075101594543,333.5,0.974512743628186,-0.20390097930117512,0.14190312546523076,6.953640147909909,2.1395815839722796,-0.025487256371814038,-0.025487256371814038,38.9251434552257,31.58744105062448,15.836621027454012,earnings_blackout,1,macd_sell_like;before_earnings,False,False,True,False,False,False,False,False,False,8410.T,,325.0,26.771004,1.353287,12.14,240.156,379595063296.0,1786084200.0,1786084200.0,1786084200.0,True,,,True,1786084200.0,2026-08-07,0.0
4,False,47.65884828328469,False,False,False,False,0.4855803562230754,263.29998779296875,263.29998779296875,2216949120.9233856,2216.9491209233856,291.6011657714844,0.9029455938434277,-0.2489274150259958,0.03991522709870954,6.189963084736016,2.3509165862943937,-0.04877167845143571,-0.04877167845143571,14.857589334090243,34.02517921520089,26.141880445388605,earnings_blackout,1,trend_break;before_earnings,True,False,False,False,False,False,False,False,False,2181.T,,263.3,13.74217,2.675813,19.16,98.4,587336122368.0,1786084200.0,1786084200.0,1786084200.0,True,,,True,1786084200.0,2026-08-07,0.0
1,False,55.50072334045984,True,False,False,True,0.34463871425695,642.9000244140625,642.9000244140625,2077233261.3165283,2077.233261316528,889.7999877929688,0.7225219523869527,-0.42842699409942075,-0.0610828804255763,21.988689439082126,3.4202346560995336,-0.008329420762893336,-0.04273369895053336,19.587128010202264,26.54154610415918,14.619431587933018,earnings_blackout,1,trend_break;before_earnings,True,False,False,False,False,False,False,False,False,6753.T,,642.9,8.797209,1.4810737,73.08,434.077,417439285248.0,1786084200.0,1786084200.0,1786084200.0,True,,,True,1786084200.0,2026-08-07,0.0
3,False,49.59183673469387,False,False,True,True,0.49862999658859125,8506.0,8506.0,2005181130.0,2005.18113,11630.970703125,0.7313233105913176,-0.29722116849595226,-0.05937396574778098,196.10712334538633,2.3055152050950665,-0.03472537448933277,-0.04992739863732831,10.738275103359628,23.663796602878957,21.45418710344033,earnings_blackout,1,trend_break;before_earnings,True,False,False,False,False,False,False,False,False,3288.T,,8506.0,8.675962,1.6272715,980.41,5227.155,939486216192.0,1786084200.0,1786084200.0,1786084200.0,True,,,True,1786084200.0,2026-08-07,0.0
4,False,47.014925373134325,True,False,True,True,0.34315480981380964,3245.0,3245.0,1996696975.0,1996.696975,3935.0,0.8246505717916137,-0.20203303684879292,-0.04866607454059302,109.81855595777245,3.3842390125661774,-0.051169590643274865,-0.1679487179487179,18.037726304751825,24.433338959256627,24.901631440733077,earnings_blackout,1,trend_break;before_earnings,True,False,False,False,False,False,False,False,False,9956.T,,3245.0,10.371388,0.92269677,312.88,3516.865,186159710208.0,1786084200.0,1786084200.0,1786084200.0,True,,,True,1786084200.0,2026-08-07,0.0
4,True,84.14634146341463,True,True,False,False,0.642229261245325,2446.0,2446.0,1610523610.0,1610.52361,2476.861328125,0.987540146969648,-0.19212271705385708,0.17748628429819835,58.743874494304755,2.4016301919176106,0.0,0.0,17.572548926427075,59.21513701331027,11.59396075566586,earnings_blackout,1,rsi_reversal;before_earnings,False,False,False,True,False,False,False,False,False,4114.T,,2446.0,21.806187,0.9111665,112.17,2684.471,361413312512.0,1786084200.0,1786084200.0,1786084200.0,True,,,True,1786084200.0,2026-08-07,0.0
6,True,76.3590391908976,True,False,True,False,0.4595008331477132,4087.0,4087.0,1245044975.0,1245.044975,4087.0,1.0,-0.14533971476379892,0.14747318647431906,96.8943634798951,2.3707943107388085,0.0,0.0,25.966638844926823,44.24941596417726,12.75276061712513,earnings_blackout,1,natr_spike;before_earnings,False,False,False,False,False,False,False,False,True,4206.T,,4087.0,14.814949,1.3355584,275.87,3060.143,258607628288.0,1786084200.0,1786084200.0,1786084200.0,True,,,True,1786084200.0,2026-08-07,0.0
3,False,48.57849196538937,False,False,True,False,0.49125876552735354,2239.5,2239.5,1241092302.5,1241.0923025,2729.59521484375,0.820451321068203,-0.24915606942206658,-0.047039368353747,46.41515976790265,2.0725679735611813,-0.054664415365133,-0.054664415365133,18.906144197592,27.210120196721117,25.839754468817215,earnings_blackout,1,trend_break;before_earnings,True,False,False,False,False,False,False,False,False,3291.T,,2239.5,9.770515,0.6061346,229.21,3694.724,618841571328.0,1786084200.0,1786084200.0,1786084200.0,True,,,True,1786084200.0,2026-08-07,0.0
2,False,47.33475479744136,False,True,False,True,0.37511943148824145,2587.0,2587.0,1204426640.0,1204.42664,4432.98291015625,0.5835799623934972,-0.5005620267726314,-0.15960438878665517,90.31874339328839,3.49125409328521,-0.03361972357116172,-0.03361972357116172,23.739883933662195,24.54365142639216,17.535697057566484,earnings_blackout,1,trend_break;before_earnings,True,False,False,False,False,False,False,False,False,7906.T,,2587.0,18.307268,2.749612,141.31,940.86,221321871360.0,1786343400.0,1786343400.0,1786343400.0,True,,,True,1786343400.0,2026-08-10,1.0
5,True,51.5096618357488,True,False,True,False,0.4033129907512578,3165.0,3165.0,1144558895.0,1144.558895,4785.9189453125,0.6613150026495777,-0.43500923628295163,0.13904610621686375,233.25733522143494,7.369900006996365,-0.12569060773480667,-0.23376488278183893,15.326166061459181,24.420312159931097,27.4835391004462,earnings_blackout,1,trailing_stop;before_earnings,False,False,False,False,True,False,False,False,False,6235.T,,3165.0,43.338356,1.5675907,73.03,2019.022,126264918016.0,1786084200.0,1786084200.0,1786084200.0,True,,,True,1786084200.0,2026-08-07,0.0
5,False,69.46564885496183,True,False,True,True,0.5411206280068637,4420.0,4420.0,1128581400.0,1128.5814,4785.10009765625,0.9237006352625566,-0.24661973074173826,0.09410453818917097,89.2830218333462,2.0199778695327195,0.0,0.0,23.744017045012068,28.50963017157124,16.19990945367558,"fund_neg_eps,earnings_blackout",1,trend_break;before_earnings,True,False,False,False,False,False,False,False,False,4023.T,,4420.0,-16.54872889288255,1.0223596,-267.09,4323.332,168927526912.0,1786084200.0,1786084200.0,1786084200.0,True,,,False,1786084200.0,2026-08-07,0.0
5,True,49.127906976744185,True,False,False,True,0.47353693713977796,5338.0,5338.0,1085225455.0,1085.225455,6506.0,0.8204734091607747,-0.22825084537350138,0.19800946182063273,169.23338608079192,3.1703519310751576,-0.026090129538405393,-0.1795265908392253,32.60882916625428,18.9107134106208,22.31034491462681,earnings_blackout,1,ext_dev200;di_bear;before_earnings,False,False,False,False,False,True,True,False,False,9072.T,,5338.0,34.8661,2.6177433,153.1,2039.161,622721826816.0,1786084200.0,1786084200.0,1786084200.0,True,,,True,1786084200.0,2026-08-07,0.0
3,False,53.846153846153854,False,False,True,True,0.5324843406340709,183.0,183.0,1047564610.0,1047.56461,213.7044219970703,0.8563229449810297,-0.2091880999901966,-0.02019073232640134,3.8149087811443425,2.0846496071827008,-0.021390374331550777,-0.021390374331550777,13.850183613502894,12.696186863695955,16.201924899619137,earnings_blackout,1,trend_break;before_earnings,True,False,False,False,False,False,False,False,False,2146.T,,183.0,15.681233,3.3880105,11.67,54.014,103843536896.0,1786084200.0,1786084200.0,1786084200.0,True,,,True,1786084200.0,2026-08-07,0.0
5,True,92.63657957244655,True,False,True,True,0.29545134649661375,4855.0,4855.0,954930850.0,954.93085,4855.0,1.0,-0.13081789426118395,0.2075783184737101,101.84455206532874,2.097725068286895,0.0,0.0,38.65194742867351,40.21740459530473,8.875470960497738,earnings_blackout,1,rsi_reversal;ext_dev200;before_earnings,False,False,False,True,False,True,False,False,False,6457.T,,4855.0,17.618668,1.2059695,275.56,4025.807,250712817664.0,1786084200.0,1786084200.0,1786084200.0,True,,,True,1786084200.0,2026-08-07,0.0
4,True,88.09523809523809,False,False,True,False,0.2172743597171346,1447.0,1447.0,850143930.0,850.14393,1447.0,1.0,-0.22875014143564054,0.37580522600340904,45.1834969638101,3.122563715536289,0.0,0.0,30.80372265856468,41.31028597372048,12.493442576215587,earnings_blackout,1,rsi_reversal;ext_dev200;before_earnings,False,False,False,True,False,True,False,False,False,7740.T,,1447.0,19.870914,2.7493458,72.82,526.307,233321431040.0,1786084200.0,1786084200.0,1786084200.0,True,,,True,1786084200.0,2026-08-07,0.0
2,False,58.19397993311036,False,False,True,True,0.5141020639072669,2320.0,2320.0,755022210.0,755.02221,2705.04833984375,0.8576556528871527,-0.1852271297572049,-0.010826506962470006,40.98016603371033,1.766386466970273,-0.0186125211505922,-0.021097046413502074,13.156905709584679,16.527227341377962,16.866518369533072,earnings_blackout,1,trend_break;before_earnings,True,False,False,False,False,False,False,False,False,7994.T,,2320.0,9.793162,1.0760044,236.9,2156.125,219642658816.0,1786084200.0,1786084200.0,1786084200.0,True,,,True,1786084200.0,2026-08-07,0.0
3,False,54.54545454545455,False,False,True,False,0.41168036266846353,674.0,674.0,682656150.0,682.65615,774.6892700195312,0.8700262493412453,-0.21387835927475018,0.0229143595719683,14.393872303169351,2.135589362488034,-0.031609195402298895,-0.031609195402298895,16.68074395851141,21.95794029408535,19.25957290992833,earnings_blackout,1,trend_break;before_earnings,True,False,False,False,False,False,False,False,False,8848.T,,674.0,16.093601,5.2638154,41.88,128.044,214132244480.0,1786084200.0,1786084200.0,1786084200.0,True,,,True,1786084200.0,2026-08-07,0.0
4,False,68.562874251497,True,True,False,True,0.46560011389768907,5448.0,5448.0,648977465.0,648.977465,6721.43017578125,0.8105417831506022,-0.2265039040748934,-0.028255682656831427,105.50606966738376,1.936601866141405,0.0,-0.024355300859598805,20.024929943319744,27.070028172602473,20.06809807979703,earnings_blackout,1,trend_break;before_earnings,True,False,False,False,False,False,False,False,False,1820.T,,5448.0,8.934223,1.1036947,609.79,4936.148,215111188480.0,1786084200.0,1786084200.0,1786084200.0,True,,,True,1786084200.0,2026-08-07,0.0
3,False,70.45454545454545,False,False,True,True,0.6144404212910511,5780.0,5780.0,626659250.0,626.65925,7188.73291015625,0.8040359924673247,-0.24047811092186977,-0.02406165291716189,109.91885958331785,1.9017103734138034,-0.011965811965811923,-0.02857142857142858,9.821499176620927,21.03177186224122,15.427781372493454,earnings_blackout,1,trend_break;before_earnings,True,False,False,False,False,False,False,False,False,1833.T,,5780.0,11.292591,1.0529408,511.84,5489.387,207499542528.0,1786084200.0,1786084200.0,1786084200.0,True,,,True,1786084200.0,2026-08-07,0.0
3,False,54.048964218455744,False,False,True,True,0.4221133337495626,2390.0,2390.0,622327325.0,622.327325,2888.33203125,0.8274671935711165,-0.30592006177943676,-0.019468177754710658,63.50460083347906,2.6570962691832243,-0.054962435745353866,-0.054962435745353866,17.983872387169246,26.998644502970482,22.592639736686557,earnings_blackout,1,trend_break;before_earnings,True,False,False,False,False,False,False,False,False,3765.T,,2390.0,94.05746,1.0955503,25.41,2181.552,125156851712.0,1786084200.0,1786084200.0,1786084200.0,True,,,True,1786084200.0,2026-08-07,0.0
2,False,43.58974358974359,False,False,False,True,0.24103586254016382,3070.0,3070.0,613615525.0,613.615525,3669.230712890625,0.8366876438743885,-0.17966455763455713,-0.0597784612644785,76.16920652248412,2.481081645683522,-0.0597243491577335,-0.09970674486803521,14.666429749277842,21.786493009032945,27.387071868294726,earnings_blackout,1,trend_break;before_earnings,True,False,False,False,False,False,False,False,False,9409.T,,3070.0,10.4304695,0.66338634,294.33,4627.771,308655751168.0,1786084200.0,1786084200.0,1786084200.0,True,,,True,1786084200.0,2026-08-07,0.0
2,False,59.83870967741935,False,False,True,False,0.34630964930641905,1821.5,1821.5,574181287.5,574.1812875,1963.528076171875,0.927666898224967,-0.13551749549990666,0.013826894151917513,29.072382580961293,1.5960682174560137,-0.03624338624338619,-0.03624338624338619,17.095647856292047,32.88839536106494,21.078093484616527,earnings_blackout,1,trend_break;before_earnings,True,False,False,False,False,False,False,False,False,7313.T,,1821.5,30.212307,0.6859093,60.29,2655.599,212541997056.0,1786084200.0,1786084200.0,1786084200.0,True,,,True,1786084200.0,2026-08-07,0.0
5,False,53.278688524590166,False,False,True,False,0.4954528471857503,3900.0,3900.0,524578825.0,524.578825,4335.9814453125,0.8994503434086817,-0.22634704694051144,-0.009235483718972759,68.24154512145499,1.7497832082424356,-0.022556390977443663,-0.06362545018007204,12.159451525046558,26.963422890646342,18.451422924924554,earnings_blackout,1,trend_break;before_earnings,True,False,False,False,False,False,False,False,False,4521.T,,3900.0,68.89242,1.0004635,56.61,3898.193,147686424576.0,1786084200.0,1786084200.0,1786084200.0,True,,,True,1786084200.0,2026-08-07,0.0
3,False,43.18181818181818,False,False,True,True,0.2991218971216145,3685.0,3685.0,503089325.0,503.089325,4315.0,0.8539976825028969,-0.1552723059096176,-0.033413571197919434,95.50596076808743,2.591749274574964,-0.06590621039290245,-0.14600231749710313,10.552353361728082,20.094289463767222,21.848955310600505,earnings_blackout,1,trend_break;before_earnings,True,False,False,False,False,False,False,False,False,9336.T,,3685.0,23.041332,3.3500211,159.93,1099.993,368043884544.0,1786343400.0,1786343400.0,1786343400.0,True,,,True,1786343400.0,2026-08-10,1.0
2,False,44.94949494949495,False,False,True,False,0.36796273180917727,1107.0,1107.0,498429365.0,498.429365,1255.08447265625,0.8820123458759351,-0.18897138319795304,-0.0027375016925669238,20.524043794518843,1.8540238296764988,-0.04978540772532192,-0.04978540772532192,18.75026858011191,25.875388658293463,24.766115124208827,earnings_blackout,1,trend_break;before_earnings,True,False,False,False,False,False,False,False,False,9757.T,,1107.0,15.868692,3.969905,69.76,278.848,103360167936.0,1786084200.0,1786084200.0,1786084200.0,True,,,True,1786084200.0,2026-08-07,0.0
3,False,46.31728045325779,False,False,False,True,0.4041428428266568,4458.0,4458.0,395605175.0,395.605175,5863.2890625,0.7603241034988628,-0.32813035059247087,-0.021142856298780988,94.47130981055226,2.11914109041167,-0.023866871031311576,-0.039638087031451996,8.74984453025725,27.423200564246976,26.75028695486495,earnings_blackout,1,trend_break;before_earnings,True,False,False,False,False,False,False,False,False,3591.T,,4458.0,17.029568,1.0514915,261.78,4239.692,220390506496.0,1786343400.0,1786343400.0,1786343400.0,True,,,True,1786343400.0,2026-08-10,1.0
0,False,68.61313868613138,False,False,True,False,0.5514639550079891,4060.0,4060.0,340208675.0,340.208675,5287.177734375,0.767895501905221,-0.35499056162923637,-0.035985170958601986,99.40081731718055,2.448295993034004,-0.007334963325183352,-0.03562945368171022,16.802996545817553,32.07036297070149,18.712998421484354,earnings_blackout,1,trend_break;before_earnings,True,False,False,False,False,False,False,False,False,4686.T,,4060.0,17.288366,2.1969423,234.84,1848.023,260748541952.0,1786084200.0,1786084200.0,1786084200.0,True,,,True,1786084200.0,2026-08-07,0.0
4,False,57.692307692307686,False,False,True,True,0.44667734576850815,1745.0,1745.0,326855705.0,326.855705,1832.1832275390625,0.9524156611475127,-0.19112893420022126,0.04926990882833393,27.78348780997277,1.5921769518609037,-0.01300904977375561,-0.01300904977375561,30.433727904770915,30.82530926209932,15.490502241767862,earnings_blackout,1,trend_break;before_earnings,True,False,False,False,False,False,False,False,False,8214.T,,1745.0,15.515248,1.0134902,112.47,1721.773,146855755776.0,1786084200.0,1786084200.0,1786084200.0,True,,,True,1786084200.0,2026-08-07,0.0
4,False,46.666666666666664,False,False,False,True,0.4651985261696027,3590.0,3590.0,295714050.0,295.71405,4286.953125,0.8374245986186285,-0.20106427569114138,-0.04460542102011533,78.79651856421951,2.1948890964963654,-0.02972972972972976,-0.02972972972972976,14.682375636789011,23.16346426479016,24.59055683322406,earnings_blackout,1,trend_break;before_earnings,True,False,False,False,False,False,False,False,False,4694.T,,3590.0,17.65429,1.0540483,203.35,3405.916,134566125568.0,1786084200.0,1786084200.0,1786084200.0,True,,,True,1786084200.0,2026-08-07,0.0
4,False,58.87096774193549,False,False,True,False,0.4530552902052251,6420.0,6420.0,247948050.0,247.94805,6950.0,0.9237410071942446,-0.17410071942446048,0.02876201960688962,146.55022856108576,2.2827138405153544,-0.027272727272727226,-0.027272727272727226,30.232545954799235,29.86902815103456,15.032588426643233,earnings_blackout,1,trend_break;before_earnings,True,False,False,False,False,False,False,False,False,9869.T,,6420.0,13.240389,1.1015803,484.88,5827.991,193771257856.0,1786084200.0,1786084200.0,1786084200.0,True,,,True,1786084200.0,2026-08-07,0.0
4,False,50.0,True,False,True,True,0.2985128236791532,48.0,48.0,64013470.0,64.01347,116.0,0.41379310344827586,-0.6206896551724138,-0.18526690995501993,1.9255642905279995,4.011592271933332,-0.05882352941176472,-0.07692307692307687,30.09408627943335,19.263047705560272,10.344042129150425,"fund_neg_eps,fund_low_adv20,fund_small_mcap,earnings_blackout",1,trend_break;before_earnings,True,False,False,False,False,False,False,False,False,4563.T,,48.0,-3.32409972299169,9.404388,-14.44,5.104,18990063616.0,1786084200.0,1786084200.0,1786084200.0,True,,,False,1786084200.0,2026-08-07,0.0
3,True,59.56020380799142,True,True,False,True,0.3363613618314029,5185.0,5185.0,220531159505.0,220531.159505,7855.0,0.66008911521324,-0.5264162953532782,0.23800429078261054,443.6080858301842,8.555604355451962,0.0,-0.20070911052874985,14.440791352176483,32.25282002500605,27.064760666547905,earnings_blackout,0,ext_dev200;before_earnings,False,False,False,False,False,True,False,False,False,5803.T,,5185.0,54.498634,15.319614,95.14,338.455,8584807579648.0,1786084200.0,1786084200.0,1786084200.0,True,,,True,1786084200.0,2026-08-07,0.0
5,True,54.78502080443829,False,False,True,True,0.6258915735321308,13165.0,13165.0,51025679525.0,51025.679525,13165.0,1.0,-0.43586423830178167,0.49973844360450514,450.66217349243897,3.423183999182977,0.0,0.0,34.920041018817116,33.488585037065924,15.818458461604628,earnings_blackout,0,ext_dev200;before_earnings,False,False,False,False,False,True,False,False,False,6098.T,,13165.0,37.81959,11.609235,348.1,1134.011,18327936172032.0,1786084200.0,1786084200.0,1786084200.0,True,,,True,1786084200.0,2026-08-07,0.0
4,True,66.96035242290749,True,True,False,True,0.4832786404412674,1397.0,1397.0,29517913570.0,29517.91357,1708.5911865234375,0.8176326853485363,-0.5089521667806571,0.3117447530293409,64.14756237080336,4.591808330050347,0.0,0.0,40.37704664532437,38.10803892851127,14.962051186676065,earnings_blackout,0,ext_dev200;before_earnings,False,False,False,False,False,True,False,False,False,8136.T,,1397.0,31.23882,10.87261,44.72,128.488,1693764943872.0,1786343400.0,1786343400.0,1786343400.0,True,,,True,1786343400.0,2026-08-10,1.0
5,True,58.85579937304075,False,False,True,False,0.34629195060325846,2981.0,2981.0,25692624350.0,25692.62435,3108.0,0.9591377091377091,-0.12050254098303559,0.12267577581933686,72.32483705983307,2.4261937960359967,-0.04086229086229087,-0.04086229086229087,28.417619524621134,32.54843554136752,20.351930278481802,earnings_blackout,0,before_earnings,False,False,False,False,False,False,False,False,False,9433.T,,2981.0,16.23373,2.2354705,183.63,1333.5,11020903907328.0,1786084200.0,1786084200.0,1786084200.0,True,,,True,1786084200.0,2026-08-07,0.0
5,True,52.794292508917955,False,False,True,False,0.5527472638458301,3188.0,3188.0,22514431850.0,22514.43185,3447.0,0.9248621990136351,-0.2075949634733859,0.23360640752538342,98.17243433342749,3.0794364596432713,-0.07513780098636491,-0.07513780098636491,18.994275762073034,22.56773234048104,28.080487641249995,earnings_blackout,0,ext_dev200;before_earnings,False,False,False,False,False,True,False,False,False,7182.T,,3188.0,21.678226,1.2324902,147.06,2586.633,11355485634560.0,1786084200.0,1786084200.0,1786084200.0,True,,,True,1786084200.0,2026-08-07,0.0
4,True,66.79245283018868,False,False,True,False,0.45178323735012677,1932.5,1932.5,19438726380.0,19438.72638,1959.0,0.9864726901480347,-0.15735569152164908,0.3212848015587706,48.65326711160179,2.517633485723249,-0.013527309851965263,-0.013527309851965263,20.630143203795225,27.91604763580921,19.749010616230343,earnings_blackout,0,ext_dev200;before_earnings,False,False,False,False,False,True,False,False,False,8750.T,,1932.5,15.942088,1.6357532,121.22,1181.413,6960272900096.0,1786084200.0,1786084200.0,1786084200.0,True,,,True,1786084200.0,2026-08-07,0.0
5,True,71.96261682242991,True,True,False,False,0.3762731954114746,4199.0,4199.0,18335949605.0,18335.949605,4199.0,1.0,-0.15352376077490815,0.22000896723513041,103.8277685937392,2.4726784613893593,0.0,0.0,32.456912517746176,49.02808412258731,16.34882798387014,earnings_blackout,0,ext_dev200;before_earnings,False,False,False,False,False,True,False,False,False,5108.T,,4199.0,35.324303,1.4407595,118.87,2914.435,5226269507584.0,1786084200.0,1786084200.0,1786084200.0,True,,,True,1786084200.0,2026-08-07,0.0
5,True,74.97835497835497,True,False,False,False,0.6211131398569177,6186.0,6186.0,14829181780.0,14829.18178,6907.0,0.8956131460836833,-0.27160851310264944,0.16623488244770934,159.7363255193954,2.5822231736080727,0.0,0.0,25.881540337208772,35.98016898966457,15.667285375859366,earnings_blackout,0,before_earnings,False,False,False,False,False,False,False,False,False,9104.T,,6186.0,9.979029,0.73946065,619.9,8365.557,2125608517632.0,1786084200.0,1786084200.0,1786084200.0,True,,,True,1786084200.0,2026-08-07,0.0
3,True,58.349705304518665,False,False,True,False,0.4859175816898684,2414.0,2414.0,13076281680.0,13076.28168,2521.5,0.9573666468372001,-0.15897678855468877,0.28747277252305437,60.76247477068306,2.517086775918934,-0.042633353162799925,-0.042633353162799925,18.78024833004859,25.906666069419416,26.685463344562226,earnings_blackout,0,ext_dev200;before_earnings,False,False,False,False,False,True,False,False,False,6178.T,,2414.0,18.700132,0.6973543,129.09,3461.655,6774449504256.0,1786084200.0,1786084200.0,1786084200.0,True,,,True,1786084200.0,2026-08-07,0.0
4,True,58.164556962025316,False,False,False,False,0.2235736075172039,3038.0,3038.0,12115064137.5,12115.0641375,3133.0,0.969677625279285,-0.12837347879883398,0.20901502859461663,80.84971176078197,2.66128083478545,-0.030322374720714973,-0.030322374720714973,24.409129183716193,38.2154133608147,20.903619654737877,earnings_blackout,0,ext_dev200;before_earnings,False,False,False,False,False,True,False,False,False,2503.T,,3038.0,16.686808,1.8603604,182.06,1633.017,2425349472256.0,1786084200.0,1786084200.0,1786084200.0,True,,,True,1786084200.0,2026-08-07,0.0
4,True,58.7551867219917,True,False,True,True,0.3260844620634778,2373.0,2373.0,9663211322.5,9663.2113225,2758.815185546875,0.8601518551992472,-0.3391411356467441,0.06771153311558731,73.99417990691437,3.1181702447077275,-0.017594700890084858,-0.017594700890084858,16.215110945486206,32.09722789579003,19.48265839362177,earnings_blackout,0,before_earnings,False,False,False,False,False,False,False,False,False,4543.T,,2373.0,25.787872,2.209123,92.02,1074.182,3500371869696.0,1786084200.0,1786084200.0,1786084200.0,True,,,True,1786084200.0,2026-08-07,0.0
5,True,67.66666666666667,True,True,False,True,0.5396482894044329,1349.5,1349.5,9374722962.5,9374.7229625,1525.7022705078125,0.8845107109599007,-0.2193758749512844,0.09559332396236231,33.793422139357645,2.5041439154766687,0.0,-0.026334776334776322,14.67416084538366,29.259542278374028,18.649218533640614,earnings_blackout,0,before_earnings,False,False,False,False,False,False,False,False,False,5020.T,,1349.5,14.066083,1.0772266,95.94,1252.754,3602389139456.0,1786084200.0,1786084200.0,1786084200.0,True,,,True,1786084200.0,2026-08-07,0.0
5,True,53.57142857142857,False,False,True,True,0.3472563599254858,6839.0,6839.0,8854004590.0,8854.00459,7172.0,0.9535694366982711,-0.1160961224055832,0.15380048539129088,162.54033808693885,2.376668198376062,-0.0464305633017289,-0.0464305633017289,17.659768648150795,28.19175465179839,20.859586329282454,earnings_blackout,0,before_earnings,False,False,False,False,False,False,False,False,False,9735.T,,6839.0,24.761938,2.1042113,276.19,3250.149,2742027812864.0,1786084200.0,1786084200.0,1786084200.0,True,,,True,1786084200.0,2026-08-07,0.0
4,True,68.39945280437756,True,False,False,True,0.5147514444934288,1906.0,1906.0,7699093112.5,7699.0931125,2074.509765625,0.9187712835016556,-0.39115889820037986,0.08492620170529253,54.597349736338984,2.864498936848845,0.0,0.0,17.38527488653064,33.044747073718234,16.86553954535485,earnings_blackout,0,before_earnings,False,False,False,False,False,False,False,False,False,7733.T,,1906.0,31.138702,2.5844803,61.21,737.479,2025734275072.0,1786084200.0,1786084200.0,1786084200.0,True,,,True,1786084200.0,2026-08-07,0.0
4,True,60.27000964320155,False,False,False,True,0.5002117358593222,5006.0,5006.0,7068621390.0,7068.62139,5176.0,0.9671561051004637,-0.1799751594108776,0.25679687298083476,137.1673796222756,2.7400595210202874,-0.03284389489953632,-0.03284389489953632,15.233526345520286,19.494541227696157,24.390928975175605,earnings_blackout,0,ext_dev200;before_earnings,False,False,False,False,False,True,False,False,False,8795.T,,5006.0,17.91953,1.4900889,279.36,3359.531,2395770454016.0,1786084200.0,1786084200.0,1786084200.0,True,,,True,1786084200.0,2026-08-07,0.0
3,True,55.4916067146283,False,False,True,True,0.25601114918146683,7792.0,7792.0,6552469030.0,6552.46903,7919.0,0.9839626215431241,-0.2707341448475902,0.1979668678917803,276.65100943907566,3.5504492997827986,-0.005995662712080629,-0.016037378456875917,13.41696286537911,28.429194380240197,25.42755434462101,earnings_blackout,0,ext_dev200;before_earnings,False,False,False,False,False,True,False,False,False,5101.T,,7792.0,11.65037,1.1776215,668.82,6616.727,1229169754112.0,1786343400.0,1786343400.0,1786343400.0,True,,,True,1786343400.0,2026-08-10,1.0
5,True,59.860383944153575,False,False,True,False,0.45889393609178286,1446.5,1446.5,6323964225.0,6323.964225,1518.0,0.9528985507246377,-0.17012858555885257,0.07667068183946113,27.98016139555765,1.9343353885625754,-0.047101449275362306,-0.047101449275362306,21.74969422090947,30.568408139246618,22.52037731566822,earnings_blackout,0,before_earnings,False,False,False,False,False,False,False,False,False,8593.T,,1446.5,12.826993,1.0435838,112.77,1386.089,2077060890624.0,1786084200.0,1786084200.0,1786084200.0,True,,,True,1786084200.0,2026-08-07,0.0
5,True,51.81711606096131,False,False,False,True,0.3548747468889377,1499.0,1499.0,5846607360.0,5846.60736,1809.812744140625,0.8282624845322261,-0.3214767638388435,0.07900528525437411,49.975114058156635,3.3338968684560792,-0.04885786802030456,-0.04885786802030456,18.08425771311119,30.04220395088914,22.330342564219503,earnings_blackout,0,before_earnings,False,False,False,False,False,False,False,False,False,4751.T,,1499.0,18.6768,3.8277586,80.26,391.613,760141512704.0,1786084200.0,1786084200.0,1786084200.0,True,,,True,1786084200.0,2026-08-07,0.0
4,True,69.12442396313364,True,True,False,False,0.40696181194214887,12960.0,12960.0,5543017700.0,5543.0177,19030.0,0.6810299527062533,-0.4498160798738834,0.055232957697189056,838.3435720240439,6.468700401420091,0.0,-0.18181818181818177,15.515579718487157,31.008913535812066,24.11088702347666,earnings_blackout,0,before_earnings,False,False,False,False,False,False,False,False,False,5805.T,,12960.0,20.368711,3.9009063,636.27,3322.305,383982665728.0,1786084200.0,1786084200.0,1786084200.0,True,,,True,1786084200.0,2026-08-07,0.0
4,True,77.3489932885906,False,False,True,False,0.3635798012653816,1259.5,1259.5,5265341517.5,5265.3415175,1301.0323486328125,0.9680773897155927,-0.2744889617310172,0.21782867130241046,32.247944571908896,2.5603767028113458,-0.005134281200631863,-0.005134281200631863,29.23513715168396,41.281084336887766,15.47444682874534,earnings_blackout,0,ext_dev200;before_earnings,False,False,False,False,False,True,False,False,False,4612.T,,1259.5,23.520075,1.535558,53.55,820.223,2921358163968.0,1786084200.0,1786084200.0,1786084200.0,True,,,True,1786084200.0,2026-08-07,0.0
6,True,47.16791979949874,False,False,False,False,0.3565738130933685,7495.0,7495.0,5135713270.0,5135.71327,8647.0,0.8667746039088702,-0.16729983221358724,0.1803039433827749,266.27168079857586,3.552657515658117,-0.0746913580246914,-0.13322539609112982,24.781991843455078,24.38101534854626,23.92044949311894,earnings_blackout,0,ext_dev200;before_earnings,False,False,False,False,False,True,False,False,False,4021.T,,7495.0,20.349152,3.9376636,368.32,1903.413,1000501805056.0,1786084200.0,1786084200.0,1786084200.0,True,,,True,1786084200.0,2026-08-07,0.0
3,True,63.853979652902446,False,False,False,False,0.3469539068935539,7544.0,7544.0,5017336605.0,5017.336605,7803.0,0.9668076380879149,-0.1916906630898112,0.2576038281762574,219.85204642597338,2.9142636058586078,-0.03319236191208508,-0.03319236191208508,14.911116269429401,24.20880587498786,21.677506546626887,earnings_blackout,0,ext_dev200;before_earnings,False,False,False,False,False,True,False,False,False,8354.T,,7544.0,16.677351,1.3244919,452.35,5695.769,1425534222336.0,1786084200.0,1786084200.0,1786084200.0,True,,,True,1786084200.0,2026-08-07,0.0
5,True,70.35897435897436,True,True,False,True,0.5624667995978327,9137.0,9137.0,4742902060.0,4742.90206,11640.0,0.7849656357388316,-0.32070446735395186,0.09398162468466165,356.63381924221585,3.9031828744907062,0.0,-0.2150343642611684,27.27112701016708,33.92322407570465,23.860232966104327,earnings_blackout,0,before_earnings,False,False,False,False,False,False,False,False,False,5714.T,,9137.0,8.700745,1.1863071,1050.14,7702.053,540437970944.0,1786084200.0,1786084200.0,1786084200.0,True,,,True,1786084200.0,2026-08-07,0.0
4,True,57.92682926829268,False,False,True,False,0.3613569299808878,2226.5,2226.5,4731041722.5,4731.0417225,2354.0,0.9458368734069669,-0.2593005595849095,0.14434205906193132,75.00553633034765,3.368764263658103,-0.05416312659303313,-0.05416312659303313,16.482483402752493,28.24201841075013,22.838932079136217,earnings_blackout,0,before_earnings,False,False,False,False,False,False,False,False,False,2871.T,,2226.5,20.426605,1.9487045,109.0,1142.554,557999456256.0,1786084200.0,1786084200.0,1786084200.0,True,,,True,1786084200.0,2026-08-07,0.0
5,True,66.66666666666666,False,False,True,True,0.5662724728721854,8060.0,8060.0,4476649750.0,4476.64975,8590.0,0.9383003492433062,-0.17345750873108268,0.1161030201990274,181.24665043065517,2.2487177472786,-0.019464720194647178,-0.019464720194647178,28.71512398972618,27.82194896907529,14.818754901350323,earnings_blackout,0,before_earnings,False,False,False,False,False,False,False,False,False,2702.T,,8060.0,31.584309,3.7731538,255.19,2136.144,1071647424512.0,1786084200.0,1786084200.0,1786084200.0,True,,,True,1786084200.0,2026-08-07,0.0
4,True,75.47993019197207,True,True,False,False,0.33369315905647573,3813.0,3813.0,4340548730.0,4340.54873,3813.0,1.0,-0.22792299375437264,0.30466994279729676,141.4432108467391,3.70949936655492,0.0,0.0,18.663578541472024,33.50785614048976,17.63260716620578,earnings_blackout,0,ext_dev200;before_earnings,False,False,False,False,False,True,False,False,False,5830.T,,3813.0,15.020681,1.2516927,253.85,3046.275,1094708887552.0,1786084200.0,1786084200.0,1786084200.0,True,,,True,1786084200.0,2026-08-07,0.0
4,True,52.862362971985384,False,False,False,False,0.3547632413267182,1651.5,1651.5,4048308155.0,4048.308155,2461.9140625,0.6708195160650535,-0.5516901462169781,0.1104380438074144,47.77327172146105,2.8927200557954014,-0.01255605381165914,-0.01255605381165914,21.952561708903,32.47715908957656,21.005152061095973,earnings_blackout,0,before_earnings,False,False,False,False,False,False,False,False,False,6869.T,,1651.5,29.004215,2.0324402,56.94,812.57,994272018432.0,1786084200.0,1786084200.0,1786084200.0,True,,,True,1786084200.0,2026-08-07,0.0
4,True,81.77710843373494,False,False,True,True,0.5548088705098325,3452.0,3452.0,3928439675.0,3928.439675,3605.60009765625,0.957399574690467,-0.36595335420327146,0.2488352415915489,99.12517828949845,2.8715289191627593,-0.006046645551396446,-0.006046645551396446,39.78615504344123,36.049072724093186,13.92343504119097,earnings_blackout,0,ext_dev200;before_earnings,False,False,False,False,False,True,False,False,False,9616.T,,3452.0,16.780905,2.1566482,205.71,1600.632,313852788736.0,1786084200.0,1786084200.0,1786084200.0,True,,,True,1786084200.0,2026-08-07,0.0
4,True,68.94343649946639,False,False,True,True,0.3923846903971622,1788.0,1788.0,3924036505.0,3924.036505,1795.5,0.9958228905597326,-0.19332350186629144,0.16008466283121425,48.598038240376965,2.718011087269405,-0.00417710944026739,-0.00417710944026739,23.960379625126926,27.837645289638864,16.479399963451456,earnings_blackout,0,before_earnings,False,False,False,False,False,False,False,False,False,7181.T,,1788.0,11.726897,0.4664594,152.47,3833.131,1937498963968.0,1786084200.0,1786084200.0,1786084200.0,True,,,True,1786084200.0,2026-08-07,0.0
5,True,69.72677595628414,True,True,False,False,0.4217057857020964,1954.5,1954.5,3847869300.0,3847.8693,1954.5,1.0,-0.34620444773087944,0.1896827950933324,55.704205012566426,2.850048862244381,0.0,0.0,29.096165691292637,48.603051154937255,15.390112512190562,earnings_blackout,0,ext_dev200;before_earnings,False,False,False,False,False,True,False,False,False,3405.T,,1954.5,82.92321,0.7950982,23.57,2458.187,588885262336.0,1786084200.0,1786084200.0,1786084200.0,True,,,True,1786084200.0,2026-08-07,0.0
3,True,58.169291338582674,False,False,True,True,0.34979456541617054,2285.0,2285.0,3705996132.5,3705.9961325,2863.0,0.7981138665735242,-0.23087670275934336,0.04662470240270955,82.08012617877486,3.5921280603402566,-0.03627161535217205,-0.20188613342647577,14.725746902925,21.11631364913226,28.74742852086686,earnings_blackout,0,before_earnings,False,False,False,False,False,False,False,False,False,1963.T,,2285.0,13.211911,1.2869252,172.95,1775.55,552628846592.0,1786084200.0,1786084200.0,1786084200.0,True,,,True,1786084200.0,2026-08-07,0.0
3,True,57.92426367461431,False,False,False,True,0.6207079848873795,1327.0,1327.0,3419543990.0,3419.54399,1619.068359375,0.8196071477255318,-0.5064890939040705,0.28756976192707917,54.38709048736149,4.098499659936811,0.0,0.0,22.790329616200573,30.55625177942869,14.359248523425522,earnings_blackout,0,ext_dev200;before_earnings,False,False,False,False,False,True,False,False,False,4680.T,,1327.0,20.953733,4.2213554,63.33,314.354,348832038912.0,1786343400.0,1786343400.0,1786343400.0,True,,,True,1786343400.0,2026-08-10,1.0
4,True,63.19702602230483,True,False,True,True,0.49021155051369397,3350.0,3350.0,2946191970.0,2946.19197,3350.0,1.0,-0.1806975121936425,0.25789283499076365,74.9898712754216,2.238503620161839,0.0,0.0,17.66088167097089,31.237658731218836,21.058993109636226,earnings_blackout,0,ext_dev200;before_earnings,False,False,False,False,False,True,False,False,False,4208.T,,3350.0,13.636179,0.7443429,245.67,4500.614,325436407808.0,1786084200.0,1786084200.0,1786084200.0,True,,,True,1786084200.0,2026-08-07,0.0
3,True,68.1159420289855,False,False,False,False,0.3885870060420857,9170.0,9170.0,2938094950.0,2938.09495,9420.0,0.9734607218683652,-0.21497947780595417,0.6708468320375942,486.6913912674588,5.307430657224196,-0.026539278131634814,-0.026539278131634814,19.697906558053507,34.40643445192734,19.768478031730062,earnings_blackout,0,ext_dev200;before_earnings,False,False,False,False,False,True,False,False,False,8050.T,,9170.0,34.118393,4.264192,268.77,2150.466,749572325376.0,1786084200.0,1786084200.0,1786084200.0,True,,,True,1786084200.0,2026-08-07,0.0
7,True,44.1860465116279,False,False,True,True,0.17632715077291197,1707.0,1707.0,2758738312.5,2758.7383125,1855.0,0.9202156334231806,-0.1272862182918687,0.025287984620225634,42.11424917416212,2.467149922329357,-0.07978436657681942,-0.07978436657681942,22.966206872269296,26.806488640558,24.824590896179295,earnings_blackout,0,before_earnings,False,False,False,False,False,False,False,False,False,9007.T,,1707.0,15.7763405,1.1609395,108.2,1470.361,587554684928.0,1786084200.0,1786084200.0,1786084200.0,True,,,True,1786084200.0,2026-08-07,0.0
4,True,76.35746606334841,False,False,False,True,0.42785354455832364,2899.0,2899.0,2743764300.0,2743.7643,2924.5,0.9912805607796205,-0.1902304103275031,0.16671579622305166,59.509441090048696,2.052757540187951,-0.008719439220379543,-0.008719439220379543,35.76539086915706,38.96974525130334,13.347383603329266,earnings_blackout,0,before_earnings,False,False,False,False,False,False,False,False,False,4613.T,,2899.0,19.514002,1.7008709,148.56,1704.421,510356422656.0,1786084200.0,1786084200.0,1786084200.0,True,,,True,1786084200.0,2026-08-07,0.0
3,True,67.72388059701493,False,False,True,False,0.27762607924267085,2735.0,2735.0,2385546440.0,2385.54644,2761.0,0.9905831220572257,-0.1439148909821818,0.33826994510027086,82.04733321101256,2.9999024940041155,-0.009416877942774349,-0.009416877942774349,15.562181135545112,31.0895473519467,22.686418711873507,earnings_blackout,0,ext_dev200;before_earnings,False,False,False,False,False,True,False,False,False,8358.T,,2735.0,13.775562,1.441912,198.54,1896.787,465167450112.0,1786343400.0,1786343400.0,1786343400.0,True,,,True,1786343400.0,2026-08-10,1.0
6,True,61.293345829428304,True,False,True,True,0.47885941130386855,4678.0,4678.0,2375303290.0,2375.30329,5193.84716796875,0.9006811037586823,-0.22577854402642838,0.16863210984286559,136.01219128513958,2.9074859188785713,-0.0065831386706307615,-0.09931889624131773,21.30185688599761,31.454060468749628,24.123956810541763,earnings_blackout,0,before_earnings,False,False,False,False,False,False,False,False,False,4631.T,,4678.0,13.683564,0.91732866,341.87,5099.59,442945011712.0,1786343400.0,1786343400.0,1786343400.0,True,,,True,1786343400.0,2026-08-10,1.0
6,True,56.592592592592595,False,False,True,False,0.3640483586844342,1242.0,1242.0,2365209400.0,2365.2094,1321.5,0.9398410896708286,-0.15329626687847497,0.13906168916427308,45.59308064071907,3.6709404702672357,-0.048640367675220175,-0.06015891032917142,13.624365708431215,25.688635684564698,20.27673932477914,earnings_blackout,0,before_earnings,False,False,False,False,False,False,False,False,False,2264.T,,1242.0,18.00261,1.4590771,68.99,851.223,400885972992.0,1786084200.0,1786084200.0,1786084200.0,True,,,True,1786084200.0,2026-08-07,0.0
5,True,74.81804949053857,True,True,False,False,0.4613832078237177,4705.0,4705.0,2227949790.0,2227.94979,4876.16845703125,0.964896935259808,-0.25966462565613024,0.1815729145838878,168.16586913622282,3.574194880684863,0.0,0.0,20.45994495109505,42.44446406971477,18.57170122478757,earnings_blackout,0,ext_dev200;before_earnings,False,False,False,False,False,True,False,False,False,4401.T,,4705.0,16.918375,1.4689468,278.1,3202.975,456271953920.0,1786084200.0,1786084200.0,1786084200.0,True,,,True,1786084200.0,2026-08-07,0.0
7,True,36.96369636963697,False,False,True,True,0.33019977290305297,1541.0,1541.0,2189864907.5,2189.8649075,1695.254638671875,0.9090079831353691,-0.1856680592353166,0.03749722709740877,38.03492679331468,2.468197715335151,-0.07168674698795185,-0.07168674698795185,21.049116585245237,23.680111589400475,21.285007513753207,earnings_blackout,0,before_earnings,False,False,False,False,False,False,False,False,False,9143.T,,1541.0,15.692465,1.683579,98.2,915.312,919565828096.0,1786084200.0,1786084200.0,1786084200.0,True,,,True,1786084200.0,2026-08-07,0.0
5,True,61.07554417413572,True,True,False,False,0.3803638170109077,1797.5,1797.5,1889063572.5,1889.0635725,1856.021240234375,0.9684695201941843,-0.20770032657205828,0.09979021887263984,44.512760314846886,2.4763705321194376,0.0,0.0,18.774687715446603,39.95816135855147,15.811317674635628,earnings_blackout,0,before_earnings,False,False,False,False,False,False,False,False,False,4912.T,,1797.5,18.034513,1.538887,99.67,1168.052,497308270592.0,1786084200.0,1786084200.0,1786084200.0,True,,,True,1786084200.0,2026-08-07,0.0
7,True,51.968503937007874,False,False,True,True,0.39303828655929907,3500.0,3500.0,1854293250.0,1854.29325,3649.0,0.959166895039737,-0.23075259204493703,0.07983643376473348,69.99671073472157,1.9999060209920447,-0.040570175438596534,-0.040833104960263045,11.733223127686434,25.767095364350435,20.63691872686334,earnings_blackout,0,before_earnings,False,False,False,False,False,False,False,False,False,9041.T,,3500.0,12.378864,1.0879742,282.74,3216.988,665519194112.0,1786343400.0,1786343400.0,1786343400.0,True,,,True,1786343400.0,2026-08-10,1.0
3,True,61.865569272976686,False,False,True,False,0.4139341706594931,3075.0,3075.0,1850113802.5,1850.1138025,3172.0,0.9694199243379571,-0.16634563623779708,0.24263856405167883,90.30425171941081,2.9367236331515714,-0.030580075662042905,-0.030580075662042905,14.136818879631559,24.816933376817282,22.119879277123786,earnings_blackout,0,ext_dev200;before_earnings,False,False,False,False,False,True,False,False,False,8418.T,,3075.0,19.576012,0.9481771,157.08,3243.065,619709988864.0,1786084200.0,1786084200.0,1786084200.0,True,,,True,1786084200.0,2026-08-07,0.0
4,True,60.167130919220064,False,True,False,True,0.6397120985033292,3632.0,3632.0,1837429380.0,1837.42938,3632.0,1.0,-0.2765229996583306,0.2971175346914734,94.28066975325943,2.595833418316614,0.0,0.0,29.623024975332857,33.366235853184655,16.91327243871605,earnings_blackout,0,ext_dev200;before_earnings,False,False,False,False,False,True,False,False,False,3774.T,,3632.0,26.715704,4.0745993,135.95,891.376,644062576640.0,1786084200.0,1786084200.0,1786084200.0,True,,,True,1786084200.0,2026-08-07,0.0
7,True,39.63328631875881,False,False,True,False,0.39955855961149783,1847.5,1847.5,1704684632.5,1704.6846325,1994.5,0.9262973176234646,-0.13736715205249883,0.062174019710479644,36.74973154371472,1.9891600294297547,-0.07370268237653543,-0.07370268237653543,20.48885542569402,24.50927138865087,24.352515410751117,earnings_blackout,0,before_earnings,False,False,False,False,False,False,False,False,False,9048.T,,1847.5,17.766132,0.7470146,103.99,2473.178,362350673920.0,1786343400.0,1786343400.0,1786343400.0,True,,,True,1786343400.0,2026-08-10,1.0
4,True,70.41484716157206,False,False,True,False,0.40985740176836516,5728.0,5728.0,1688196845.0,1688.196845,5785.0,0.9901469317199654,-0.20242678561394079,0.15428235519093447,143.72468996770667,2.5091600902183426,-0.009853068280034627,-0.009853068280034627,32.79672707757021,26.99603361649208,17.396288427424192,earnings_blackout,0,before_earnings,False,False,False,False,False,False,False,False,False,9706.T,,5728.0,18.235651,2.528136,314.11,2265.701,531697139712.0,1786084200.0,1786084200.0,1786084200.0,True,,,True,1786084200.0,2026-08-07,0.0
6,True,62.23021582733813,True,True,False,True,0.4266325633986682,2676.0,2676.0,1655769910.0,1655.76991,2992.0,0.8943850267379679,-0.14605614973262027,0.01701203373625626,69.8242599048065,2.6092772759643683,-0.010720887245841082,-0.08261912924237225,20.01868082987662,33.831057302595426,19.13309654099475,earnings_blackout,0,before_earnings,False,False,False,False,False,False,False,False,False,1951.T,,2676.0,17.717161,1.5962254,151.04,1676.455,543807700992.0,1786084200.0,1786084200.0,1786084200.0,True,,,True,1786084200.0,2026-08-07,0.0
6,True,47.05882352941176,False,False,False,True,0.4802165495574873,1489.5,1489.5,1509619630.0,1509.61963,1633.5,0.9118457300275482,-0.13341737669479126,0.07749805608790594,37.21800914991967,2.4986914501456647,-0.04396662387676509,-0.0881542699724518,19.477722144509848,19.238922499433198,17.94267827367367,earnings_blackout,0,before_earnings,False,False,False,False,False,False,False,False,False,1860.T,,1489.5,12.076375,1.1282784,123.34,1320.153,440951635968.0,1786084200.0,1786084200.0,1786084200.0,True,,,True,1786084200.0,2026-08-07,0.0
5,True,62.443438914027155,True,True,False,False,0.201752467588735,3266.0,3266.0,1236727900.0,1236.7279,3478.355224609375,0.938949529045521,-0.28908790322345723,0.04129165259754264,65.12439321439561,1.9940108148927007,0.0,-0.03401360544217691,14.100258272671141,21.472201960952177,21.85388406653017,earnings_blackout,0,before_earnings,False,False,False,False,False,False,False,False,False,6005.T,,3266.0,13.6813,1.5542071,238.72,2101.393,378037403648.0,1786084200.0,1786084200.0,1786084200.0,True,,,True,1786084200.0,2026-08-07,0.0
4,True,54.43478260869565,False,False,True,True,0.31106211745619955,1831.5,1831.5,1181557082.5,1181.5570825,1935.0,0.9465116279069767,-0.1791937581274382,0.18889179624637964,50.46792776806218,2.7555516116878067,-0.008123476848091005,-0.05348837209302326,13.938748922134279,26.52199960616909,20.576858826298835,earnings_blackout,0,ext_dev200;before_earnings,False,False,False,False,False,True,False,False,False,5463.T,,1831.5,15.522502,1.1624763,117.99,1575.516,405504458752.0,1786084200.0,1786084200.0,1786084200.0,True,,,True,1786084200.0,2026-08-07,0.0
4,True,57.77331995987964,False,False,True,True,0.3588495323122773,4106.0,4106.0,1058958655.0,1058.958655,4228.68701171875,0.9709869726989125,-0.27045913035164515,0.12549155038783288,132.41275721286937,3.224860136699205,-0.016291327264015387,-0.016291327264015387,16.381395504379256,32.626642554933504,20.15157314545904,earnings_blackout,0,before_earnings,False,False,False,False,False,False,False,False,False,2607.T,,4106.0,31.701666,1.4700433,129.52,2793.115,353044103168.0,1786084200.0,1786084200.0,1786084200.0,True,,,True,1786084200.0,2026-08-07,0.0
5,True,62.704918032786885,True,False,False,True,0.3198906776782655,5510.0,5510.0,1008244925.0,1008.244925,5510.0,1.0,-0.19942747314689402,0.20787091097568822,160.49534801487476,2.9128012343897414,0.0,0.0,33.81028937108109,34.037119616428484,11.192813777430946,earnings_blackout,0,ext_dev200;before_earnings,False,False,False,False,False,True,False,False,False,3097.T,,5510.0,30.289703,4.782372,181.91,1152.148,211586465792.0,1786343400.0,1786343400.0,1786343400.0,True,,,True,1786343400.0,2026-08-10,1.0
5,True,40.694006309148264,False,False,False,True,0.46131656641820273,2060.0,2060.0,959157152.5,959.1571525,2322.5,0.8869752421959096,-0.23476362723091138,0.16995261125234173,66.93038586682354,3.2490478576127932,-0.06321055025011368,-0.11302475780409038,19.176470380502217,23.234997837724773,27.08153026503969,earnings_blackout,0,before_earnings,False,False,False,False,False,False,False,False,False,2531.T,,2060.0,34.049587,1.5320542,60.5,1344.6,394375364608.0,1786084200.0,1786084200.0,1786084200.0,True,,,True,1786084200.0,2026-08-07,0.0
6,True,53.23741007194244,False,False,True,True,0.28377753281545726,1610.0,1610.0,883262175.0,883.262175,1749.5,0.9202629322663618,-0.12317805087167766,0.04618351237464147,31.65847228999885,1.9663647385092453,-0.03679329943164822,-0.0797370677336382,11.751381305586468,26.702657791401847,25.105297967713458,earnings_blackout,0,before_earnings,False,False,False,False,False,False,False,False,False,8086.T,,1610.0,21.931616,0.95793074,73.41,1680.706,262584205312.0,1786343400.0,1786343400.0,1786343400.0,True,,,True,1786343400.0,2026-08-10,1.0
4,True,75.79250720461096,True,True,False,True,0.3849565865384782,1821.0,1821.0,796872735.0,796.872735,1893.0,0.9619651347068146,-0.15942033820740564,0.16079892863817413,48.464350793003725,2.661414101757481,0.0,-0.03803486529318545,12.168113900607343,34.23605753798757,20.94729278936085,earnings_blackout,0,before_earnings,False,False,False,False,False,False,False,False,False,8078.T,,1821.0,9.427418,0.82861996,193.16,2197.63,352181518336.0,1786084200.0,1786084200.0,1786084200.0,True,,,True,1786084200.0,2026-08-07,0.0
5,True,71.31147540983606,True,False,True,False,0.3492732018173146,4760.0,4760.0,770257500.0,770.2575,4760.0,1.0,-0.23251904108456578,0.2544742181191817,109.0228149497722,2.2903952720540377,0.0,0.0,25.796306167260457,36.91000060337468,14.649840641374148,earnings_blackout,0,ext_dev200;before_earnings,False,False,False,False,False,True,False,False,False,4634.T,,4760.0,22.621424,6.19895,210.42,767.872,223233015808.0,1786084200.0,1786084200.0,1786084200.0,True,,,True,1786084200.0,2026-08-07,0.0
5,True,69.56521739130434,True,True,False,True,0.3611025323446,3995.0,3995.0,720289050.0,720.28905,4240.8896484375,0.9420193240519487,-0.2713792962902324,0.2030146340208585,127.95641997011614,3.2029141419303166,0.0,0.0,29.184401338583655,37.02395694392591,12.944598769677453,earnings_blackout,0,ext_dev200;before_earnings,False,False,False,False,False,True,False,False,False,8022.T,,3995.0,16.656939,1.7523489,239.84,2279.797,303792521216.0,1786084200.0,1786084200.0,1786084200.0,True,,,True,1786084200.0,2026-08-07,0.0
4,True,63.1935047361299,True,True,False,False,0.5502169645204044,3245.0,3245.0,708352630.0,708.35263,3245.0,1.0,-0.2768593444855132,0.2860788369673968,101.72405770238974,3.134793765867172,0.0,0.0,18.693707368417332,27.74917000299839,10.899795489196526,"fund_neg_eps,earnings_blackout",0,ext_dev200;before_earnings,False,False,False,False,False,True,False,False,False,7716.T,,3245.0,-112.67361111111111,2.315084,-28.8,1401.677,269502054400.0,1786084200.0,1786084200.0,1786084200.0,True,,,False,1786084200.0,2026-08-07,0.0
4,True,63.76811594202899,True,True,False,False,0.34814097872139393,3390.0,3390.0,622180050.0,622.18005,3466.619140625,0.9778980218140761,-0.27277849174239355,0.17450789942763523,110.46635434519493,3.2585945234570777,-0.004405286343612369,-0.004405286343612369,27.848506545005154,34.64574082469961,20.290765378744275,earnings_blackout,0,before_earnings,False,False,False,False,False,False,False,False,False,7552.T,,3390.0,14.91421,2.4356318,227.3,1391.836,146829672448.0,1786343400.0,1786343400.0,1786343400.0,True,,,True,1786343400.0,2026-08-10,1.0
6,True,65.86826347305389,True,False,True,False,0.43637180533088393,2121.0,2121.0,609029185.0,609.029185,2181.070068359375,0.9724584417388478,-0.20976023909939778,0.0767010775436816,39.122985537791536,1.844553773587531,-0.026617714547957805,-0.026617714547957805,26.31415614907652,28.591281653498772,15.85169170030913,earnings_blackout,0,before_earnings,False,False,False,False,False,False,False,False,False,6412.T,,2121.0,17.909313,0.8411897,118.43,2521.429,209187880960.0,1786084200.0,1786084200.0,1786084200.0,True,,,True,1786084200.0,2026-08-07,0.0
6,True,58.27814569536424,True,True,False,True,0.30841929343272934,3350.0,3350.0,594141375.0,594.141375,3750.0,0.8933333333333333,-0.15333333333333332,0.05728381892197554,116.90768119188793,3.489781528116058,-0.020467836257309968,-0.07967032967032972,14.41999479036836,17.090655902896863,20.089544723298015,earnings_blackout,0,before_earnings,False,False,False,False,False,False,False,False,False,8919.T,,3350.0,21.033464,4.939939,159.27,678.146,262108053504.0,1786084200.0,1786084200.0,1786084200.0,True,,,True,1786084200.0,2026-08-07,0.0
5,True,54.90196078431373,False,False,True,False,0.18116593815906148,5990.0,5990.0,569529500.0,569.5295,6400.0,0.9359375,-0.2016179407262123,0.056232860263198514,179.07623978948135,2.9895866408928438,-0.06406250000000002,-0.06406250000000002,16.83969703358256,29.732358194668134,18.557189224034193,earnings_blackout,0,before_earnings,False,False,False,False,False,False,False,False,False,9605.T,,5990.0,16.01176,1.2862341,374.1,4657.006,374296707072.0,1786343400.0,1786343400.0,1786343400.0,True,,,True,1786343400.0,2026-08-10,1.0
7,True,47.83599088838269,False,True,False,False,0.49604524821596346,1924.0,1924.0,555355700.0,555.3557,2007.0,0.9586447433981067,-0.14737448237293738,0.060552898228643626,42.87620587320798,2.2284930287530136,-0.04135525660189332,-0.04135525660189332,26.749460301805676,38.0452747206599,30.03875319201896,earnings_blackout,0,before_earnings,False,False,False,False,False,False,False,False,False,2602.T,,1924.0,7.5611095,0.83716744,254.46,2298.226,175990145024.0,1786084200.0,1786084200.0,1786084200.0,True,,,True,1786084200.0,2026-08-07,0.0
5,True,65.58441558441558,True,False,False,False,0.458233706513269,7070.0,7070.0,529855700.0,529.8557,7070.0,1.0,-0.10031678042115022,0.46908931755263916,230.18972193774147,3.2558659397134577,0.0,0.0,26.977561519749532,35.82485011968842,13.430602254997376,earnings_blackout,0,ext_dev200;before_earnings,False,False,False,False,False,True,False,False,False,5186.T,,7070.0,14.417096,1.1766137,490.39,6008.769,193952956416.0,1786084200.0,1786084200.0,1786084200.0,True,,,True,1786084200.0,2026-08-07,0.0
6,True,67.93478260869566,True,False,True,True,0.23243024975243645,3260.0,3260.0,527469070.0,527.46907,3271.803955078125,0.9963922181034703,-0.2966676183180279,0.1136004548554006,106.36766806022202,3.2628119036877923,0.0,-0.003058103975535187,21.73236440345268,28.24434348758025,12.897364874330819,"fund_neg_eps,earnings_blackout",0,before_earnings,False,False,False,False,False,False,False,False,False,6588.T,,3260.0,-75.42804257288293,1.8362732,-43.22,1775.335,172739592192.0,1786084200.0,1786084200.0,1786084200.0,True,,,False,1786084200.0,2026-08-07,0.0
6,True,64.78873239436619,False,True,False,False,0.41024713901260246,4170.0,4170.0,524658375.0,524.658375,4192.3212890625,0.9946756730881445,-0.12816796519492368,0.11943741427597954,96.97908442273713,2.325637516132785,0.0,0.0,29.100883923315322,32.95339431357699,13.294850628268339,earnings_blackout,0,before_earnings,False,False,False,False,False,False,False,False,False,9303.T,,4170.0,18.07699,1.0124849,230.68,4118.58,316310061056.0,1786084200.0,1786084200.0,1786084200.0,True,,,True,1786084200.0,2026-08-07,0.0
5,True,79.41176470588235,True,True,False,False,0.5016472761591471,2086.0,2086.0,430716585.0,430.716585,2086.0,1.0,-0.34916888756137343,0.30793534420555946,65.2834431395616,3.129599383488092,0.0,0.0,22.895185198939032,51.61348699743441,10.844562355901317,earnings_blackout,0,ext_dev200;before_earnings,False,False,False,False,False,True,False,False,False,7780.T,,2086.0,26.482164,1.6284444,78.77,1280.977,154793852928.0,1786084200.0,1786084200.0,1786084200.0,True,,,True,1786084200.0,2026-08-07,0.0
7,True,40.973871733966746,False,False,True,True,0.46051261939972477,4386.0,4386.0,422035170.0,422.03517,4699.0,0.9333900829963823,-0.11344956569989928,0.05730597002741611,90.46603030144462,2.0626089900010176,-0.06660991700361774,-0.06660991700361774,27.156142841017882,29.44257373180042,27.19055771304093,earnings_blackout,0,before_earnings,False,False,False,False,False,False,False,False,False,4665.T,,4386.0,22.472715,1.3073286,195.17,3354.933,206487339008.0,1786343400.0,1786343400.0,1786343400.0,True,,,True,1786343400.0,2026-08-10,1.0
6,True,78.64077669902912,True,False,False,True,0.34333905517910607,3960.0,3960.0,408283125.0,408.283125,4081.52490234375,0.9702256129139464,-0.16009557644889683,0.10108349076680678,69.75699695340349,1.7615403271061487,0.0,0.0,20.257747912444668,28.918344616291186,11.506870535883353,earnings_blackout,0,before_earnings,False,False,False,False,False,False,False,False,False,4041.T,,3960.0,11.766803,1.0365407,336.54,3820.4,212269973504.0,1786084200.0,1786084200.0,1786084200.0,True,,,True,1786084200.0,2026-08-07,0.0
5,True,54.7008547008547,True,False,True,True,0.42620148645226474,2130.0,2130.0,349929455.0,349.929455,2322.43896484375,0.9171392799738455,-0.3368561535788299,0.125908752895332,48.91812900650863,2.2966257749534567,-0.003741814780168329,-0.03181818181818186,14.982871456953868,29.218632769249307,22.660045801597626,earnings_blackout,0,before_earnings,False,False,False,False,False,False,False,False,False,7199.T,,2130.0,13.577256,3.2776392,156.88,649.858,82652364800.0,1786343400.0,1786343400.0,1786343400.0,True,,,True,1786343400.0,2026-08-10,1.0
6,True,70.23809523809524,True,False,True,True,0.3637205855131733,1709.0,1709.0,343781945.0,343.781945,1857.0,0.9203015616585891,-0.12170166935918147,0.14181785250609513,32.21857512276172,1.8852296736548695,-0.0005847953216374657,-0.07969843834141088,10.86980766055744,24.584785310732702,18.129963291728775,earnings_blackout,0,before_earnings,False,False,False,False,False,False,False,False,False,4095.T,,1709.0,14.58938,0.91667587,117.14,1864.345,180616249344.0,1786084200.0,1786084200.0,1786084200.0,True,,,True,1786084200.0,2026-08-07,0.0
6,True,45.60260586319218,False,False,True,True,0.48320869257575916,1967.0,1967.0,335059170.0,335.05917,2080.0,0.9456730769230769,-0.17363640351745535,0.09776563124957383,39.32547744183552,1.9992616899763862,-0.054326923076923106,-0.054326923076923106,26.25402803588898,26.363998058599115,21.91602032988658,earnings_blackout,0,before_earnings,False,False,False,False,False,False,False,False,False,2154.T,,1967.0,12.889908,2.1440797,152.6,917.41,167090323456.0,1786084200.0,1786084200.0,1786084200.0,True,,,True,1786084200.0,2026-08-07,0.0
6,True,55.35714285714286,False,False,False,True,0.4005219708758783,2894.0,2894.0,325845850.0,325.84585,2931.0,0.9873763220743773,-0.3408110244347726,0.1285287758256195,64.67865848252053,2.234922546044248,-0.01262367792562269,-0.01262367792562269,20.82383445541975,32.852527481279814,20.05595445188165,earnings_blackout,0,before_earnings,False,False,False,False,False,False,False,False,False,4919.T,,2894.0,27.237648,1.8905147,106.25,1530.8,91972902912.0,1786343400.0,1786343400.0,1786343400.0,True,,,True,1786343400.0,2026-08-10,1.0
5,True,63.57142857142857,True,False,True,True,0.3626759735480331,4280.0,4280.0,322706750.0,322.70675,4505.0,0.9500554938956715,-0.14659133824942083,0.12169574459005927,116.54242568143457,2.7229538710615553,0.0,-0.049944506104328545,13.599354227516523,21.13823324534569,16.399493182720022,earnings_blackout,0,before_earnings,False,False,False,False,False,False,False,False,False,4044.T,,4280.0,12.687873,0.8583467,337.33,4986.33,106113114112.0,1786343400.0,1786343400.0,1786343400.0,True,,,True,1786343400.0,2026-08-10,1.0
4,True,71.02272727272728,False,False,True,True,0.28705482755854667,3640.0,3640.0,314894300.0,314.8943,3795.0,0.9591567852437418,-0.30135186932082914,0.0774398830388503,126.7687943885728,3.4826591864992524,-0.02281879194630876,-0.040843214756258184,16.792771131129108,23.949159945879277,21.337372957073427,earnings_blackout,0,before_earnings,False,False,False,False,False,False,False,False,False,7734.T,,3640.0,16.75489,1.9379587,217.25,1878.265,165459050496.0,1786343400.0,1786343400.0,1786343400.0,True,,,True,1786343400.0,2026-08-10,1.0
6,True,43.125,False,False,True,False,0.6394165824798993,865.0,865.0,234190355.0,234.190355,1072.0,0.8069029850746269,-0.32649253731343286,0.13788716878364915,29.063785719899926,3.359975227734095,-0.03888888888888886,-0.10548086866597728,24.085075639612437,20.181936872233862,17.36735699072508,earnings_blackout,0,before_earnings,False,False,False,False,False,False,False,False,False,9517.T,,865.0,12.648048,0.9588716,68.39,902.102,67628060672.0,1786343400.0,1786343400.0,1786343400.0,True,,,True,1786343400.0,2026-08-10,1.0
4,True,51.86915887850467,False,True,False,True,0.35767214585377993,930.0,930.0,226368825.0,226.368825,1038.2003173828125,0.8957808858548864,-0.5146214284786901,0.026280336282334504,25.648067883203293,2.7578567616347627,-0.027196652719665315,-0.037267080745341574,14.044495259598271,23.153087913362793,18.83601957267355,earnings_blackout,0,before_earnings,False,False,False,False,False,False,False,False,False,3865.T,,930.0,21.335169,0.5863154,43.59,1586.177,147685834752.0,1786084200.0,1786084200.0,1786084200.0,True,,,True,1786084200.0,2026-08-07,0.0
3,True,58.82352941176471,False,False,True,True,0.3304002870538582,402.0,402.0,211659090.0,211.65909,495.68182373046875,0.8110041174690944,-0.3706175035841064,0.06882516522585802,8.346026698241149,2.0761260443385945,0.0,0.0,9.384528685126071,20.242806272063156,14.078701309226721,earnings_blackout,0,before_earnings,False,False,False,False,False,False,False,False,False,3632.T,,402.0,47.23854,0.7414143,8.51,542.207,69064957952.0,1786084200.0,1786084200.0,1786084200.0,True,,,True,1786084200.0,2026-08-07,0.0
7,True,54.63576158940398,False,False,False,True,0.33432320139039146,1860.0,1860.0,188219965.0,188.219965,1899.0,0.9794628751974723,-0.18753452188185393,0.08572420855217278,36.847866534630434,1.9810680932597007,-0.020537124802527673,-0.020537124802527673,22.267055428053396,23.074333665875,17.87675727140953,"fund_low_adv20,earnings_blackout",0,before_earnings,False,False,False,False,False,False,False,False,False,8771.T,,1860.0,24.121386,4.0539303,77.11,458.814,82615001088.0,1786084200.0,1786084200.0,1786084200.0,True,,,False,1786084200.0,2026-08-07,0.0
5,True,62.85714285714286,True,False,True,True,0.3687161534178767,394.0,394.0,182755710.0,182.75571,433.0,0.9099307159353349,-0.5787164432797084,0.09379120802853858,20.609509829506873,5.230840058250475,-0.06413301662707838,-0.09006928406466508,15.544980556795325,22.506171025855686,21.189408146285327,"fund_neg_eps,fund_low_adv20,fund_small_mcap,earnings_blackout",0,before_earnings,False,False,False,False,False,False,False,False,False,6464.T,,394.0,-0.5696111030793697,0.39349672,-691.7,1001.279,15074078720.0,1786343400.0,1786343400.0,1786343400.0,True,,,False,1786343400.0,2026-08-10,1.0
0,False,,False,False,False,False,,152.60000610351562,152.60000610351562,,,,,,,,,,,,,,"insufficient_daily,fund_low_adv20,earnings_blackout",0,insufficient_daily;before_earnings,False,False,False,False,False,False,False,False,False,8729.T,,152.6,19.66495,1.6268483,7.76,93.801,1023708954624.0,1786343400.0,1786343400.0,1786343400.0,True,,,False,1786343400.0,2026-08-10,1.0
