signal_date,ticker,name,score,sell_score,holding_days,entry_date,entry_price,exit_date,exit_price,return_pct,mfe_pct,mae_pct,status,close,rsi,adx14,plus_di14,minus_di14,pe_ttm,pbr,adv20_m,market_cap,next_earn_date
2026-01-08,9605.T,,8,0,5,2026-01-09 00:00:00,5601.708248949637,2026-01-16 00:00:00,5571.859375,-0.5328530623713523,3.1971580817051537,-2.664296113268072,CLOSED,5610.0,51.85185185185185,15.659066269662969,19.57375238514521,18.886315503779297,17.36197,1.2359052,481.7123,350553407488.0,2026-02-13
2026-01-08,9605.T,,8,0,10,2026-01-09 00:00:00,5601.708248949637,2026-01-23 00:00:00,5611.658203125,0.17762357004631468,3.1971580817051537,-2.664296113268072,CLOSED,5610.0,51.85185185185185,15.659066269662969,19.57375238514521,18.886315503779297,17.36197,1.2359052,481.7123,350553407488.0,2026-02-13
2026-01-08,9605.T,,8,0,20,2026-01-09 00:00:00,5601.708248949637,2026-02-06 00:00:00,5571.859375,-0.5328530623713523,3.1971580817051537,-2.664296113268072,CLOSED,5610.0,51.85185185185185,15.659066269662969,19.57375238514521,18.886315503779297,17.36197,1.2359052,481.7123,350553407488.0,2026-02-13
2026-01-08,9605.T,,8,0,40,2026-01-09 00:00:00,5601.708248949637,2026-03-10 00:00:00,5721.10546875,2.13144302584396,4.440503262243389,-10.301946868319757,CLOSED,5610.0,51.85185185185185,15.659066269662969,19.57375238514521,18.886315503779297,17.36197,1.2359052,481.7123,350553407488.0,2026-02-13
2026-01-08,9605.T,,8,0,50,2026-01-09 00:00:00,5601.708248949637,2026-03-25 00:00:00,5830.552734375,4.085262481641605,4.9733619908706395,-10.301946868319757,CLOSED,5610.0,51.85185185185185,15.659066269662969,19.57375238514521,18.886315503779297,17.36197,1.2359052,481.7123,350553407488.0,2026-02-13
2026-01-08,9605.T,,8,0,60,2026-01-09 00:00:00,5601.708248949637,2026-04-08 00:00:00,5890.0,5.146497072646006,8.002768639984437,-10.301946868319757,CLOSED,5610.0,51.85185185185185,15.659066269662969,19.57375238514521,18.886315503779297,17.36197,1.2359052,481.7123,350553407488.0,2026-02-13
2026-01-16,6417.T,,8,0,5,2026-01-19 00:00:00,2486.4708342176887,2026-01-23 00:00:00,2414.618896484375,-2.8897156863663898,0.37350108118734404,-4.108516567298059,CLOSED,2570.5,49.265905383360526,10.627552478573769,19.321500444130475,20.87383364352738,9.933915,2.0386798,1797.0298325,507709030400.0,2026-02-05
2026-01-16,6417.T,,8,0,10,2026-01-19 00:00:00,2486.4708342176887,2026-01-30 00:00:00,2361.3408203125,-5.0324344119868964,0.37350108118734404,-6.428150696779589,CLOSED,2570.5,49.265905383360526,10.627552478573769,19.321500444130475,20.87383364352738,9.933915,2.0386798,1797.0298325,507709030400.0,2026-02-05
2026-01-16,6417.T,,8,0,20,2026-01-19 00:00:00,2486.4708342176887,2026-02-16 00:00:00,2154.5830078125,-13.347746606873411,0.37350108118734404,-13.721248185585166,CLOSED,2570.5,49.265905383360526,10.627552478573769,19.321500444130475,20.87383364352738,9.933915,2.0386798,1797.0298325,507709030400.0,2026-02-05
2026-01-16,6417.T,,8,0,40,2026-01-19 00:00:00,2486.4708342176887,2026-03-17 00:00:00,1988.8834228515625,-20.011793603952754,0.37350108118734404,-20.345978786733,CLOSED,2570.5,49.265905383360526,10.627552478573769,19.321500444130475,20.87383364352738,9.933915,2.0386798,1797.0298325,507709030400.0,2026-02-05
2026-01-16,6417.T,,8,0,50,2026-01-19 00:00:00,2486.4708342176887,2026-04-01 00:00:00,1990.5,-19.946778678935708,0.37350108118734404,-23.747346081518263,CLOSED,2570.5,49.265905383360526,10.627552478573769,19.321500444130475,20.87383364352738,9.933915,2.0386798,1797.0298325,507709030400.0,2026-02-05
2026-01-16,6417.T,,8,0,60,2026-01-19 00:00:00,2486.4708342176887,2026-04-15 00:00:00,1973.5,-20.63047863495585,0.37350108118734404,-23.747346081518263,CLOSED,2570.5,49.265905383360526,10.627552478573769,19.321500444130475,20.87383364352738,9.933915,2.0386798,1797.0298325,507709030400.0,2026-02-05
2026-01-16,7177.T,,8,1,5,2026-01-19 00:00:00,867.6882668272618,2026-01-23 00:00:00,856.0413818359375,-1.342289095819127,0.11185682326622093,-3.0201390941324235,CLOSED,888.0,52.05479452054795,21.759816663141542,19.51586959213217,19.64506771600826,11.147376,2.000009,261.165185,104774590464.0,2025-08-04
2026-01-16,7177.T,,8,1,10,2026-01-19 00:00:00,867.6882668272618,2026-01-30 00:00:00,862.8353881835938,-0.559288263907598,0.11185682326622093,-3.0201390941324235,CLOSED,888.0,52.05479452054795,21.759816663141542,19.51586959213217,19.64506771600826,11.147376,2.000009,261.165185,104774590464.0,2025-08-04
2026-01-16,7177.T,,8,1,20,2026-01-19 00:00:00,867.6882668272618,2026-02-16 00:00:00,862.8353881835938,-0.559288263907598,1.6778495870104715,-3.0201390941324235,CLOSED,888.0,52.05479452054795,21.759816663141542,19.51586959213217,19.64506771600826,11.147376,2.000009,261.165185,104774590464.0,2025-08-04
2026-01-16,7177.T,,8,1,40,2026-01-19 00:00:00,867.6882668272618,2026-03-17 00:00:00,879.3350830078125,1.3422811654625333,6.711407619573273,-3.0201390941324235,CLOSED,888.0,52.05479452054795,21.759816663141542,19.51586959213217,19.64506771600826,11.147376,2.000009,261.165185,104774590464.0,2025-08-04
2026-01-16,7177.T,,8,1,50,2026-01-19 00:00:00,867.6882668272618,2026-04-01 00:00:00,907.5162353515625,4.590124131784479,6.711407619573273,-3.0201390941324235,CLOSED,888.0,52.05479452054795,21.759816663141542,19.51586959213217,19.64506771600826,11.147376,2.000009,261.165185,104774590464.0,2025-08-04
2026-01-16,7177.T,,8,1,60,2026-01-19 00:00:00,867.6882668272618,2026-04-15 00:00:00,941.0184936523438,8.45121798099413,9.019025404978409,-3.0201390941324235,CLOSED,888.0,52.05479452054795,21.759816663141542,19.51586959213217,19.64506771600826,11.147376,2.000009,261.165185,104774590464.0,2025-08-04
2026-01-16,7965.T,,8,1,5,2026-01-19 00:00:00,1553.8298873804915,2026-01-23 00:00:00,1562.703369140625,0.5710716361037926,1.07868776461435,-0.1903519259894182,CLOSED,1584.0,35.07109004739337,20.8675008745466,18.76967599142277,25.88913231694129,17.148424,1.1337682,462.67366,100576567296.0,2025-12-29
2026-01-16,7965.T,,8,1,10,2026-01-19 00:00:00,1553.8298873804915,2026-01-30 00:00:00,1524.251953125,-1.903550349733274,1.07868776461435,-4.695426116659229,CLOSED,1584.0,35.07109004739337,20.8675008745466,18.76967599142277,25.88913231694129,17.148424,1.1337682,462.67366,100576567296.0,2025-12-29
2026-01-16,7965.T,,8,1,20,2026-01-19 00:00:00,1553.8298873804915,2026-02-16 00:00:00,1585.3797607421875,2.0304586504565236,3.6167534328782835,-4.695426116659229,CLOSED,1584.0,35.07109004739337,20.8675008745466,18.76967599142277,25.88913231694129,17.148424,1.1337682,462.67366,100576567296.0,2025-12-29
2026-01-16,7965.T,,8,1,40,2026-01-19 00:00:00,1553.8298873804915,2026-03-17 00:00:00,1508.47705078125,-2.9187774651251663,4.060920737332752,-5.139592875508248,CLOSED,1584.0,35.07109004739337,20.8675008745466,18.76967599142277,25.88913231694129,17.148424,1.1337682,462.67366,100576567296.0,2025-12-29
2026-01-16,7965.T,,8,1,50,2026-01-19 00:00:00,1553.8298873804915,2026-04-01 00:00:00,1683.9730224609375,8.375635977748285,10.342641080388892,-6.2817233442505565,CLOSED,1584.0,35.07109004739337,20.8675008745466,18.76967599142277,25.88913231694129,17.148424,1.1337682,462.67366,100576567296.0,2025-12-29
2026-01-16,7965.T,,8,1,60,2026-01-19 00:00:00,1553.8298873804915,2026-04-15 00:00:00,1666.226318359375,7.233509400978622,11.294418988113296,-6.2817233442505565,CLOSED,1584.0,35.07109004739337,20.8675008745466,18.76967599142277,25.88913231694129,17.148424,1.1337682,462.67366,100576567296.0,2025-12-29
2026-01-19,7177.T,,8,0,5,2026-01-20 00:00:00,862.8353483479357,2026-01-26 00:00:00,844.3945922851562,-2.137227699130295,0.0,-2.4746869867127597,CLOSED,887.0,52.777777777777786,20.53003752839314,20.04560896619064,18.30344636574828,11.136221,1.9977568,253.431335,104656601088.0,2025-08-04
2026-01-19,7177.T,,8,0,10,2026-01-20 00:00:00,862.8353483479357,2026-02-02 00:00:00,854.1002197265625,-1.0123749146460304,0.5624343390863595,-2.4746869867127597,CLOSED,887.0,52.777777777777786,20.53003752839314,20.04560896619064,18.30344636574828,11.136221,1.9977568,253.431335,104656601088.0,2025-08-04
2026-01-19,7177.T,,8,0,20,2026-01-20 00:00:00,862.8353483479357,2026-02-17 00:00:00,890.0113525390625,3.149616464272187,3.149616464272187,-2.4746869867127597,CLOSED,887.0,52.777777777777786,20.53003752839314,20.04560896619064,18.30344636574828,11.136221,1.9977568,253.431335,104656601088.0,2025-08-04
2026-01-19,7177.T,,8,0,40,2026-01-20 00:00:00,862.8353483479357,2026-03-18 00:00:00,909.4226684570312,5.399329107030204,7.311593695611407,-2.4746869867127597,CLOSED,887.0,52.777777777777786,20.53003752839314,20.04560896619064,18.30344636574828,11.136221,1.9977568,253.431335,104656601088.0,2025-08-04
2026-01-19,7177.T,,8,0,50,2026-01-20 00:00:00,862.8353483479357,2026-04-02 00:00:00,904.5601806640625,4.83578151915276,7.311593695611407,-2.4746869867127597,CLOSED,887.0,52.777777777777786,20.53003752839314,20.04560896619064,18.30344636574828,11.136221,1.9977568,253.431335,104656601088.0,2025-08-04
2026-01-19,7177.T,,8,0,60,2026-01-20 00:00:00,862.8353483479357,2026-04-16 00:00:00,967.6231689453125,12.144590598659777,12.715591569121386,-2.4746869867127597,CLOSED,887.0,52.777777777777786,20.53003752839314,20.04560896619064,18.30344636574828,11.136221,1.9977568,253.431335,104656601088.0,2025-08-04
2026-01-19,7965.T,,8,1,5,2026-01-20 00:00:00,1558.759603889523,2026-01-26 00:00:00,1546.928466796875,-0.7590097320411826,0.7590173840495096,-1.5180230419299723,CLOSED,1582.0,41.11111111111112,20.41135416830792,18.700165457362544,25.03342169667808,17.130482,1.1323367,466.0602,100449574912.0,2025-12-29
2026-01-19,7965.T,,8,1,10,2026-01-20 00:00:00,1558.759603889523,2026-02-02 00:00:00,1552.843994140625,-0.37950750931298183,0.7590173840495096,-4.996835346207251,CLOSED,1582.0,41.11111111111112,20.41135416830792,18.700165457362544,25.03342169667808,17.130482,1.1323367,466.0602,100449574912.0,2025-12-29
2026-01-19,7965.T,,8,1,20,2026-01-20 00:00:00,1558.759603889523,2026-02-17 00:00:00,1560.7314453125,0.1265006751558495,3.2890561928832662,-4.996835346207251,CLOSED,1582.0,41.11111111111112,20.41135416830792,18.700165457362544,25.03342169667808,17.130482,1.1323367,466.0602,100449574912.0,2025-12-29
2026-01-19,7965.T,,8,1,40,2026-01-20 00:00:00,1558.759603889523,2026-03-18 00:00:00,1507.4910888671875,-3.2890584856322236,3.731818778554885,-5.4395973879989405,CLOSED,1582.0,41.11111111111112,20.41135416830792,18.700165457362544,25.03342169667808,17.130482,1.1323367,466.0602,100449574912.0,2025-12-29
2026-01-19,7965.T,,8,1,50,2026-01-20 00:00:00,1558.759603889523,2026-04-02 00:00:00,1677.071533203125,7.59013314294148,9.993672619808569,-6.578115767094339,CLOSED,1582.0,41.11111111111112,20.41135416830792,18.700165457362544,25.03342169667808,17.130482,1.1323367,466.0602,100449574912.0,2025-12-29
2026-01-19,7965.T,,8,1,60,2026-01-20 00:00:00,1558.759603889523,2026-04-16 00:00:00,1675.0997314453125,7.463635012447689,10.94244044486663,-6.578115767094339,CLOSED,1582.0,41.11111111111112,20.41135416830792,18.700165457362544,25.03342169667808,17.130482,1.1323367,466.0602,100449574912.0,2025-12-29
2026-01-22,4221.T,,8,0,5,2026-01-23 00:00:00,4815.555771691735,2026-01-29 00:00:00,4600.4443359375,-4.467011617200411,0.8121827411167404,-5.583762809772985,CLOSED,4925.0,53.98230088495575,12.226449454665511,25.78359254944158,22.849259030886586,12.725112,0.89500487,407.41409470703127,55636037632.0,2025-08-07
2026-01-22,4221.T,,8,0,10,2026-01-23 00:00:00,4815.555771691735,2026-02-05 00:00:00,4815.5556640625,-2.235032459108055e-06,0.8121827411167404,-5.583762809772985,CLOSED,4925.0,53.98230088495575,12.226449454665511,25.78359254944158,22.849259030886586,12.725112,0.89500487,407.41409470703127,55636037632.0,2025-08-07
2026-01-22,4221.T,,8,0,20,2026-01-23 00:00:00,4815.555771691735,2026-02-20 00:00:00,4874.22216796875,1.2182684420744438,7.6142060308902915,-5.583762809772985,CLOSED,4925.0,53.98230088495575,12.226449454665511,25.78359254944158,22.849259030886586,12.725112,0.89500487,407.41409470703127,55636037632.0,2025-08-07
2026-01-22,4221.T,,8,0,40,2026-01-23 00:00:00,4815.555771691735,2026-03-24 00:00:00,4522.22216796875,-6.091375899898144,7.6142060308902915,-9.13706103862294,CLOSED,4925.0,53.98230088495575,12.226449454665511,25.78359254944158,22.849259030886586,12.725112,0.89500487,407.41409470703127,55636037632.0,2025-08-07
2026-01-22,4221.T,,8,0,50,2026-01-23 00:00:00,4815.555771691735,2026-04-07 00:00:00,4693.33349609375,-2.5380720604767704,7.6142060308902915,-9.13706103862294,CLOSED,4925.0,53.98230088495575,12.226449454665511,25.78359254944158,22.849259030886586,12.725112,0.89500487,407.41409470703127,55636037632.0,2025-08-07
2026-01-22,4221.T,,8,0,60,2026-01-23 00:00:00,4815.555771691735,2026-04-21 00:00:00,4595.5556640625,-4.5685299487653435,7.6142060308902915,-9.13706103862294,CLOSED,4925.0,53.98230088495575,12.226449454665511,25.78359254944158,22.849259030886586,12.725112,0.89500487,407.41409470703127,55636037632.0,2025-08-07
2026-01-23,3034.T,,8,1,5,2026-01-26 00:00:00,2081.1262836402266,2026-01-30 00:00:00,2089.99462890625,0.4261320101397903,2.2727272727272707,-2.3200759967612505,CLOSED,2122.0,47.47774480712167,26.95919523177488,20.25173289210265,26.46715496781393,10.608409,1.4645301,331.325195,79613329408.0,2025-07-31
2026-01-23,3034.T,,8,1,10,2026-01-26 00:00:00,2081.1262836402266,2026-02-06 00:00:00,1953.026611328125,-6.155305101814124,3.59847650690861,-7.386365680700524,CLOSED,2122.0,47.47774480712167,26.95919523177488,20.25173289210265,26.46715496781393,10.608409,1.4645301,331.325195,79613329408.0,2025-07-31
2026-01-23,3034.T,,8,1,20,2026-01-26 00:00:00,2081.1262836402266,2026-02-24 00:00:00,1878.1375732421875,-9.753791107908116,3.59847650690861,-11.079548636228465,CLOSED,2122.0,47.47774480712167,26.95919523177488,20.25173289210265,26.46715496781393,10.608409,1.4645301,331.325195,79613329408.0,2025-07-31
2026-01-23,3034.T,,8,1,40,2026-01-26 00:00:00,2081.1262836402266,2026-03-25 00:00:00,1785.51171875,-14.204547182650963,3.59847650690861,-18.229168158686836,CLOSED,2122.0,47.47774480712167,26.95919523177488,20.25173289210265,26.46715496781393,10.608409,1.4645301,331.325195,79613329408.0,2025-07-31
2026-01-23,3034.T,,8,1,50,2026-01-26 00:00:00,2081.1262836402266,2026-04-08 00:00:00,1985.0,-4.618954860926849,3.59847650690861,-18.229168158686836,CLOSED,2122.0,47.47774480712167,26.95919523177488,20.25173289210265,26.46715496781393,10.608409,1.4645301,331.325195,79613329408.0,2025-07-31
2026-01-23,3034.T,,8,1,60,2026-01-26 00:00:00,2081.1262836402266,2026-04-22 00:00:00,1805.0,-13.268117644318878,3.59847650690861,-18.229168158686836,CLOSED,2122.0,47.47774480712167,26.95919523177488,20.25173289210265,26.46715496781393,10.608409,1.4645301,331.325195,79613329408.0,2025-07-31
2026-01-23,3922.T,,8,0,5,2026-01-26 00:00:00,2782.57036292726,2026-01-30 00:00:00,2618.538818359375,-5.8949648409006965,0.2143622722400762,-6.9667803647667785,CLOSED,2817.0,52.33532934131737,15.029904937243092,33.19550273716537,27.62570611238236,21.845676,4.281721,371.341975,38022172672.0,2025-07-09
2026-01-23,3922.T,,8,0,10,2026-01-26 00:00:00,2782.57036292726,2026-02-06 00:00:00,2433.630615234375,-12.540194934219052,0.2143622722400762,-12.861738335196193,CLOSED,2817.0,52.33532934131737,15.029904937243092,33.19550273716537,27.62570611238236,21.845676,4.281721,371.341975,38022172672.0,2025-07-09
2026-01-23,3922.T,,8,0,20,2026-01-26 00:00:00,2782.57036292726,2026-02-24 00:00:00,2326.264404296875,-16.39872129416169,0.2143622722400762,-16.39872129416169,CLOSED,2817.0,52.33532934131737,15.029904937243092,33.19550273716537,27.62570611238236,21.845676,4.281721,371.341975,38022172672.0,2025-07-09
2026-01-23,3922.T,,8,0,40,2026-01-26 00:00:00,2782.57036292726,2026-03-25 00:00:00,2092.0,-24.817714302138285,0.2143622722400762,-28.986521730891614,CLOSED,2817.0,52.33532934131737,15.029904937243092,33.19550273716537,27.62570611238236,21.845676,4.281721,371.341975,38022172672.0,2025-07-09
2026-01-23,3922.T,,8,0,50,2026-01-26 00:00:00,2782.57036292726,2026-04-08 00:00:00,2276.0,-18.205123208253703,0.2143622722400762,-29.166211706268907,CLOSED,2817.0,52.33532934131737,15.029904937243092,33.19550273716537,27.62570611238236,21.845676,4.281721,371.341975,38022172672.0,2025-07-09
2026-01-23,3922.T,,8,0,60,2026-01-26 00:00:00,2782.57036292726,2026-04-22 00:00:00,2083.0,-25.14115625781742,0.2143622722400762,-29.166211706268907,CLOSED,2817.0,52.33532934131737,15.029904937243092,33.19550273716537,27.62570611238236,21.845676,4.281721,371.341975,38022172672.0,2025-07-09
2026-01-23,7564.T,,8,0,5,2026-01-26 00:00:00,6516.47232377147,2026-01-30 00:00:00,6270.009765625,-3.7821469332018465,1.3615733736762392,-5.9001543029104315,CLOSED,6530.0,48.5207100591716,14.328138509987376,23.69948473086389,24.722674945507283,28.69699,3.8211,1750.5082,532933935104.0,2026-02-10
2026-01-23,7564.T,,8,0,10,2026-01-26 00:00:00,6516.47232377147,2026-02-06 00:00:00,6417.88720703125,-1.5128602078242626,1.3615733736762392,-5.9001543029104315,CLOSED,6530.0,48.5207100591716,14.328138509987376,23.69948473086389,24.722674945507283,28.69699,3.8211,1750.5082,532933935104.0,2026-02-10
2026-01-23,7564.T,,8,0,20,2026-01-26 00:00:00,6516.47232377147,2026-02-24 00:00:00,7315.01123046875,12.254159413587718,13.161874988360678,-5.9001543029104315,CLOSED,6530.0,48.5207100591716,14.328138509987376,23.69948473086389,24.722674945507283,28.69699,3.8211,1750.5082,532933935104.0,2026-02-10
2026-01-23,7564.T,,8,0,40,2026-01-26 00:00:00,6516.47232377147,2026-03-25 00:00:00,6378.453125,-2.1180048331976953,19.364598779044307,-7.1104409950049625,CLOSED,6530.0,48.5207100591716,14.328138509987376,23.69948473086389,24.722674945507283,28.69699,3.8211,1750.5082,532933935104.0,2026-02-10
2026-01-23,7564.T,,8,0,50,2026-01-26 00:00:00,6516.47232377147,2026-04-08 00:00:00,6570.0,0.8214210629463814,19.364598779044307,-7.925642864889149,CLOSED,6530.0,48.5207100591716,14.328138509987376,23.69948473086389,24.722674945507283,28.69699,3.8211,1750.5082,532933935104.0,2026-02-10
2026-01-23,7564.T,,8,0,60,2026-01-26 00:00:00,6516.47232377147,2026-04-22 00:00:00,7100.0,8.954655943214496,19.364598779044307,-7.925642864889149,CLOSED,6530.0,48.5207100591716,14.328138509987376,23.69948473086389,24.722674945507283,28.69699,3.8211,1750.5082,532933935104.0,2026-02-10
2026-01-23,8057.T,,8,1,5,2026-01-26 00:00:00,2049.004631006185,2026-01-30 00:00:00,2006.4781494140625,-2.075470252658196,0.28301521503335536,-5.3301914213213735,CLOSED,2147.0,50.125313283208015,26.546021867084427,24.730645566160103,22.389539091956586,10.762444,1.4954056,505.77911,105892184064.0,2025-09-01
2026-01-23,8057.T,,8,1,10,2026-01-26 00:00:00,2049.004631006185,2026-02-06 00:00:00,1983.2818603515625,-3.2075462231800023,1.2735855335769264,-5.3301914213213735,CLOSED,2147.0,50.125313283208015,26.546021867084427,24.730645566160103,22.389539091956586,10.762444,1.4954056,505.77911,105892184064.0,2025-09-01
2026-01-23,8057.T,,8,1,20,2026-01-26 00:00:00,2049.004631006185,2026-02-24 00:00:00,1956.219482421875,-4.528303507969467,1.6509441504114264,-5.566039339404572,CLOSED,2147.0,50.125313283208015,26.546021867084427,24.730645566160103,22.389539091956586,10.762444,1.4954056,505.77911,105892184064.0,2025-09-01
2026-01-23,8057.T,,8,1,40,2026-01-26 00:00:00,2049.004631006185,2026-03-25 00:00:00,1983.2818603515625,-3.2075462231800023,1.6981101806998522,-8.820755502018407,CLOSED,2147.0,50.125313283208015,26.546021867084427,24.730645566160103,22.389539091956586,10.762444,1.4954056,505.77911,105892184064.0,2025-09-01
2026-01-23,8057.T,,8,1,50,2026-01-26 00:00:00,2049.004631006185,2026-04-08 00:00:00,2052.87060546875,0.18867573084335731,1.6981101806998522,-9.575472476652502,CLOSED,2147.0,50.125313283208015,26.546021867084427,24.730645566160103,22.389539091956586,10.762444,1.4954056,505.77911,105892184064.0,2025-09-01
2026-01-23,8057.T,,8,1,60,2026-01-26 00:00:00,2049.004631006185,2026-04-22 00:00:00,1962.0185546875,-4.2452845153390095,1.6981101806998522,-9.575472476652502,CLOSED,2147.0,50.125313283208015,26.546021867084427,24.730645566160103,22.389539091956586,10.762444,1.4954056,505.77911,105892184064.0,2025-09-01
2026-01-28,7177.T,,8,0,5,2026-01-29 00:00:00,859.9236952192327,2026-02-04 00:00:00,877.3939208984375,2.031601847504727,2.3702022961137104,-1.0158088253360176,CLOSED,879.0,48.10126582278482,19.026772278991476,15.590087073185966,23.28909514666468,11.038553,1.9797387,235.74084,103712686080.0,2025-08-04
2026-01-28,7177.T,,8,0,10,2026-01-29 00:00:00,859.9236952192327,2026-02-12 00:00:00,863.8059692382812,0.4514672686230403,2.5959367945824097,-1.0158088253360176,CLOSED,879.0,48.10126582278482,19.026772278991476,15.590087073185966,23.28909514666468,11.038553,1.9797387,235.74084,103712686080.0,2025-08-04
2026-01-28,7177.T,,8,0,20,2026-01-29 00:00:00,859.9236952192327,2026-02-27 00:00:00,925.92236328125,7.674944699039976,7.674944699039976,-1.24153558683755,CLOSED,879.0,48.10126582278482,19.026772278991476,15.590087073185966,23.28909514666468,11.038553,1.9797387,235.74084,103712686080.0,2025-08-04
2026-01-28,7177.T,,8,0,40,2026-01-29 00:00:00,859.9236952192327,2026-03-30 00:00:00,875.9847412109375,1.8677292044627425,7.674944699039976,-1.24153558683755,CLOSED,879.0,48.10126582278482,19.026772278991476,15.590087073185966,23.28909514666468,11.038553,1.9797387,235.74084,103712686080.0,2025-08-04
2026-01-28,7177.T,,8,0,50,2026-01-29 00:00:00,859.9236952192327,2026-04-13 00:00:00,920.325927734375,7.024138635898747,9.086699463327275,-1.24153558683755,CLOSED,879.0,48.10126582278482,19.026772278991476,15.590087073185966,23.28909514666468,11.038553,1.9797387,235.74084,103712686080.0,2025-08-04
2026-01-28,7177.T,,8,0,60,2026-01-29 00:00:00,859.9236952192327,2026-04-27 00:00:00,1017.8765258789062,18.36823796550975,22.607955666806667,-1.24153558683755,CLOSED,879.0,48.10126582278482,19.026772278991476,15.590087073185966,23.28909514666468,11.038553,1.9797387,235.74084,103712686080.0,2025-08-04
2026-01-30,3034.T,,8,1,5,2026-02-02 00:00:00,2124.483116868847,2026-02-06 00:00:00,1953.026611328125,-8.070504499627273,1.4842201812244271,-9.276441372992405,CLOSED,2121.0,54.406130268199234,21.877104140863164,18.9174460857136,25.6422755730622,10.599171,1.4638399,321.21213,79575810048.0,2025-07-31
2026-01-30,3034.T,,8,1,10,2026-02-02 00:00:00,2124.483116868847,2026-02-16 00:00:00,1896.85986328125,-10.71428865591918,1.4842201812244271,-12.476811974436464,CLOSED,2121.0,54.406130268199234,21.877104140863164,18.9174460857136,25.6422755730622,10.599171,1.4638399,321.21213,79575810048.0,2025-07-31
2026-01-30,3034.T,,8,1,20,2026-02-02 00:00:00,2124.483116868847,2026-03-03 00:00:00,1799.3070068359375,-15.306128227188164,1.4842201812244271,-15.39889259933801,CLOSED,2121.0,54.406130268199234,21.877104140863164,18.9174460857136,25.6422755730622,10.599171,1.4638399,321.21213,79575810048.0,2025-07-31
2026-01-30,3034.T,,8,1,40,2026-02-02 00:00:00,2124.483116868847,2026-04-01 00:00:00,1917.0,-9.766286925106016,1.4842201812244271,-19.897961989505617,CLOSED,2121.0,54.406130268199234,21.877104140863164,18.9174460857136,25.6422755730622,10.599171,1.4638399,321.21213,79575810048.0,2025-07-31
2026-01-30,3034.T,,8,1,50,2026-02-02 00:00:00,2124.483116868847,2026-04-15 00:00:00,1904.0,-10.378200472301435,1.4842201812244271,-19.897961989505617,CLOSED,2121.0,54.406130268199234,21.877104140863164,18.9174460857136,25.6422755730622,10.599171,1.4638399,321.21213,79575810048.0,2025-07-31
2026-01-30,3034.T,,8,1,60,2026-02-02 00:00:00,2124.483116868847,2026-04-30 00:00:00,1761.0,-17.109249491451074,1.4842201812244271,-19.897961989505617,CLOSED,2121.0,54.406130268199234,21.877104140863164,18.9174460857136,25.6422755730622,10.599171,1.4638399,321.21213,79575810048.0,2025-07-31
2026-02-03,4914.T,,8,0,5,2026-02-04 00:00:00,1477.2983526932567,2026-02-10 00:00:00,1532.9901123046875,3.7698383342741337,4.828039362539527,-0.0661375661375696,CLOSED,1511.0,50.4424778761062,17.584766491184123,20.62849007759765,22.018187577482657,10.649095,0.8855584,219.483155,147316670464.0,2026-02-13
2026-02-03,4914.T,,8,0,10,2026-02-04 00:00:00,1477.2983526932567,2026-02-18 00:00:00,1387.4097900390625,-6.084658694049083,5.423278778999729,-8.730155300670784,CLOSED,1511.0,50.4424778761062,17.584766491184123,20.62849007759765,22.018187577482657,10.649095,0.8855584,219.483155,147316670464.0,2026-02-13
2026-02-03,4914.T,,8,0,20,2026-02-04 00:00:00,1477.2983526932567,2026-03-05 00:00:00,1233.0360107421875,-16.53439479613278,5.423278778999729,-18.849203137202743,CLOSED,1511.0,50.4424778761062,17.584766491184123,20.62849007759765,22.018187577482657,10.649095,0.8855584,219.483155,147316670464.0,2026-02-13
2026-02-03,4914.T,,8,0,40,2026-02-04 00:00:00,1477.2983526932567,2026-04-03 00:00:00,1223.0,-17.213743739011576,5.423278778999729,-23.34656425228887,CLOSED,1511.0,50.4424778761062,17.584766491184123,20.62849007759765,22.018187577482657,10.649095,0.8855584,219.483155,147316670464.0,2026-02-13
2026-02-03,4914.T,,8,0,50,2026-02-04 00:00:00,1477.2983526932567,2026-04-17 00:00:00,1210.0,-18.093728474410476,5.423278778999729,-23.34656425228887,CLOSED,1511.0,50.4424778761062,17.584766491184123,20.62849007759765,22.018187577482657,10.649095,0.8855584,219.483155,147316670464.0,2026-02-13
2026-02-03,4914.T,,8,0,60,2026-02-04 00:00:00,1477.2983526932567,2026-05-07 00:00:00,1194.0,-19.176786610286033,5.423278778999729,-23.34656425228887,CLOSED,1511.0,50.4424778761062,17.584766491184123,20.62849007759765,22.018187577482657,10.649095,0.8855584,219.483155,147316670464.0,2026-02-13
2026-02-03,5631.T,,8,1,5,2026-02-04 00:00:00,8817.7431640625,2026-02-10 00:00:00,9693.150390625,9.92779229644951,11.394398720765864,-3.790612056355147,CLOSED,8822.0,40.930388219544845,15.535305327489196,23.387007257897785,23.996478072417048,29.415491,3.2208388,10185.12777,649395306496.0,2026-02-09
2026-02-03,5631.T,,8,1,10,2026-02-04 00:00:00,8817.7431640625,2026-02-18 00:00:00,9022.66796875,2.3240051436595355,12.22924542886723,-3.790612056355147,CLOSED,8822.0,40.930388219544845,15.535305327489196,23.387007257897785,23.996478072417048,29.415491,3.2208388,10185.12777,649395306496.0,2026-02-09
2026-02-03,5631.T,,8,1,20,2026-02-04 00:00:00,8817.7431640625,2026-03-05 00:00:00,9282.3056640625,5.268496613661489,19.810469683291476,-3.790612056355147,CLOSED,8822.0,40.930388219544845,15.535305327489196,23.387007257897785,23.996478072417048,29.415491,3.2208388,10185.12777,649395306496.0,2026-02-09
2026-02-03,5631.T,,8,1,40,2026-02-04 00:00:00,8817.7431640625,2026-04-03 00:00:00,9513.0,7.884748092585436,19.810469683291476,-5.191160091031833,CLOSED,8822.0,40.930388219544845,15.535305327489196,23.387007257897785,23.996478072417048,29.415491,3.2208388,10185.12777,649395306496.0,2026-02-09
2026-02-03,5631.T,,8,1,50,2026-02-04 00:00:00,8817.7431640625,2026-04-17 00:00:00,9061.0,2.7587199061196888,19.810469683291476,-5.191160091031833,CLOSED,8822.0,40.930388219544845,15.535305327489196,23.387007257897785,23.996478072417048,29.415491,3.2208388,10185.12777,649395306496.0,2026-02-09
2026-02-03,5631.T,,8,1,60,2026-02-04 00:00:00,8817.7431640625,2026-05-07 00:00:00,9317.0,5.661957109073734,19.810469683291476,-5.191160091031833,CLOSED,8822.0,40.930388219544845,15.535305327489196,23.387007257897785,23.996478072417048,29.415491,3.2208388,10185.12777,649395306496.0,2026-02-09
2026-02-03,6966.T,,8,0,5,2026-02-04 00:00:00,744.7306787303651,2026-02-10 00:00:00,810.2669677734375,8.79999856522633,8.79999856522633,-0.8000000000000007,CLOSED,751.0,48.49254533650121,15.526478638576371,17.074498787327556,24.242110996041827,14.696673,1.2078441,1166.206089078064,137244999680.0,2026-03-10
2026-02-03,6966.T,,8,0,10,2026-02-04 00:00:00,744.7306787303651,2026-02-18 00:00:00,818.2107543945312,9.866664253638223,14.399995536829024,-0.8000000000000007,CLOSED,751.0,48.49254533650121,15.526478638576371,17.074498787327556,24.242110996041827,14.696673,1.2078441,1166.206089078064,137244999680.0,2026-03-10
2026-02-03,6966.T,,8,0,20,2026-02-04 00:00:00,744.7306787303651,2026-03-05 00:00:00,768.5620727539062,3.200001652163631,19.33333559816166,-0.8000000000000007,CLOSED,751.0,48.49254533650121,15.526478638576371,17.074498787327556,24.242110996041827,14.696673,1.2078441,1166.206089078064,137244999680.0,2026-03-10
2026-02-03,6966.T,,8,0,40,2026-02-04 00:00:00,744.7306787303651,2026-04-03 00:00:00,611.672119140625,-17.866668231874307,19.33333559816166,-25.333332642619165,CLOSED,751.0,48.49254533650121,15.526478638576371,17.074498787327556,24.242110996041827,14.696673,1.2078441,1166.206089078064,137244999680.0,2026-03-10
2026-02-03,6966.T,,8,0,50,2026-02-04 00:00:00,744.7306787303651,2026-04-17 00:00:00,663.3067626953125,-10.933337159396473,19.33333559816166,-25.333332642619165,CLOSED,751.0,48.49254533650121,15.526478638576371,17.074498787327556,24.242110996041827,14.696673,1.2078441,1166.206089078064,137244999680.0,2026-03-10
2026-02-03,6966.T,,8,0,60,2026-02-04 00:00:00,744.7306787303651,2026-05-07 00:00:00,687.13818359375,-7.733331898559648,19.33333559816166,-25.333332642619165,CLOSED,751.0,48.49254533650121,15.526478638576371,17.074498787327556,24.242110996041827,14.696673,1.2078441,1166.206089078064,137244999680.0,2026-03-10
2026-02-03,7717.T,,8,0,5,2026-02-04 00:00:00,3122.1855605651285,2026-02-10 00:00:00,3543.4326171875,13.492057036677995,14.444437934887855,-0.7936520249077539,CLOSED,3175.0,51.086956521739125,12.954942444302995,20.50159125817076,17.157759802469112,38.961838,0.90480745,261.405025,30014271488.0,2025-08-07
2026-02-03,7717.T,,8,0,10,2026-02-04 00:00:00,3122.1855605651285,2026-02-18 00:00:00,3890.34228515625,24.603173312097493,26.03174472586676,-0.7936520249077539,CLOSED,3175.0,51.086956521739125,12.954942444302995,20.50159125817076,17.157759802469112,38.961838,0.90480745,261.405025,30014271488.0,2025-08-07
2026-02-03,7717.T,,8,0,20,2026-02-04 00:00:00,3122.1855605651285,2026-03-05 00:00:00,4480.08837890625,43.49206003295125,55.39682600158049,-0.7936520249077539,CLOSED,3175.0,51.086956521739125,12.954942444302995,20.50159125817076,17.157759802469112,38.961838,0.90480745,261.405025,30014271488.0,2025-08-07
2026-02-03,7717.T,,8,0,40,2026-02-04 00:00:00,3122.1855605651285,2026-04-03 00:00:00,4415.0,41.407354379054475,55.39682600158049,-0.7936520249077539,CLOSED,3175.0,51.086956521739125,12.954942444302995,20.50159125817076,17.157759802469112,38.961838,0.90480745,261.405025,30014271488.0,2025-08-07
2026-02-03,7717.T,,8,0,50,2026-02-04 00:00:00,3122.1855605651285,2026-04-17 00:00:00,4900.0,56.94134461095515,71.67461369688155,-0.7936520249077539,CLOSED,3175.0,51.086956521739125,12.954942444302995,20.50159125817076,17.157759802469112,38.961838,0.90480745,261.405025,30014271488.0,2025-08-07
2026-02-03,7717.T,,8,0,60,2026-02-04 00:00:00,3122.1855605651285,2026-05-07 00:00:00,4675.0,49.7348542971868,71.67461369688155,-0.7936520249077539,CLOSED,3175.0,51.086956521739125,12.954942444302995,20.50159125817076,17.157759802469112,38.961838,0.90480745,261.405025,30014271488.0,2025-08-07
2026-02-03,7965.T,,8,2,5,2026-02-04 00:00:00,1541.998758282239,2026-02-10 00:00:00,1599.182861328125,3.7084402784855808,3.772378897646189,-0.5115089514066473,CLOSED,1565.0,51.333333333333336,21.56441169086588,23.02331254701744,27.736129677873038,16.95558,1.1201687,254.621095,99370156032.0,2025-12-29
2026-02-03,7965.T,,8,2,10,2026-02-04 00:00:00,1541.998758282239,2026-02-18 00:00:00,1589.323486328125,3.069050982803967,4.411762624696203,-0.5115089514066473,CLOSED,1565.0,51.333333333333336,21.56441169086588,23.02331254701744,27.736129677873038,16.95558,1.1201687,254.621095,99370156032.0,2025-12-29
2026-02-03,7965.T,,8,2,20,2026-02-04 00:00:00,1541.998758282239,2026-03-05 00:00:00,1533.1253662109375,-0.5754474200216797,4.859337844164857,-2.1739118809318225,CLOSED,1565.0,51.333333333333336,21.56441169086588,23.02331254701744,27.736129677873038,16.95558,1.1201687,254.621095,99370156032.0,2025-12-29
2026-02-03,7965.T,,8,2,40,2026-02-04 00:00:00,1541.998758282239,2026-04-03 00:00:00,1685.9449462890625,9.335039164828984,11.189255271647092,-5.562661137472191,CLOSED,1565.0,51.333333333333336,21.56441169086588,23.02331254701744,27.736129677873038,16.95558,1.1201687,254.621095,99370156032.0,2025-12-29
2026-02-03,7965.T,,8,2,50,2026-02-04 00:00:00,1541.998758282239,2026-04-17 00:00:00,1681.0152587890625,9.015344516988177,12.148335784019281,-5.562661137472191,CLOSED,1565.0,51.333333333333336,21.56441169086588,23.02331254701744,27.736129677873038,16.95558,1.1201687,254.621095,99370156032.0,2025-12-29
2026-02-03,7965.T,,8,2,60,2026-02-04 00:00:00,1541.998758282239,2026-05-07 00:00:00,1543.9705810546875,0.12787447213284953,12.148335784019281,-5.562661137472191,CLOSED,1565.0,51.333333333333336,21.56441169086588,23.02331254701744,27.736129677873038,16.95558,1.1201687,254.621095,99370156032.0,2025-12-29
2026-02-04,4221.T,,8,0,5,2026-02-05 00:00:00,4820.444553061548,2026-02-12 00:00:00,4996.4443359375,3.6511110321592932,7.5050662368775445,-2.0283953358428253,CLOSED,4865.0,48.93617021276596,12.730069214686536,28.914532762512223,23.569923585258216,12.574959,0.8841013,279.677025,54958235648.0,2025-08-07
2026-02-04,4221.T,,8,0,10,2026-02-05 00:00:00,4820.444553061548,2026-02-19 00:00:00,4947.5556640625,2.6369167739979993,7.5050662368775445,-2.0283953358428253,CLOSED,4865.0,48.93617021276596,12.730069214686536,28.914532762512223,23.569923585258216,12.574959,0.8841013,279.677025,54958235648.0,2025-08-07
2026-02-04,4221.T,,8,0,20,2026-02-05 00:00:00,4820.444553061548,2026-03-06 00:00:00,4786.22216796875,-0.7099425108222146,7.5050662368775445,-4.5638988824732944,CLOSED,4865.0,48.93617021276596,12.730069214686536,28.914532762512223,23.569923585258216,12.574959,0.8841013,279.677025,54958235648.0,2025-08-07
2026-02-04,4221.T,,8,0,40,2026-02-05 00:00:00,4820.444553061548,2026-04-06 00:00:00,4644.4443359375,-3.651120040625022,7.5050662368775445,-9.22921209197729,CLOSED,4865.0,48.93617021276596,12.730069214686536,28.914532762512223,23.569923585258216,12.574959,0.8841013,279.677025,54958235648.0,2025-08-07
2026-02-04,4221.T,,8,0,50,2026-02-05 00:00:00,4820.444553061548,2026-04-20 00:00:00,4610.22216796875,-4.361058047214373,7.5050662368775445,-9.22921209197729,CLOSED,4865.0,48.93617021276596,12.730069214686536,28.914532762512223,23.569923585258216,12.574959,0.8841013,279.677025,54958235648.0,2025-08-07
2026-02-04,4221.T,,8,0,60,2026-02-05 00:00:00,4820.444553061548,2026-05-08 00:00:00,4918.22216796875,2.028394141471912,7.5050662368775445,-9.22921209197729,CLOSED,4865.0,48.93617021276596,12.730069214686536,28.914532762512223,23.569923585258216,12.574959,0.8841013,279.677025,54958235648.0,2025-08-07
2026-02-04,7965.T,,8,1,5,2026-02-05 00:00:00,1568.618965490684,2026-02-12 00:00:00,1581.43603515625,0.817092611242054,2.6398455325176373,-1.1313627543898308,CLOSED,1580.0,50.34013605442177,21.01809874924773,21.102352929669703,27.925016635770035,17.110678,1.1309052,249.485495,100322590720.0,2025-12-29
2026-02-04,7965.T,,8,1,10,2026-02-05 00:00:00,1568.618965490684,2026-02-19 00:00:00,1587.3516845703125,1.1942173014444224,2.6398455325176373,-1.4456356899777756,CLOSED,1580.0,50.34013605442177,21.01809874924773,21.102352929669703,27.925016635770035,17.110678,1.1309052,249.485495,100322590720.0,2025-12-29
2026-02-04,7965.T,,8,1,20,2026-02-05 00:00:00,1568.618965490684,2026-03-06 00:00:00,1533.1253662109375,-2.262729194316715,3.0798251884072814,-3.834066955817461,CLOSED,1580.0,50.34013605442177,21.01809874924773,21.102352929669703,27.925016635770035,17.110678,1.1309052,249.485495,100322590720.0,2025-12-29
2026-02-04,7965.T,,8,1,40,2026-02-05 00:00:00,1568.618965490684,2026-04-06 00:00:00,1699.748046875,8.359524159093468,9.302320917415251,-7.1653075315556976,CLOSED,1580.0,50.34013605442177,21.01809874924773,21.102352929669703,27.925016635770035,17.110678,1.1309052,249.485495,100322590720.0,2025-12-29
2026-02-04,7965.T,,8,1,50,2026-02-05 00:00:00,1568.618965490684,2026-04-20 00:00:00,1670.1700439453125,6.473916272130631,10.245125378986986,-7.1653075315556976,CLOSED,1580.0,50.34013605442177,21.01809874924773,21.102352929669703,27.925016635770035,17.110678,1.1309052,249.485495,100322590720.0,2025-12-29
2026-02-04,7965.T,,8,1,60,2026-02-05 00:00:00,1568.618965490684,2026-05-08 00:00:00,1547.914306640625,-1.3199291418475534,10.245125378986986,-7.1653075315556976,CLOSED,1580.0,50.34013605442177,21.01809874924773,21.102352929669703,27.925016635770035,17.110678,1.1309052,249.485495,100322590720.0,2025-12-29
2026-02-05,2395.T,,8,1,5,2026-02-06 00:00:00,1586.7578066170934,2026-02-13 00:00:00,1690.582763671875,6.543213880644605,9.444443423153515,-2.4074074074074137,CLOSED,1631.0,46.75925925925927,19.81629023834938,17.36350551191767,21.767783562039885,14.353604,1.7928752,334.20812,67901526016.0,2025-08-04
2026-02-05,2395.T,,8,1,10,2026-02-06 00:00:00,1586.7578066170934,2026-02-20 00:00:00,1672.9521484375,5.432104474984101,10.493833144157815,-2.4074074074074137,CLOSED,1631.0,46.75925925925927,19.81629023834938,17.36350551191767,21.767783562039885,14.353604,1.7928752,334.20812,67901526016.0,2025-08-04
2026-02-05,2395.T,,8,1,20,2026-02-06 00:00:00,1586.7578066170934,2026-03-09 00:00:00,1529.947998046875,-3.5802444666293898,10.493833144157815,-7.716050178763889,CLOSED,1631.0,46.75925925925927,19.81629023834938,17.36350551191767,21.767783562039885,14.353604,1.7928752,334.20812,67901526016.0,2025-08-04
2026-02-05,2395.T,,8,1,40,2026-02-06 00:00:00,1586.7578066170934,2026-04-07 00:00:00,1502.0,-5.341571742306018,10.493833144157815,-13.534378449030527,CLOSED,1631.0,46.75925925925927,19.81629023834938,17.36350551191767,21.767783562039885,14.353604,1.7928752,334.20812,67901526016.0,2025-08-04
2026-02-05,2395.T,,8,1,50,2026-02-06 00:00:00,1586.7578066170934,2026-04-21 00:00:00,1509.0,-4.9004206119439235,10.493833144157815,-13.534378449030527,CLOSED,1631.0,46.75925925925927,19.81629023834938,17.36350551191767,21.767783562039885,14.353604,1.7928752,334.20812,67901526016.0,2025-08-04
2026-02-05,2395.T,,8,1,60,2026-02-06 00:00:00,1586.7578066170934,2026-05-11 00:00:00,1270.0,-19.962580634306683,10.493833144157815,-21.223012435341225,CLOSED,1631.0,46.75925925925927,19.81629023834938,17.36350551191767,21.767783562039885,14.353604,1.7928752,334.20812,67901526016.0,2025-08-04
2026-02-05,4221.T,,8,0,5,2026-02-06 00:00:00,4747.111326132015,2026-02-13 00:00:00,4869.33349609375,2.5746640760018202,9.165801129490037,-0.5149330587023604,CLOSED,4925.0,51.35135135135135,13.19057218212605,32.20248975954229,21.83891056388976,12.559931,0.89500487,276.512775,55636037632.0,2025-08-07
2026-02-05,4221.T,,8,0,10,2026-02-06 00:00:00,4747.111326132015,2026-02-20 00:00:00,4874.22216796875,2.6776461115839423,9.165801129490037,-0.5149330587023604,CLOSED,4925.0,51.35135135135135,13.19057218212605,32.20248975954229,21.83891056388976,12.559931,0.89500487,276.512775,55636037632.0,2025-08-07
2026-02-05,4221.T,,8,0,20,2026-02-06 00:00:00,4747.111326132015,2026-03-09 00:00:00,4639.5556640625,-2.2657075994287346,9.165801129490037,-4.531413008082652,CLOSED,4925.0,51.35135135135135,13.19057218212605,32.20248975954229,21.83891056388976,12.559931,0.89500487,276.512775,55636037632.0,2025-08-07
2026-02-05,4221.T,,8,0,40,2026-02-06 00:00:00,4747.111326132015,2026-04-07 00:00:00,4693.33349609375,-1.1328537787228088,9.165801129490037,-7.826987806317809,CLOSED,4925.0,51.35135135135135,13.19057218212605,32.20248975954229,21.83891056388976,12.559931,0.89500487,276.512775,55636037632.0,2025-08-07
2026-02-05,4221.T,,8,0,50,2026-02-06 00:00:00,4747.111326132015,2026-04-21 00:00:00,4595.5556640625,-3.1925870631098974,9.165801129490037,-7.826987806317809,CLOSED,4925.0,51.35135135135135,13.19057218212605,32.20248975954229,21.83891056388976,12.559931,0.89500487,276.512775,55636037632.0,2025-08-07
2026-02-05,4221.T,,8,0,60,2026-02-06 00:00:00,4747.111326132015,2026-05-11 00:00:00,4967.111328125,4.634397360388909,9.165801129490037,-7.826987806317809,CLOSED,4925.0,51.35135135135135,13.19057218212605,32.20248975954229,21.83891056388976,12.559931,0.89500487,276.512775,55636037632.0,2025-08-07
2026-02-05,6807.T,,8,0,5,2026-02-06 00:00:00,2504.654189388097,2026-02-13 00:00:00,2601.404541015625,3.862822741656191,6.267240695406984,-0.4729996058336461,CLOSED,2539.0,42.578125,17.336808677285273,26.62483522291655,26.92440941311872,20.9264,1.2250851,564.61024,171157438464.0,2026-04-22
2026-02-05,6807.T,,8,0,10,2026-02-06 00:00:00,2504.654189388097,2026-02-20 00:00:00,2585.608642578125,3.232160892031377,6.267240695406984,-0.4729996058336461,CLOSED,2539.0,42.578125,17.336808677285273,26.62483522291655,26.92440941311872,20.9264,1.2250851,564.61024,171157438464.0,2026-04-22
2026-02-05,6807.T,,8,0,20,2026-02-06 00:00:00,2504.654189388097,2026-03-09 00:00:00,2316.08935546875,-7.528577586409835,6.543155097518305,-9.932992235697547,CLOSED,2539.0,42.578125,17.336808677285273,26.62483522291655,26.92440941311872,20.9264,1.2250851,564.61024,171157438464.0,2026-04-22
2026-02-05,6807.T,,8,0,40,2026-02-06 00:00:00,2504.654189388097,2026-04-07 00:00:00,2382.0,-4.897050854675566,6.543155097518305,-12.692156883420125,CLOSED,2539.0,42.578125,17.336808677285273,26.62483522291655,26.92440941311872,20.9264,1.2250851,564.61024,171157438464.0,2026-04-22
2026-02-05,6807.T,,8,0,50,2026-02-06 00:00:00,2504.654189388097,2026-04-21 00:00:00,2473.0,-1.2638147622219487,6.543155097518305,-12.692156883420125,CLOSED,2539.0,42.578125,17.336808677285273,26.62483522291655,26.92440941311872,20.9264,1.2250851,564.61024,171157438464.0,2026-04-22
2026-02-05,6807.T,,8,0,60,2026-02-06 00:00:00,2504.654189388097,2026-05-11 00:00:00,2420.0,-3.3798753435410833,6.543155097518305,-12.692156883420125,CLOSED,2539.0,42.578125,17.336808677285273,26.62483522291655,26.92440941311872,20.9264,1.2250851,564.61024,171157438464.0,2026-04-22
2026-02-05,7965.T,,8,0,5,2026-02-06 00:00:00,1564.6752530699841,2026-02-13 00:00:00,1564.6751708984375,-5.251667811734251e-06,2.898545881290393,-1.1972326620133256,CLOSED,1585.0,50.34013605442177,19.955046481450797,23.433162523092367,26.49653255836604,17.002789,1.1344839,245.151695,100640063488.0,2025-12-29
2026-02-05,7965.T,,8,0,10,2026-02-06 00:00:00,1564.6752530699841,2026-02-20 00:00:00,1565.6611328125,0.06300858536500975,2.898545881290393,-1.1972326620133256,CLOSED,1585.0,50.34013605442177,19.955046481450797,23.433162523092367,26.49653255836604,17.002789,1.1344839,245.151695,100640063488.0,2025-12-29
2026-02-05,7965.T,,8,0,20,2026-02-06 00:00:00,1564.6752530699841,2026-03-09 00:00:00,1523.2659912109375,-2.646508390658009,3.339634491405774,-5.797106824617304,CLOSED,1585.0,50.34013605442177,19.955046481450797,23.433162523092367,26.49653255836604,17.002789,1.1344839,245.151695,100640063488.0,2025-12-29
2026-02-05,7965.T,,8,0,40,2026-02-06 00:00:00,1564.6752530699841,2026-04-07 00:00:00,1695.80419921875,8.380585421254882,9.577813815872993,-6.931320748009828,CLOSED,1585.0,50.34013605442177,19.955046481450797,23.433162523092367,26.49653255836604,17.002789,1.1344839,245.151695,100640063488.0,2025-12-29
2026-02-05,7965.T,,8,0,50,2026-02-06 00:00:00,1564.6752530699841,2026-04-21 00:00:00,1656.366943359375,5.860109956330328,10.522994585025547,-6.931320748009828,CLOSED,1585.0,50.34013605442177,19.955046481450797,23.433162523092367,26.49653255836604,17.002789,1.1344839,245.151695,100640063488.0,2025-12-29
2026-02-05,7965.T,,8,0,60,2026-02-06 00:00:00,1564.6752530699841,2026-05-11 00:00:00,1560.7314453125,-0.2520527981602627,10.522994585025547,-6.931320748009828,CLOSED,1585.0,50.34013605442177,19.955046481450797,23.433162523092367,26.49653255836604,17.002789,1.1344839,245.151695,100640063488.0,2025-12-29
2026-02-05,9627.T,,8,0,5,2026-02-06 00:00:00,6425.674488722869,2026-02-13 00:00:00,6317.166015625,-1.688670555726135,0.6447681715929354,-2.5637089346024045,CLOSED,6514.0,53.43035343035344,16.37426637649831,23.17665462919906,22.570773334977595,24.509916,1.5787637,831.563345,228466982912.0,2026-03-10
2026-02-05,9627.T,,8,0,10,2026-02-06 00:00:00,6425.674488722869,2026-02-20 00:00:00,6138.6201171875,-4.467303347518648,0.6447681715929354,-4.467303347518648,CLOSED,6514.0,53.43035343035344,16.37426637649831,23.17665462919906,22.570773334977595,24.509916,1.5787637,831.563345,228466982912.0,2026-03-10
2026-02-05,9627.T,,8,0,20,2026-02-06 00:00:00,6425.674488722869,2026-03-09 00:00:00,5411.61328125,-15.78139710084222,0.6447681715929354,-17.393309843170247,CLOSED,6514.0,53.43035343035344,16.37426637649831,23.17665462919906,22.570773334977595,24.509916,1.5787637,831.563345,228466982912.0,2026-03-10
2026-02-05,9627.T,,8,0,40,2026-02-06 00:00:00,6425.674488722869,2026-04-07 00:00:00,6072.52880859375,-5.495853871043321,0.6447681715929354,-18.222287431323736,CLOSED,6514.0,53.43035343035344,16.37426637649831,23.17665462919906,22.570773334977595,24.509916,1.5787637,831.563345,228466982912.0,2026-03-10
2026-02-05,9627.T,,8,0,50,2026-02-06 00:00:00,6425.674488722869,2026-04-21 00:00:00,5848.6064453125,-8.98066100956607,0.6447681715929354,-18.222287431323736,CLOSED,6514.0,53.43035343035344,16.37426637649831,23.17665462919906,22.570773334977595,24.509916,1.5787637,831.563345,228466982912.0,2026-03-10
2026-02-05,9627.T,,8,0,60,2026-02-06 00:00:00,6425.674488722869,2026-05-11 00:00:00,5528.0,-13.9701208067464,0.6447681715929354,-18.222287431323736,CLOSED,6514.0,53.43035343035344,16.37426637649831,23.17665462919906,22.570773334977595,24.509916,1.5787637,831.563345,228466982912.0,2026-03-10
2026-02-06,4221.T,,8,0,5,2026-02-09 00:00:00,4854.666884558266,2026-02-16 00:00:00,4898.66650390625,0.9063365292464765,6.747223504961686,-1.6112800799387927,CLOSED,4900.0,52.05479452054794,12.78954766825291,29.842238487172008,25.638863179866423,12.657902,0.89046174,262.822175,55353618432.0,2025-08-07
2026-02-06,4221.T,,8,0,10,2026-02-09 00:00:00,4854.666884558266,2026-02-24 00:00:00,4976.888671875,2.5176142920433353,6.747223504961686,-1.6112800799387927,CLOSED,4900.0,52.05479452054794,12.78954766825291,29.842238487172008,25.638863179866423,12.657902,0.89046174,262.822175,55353618432.0,2025-08-07
2026-02-06,4221.T,,8,0,20,2026-02-09 00:00:00,4854.666884558266,2026-03-10 00:00:00,4708.0,-3.0211523889473124,6.747223504961686,-6.64652768644336,CLOSED,4900.0,52.05479452054794,12.78954766825291,29.842238487172008,25.638863179866423,12.657902,0.89046174,262.822175,55353618432.0,2025-08-07
2026-02-06,4221.T,,8,0,40,2026-02-09 00:00:00,4854.666884558266,2026-04-08 00:00:00,4781.33349609375,-1.510575085960586,6.747223504961686,-9.869088744253363,CLOSED,4900.0,52.05479452054794,12.78954766825291,29.842238487172008,25.638863179866423,12.657902,0.89046174,262.822175,55353618432.0,2025-08-07
2026-02-06,4221.T,,8,0,50,2026-02-09 00:00:00,4854.666884558266,2026-04-22 00:00:00,4512.4443359375,-7.049351824927641,6.747223504961686,-9.869088744253363,CLOSED,4900.0,52.05479452054794,12.78954766825291,29.842238487172008,25.638863179866423,12.657902,0.89046174,262.822175,55353618432.0,2025-08-07
2026-02-06,4221.T,,8,0,60,2026-02-09 00:00:00,4854.666884558266,2026-05-12 00:00:00,4918.22216796875,1.3091584844397985,6.747223504961686,-9.869088744253363,CLOSED,4900.0,52.05479452054794,12.78954766825291,29.842238487172008,25.638863179866423,12.657902,0.89046174,262.822175,55353618432.0,2025-08-07
2026-02-06,7717.T,,8,0,5,2026-02-09 00:00:00,3434.4039431840947,2026-02-16 00:00:00,3652.46142578125,6.3492089516701045,10.101012795283971,-2.3088023088023046,CLOSED,3215.0,51.78571428571429,13.09086030165026,19.77777790468793,16.86158300452873,39.491463,0.9162066,261.67385,30392403968.0,2025-08-07
2026-02-06,7717.T,,8,0,10,2026-02-09 00:00:00,3434.4039431840947,2026-02-24 00:00:00,4361.14794921875,26.98412945494859,27.561330043380174,-2.3088023088023046,CLOSED,3215.0,51.78571428571429,13.09086030165026,19.77777790468793,16.86158300452873,39.491463,0.9162066,261.67385,30392403968.0,2025-08-07
2026-02-06,7717.T,,8,0,20,2026-02-09 00:00:00,3434.4039431840947,2026-03-10 00:00:00,4519.7353515625,31.601740107838804,41.26984895375172,-2.3088023088023046,CLOSED,3215.0,51.78571428571429,13.09086030165026,19.77777790468793,16.86158300452873,39.491463,0.9162066,261.67385,30392403968.0,2025-08-07
2026-02-06,7717.T,,8,0,40,2026-02-09 00:00:00,3434.4039431840947,2026-04-08 00:00:00,4585.0,33.50205962520436,41.26984895375172,-2.3088023088023046,CLOSED,3215.0,51.78571428571429,13.09086030165026,19.77777790468793,16.86158300452873,39.491463,0.9162066,261.67385,30392403968.0,2025-08-07
2026-02-06,7717.T,,8,0,50,2026-02-09 00:00:00,3434.4039431840947,2026-04-22 00:00:00,4960.0,44.420984894441375,56.06783851496082,-2.3088023088023046,CLOSED,3215.0,51.78571428571429,13.09086030165026,19.77777790468793,16.86158300452873,39.491463,0.9162066,261.67385,30392403968.0,2025-08-07
2026-02-06,7717.T,,8,0,60,2026-02-09 00:00:00,3434.4039431840947,2026-05-12 00:00:00,4865.0,41.65485715956798,56.06783851496082,-2.3088023088023046,CLOSED,3215.0,51.78571428571429,13.09086030165026,19.77777790468793,16.86158300452873,39.491463,0.9162066,261.67385,30392403968.0,2025-08-07
2026-02-06,7965.T,,8,0,5,2026-02-09 00:00:00,1578.4782422637938,2026-02-16 00:00:00,1585.3797607421875,0.43722607595120255,1.9987504461494998,-2.061212597478801,CLOSED,1594.0,53.8961038961039,19.318460860902466,22.018045971793374,27.484541342939465,17.279133,1.1409259,240.07828,101211521024.0,2025-12-29
2026-02-06,7965.T,,8,0,10,2026-02-09 00:00:00,1578.4782422637938,2026-02-24 00:00:00,1572.5626220703125,-0.3747672939094393,1.9987504461494998,-2.87320573167974,CLOSED,1594.0,53.8961038961039,19.318460860902466,22.018045971793374,27.484541342939465,17.279133,1.1409259,240.07828,101211521024.0,2025-12-29
2026-02-06,7965.T,,8,0,20,2026-02-09 00:00:00,1578.4782422637938,2026-03-10 00:00:00,1524.251953125,-3.4353523340951875,2.435981960768774,-6.620863200670113,CLOSED,1594.0,53.8961038961039,19.318460860902466,22.018045971793374,27.484541342939465,17.279133,1.1409259,240.07828,101211521024.0,2025-12-29
2026-02-06,7965.T,,8,0,40,2026-02-09 00:00:00,1578.4782422637938,2026-04-08 00:00:00,1689.888671875,7.058090927590199,8.619615007630909,-7.7451590003223885,CLOSED,1594.0,53.8961038961039,19.318460860902466,22.018045971793374,27.484541342939465,17.279133,1.1409259,240.07828,101211521024.0,2025-12-29
2026-02-06,7965.T,,8,0,50,2026-02-09 00:00:00,1578.4782422637938,2026-04-22 00:00:00,1660.3106689453125,5.184260668943885,9.55652722483138,-7.7451590003223885,CLOSED,1594.0,53.8961038961039,19.318460860902466,22.018045971793374,27.484541342939465,17.279133,1.1409259,240.07828,101211521024.0,2025-12-29
2026-02-06,7965.T,,8,0,60,2026-02-09 00:00:00,1578.4782422637938,2026-05-12 00:00:00,1574.5345458984375,-0.24984166773819316,9.55652722483138,-7.7451590003223885,CLOSED,1594.0,53.8961038961039,19.318460860902466,22.018045971793374,27.484541342939465,17.279133,1.1409259,240.07828,101211521024.0,2025-12-29
2026-02-09,6807.T,,8,0,5,2026-02-10 00:00:00,2583.634011793729,2026-02-17 00:00:00,2593.506591796875,0.3821199116469165,3.0187280348104473,-0.7260192118543118,CLOSED,2591.0,50.30425963488844,15.809265552479932,29.02376860817417,23.022709220506236,21.63855,1.2501755,573.02498,174662828032.0,2026-04-22
2026-02-09,6807.T,,8,0,10,2026-02-10 00:00:00,2583.634011793729,2026-02-25 00:00:00,2625.0986328125,1.6048953075201045,3.0187280348104473,-0.7260192118543118,CLOSED,2591.0,50.30425963488844,15.809265552479932,29.02376860817417,23.022709220506236,21.63855,1.2501755,573.02498,174662828032.0,2026-04-22
2026-02-09,6807.T,,8,0,20,2026-02-10 00:00:00,2583.634011793729,2026-03-11 00:00:00,2364.464599609375,-8.482989896552418,3.28620793328136,-12.686275496933385,CLOSED,2591.0,50.30425963488844,15.809265552479932,29.02376860817417,23.022709220506236,21.63855,1.2501755,573.02498,174662828032.0,2026-04-22
2026-02-09,6807.T,,8,0,40,2026-02-10 00:00:00,2583.634011793729,2026-04-09 00:00:00,2423.0,-6.217367129418072,3.28620793328136,-15.361094477711534,CLOSED,2591.0,50.30425963488844,15.809265552479932,29.02376860817417,23.022709220506236,21.63855,1.2501755,573.02498,174662828032.0,2026-04-22
2026-02-09,6807.T,,8,0,50,2026-02-10 00:00:00,2583.634011793729,2026-04-23 00:00:00,2433.0,-5.830315404818065,3.28620793328136,-15.361094477711534,CLOSED,2591.0,50.30425963488844,15.809265552479932,29.02376860817417,23.022709220506236,21.63855,1.2501755,573.02498,174662828032.0,2026-04-22
2026-02-09,6807.T,,8,0,60,2026-02-10 00:00:00,2583.634011793729,2026-05-13 00:00:00,2469.0,-4.436929196258044,3.28620793328136,-15.361094477711534,CLOSED,2591.0,50.30425963488844,15.809265552479932,29.02376860817417,23.022709220506236,21.63855,1.2501755,573.02498,174662828032.0,2026-04-22
2026-02-09,7965.T,,8,0,5,2026-02-10 00:00:00,1577.4923416307029,2026-02-17 00:00:00,1560.7314453125,-1.0625025476115213,2.0624975908965837,-2.000002847069171,CLOSED,1600.0,53.8961038961039,18.13079529793674,24.88788345611191,26.26446632606405,17.336657,1.1452204,238.504945,101592489984.0,2025-12-29
2026-02-09,7965.T,,8,0,10,2026-02-10 00:00:00,1577.4923416307029,2026-02-25 00:00:00,1583.407958984375,0.3750013358262638,2.0624975908965837,-2.8125034604660204,CLOSED,1600.0,53.8961038961039,18.13079529793674,24.88788345611191,26.26446632606405,17.336657,1.1452204,238.504945,101592489984.0,2025-12-29
2026-02-09,7965.T,,8,0,20,2026-02-10 00:00:00,1577.4923416307029,2026-03-11 00:00:00,1529.181640625,-3.0624998759589905,2.5000023663208193,-6.562503139160847,CLOSED,1600.0,53.8961038961039,18.13079529793674,24.88788345611191,26.26446632606405,17.336657,1.1452204,238.504945,101592489984.0,2025-12-29
2026-02-09,7965.T,,8,0,40,2026-02-10 00:00:00,1577.4923416307029,2026-04-09 00:00:00,1709.6072998046875,8.37499838746687,9.187498375377512,-7.687501600823843,CLOSED,1600.0,53.8961038961039,18.13079529793674,24.88788345611191,26.26446632606405,17.336657,1.1452204,238.504945,101592489984.0,2025-12-29
2026-02-09,7965.T,,8,0,50,2026-02-10 00:00:00,1577.4923416307029,2026-04-23 00:00:00,1627.77490234375,3.1874995133775785,9.624997826367586,-7.687501600823843,CLOSED,1600.0,53.8961038961039,18.13079529793674,24.88788345611191,26.26446632606405,17.336657,1.1452204,238.504945,101592489984.0,2025-12-29
2026-02-09,7965.T,,8,0,60,2026-02-10 00:00:00,1577.4923416307029,2026-05-13 00:00:00,1562.703369140625,-0.9374988454644462,9.624997826367586,-7.687501600823843,CLOSED,1600.0,53.8961038961039,18.13079529793674,24.88788345611191,26.26446632606405,17.336657,1.1452204,238.504945,101592489984.0,2025-12-29
2026-02-10,2158.T,,8,0,5,2026-02-12 00:00:00,879.0,2026-02-18 00:00:00,873.0,-0.6825938566552892,3.981797497155859,-3.1854379977246827,CLOSED,870.0,48.3695652173913,13.483065303275874,24.44408746085943,15.214650291693124,124.82066,10.212346,285.55293,34087909376.0,2026-02-16
2026-02-10,2158.T,,8,0,10,2026-02-12 00:00:00,879.0,2026-02-26 00:00:00,908.0,3.2992036405005587,6.1433447098976135,-3.1854379977246827,CLOSED,870.0,48.3695652173913,13.483065303275874,24.44408746085943,15.214650291693124,124.82066,10.212346,285.55293,34087909376.0,2026-02-16
2026-02-10,2158.T,,8,0,20,2026-02-12 00:00:00,879.0,2026-03-12 00:00:00,848.0,-3.526734926052333,9.328782707622295,-5.5745164960182,CLOSED,870.0,48.3695652173913,13.483065303275874,24.44408746085943,15.214650291693124,124.82066,10.212346,285.55293,34087909376.0,2026-02-16
2026-02-10,2158.T,,8,0,40,2026-02-12 00:00:00,879.0,2026-04-10 00:00:00,812.0,-7.622298065984068,9.328782707622295,-13.310580204778155,CLOSED,870.0,48.3695652173913,13.483065303275874,24.44408746085943,15.214650291693124,124.82066,10.212346,285.55293,34087909376.0,2026-02-16
2026-02-10,2158.T,,8,0,50,2026-02-12 00:00:00,879.0,2026-04-24 00:00:00,782.0,-11.035267349260526,9.328782707622295,-13.310580204778155,CLOSED,870.0,48.3695652173913,13.483065303275874,24.44408746085943,15.214650291693124,124.82066,10.212346,285.55293,34087909376.0,2026-02-16
2026-02-10,2158.T,,8,0,60,2026-02-12 00:00:00,879.0,2026-05-14 00:00:00,794.0,-9.670079635949946,9.328782707622295,-13.310580204778155,CLOSED,870.0,48.3695652173913,13.483065303275874,24.44408746085943,15.214650291693124,124.82066,10.212346,285.55293,34087909376.0,2026-02-16
2026-02-10,6988.T,,8,0,5,2026-02-12 00:00:00,3471.576537915496,2026-02-18 00:00:00,3580.527587890625,3.138373842120412,3.8516406045140394,-0.7988576383341051,CLOSED,3645.0,51.977401129943495,18.44985203217516,29.630419919297097,28.037666429772813,19.908243,2.224935,14392.12704,2455489740800.0,2026-04-24
2026-02-10,6988.T,,8,0,10,2026-02-12 00:00:00,3471.576537915496,2026-02-26 00:00:00,3565.670654296875,2.710414572564135,5.278174936878233,-0.7988576383341051,CLOSED,3645.0,51.977401129943495,18.44985203217516,29.630419919297097,28.037666429772813,19.908243,2.224935,14392.12704,2455489740800.0,2026-04-24
2026-02-10,6988.T,,8,0,20,2026-02-12 00:00:00,3471.576537915496,2026-03-12 00:00:00,3271.5029296875,-5.763191623253972,5.278174936878233,-12.72467369486252,CLOSED,3645.0,51.977401129943495,18.44985203217516,29.630419919297097,28.037666429772813,19.908243,2.224935,14392.12704,2455489740800.0,2026-04-24
2026-02-10,6988.T,,8,0,40,2026-02-12 00:00:00,3471.576537915496,2026-04-10 00:00:00,3193.0,-8.02449650390733,5.278174936878233,-14.952184756588283,CLOSED,3645.0,51.977401129943495,18.44985203217516,29.630419919297097,28.037666429772813,19.908243,2.224935,14392.12704,2455489740800.0,2026-04-24
2026-02-10,6988.T,,8,0,50,2026-02-12 00:00:00,3471.576537915496,2026-04-24 00:00:00,3224.0,-7.131530450547197,5.278174936878233,-14.952184756588283,CLOSED,3645.0,51.977401129943495,18.44985203217516,29.630419919297097,28.037666429772813,19.908243,2.224935,14392.12704,2455489740800.0,2026-04-24
2026-02-10,6988.T,,8,0,60,2026-02-12 00:00:00,3471.576537915496,2026-05-14 00:00:00,3045.0,-12.287689274787915,5.278174936878233,-16.03238562758843,CLOSED,3645.0,51.977401129943495,18.44985203217516,29.630419919297097,28.037666429772813,19.908243,2.224935,14392.12704,2455489740800.0,2026-04-24
2026-02-10,7806.T,,8,1,5,2026-02-12 00:00:00,5000.0,2026-02-18 00:00:00,5250.0,5.000000000000004,12.599999999999989,-5.700000000000005,CLOSED,4400.0,54.63917525773196,20.969929242218434,21.00022847442857,25.303114173064102,21.985708,3.3892114,578.00785,172967280640.0,2025-07-29
2026-02-10,7806.T,,8,1,10,2026-02-12 00:00:00,5000.0,2026-02-26 00:00:00,5270.0,5.400000000000005,12.599999999999989,-5.700000000000005,CLOSED,4400.0,54.63917525773196,20.969929242218434,21.00022847442857,25.303114173064102,21.985708,3.3892114,578.00785,172967280640.0,2025-07-29
2026-02-10,7806.T,,8,1,20,2026-02-12 00:00:00,5000.0,2026-03-12 00:00:00,6290.0,25.8,29.600000000000005,-5.700000000000005,CLOSED,4400.0,54.63917525773196,20.969929242218434,21.00022847442857,25.303114173064102,21.985708,3.3892114,578.00785,172967280640.0,2025-07-29
2026-02-10,7806.T,,8,1,40,2026-02-12 00:00:00,5000.0,2026-04-10 00:00:00,6070.0,21.4,30.000000000000004,-5.700000000000005,CLOSED,4400.0,54.63917525773196,20.969929242218434,21.00022847442857,25.303114173064102,21.985708,3.3892114,578.00785,172967280640.0,2025-07-29
2026-02-10,7806.T,,8,1,50,2026-02-12 00:00:00,5000.0,2026-04-24 00:00:00,6270.0,25.4,34.00000000000001,-5.700000000000005,CLOSED,4400.0,54.63917525773196,20.969929242218434,21.00022847442857,25.303114173064102,21.985708,3.3892114,578.00785,172967280640.0,2025-07-29
2026-02-10,7806.T,,8,1,60,2026-02-12 00:00:00,5000.0,2026-05-14 00:00:00,7180.0,43.599999999999994,46.199999999999996,-5.700000000000005,CLOSED,4400.0,54.63917525773196,20.969929242218434,21.00022847442857,25.303114173064102,21.985708,3.3892114,578.00785,172967280640.0,2025-07-29
2026-02-10,9627.T,,8,0,5,2026-02-12 00:00:00,6405.945869582103,2026-02-18 00:00:00,6333.935546875,-1.12411694031066,0.9547274407144979,-3.526339199939721,CLOSED,6494.0,46.21052631578947,15.02796970509847,18.953372402010167,22.79653723994612,24.584517,1.5739164,794.688755,227765518336.0,2026-03-10
2026-02-10,9627.T,,8,0,10,2026-02-12 00:00:00,6405.945869582103,2026-02-26 00:00:00,5978.81689453125,-6.667695665038719,0.9547274407144979,-6.6830944943300885,CLOSED,6494.0,46.21052631578947,15.02796970509847,18.953372402010167,22.79653723994612,24.584517,1.5739164,794.688755,227765518336.0,2026-03-10
2026-02-10,9627.T,,8,0,20,2026-02-12 00:00:00,6405.945869582103,2026-03-12 00:00:00,5403.72216796875,-15.64521027834932,0.9547274407144979,-17.138903083924607,CLOSED,6494.0,46.21052631578947,15.02796970509847,18.953372402010167,22.79653723994612,24.584517,1.5739164,794.688755,227765518336.0,2026-03-10
2026-02-10,9627.T,,8,0,40,2026-02-12 00:00:00,6405.945869582103,2026-04-10 00:00:00,6050.8271484375,-5.5435797987435915,0.9547274407144979,-17.97043370381547,CLOSED,6494.0,46.21052631578947,15.02796970509847,18.953372402010167,22.79653723994612,24.584517,1.5739164,794.688755,227765518336.0,2026-03-10
2026-02-10,9627.T,,8,0,50,2026-02-12 00:00:00,6405.945869582103,2026-04-24 00:00:00,5721.35595703125,-10.686788906561784,0.9547274407144979,-17.97043370381547,CLOSED,6494.0,46.21052631578947,15.02796970509847,18.953372402010167,22.79653723994612,24.584517,1.5739164,794.688755,227765518336.0,2026-03-10
2026-02-10,9627.T,,8,0,60,2026-02-12 00:00:00,6405.945869582103,2026-05-14 00:00:00,5481.0,-14.438864898532822,0.9547274407144979,-17.97043370381547,CLOSED,6494.0,46.21052631578947,15.02796970509847,18.953372402010167,22.79653723994612,24.584517,1.5739164,794.688755,227765518336.0,2026-03-10
2026-02-11,6988.T,,8,0,5,2026-02-12 00:00:00,3471.576537915496,2026-02-18 00:00:00,3580.527587890625,3.138373842120412,3.8516406045140394,-0.7988576383341051,CLOSED,3645.0,51.977401129943495,18.44985203217516,29.630419919297097,28.037666429772813,19.92021,2.224935,14392.12704,2455489740800.0,2026-04-24
2026-02-11,6988.T,,8,0,10,2026-02-12 00:00:00,3471.576537915496,2026-02-26 00:00:00,3565.670654296875,2.710414572564135,5.278174936878233,-0.7988576383341051,CLOSED,3645.0,51.977401129943495,18.44985203217516,29.630419919297097,28.037666429772813,19.92021,2.224935,14392.12704,2455489740800.0,2026-04-24
2026-02-11,6988.T,,8,0,20,2026-02-12 00:00:00,3471.576537915496,2026-03-12 00:00:00,3271.5029296875,-5.763191623253972,5.278174936878233,-12.72467369486252,CLOSED,3645.0,51.977401129943495,18.44985203217516,29.630419919297097,28.037666429772813,19.92021,2.224935,14392.12704,2455489740800.0,2026-04-24
2026-02-11,6988.T,,8,0,40,2026-02-12 00:00:00,3471.576537915496,2026-04-10 00:00:00,3193.0,-8.02449650390733,5.278174936878233,-14.952184756588283,CLOSED,3645.0,51.977401129943495,18.44985203217516,29.630419919297097,28.037666429772813,19.92021,2.224935,14392.12704,2455489740800.0,2026-04-24
2026-02-11,6988.T,,8,0,50,2026-02-12 00:00:00,3471.576537915496,2026-04-24 00:00:00,3224.0,-7.131530450547197,5.278174936878233,-14.952184756588283,CLOSED,3645.0,51.977401129943495,18.44985203217516,29.630419919297097,28.037666429772813,19.92021,2.224935,14392.12704,2455489740800.0,2026-04-24
2026-02-11,6988.T,,8,0,60,2026-02-12 00:00:00,3471.576537915496,2026-05-14 00:00:00,3045.0,-12.287689274787915,5.278174936878233,-16.03238562758843,CLOSED,3645.0,51.977401129943495,18.44985203217516,29.630419919297097,28.037666429772813,19.92021,2.224935,14392.12704,2455489740800.0,2026-04-24
2026-02-11,7806.T,,8,1,5,2026-02-12 00:00:00,5000.0,2026-02-18 00:00:00,5250.0,5.000000000000004,12.599999999999989,-5.700000000000005,CLOSED,4400.0,54.63917525773196,20.969929242218434,21.00022847442857,25.303114173064102,22.026432,3.3892114,578.00785,172967280640.0,2025-07-29
2026-02-11,7806.T,,8,1,10,2026-02-12 00:00:00,5000.0,2026-02-26 00:00:00,5270.0,5.400000000000005,12.599999999999989,-5.700000000000005,CLOSED,4400.0,54.63917525773196,20.969929242218434,21.00022847442857,25.303114173064102,22.026432,3.3892114,578.00785,172967280640.0,2025-07-29
2026-02-11,7806.T,,8,1,20,2026-02-12 00:00:00,5000.0,2026-03-12 00:00:00,6290.0,25.8,29.600000000000005,-5.700000000000005,CLOSED,4400.0,54.63917525773196,20.969929242218434,21.00022847442857,25.303114173064102,22.026432,3.3892114,578.00785,172967280640.0,2025-07-29
2026-02-11,7806.T,,8,1,40,2026-02-12 00:00:00,5000.0,2026-04-10 00:00:00,6070.0,21.4,30.000000000000004,-5.700000000000005,CLOSED,4400.0,54.63917525773196,20.969929242218434,21.00022847442857,25.303114173064102,22.026432,3.3892114,578.00785,172967280640.0,2025-07-29
2026-02-11,7806.T,,8,1,50,2026-02-12 00:00:00,5000.0,2026-04-24 00:00:00,6270.0,25.4,34.00000000000001,-5.700000000000005,CLOSED,4400.0,54.63917525773196,20.969929242218434,21.00022847442857,25.303114173064102,22.026432,3.3892114,578.00785,172967280640.0,2025-07-29
2026-02-11,7806.T,,8,1,60,2026-02-12 00:00:00,5000.0,2026-05-14 00:00:00,7180.0,43.599999999999994,46.199999999999996,-5.700000000000005,CLOSED,4400.0,54.63917525773196,20.969929242218434,21.00022847442857,25.303114173064102,22.026432,3.3892114,578.00785,172967280640.0,2025-07-29
2026-02-11,9627.T,,8,0,5,2026-02-12 00:00:00,6405.945869582103,2026-02-18 00:00:00,6333.935546875,-1.12411694031066,0.9547274407144979,-3.526339199939721,CLOSED,6494.0,46.21052631578947,15.02796970509847,18.953372402010167,22.79653723994612,24.569633,1.5739164,794.688755,227765518336.0,2026-03-10
2026-02-11,9627.T,,8,0,10,2026-02-12 00:00:00,6405.945869582103,2026-02-26 00:00:00,5978.81689453125,-6.667695665038719,0.9547274407144979,-6.6830944943300885,CLOSED,6494.0,46.21052631578947,15.02796970509847,18.953372402010167,22.79653723994612,24.569633,1.5739164,794.688755,227765518336.0,2026-03-10
2026-02-11,9627.T,,8,0,20,2026-02-12 00:00:00,6405.945869582103,2026-03-12 00:00:00,5403.72216796875,-15.64521027834932,0.9547274407144979,-17.138903083924607,CLOSED,6494.0,46.21052631578947,15.02796970509847,18.953372402010167,22.79653723994612,24.569633,1.5739164,794.688755,227765518336.0,2026-03-10
2026-02-11,9627.T,,8,0,40,2026-02-12 00:00:00,6405.945869582103,2026-04-10 00:00:00,6050.8271484375,-5.5435797987435915,0.9547274407144979,-17.97043370381547,CLOSED,6494.0,46.21052631578947,15.02796970509847,18.953372402010167,22.79653723994612,24.569633,1.5739164,794.688755,227765518336.0,2026-03-10
2026-02-11,9627.T,,8,0,50,2026-02-12 00:00:00,6405.945869582103,2026-04-24 00:00:00,5721.35595703125,-10.686788906561784,0.9547274407144979,-17.97043370381547,CLOSED,6494.0,46.21052631578947,15.02796970509847,18.953372402010167,22.79653723994612,24.569633,1.5739164,794.688755,227765518336.0,2026-03-10
2026-02-11,9627.T,,8,0,60,2026-02-12 00:00:00,6405.945869582103,2026-05-14 00:00:00,5481.0,-14.438864898532822,0.9547274407144979,-17.97043370381547,CLOSED,6494.0,46.21052631578947,15.02796970509847,18.953372402010167,22.79653723994612,24.569633,1.5739164,794.688755,227765518336.0,2026-03-10
2026-02-12,6632.T,,8,0,5,2026-02-13 00:00:00,1258.374890185743,2026-02-19 00:00:00,1326.66259765625,5.426658462680178,7.786076406641684,-2.3594180102241458,CLOSED,1273.0,45.90417310664606,16.47515472022137,25.82377293652635,18.912422708664856,11.370132,1.3038343,1322.63198,183963484160.0,2026-04-30
2026-02-12,6632.T,,8,0,10,2026-02-13 00:00:00,1258.374890185743,2026-02-27 00:00:00,1287.075439453125,2.280763029461408,7.786076406641684,-2.3594180102241458,CLOSED,1273.0,45.90417310664606,16.47515472022137,25.82377293652635,18.912422708664856,11.370132,1.3038343,1322.63198,183963484160.0,2026-04-30
2026-02-12,6632.T,,8,0,20,2026-02-13 00:00:00,1258.374890185743,2026-03-13 00:00:00,1181.6748046875,-6.095169738083506,7.786076406641684,-12.976805597456554,CLOSED,1273.0,45.90417310664606,16.47515472022137,25.82377293652635,18.912422708664856,11.370132,1.3038343,1322.63198,183963484160.0,2026-04-30
2026-02-12,6632.T,,8,0,40,2026-02-13 00:00:00,1258.374890185743,2026-04-13 00:00:00,1220.0,-3.049559434555993,7.786076406641684,-14.01608467884392,CLOSED,1273.0,45.90417310664606,16.47515472022137,25.82377293652635,18.912422708664856,11.370132,1.3038343,1322.63198,183963484160.0,2026-04-30
2026-02-12,6632.T,,8,0,50,2026-02-13 00:00:00,1258.374890185743,2026-04-27 00:00:00,1193.5,-5.155450151756213,7.786076406641684,-14.01608467884392,CLOSED,1273.0,45.90417310664606,16.47515472022137,25.82377293652635,18.912422708664856,11.370132,1.3038343,1322.63198,183963484160.0,2026-04-30
2026-02-12,6632.T,,8,0,60,2026-02-13 00:00:00,1258.374890185743,2026-05-15 00:00:00,1160.5,-7.777880101477241,7.786076406641684,-16.79744977703289,CLOSED,1273.0,45.90417310664606,16.47515472022137,25.82377293652635,18.912422708664856,11.370132,1.3038343,1322.63198,183963484160.0,2026-04-30
2026-02-12,7839.T,,8,0,5,2026-02-13 00:00:00,1726.0,2026-02-19 00:00:00,1743.0,0.9849362688296726,1.6801853997682414,-2.2595596755504044,CLOSED,1742.0,45.33678756476684,18.798494402064534,20.765578189915505,25.303924287956715,14.490101,3.0490048,463.14744,89905094656.0,2026-04-24
2026-02-12,7839.T,,8,0,10,2026-02-13 00:00:00,1726.0,2026-02-27 00:00:00,1800.0,4.2873696407879525,4.9826187717265435,-2.2595596755504044,CLOSED,1742.0,45.33678756476684,18.798494402064534,20.765578189915505,25.303924287956715,14.490101,3.0490048,463.14744,89905094656.0,2026-04-24
2026-02-12,7839.T,,8,0,20,2026-02-13 00:00:00,1726.0,2026-03-13 00:00:00,1618.0,-6.257242178447275,4.9826187717265435,-7.300115874855151,CLOSED,1742.0,45.33678756476684,18.798494402064534,20.765578189915505,25.303924287956715,14.490101,3.0490048,463.14744,89905094656.0,2026-04-24
2026-02-12,7839.T,,8,0,40,2026-02-13 00:00:00,1726.0,2026-04-13 00:00:00,1701.0,-1.4484356894553851,4.9826187717265435,-10.139049826187719,CLOSED,1742.0,45.33678756476684,18.798494402064534,20.765578189915505,25.303924287956715,14.490101,3.0490048,463.14744,89905094656.0,2026-04-24
2026-02-12,7839.T,,8,0,50,2026-02-13 00:00:00,1726.0,2026-04-27 00:00:00,1641.0,-4.924681344148318,4.9826187717265435,-10.139049826187719,CLOSED,1742.0,45.33678756476684,18.798494402064534,20.765578189915505,25.303924287956715,14.490101,3.0490048,463.14744,89905094656.0,2026-04-24
2026-02-12,7839.T,,8,0,60,2026-02-13 00:00:00,1726.0,2026-05-15 00:00:00,1794.0,3.939745075318646,9.21205098493627,-10.139049826187719,CLOSED,1742.0,45.33678756476684,18.798494402064534,20.765578189915505,25.303924287956715,14.490101,3.0490048,463.14744,89905094656.0,2026-04-24
2026-02-12,8923.T,,8,1,5,2026-02-13 00:00:00,1659.0,2026-02-19 00:00:00,1655.0,-0.24110910186859735,1.748040988547328,-2.8330319469559995,CLOSED,1645.0,47.368421052631575,20.193214972135436,25.795039896302814,25.357208701910267,10.833773,1.5516249,423.998895,159514984448.0,2025-07-07
2026-02-12,8923.T,,8,1,10,2026-02-13 00:00:00,1659.0,2026-02-27 00:00:00,1650.0,-0.5424954792043413,1.748040988547328,-3.9783001808318286,CLOSED,1645.0,47.368421052631575,20.193214972135436,25.795039896302814,25.357208701910267,10.833773,1.5516249,423.998895,159514984448.0,2025-07-07
2026-02-12,8923.T,,8,1,20,2026-02-13 00:00:00,1659.0,2026-03-13 00:00:00,1582.0,-4.641350210970463,1.748040988547328,-9.704641350210974,CLOSED,1645.0,47.368421052631575,20.193214972135436,25.795039896302814,25.357208701910267,10.833773,1.5516249,423.998895,159514984448.0,2025-07-07
2026-02-12,8923.T,,8,1,40,2026-02-13 00:00:00,1659.0,2026-04-13 00:00:00,1732.0,4.400241109101866,7.233273056057876,-10.970464135021096,CLOSED,1645.0,47.368421052631575,20.193214972135436,25.795039896302814,25.357208701910267,10.833773,1.5516249,423.998895,159514984448.0,2025-07-07
2026-02-12,8923.T,,8,1,50,2026-02-13 00:00:00,1659.0,2026-04-27 00:00:00,1647.0,-0.7233273056057921,7.233273056057876,-10.970464135021096,CLOSED,1645.0,47.368421052631575,20.193214972135436,25.795039896302814,25.357208701910267,10.833773,1.5516249,423.998895,159514984448.0,2025-07-07
2026-02-12,8923.T,,8,1,60,2026-02-13 00:00:00,1659.0,2026-05-15 00:00:00,1583.0,-4.581072935503316,7.233273056057876,-10.970464135021096,CLOSED,1645.0,47.368421052631575,20.193214972135436,25.795039896302814,25.357208701910267,10.833773,1.5516249,423.998895,159514984448.0,2025-07-07
2026-02-13,4390.T,,8,0,5,2026-02-16 00:00:00,3099.70742681962,2026-02-20 00:00:00,3124.544677734375,0.8012772657140177,4.96794252279027,-0.8012820512820595,CLOSED,3100.0,52.56222547584187,13.382060056772882,30.463452052988384,19.80382317705613,12.85507,2.522446,232.60105,40488398848.0,2025-05-09
2026-02-13,4390.T,,8,0,10,2026-02-16 00:00:00,3099.70742681962,2026-03-02 00:00:00,3248.731689453125,4.807688020620948,4.96794252279027,-3.2051313846595986,CLOSED,3100.0,52.56222547584187,13.382060056772882,30.463452052988384,19.80382317705613,12.85507,2.522446,232.60105,40488398848.0,2025-05-09
2026-02-13,4390.T,,8,0,20,2026-02-16 00:00:00,3099.70742681962,2026-03-16 00:00:00,3218.9267578125,3.8461478641938163,10.2564096520654,-6.2179494020498165,CLOSED,3100.0,52.56222547584187,13.382060056772882,30.463452052988384,19.80382317705613,12.85507,2.522446,232.60105,40488398848.0,2025-05-09
2026-02-13,4390.T,,8,0,40,2026-02-16 00:00:00,3099.70742681962,2026-04-14 00:00:00,3115.0,0.4933553743835306,10.2564096520654,-7.765488598599523,CLOSED,3100.0,52.56222547584187,13.382060056772882,30.463452052988384,19.80382317705613,12.85507,2.522446,232.60105,40488398848.0,2025-05-09
2026-02-13,4390.T,,8,0,50,2026-02-16 00:00:00,3099.70742681962,2026-04-28 00:00:00,3390.0,9.365160423486408,10.2564096520654,-7.765488598599523,CLOSED,3100.0,52.56222547584187,13.382060056772882,30.463452052988384,19.80382317705613,12.85507,2.522446,232.60105,40488398848.0,2025-05-09
2026-02-13,4390.T,,8,0,60,2026-02-16 00:00:00,3099.70742681962,2026-05-18 00:00:00,3770.0,21.624381945883098,34.5288256536691,-7.765488598599523,CLOSED,3100.0,52.56222547584187,13.382060056772882,30.463452052988384,19.80382317705613,12.85507,2.522446,232.60105,40488398848.0,2025-05-09
2026-02-16,7839.T,,8,0,5,2026-02-17 00:00:00,1724.0,2026-02-24 00:00:00,1714.0,-0.5800464037122977,1.798143851508116,-1.798143851508116,CLOSED,1724.0,43.38624338624338,19.572611155534037,19.07026124075733,30.4024107507598,14.348731,3.0174994,476.93645,88976105472.0,2026-04-24
2026-02-16,7839.T,,8,0,10,2026-02-17 00:00:00,1724.0,2026-03-03 00:00:00,1725.0,0.058004640371223104,5.1044083526682105,-1.798143851508116,CLOSED,1724.0,43.38624338624338,19.572611155534037,19.07026124075733,30.4024107507598,14.348731,3.0174994,476.93645,88976105472.0,2026-04-24
2026-02-16,7839.T,,8,0,20,2026-02-17 00:00:00,1724.0,2026-03-17 00:00:00,1613.0,-6.438515081206497,5.1044083526682105,-7.424593967517401,CLOSED,1724.0,43.38624338624338,19.572611155534037,19.07026124075733,30.4024107507598,14.348731,3.0174994,476.93645,88976105472.0,2026-04-24
2026-02-16,7839.T,,8,0,40,2026-02-17 00:00:00,1724.0,2026-04-15 00:00:00,1721.0,-0.17401392111369152,5.1044083526682105,-10.034802784222741,CLOSED,1724.0,43.38624338624338,19.572611155534037,19.07026124075733,30.4024107507598,14.348731,3.0174994,476.93645,88976105472.0,2026-04-24
2026-02-16,7839.T,,8,0,50,2026-02-17 00:00:00,1724.0,2026-04-30 00:00:00,1748.0,1.39211136890951,5.1044083526682105,-10.034802784222741,CLOSED,1724.0,43.38624338624338,19.572611155534037,19.07026124075733,30.4024107507598,14.348731,3.0174994,476.93645,88976105472.0,2026-04-24
2026-02-16,7839.T,,8,0,60,2026-02-17 00:00:00,1724.0,2026-05-19 00:00:00,1767.0,2.494199535962882,9.338747099767986,-10.034802784222741,CLOSED,1724.0,43.38624338624338,19.572611155534037,19.07026124075733,30.4024107507598,14.348731,3.0174994,476.93645,88976105472.0,2026-04-24
2026-02-16,8923.T,,8,1,5,2026-02-17 00:00:00,1633.0,2026-02-24 00:00:00,1605.0,-1.7146356399265206,1.5309246785058184,-1.8371096142069776,CLOSED,1648.0,53.91849529780564,18.173618249994828,26.946290053673284,26.793092138344488,10.848529,1.5544546,420.67199,159805898752.0,2025-07-07
2026-02-16,8923.T,,8,1,10,2026-02-17 00:00:00,1633.0,2026-03-03 00:00:00,1570.0,-3.8579301898346574,2.5107164727495412,-3.9191671769748915,CLOSED,1648.0,53.91849529780564,18.173618249994828,26.946290053673284,26.793092138344488,10.848529,1.5544546,420.67199,159805898752.0,2025-07-07
2026-02-16,8923.T,,8,1,20,2026-02-17 00:00:00,1633.0,2026-03-17 00:00:00,1608.0,-1.5309246785058184,3.0006123698713916,-8.266993263931411,CLOSED,1648.0,53.91849529780564,18.173618249994828,26.946290053673284,26.793092138344488,10.848529,1.5544546,420.67199,159805898752.0,2025-07-07
2026-02-16,8923.T,,8,1,40,2026-02-17 00:00:00,1633.0,2026-04-15 00:00:00,1728.0,5.817513778322114,8.940600122473974,-9.552969993876303,CLOSED,1648.0,53.91849529780564,18.173618249994828,26.946290053673284,26.793092138344488,10.848529,1.5544546,420.67199,159805898752.0,2025-07-07
2026-02-16,8923.T,,8,1,50,2026-02-17 00:00:00,1633.0,2026-04-30 00:00:00,1632.0,-0.06123698714023407,8.940600122473974,-9.552969993876303,CLOSED,1648.0,53.91849529780564,18.173618249994828,26.946290053673284,26.793092138344488,10.848529,1.5544546,420.67199,159805898752.0,2025-07-07
2026-02-16,8923.T,,8,1,60,2026-02-17 00:00:00,1633.0,2026-05-19 00:00:00,1567.0,-4.04164115125536,8.940600122473974,-9.552969993876303,CLOSED,1648.0,53.91849529780564,18.173618249994828,26.946290053673284,26.793092138344488,10.848529,1.5544546,420.67199,159805898752.0,2025-07-07
2026-02-17,7839.T,,8,0,5,2026-02-18 00:00:00,1743.0,2026-02-25 00:00:00,1715.0,-1.6064257028112428,0.688468158347666,-2.8686173264486525,CLOSED,1737.0,44.55958549222797,19.549495904935508,19.37487901344015,28.611841767512374,14.455726,3.0402532,471.603905,89647038464.0,2026-04-24
2026-02-17,7839.T,,8,0,10,2026-02-18 00:00:00,1743.0,2026-03-04 00:00:00,1659.0,-4.81927710843374,3.9586919104991347,-5.335628227194489,CLOSED,1737.0,44.55958549222797,19.549495904935508,19.37487901344015,28.611841767512374,14.455726,3.0402532,471.603905,89647038464.0,2026-04-24
2026-02-17,7839.T,,8,0,20,2026-02-18 00:00:00,1743.0,2026-03-18 00:00:00,1636.0,-6.138841078600111,3.9586919104991347,-8.433734939759042,CLOSED,1737.0,44.55958549222797,19.549495904935508,19.37487901344015,28.611841767512374,14.455726,3.0402532,471.603905,89647038464.0,2026-04-24
2026-02-17,7839.T,,8,0,40,2026-02-18 00:00:00,1743.0,2026-04-16 00:00:00,1711.0,-1.8359150889271425,3.9586919104991347,-11.015490533562822,CLOSED,1737.0,44.55958549222797,19.549495904935508,19.37487901344015,28.611841767512374,14.455726,3.0402532,471.603905,89647038464.0,2026-04-24
2026-02-17,7839.T,,8,0,50,2026-02-18 00:00:00,1743.0,2026-05-01 00:00:00,1850.0,6.138841078600121,8.14687320711418,-11.015490533562822,CLOSED,1737.0,44.55958549222797,19.549495904935508,19.37487901344015,28.611841767512374,14.455726,3.0402532,471.603905,89647038464.0,2026-04-24
2026-02-17,7839.T,,8,0,60,2026-02-18 00:00:00,1743.0,2026-05-20 00:00:00,1720.0,-1.319563970166382,8.14687320711418,-11.015490533562822,CLOSED,1737.0,44.55958549222797,19.549495904935508,19.37487901344015,28.611841767512374,14.455726,3.0402532,471.603905,89647038464.0,2026-04-24
2026-02-17,9369.T,,8,1,5,2026-02-18 00:00:00,3123.6172072637646,2026-02-25 00:00:00,3183.3994140625,1.9138774962474958,2.3923464046805787,-0.7974475441439144,CLOSED,3100.0,45.3781512605042,33.57232702759023,27.454252522668625,19.682666429464817,31.16204,1.7013346,201.858895,77055164416.0,2025-07-02
2026-02-17,9369.T,,8,1,10,2026-02-18 00:00:00,3123.6172072637646,2026-03-04 00:00:00,3053.871337890625,-2.2328558445301905,4.1467327080572325,-3.50877289713013,CLOSED,3100.0,45.3781512605042,33.57232702759023,27.454252522668625,19.682666429464817,31.16204,1.7013346,201.858895,77055164416.0,2025-07-02
2026-02-17,9369.T,,8,1,20,2026-02-18 00:00:00,3123.6172072637646,2026-03-18 00:00:00,2952.24169921875,-5.4864439742005615,4.1467327080572325,-10.079748483456408,CLOSED,3100.0,45.3781512605042,33.57232702759023,27.454252522668625,19.682666429464817,31.16204,1.7013346,201.858895,77055164416.0,2025-07-02
2026-02-17,9369.T,,8,1,40,2026-02-18 00:00:00,3123.6172072637646,2026-04-16 00:00:00,3068.81689453125,-1.754386312288203,4.306218236825399,-13.014350728113477,CLOSED,3100.0,45.3781512605042,33.57232702759023,27.454252522668625,19.682666429464817,31.16204,1.7013346,201.858895,77055164416.0,2025-07-02
2026-02-17,9369.T,,8,1,50,2026-02-18 00:00:00,3123.6172072637646,2026-05-01 00:00:00,3063.8349609375,-1.9138787616883701,4.306218236825399,-14.89633262158928,CLOSED,3100.0,45.3781512605042,33.57232702759023,27.454252522668625,19.682666429464817,31.16204,1.7013346,201.858895,77055164416.0,2025-07-02
2026-02-17,9369.T,,8,1,60,2026-02-18 00:00:00,3123.6172072637646,2026-05-20 00:00:00,2873.528564453125,-8.006379342163793,4.306218236825399,-14.89633262158928,CLOSED,3100.0,45.3781512605042,33.57232702759023,27.454252522668625,19.682666429464817,31.16204,1.7013346,201.858895,77055164416.0,2025-07-02
2026-02-18,6810.T,,8,2,5,2026-02-19 00:00:00,2209.4188706597224,2026-02-26 00:00:00,2223.25244140625,0.6261180679785205,3.0858702415147876,-0.939177101967803,CLOSED,2224.0,45.61068702290076,20.70359027490261,23.99137106749508,30.69407049025444,23.85754,0.96418685,520.58642,95911313408.0,2026-04-24
2026-02-18,6810.T,,8,2,10,2026-02-19 00:00:00,2209.4188706597224,2026-03-05 00:00:00,2071.083251953125,-6.261176662499091,3.0858702415147876,-10.733451670241777,CLOSED,2224.0,45.61068702290076,20.70359027490261,23.99137106749508,30.69407049025444,23.85754,0.96418685,520.58642,95911313408.0,2026-04-24
2026-02-18,6810.T,,8,2,20,2026-02-19 00:00:00,2209.4188706597224,2026-03-19 00:00:00,1998.9510498046875,-9.525935695126487,3.0858702415147876,-14.266545744963366,CLOSED,2224.0,45.61068702290076,20.70359027490261,23.99137106749508,30.69407049025444,23.85754,0.96418685,520.58642,95911313408.0,2026-04-24
2026-02-18,6810.T,,8,2,40,2026-02-19 00:00:00,2209.4188706597224,2026-04-17 00:00:00,2113.0,-4.36399235745335,3.0858702415147876,-14.266545744963366,CLOSED,2224.0,45.61068702290076,20.70359027490261,23.99137106749508,30.69407049025444,23.85754,0.96418685,520.58642,95911313408.0,2026-04-24
2026-02-18,6810.T,,8,2,50,2026-02-19 00:00:00,2209.4188706597224,2026-05-07 00:00:00,1956.0,-11.469933294452794,3.0858702415147876,-14.266545744963366,CLOSED,2224.0,45.61068702290076,20.70359027490261,23.99137106749508,30.69407049025444,23.85754,0.96418685,520.58642,95911313408.0,2026-04-24
2026-02-18,6810.T,,8,2,60,2026-02-19 00:00:00,2209.4188706597224,2026-05-21 00:00:00,1883.0,-14.773969526306042,3.0858702415147876,-15.317098769898351,CLOSED,2224.0,45.61068702290076,20.70359027490261,23.99137106749508,30.69407049025444,23.85754,0.96418685,520.58642,95911313408.0,2026-04-24
2026-02-18,7839.T,,8,0,5,2026-02-19 00:00:00,1734.0,2026-02-26 00:00:00,1732.0,-0.11534025374856371,0.865051903114189,-2.3644752018454396,CLOSED,1734.0,47.38292011019284,19.39371917172111,19.362182588260065,27.501812597417214,14.425957,3.0350025,474.799535,89492209664.0,2026-04-24
2026-02-18,7839.T,,8,0,10,2026-02-19 00:00:00,1734.0,2026-03-05 00:00:00,1660.0,-4.267589388696658,4.498269896193774,-4.844290657439442,CLOSED,1734.0,47.38292011019284,19.39371917172111,19.362182588260065,27.501812597417214,14.425957,3.0350025,474.799535,89492209664.0,2026-04-24
2026-02-18,7839.T,,8,0,20,2026-02-19 00:00:00,1734.0,2026-03-19 00:00:00,1605.0,-7.439446366782009,4.498269896193774,-7.958477508650519,CLOSED,1734.0,47.38292011019284,19.39371917172111,19.362182588260065,27.501812597417214,14.425957,3.0350025,474.799535,89492209664.0,2026-04-24
2026-02-18,7839.T,,8,0,40,2026-02-19 00:00:00,1734.0,2026-04-17 00:00:00,1717.0,-0.9803921568627416,4.498269896193774,-10.553633217993074,CLOSED,1734.0,47.38292011019284,19.39371917172111,19.362182588260065,27.501812597417214,14.425957,3.0350025,474.799535,89492209664.0,2026-04-24
2026-02-18,7839.T,,8,0,50,2026-02-19 00:00:00,1734.0,2026-05-07 00:00:00,1861.0,7.324106113033446,8.708189158016143,-10.553633217993074,CLOSED,1734.0,47.38292011019284,19.39371917172111,19.362182588260065,27.501812597417214,14.425957,3.0350025,474.799535,89492209664.0,2026-04-24
2026-02-18,7839.T,,8,0,60,2026-02-19 00:00:00,1734.0,2026-05-21 00:00:00,1712.0,-1.2687427912341454,8.708189158016143,-10.553633217993074,CLOSED,1734.0,47.38292011019284,19.39371917172111,19.362182588260065,27.501812597417214,14.425957,3.0350025,474.799535,89492209664.0,2026-04-24
2026-02-18,8057.T,,8,0,5,2026-02-19 00:00:00,2043.205565134082,2026-02-26 00:00:00,2009.377685546875,-1.6556278117315637,0.5203405865657373,-5.298015031043601,CLOSED,2110.0,53.932584269662925,14.607648920429794,24.98648568933782,27.048247162422363,10.581214,1.4696347,327.64495,104066277376.0,2025-09-01
2026-02-18,8057.T,,8,0,10,2026-02-19 00:00:00,2043.205565134082,2026-03-05 00:00:00,1953.3199462890625,-4.399245008865316,1.9867517398606038,-8.561968792528575,CLOSED,2110.0,53.932584269662925,14.607648920429794,24.98648568933782,27.048247162422363,10.581214,1.4696347,327.64495,104066277376.0,2025-09-01
2026-02-18,8057.T,,8,0,20,2026-02-19 00:00:00,2043.205565134082,2026-03-19 00:00:00,1969.7506103515625,-3.5950839228307996,1.9867517398606038,-8.561968792528575,CLOSED,2110.0,53.932584269662925,14.607648920429794,24.98648568933782,27.048247162422363,10.581214,1.4696347,327.64495,104066277376.0,2025-09-01
2026-02-18,8057.T,,8,0,40,2026-02-19 00:00:00,2043.205565134082,2026-04-17 00:00:00,1973.61669921875,-3.4058670895782073,1.9867517398606038,-9.318827819595077,CLOSED,2110.0,53.932584269662925,14.607648920429794,24.98648568933782,27.048247162422363,10.581214,1.4696347,327.64495,104066277376.0,2025-09-01
2026-02-18,8057.T,,8,0,50,2026-02-19 00:00:00,2043.205565134082,2026-05-07 00:00:00,1957.18603515625,-4.210028175612724,1.9867517398606038,-9.318827819595077,CLOSED,2110.0,53.932584269662925,14.607648920429794,24.98648568933782,27.048247162422363,10.581214,1.4696347,327.64495,104066277376.0,2025-09-01
2026-02-18,8057.T,,8,0,60,2026-02-19 00:00:00,2043.205565134082,2026-05-21 00:00:00,1986.181396484375,-2.790916862345416,1.9867517398606038,-9.318827819595077,CLOSED,2110.0,53.932584269662925,14.607648920429794,24.98648568933782,27.048247162422363,10.581214,1.4696347,327.64495,104066277376.0,2025-09-01
2026-02-19,4768.T,,8,0,5,2026-02-20 00:00:00,3038.3029335423516,2026-02-27 00:00:00,3086.32763671875,1.580642359463691,1.8709649321011046,-5.3871007498865975,CLOSED,3080.0,49.39668174962293,13.520017142868372,22.27110526333287,17.868732405807485,18.172163,2.9619,4291.8302425,1167939600384.0,2026-04-30
2026-02-19,4768.T,,8,0,10,2026-02-20 00:00:00,3038.3029335423516,2026-03-06 00:00:00,3005.959716796875,-1.0645158647089814,1.8709649321011046,-5.3871007498865975,CLOSED,3080.0,49.39668174962293,13.520017142868372,22.27110526333287,17.868732405807485,18.172163,2.9619,4291.8302425,1167939600384.0,2026-04-30
2026-02-19,4768.T,,8,0,20,2026-02-20 00:00:00,3038.3029335423516,2026-03-23 00:00:00,2864.82568359375,-5.709675886279875,1.8709649321011046,-6.354837187092189,CLOSED,3080.0,49.39668174962293,13.520017142868372,22.27110526333287,17.868732405807485,18.172163,2.9619,4291.8302425,1167939600384.0,2026-04-30
2026-02-19,4768.T,,8,0,40,2026-02-20 00:00:00,3038.3029335423516,2026-04-20 00:00:00,2987.337890625,-1.6774180860870125,2.5161284479891632,-7.0967749427857445,CLOSED,3080.0,49.39668174962293,13.520017142868372,22.27110526333287,17.868732405807485,18.172163,2.9619,4291.8302425,1167939600384.0,2026-04-30
2026-02-19,4768.T,,8,0,50,2026-02-20 00:00:00,3038.3029335423516,2026-05-08 00:00:00,2977.536865234375,-2.000000317187911,2.5161284479891632,-8.79031996195545,CLOSED,3080.0,49.39668174962293,13.520017142868372,22.27110526333287,17.868732405807485,18.172163,2.9619,4291.8302425,1167939600384.0,2026-04-30
2026-02-19,4768.T,,8,0,60,2026-02-20 00:00:00,3038.3029335423516,2026-05-22 00:00:00,2826.601806640625,-6.967742569859703,2.5161284479891632,-8.79031996195545,CLOSED,3080.0,49.39668174962293,13.520017142868372,22.27110526333287,17.868732405807485,18.172163,2.9619,4291.8302425,1167939600384.0,2026-04-30
2026-02-19,6810.T,,8,1,5,2026-02-20 00:00:00,2218.311974318951,2026-02-27 00:00:00,2264.753173828125,2.0935377912041586,2.672604055120509,-1.1135857461024634,CLOSED,2250.0,52.371541501976274,19.234943238233186,27.97072556479401,27.891104714074288,24.14422,0.9754588,522.25772,97032585216.0,2026-04-24
2026-02-19,6810.T,,8,1,10,2026-02-20 00:00:00,2218.311974318951,2026-03-06 00:00:00,2064.16650390625,-6.948773310391809,2.672604055120509,-11.091316874409818,CLOSED,2250.0,52.371541501976274,19.234943238233186,27.97072556479401,27.891104714074288,24.14422,0.9754588,522.25772,97032585216.0,2026-04-24
2026-02-19,6810.T,,8,1,20,2026-02-20 00:00:00,2218.311974318951,2026-03-23 00:00:00,1936.699951171875,-12.694879097586542,2.672604055120509,-14.610246948662553,CLOSED,2250.0,52.371541501976274,19.234943238233186,27.97072556479401,27.891104714074288,24.14422,0.9754588,522.25772,97032585216.0,2026-04-24
2026-02-19,6810.T,,8,1,40,2026-02-20 00:00:00,2218.311974318951,2026-04-20 00:00:00,2206.0,-0.555015455963126,2.672604055120509,-14.610246948662553,CLOSED,2250.0,52.371541501976274,19.234943238233186,27.97072556479401,27.891104714074288,24.14422,0.9754588,522.25772,97032585216.0,2026-04-24
2026-02-19,6810.T,,8,1,50,2026-02-20 00:00:00,2218.311974318951,2026-05-08 00:00:00,1953.0,-11.960083946281042,2.672604055120509,-14.610246948662553,CLOSED,2250.0,52.371541501976274,19.234943238233186,27.97072556479401,27.891104714074288,24.14422,0.9754588,522.25772,97032585216.0,2026-04-24
2026-02-19,6810.T,,8,1,60,2026-02-20 00:00:00,2218.311974318951,2026-05-22 00:00:00,1884.0,-15.070557170913201,2.672604055120509,-15.656588358162738,CLOSED,2250.0,52.371541501976274,19.234943238233186,27.97072556479401,27.891104714074288,24.14422,0.9754588,522.25772,97032585216.0,2026-04-24
2026-02-19,7839.T,,8,0,5,2026-02-20 00:00:00,1733.0,2026-02-27 00:00:00,1800.0,3.8661281015579974,4.558568955568387,-2.3081361800346256,CLOSED,1743.0,49.45355191256832,19.62448340409031,18.2373756094486,28.902497818824628,14.504453,3.050755,467.993735,89956704256.0,2026-04-24
2026-02-19,7839.T,,8,0,10,2026-02-20 00:00:00,1733.0,2026-03-06 00:00:00,1678.0,-3.1736872475476074,4.558568955568387,-5.481823427582222,CLOSED,1743.0,49.45355191256832,19.62448340409031,18.2373756094486,28.902497818824628,14.504453,3.050755,467.993735,89956704256.0,2026-04-24
2026-02-19,7839.T,,8,0,20,2026-02-20 00:00:00,1733.0,2026-03-23 00:00:00,1580.0,-8.828620888632432,4.558568955568387,-10.502019619157533,CLOSED,1743.0,49.45355191256832,19.62448340409031,18.2373756094486,28.902497818824628,14.504453,3.050755,467.993735,89956704256.0,2026-04-24
2026-02-19,7839.T,,8,0,40,2026-02-20 00:00:00,1733.0,2026-04-20 00:00:00,1683.0,-2.8851702250432765,4.558568955568387,-10.502019619157533,CLOSED,1743.0,49.45355191256832,19.62448340409031,18.2373756094486,28.902497818824628,14.504453,3.050755,467.993735,89956704256.0,2026-04-24
2026-02-19,7839.T,,8,0,50,2026-02-20 00:00:00,1733.0,2026-05-08 00:00:00,1815.0,4.731679169070979,8.77091748413157,-10.502019619157533,CLOSED,1743.0,49.45355191256832,19.62448340409031,18.2373756094486,28.902497818824628,14.504453,3.050755,467.993735,89956704256.0,2026-04-24
2026-02-19,7839.T,,8,0,60,2026-02-20 00:00:00,1733.0,2026-05-22 00:00:00,1670.0,-3.6353144835545304,8.77091748413157,-10.502019619157533,CLOSED,1743.0,49.45355191256832,19.62448340409031,18.2373756094486,28.902497818824628,14.504453,3.050755,467.993735,89956704256.0,2026-04-24
2026-02-20,6810.T,,8,1,5,2026-02-24 00:00:00,2223.2524979282434,2026-03-02 00:00:00,2204.478271484375,-0.844448683240584,2.444444444444449,-2.622226385020232,CLOSED,2226.0,51.05973025048169,17.87119956132586,26.72751990504862,26.651437936150863,23.89694,0.9650539,517.142615,95997566976.0,2026-04-24
2026-02-20,6810.T,,8,1,10,2026-02-24 00:00:00,2223.2524979282434,2026-03-09 00:00:00,1954.4859619140625,-12.088889420550897,2.444444444444449,-14.800000515265953,CLOSED,2226.0,51.05973025048169,17.87119956132586,26.72751990504862,26.651437936150863,23.89694,0.9650539,517.142615,95997566976.0,2026-04-24
2026-02-20,6810.T,,8,1,20,2026-02-24 00:00:00,2223.2524979282434,2026-03-24 00:00:00,1971.2838134765625,-11.333336392806492,2.444444444444449,-14.800000515265953,CLOSED,2226.0,51.05973025048169,17.87119956132586,26.72751990504862,26.651437936150863,23.89694,0.9650539,517.142615,95997566976.0,2026-04-24
2026-02-20,6810.T,,8,1,40,2026-02-24 00:00:00,2223.2524979282434,2026-04-21 00:00:00,2148.0,-3.384793135209252,2.444444444444449,-14.800000515265953,CLOSED,2226.0,51.05973025048169,17.87119956132586,26.72751990504862,26.651437936150863,23.89694,0.9650539,517.142615,95997566976.0,2026-04-24
2026-02-20,6810.T,,8,1,50,2026-02-24 00:00:00,2223.2524979282434,2026-05-11 00:00:00,1930.0,-13.190247090760643,2.444444444444449,-14.800000515265953,CLOSED,2226.0,51.05973025048169,17.87119956132586,26.72751990504862,26.651437936150863,23.89694,0.9650539,517.142615,95997566976.0,2026-04-24
2026-02-20,6810.T,,8,1,60,2026-02-24 00:00:00,2223.2524979282434,2026-05-25 00:00:00,1900.0,-14.539621488313582,2.444444444444449,-15.84401673928143,CLOSED,2226.0,51.05973025048169,17.87119956132586,26.72751990504862,26.651437936150863,23.89694,0.9650539,517.142615,95997566976.0,2026-04-24
2026-02-23,6810.T,,8,1,5,2026-02-24 00:00:00,2223.2524979282434,2026-03-02 00:00:00,2204.478271484375,-0.844448683240584,2.444444444444449,-2.622226385020232,CLOSED,2226.0,51.05973025048169,17.87119956132586,26.72751990504862,26.651437936150863,23.92262,0.9650539,517.142615,95997566976.0,2026-04-24
2026-02-23,6810.T,,8,1,10,2026-02-24 00:00:00,2223.2524979282434,2026-03-09 00:00:00,1954.4859619140625,-12.088889420550897,2.444444444444449,-14.800000515265953,CLOSED,2226.0,51.05973025048169,17.87119956132586,26.72751990504862,26.651437936150863,23.92262,0.9650539,517.142615,95997566976.0,2026-04-24
2026-02-23,6810.T,,8,1,20,2026-02-24 00:00:00,2223.2524979282434,2026-03-24 00:00:00,1971.2838134765625,-11.333336392806492,2.444444444444449,-14.800000515265953,CLOSED,2226.0,51.05973025048169,17.87119956132586,26.72751990504862,26.651437936150863,23.92262,0.9650539,517.142615,95997566976.0,2026-04-24
2026-02-23,6810.T,,8,1,40,2026-02-24 00:00:00,2223.2524979282434,2026-04-21 00:00:00,2148.0,-3.384793135209252,2.444444444444449,-14.800000515265953,CLOSED,2226.0,51.05973025048169,17.87119956132586,26.72751990504862,26.651437936150863,23.92262,0.9650539,517.142615,95997566976.0,2026-04-24
2026-02-23,6810.T,,8,1,50,2026-02-24 00:00:00,2223.2524979282434,2026-05-11 00:00:00,1930.0,-13.190247090760643,2.444444444444449,-14.800000515265953,CLOSED,2226.0,51.05973025048169,17.87119956132586,26.72751990504862,26.651437936150863,23.92262,0.9650539,517.142615,95997566976.0,2026-04-24
2026-02-23,6810.T,,8,1,60,2026-02-24 00:00:00,2223.2524979282434,2026-05-25 00:00:00,1900.0,-14.539621488313582,2.444444444444449,-15.84401673928143,CLOSED,2226.0,51.05973025048169,17.87119956132586,26.72751990504862,26.651437936150863,23.92262,0.9650539,517.142615,95997566976.0,2026-04-24
2026-02-25,6125.T,,8,2,5,2026-02-26 00:00:00,4793.645022109293,2026-03-04 00:00:00,4328.0048828125,-9.713696720327913,1.9427437292079297,-11.042940143471458,CLOSED,4860.0,46.63341645885287,24.40338027581319,27.964185863618805,24.906514786601583,14.191853,0.7791333,333.718575,32127152128.0,2025-08-06
2026-02-25,6125.T,,8,2,10,2026-02-26 00:00:00,4793.645022109293,2026-03-11 00:00:00,4514.2607421875,-5.828222128113659,1.9427437292079297,-14.928425200688288,CLOSED,4860.0,46.63341645885287,24.40338027581319,27.964185863618805,24.906514786601583,14.191853,0.7791333,333.718575,32127152128.0,2025-08-06
2026-02-25,6125.T,,8,2,20,2026-02-26 00:00:00,4793.645022109293,2026-03-26 00:00:00,4048.62060546875,-15.541918794661147,1.9427437292079297,-19.427401627819663,CLOSED,4860.0,46.63341645885287,24.40338027581319,27.964185863618805,24.906514786601583,14.191853,0.7791333,333.718575,32127152128.0,2025-08-06
2026-02-25,6125.T,,8,2,40,2026-02-26 00:00:00,4793.645022109293,2026-04-23 00:00:00,4080.0,-14.88731474311954,1.9427437292079297,-23.023086127968405,CLOSED,4860.0,46.63341645885287,24.40338027581319,27.964185863618805,24.906514786601583,14.191853,0.7791333,333.718575,32127152128.0,2025-08-06
2026-02-25,6125.T,,8,2,50,2026-02-26 00:00:00,4793.645022109293,2026-05-13 00:00:00,4940.0,3.053104208085644,11.397485115622953,-23.023086127968405,CLOSED,4860.0,46.63341645885287,24.40338027581319,27.964185863618805,24.906514786601583,14.191853,0.7791333,333.718575,32127152128.0,2025-08-06
2026-02-25,6125.T,,8,2,60,2026-02-26 00:00:00,4793.645022109293,2026-05-27 00:00:00,5260.0,9.72860893411549,13.900799387884133,-23.023086127968405,CLOSED,4860.0,46.63341645885287,24.40338027581319,27.964185863618805,24.906514786601583,14.191853,0.7791333,333.718575,32127152128.0,2025-08-06
2026-02-26,2395.T,,8,1,5,2026-02-27 00:00:00,1651.4035250293598,2026-03-05 00:00:00,1536.8043212890625,-6.939503398375024,1.3048635824436605,-11.328590750281254,CLOSED,1675.0,53.690036900369,19.04554900791821,24.299293234689173,19.497409341680573,14.982111,1.3192436,468.786085,69733326848.0,2025-08-04
2026-02-26,2395.T,,8,1,10,2026-02-27 00:00:00,1651.4035250293598,2026-03-12 00:00:00,1527.009521484375,-7.532623108744618,1.3048635824436605,-11.328590750281254,CLOSED,1675.0,53.690036900369,19.04554900791821,24.299293234689173,19.497409341680573,14.982111,1.3192436,468.786085,69733326848.0,2025-08-04
2026-02-26,2395.T,,8,1,20,2026-02-27 00:00:00,1651.4035250293598,2026-03-27 00:00:00,1432.0,-13.28588208175583,1.3048635824436605,-15.18386551088292,CLOSED,1675.0,53.690036900369,19.04554900791821,24.299293234689173,19.497409341680573,14.982111,1.3192436,468.786085,69733326848.0,2025-08-04
2026-02-26,2395.T,,8,1,40,2026-02-27 00:00:00,1651.4035250293598,2026-04-24 00:00:00,1437.0,-12.983109323661402,1.3048635824436605,-16.919155178888968,CLOSED,1675.0,53.690036900369,19.04554900791821,24.299293234689173,19.497409341680573,14.982111,1.3192436,468.786085,69733326848.0,2025-08-04
2026-02-26,2395.T,,8,1,50,2026-02-27 00:00:00,1651.4035250293598,2026-05-14 00:00:00,1183.0,-28.36396543485834,1.3048635824436605,-30.90725660285153,CLOSED,1675.0,53.690036900369,19.04554900791821,24.299293234689173,19.497409341680573,14.982111,1.3192436,468.786085,69733326848.0,2025-08-04
2026-02-26,2395.T,,8,1,60,2026-02-27 00:00:00,1651.4035250293598,2026-05-28 00:00:00,1220.0,-26.123447024959567,1.3048635824436605,-30.90725660285153,CLOSED,1675.0,53.690036900369,19.04554900791821,24.299293234689173,19.497409341680573,14.982111,1.3192436,468.786085,69733326848.0,2025-08-04
2026-02-26,6584.T,,8,0,5,2026-02-27 00:00:00,837.8263555990683,2026-03-05 00:00:00,741.7947998046875,-11.461987934924256,4.327485380116958,-16.491229053082435,CLOSED,859.0,51.82186234817813,13.66659579556794,31.59822810968761,23.533890523291404,12.002235,0.6742268,255.768455,30759567360.0,2025-08-04
2026-02-26,6584.T,,8,0,10,2026-02-27 00:00:00,837.8263555990683,2026-03-12 00:00:00,717.2969970703125,-14.38595930090717,4.327485380116958,-19.18128309158178,CLOSED,859.0,51.82186234817813,13.66659579556794,31.59822810968761,23.533890523291404,12.002235,0.6742268,255.768455,30759567360.0,2025-08-04
2026-02-26,6584.T,,8,0,20,2026-02-27 00:00:00,837.8263555990683,2026-03-27 00:00:00,683.0,-18.47952795521255,4.327485380116958,-24.093567105814028,CLOSED,859.0,51.82186234817813,13.66659579556794,31.59822810968761,23.533890523291404,12.002235,0.6742268,255.768455,30759567360.0,2025-08-04
2026-02-26,6584.T,,8,0,40,2026-02-27 00:00:00,837.8263555990683,2026-04-24 00:00:00,731.0,-12.750417181933194,4.327485380116958,-24.093567105814028,CLOSED,859.0,51.82186234817813,13.66659579556794,31.59822810968761,23.533890523291404,12.002235,0.6742268,255.768455,30759567360.0,2025-08-04
2026-02-26,6584.T,,8,0,50,2026-02-27 00:00:00,837.8263555990683,2026-05-14 00:00:00,878.0,4.794984561234816,9.688600013410941,-24.093567105814028,CLOSED,859.0,51.82186234817813,13.66659579556794,31.59822810968761,23.533890523291404,12.002235,0.6742268,255.768455,30759567360.0,2025-08-04
2026-02-26,6584.T,,8,0,60,2026-02-27 00:00:00,837.8263555990683,2026-05-28 00:00:00,873.0,4.19820218901823,12.55315540005062,-24.093567105814028,CLOSED,859.0,51.82186234817813,13.66659579556794,31.59822810968761,23.533890523291404,12.002235,0.6742268,255.768455,30759567360.0,2025-08-04
2026-02-26,6724.T,,8,0,5,2026-02-27 00:00:00,2080.2894161724284,2026-03-05 00:00:00,1968.3983154296875,-5.37863144776326,0.9907891816582914,-7.855632940517532,CLOSED,2119.0,54.85996705107084,24.627650129853727,33.245261651215245,17.564997338828285,13.532154,0.79324406,3943.303355,678986645504.0,2026-04-30
2026-02-26,6724.T,,8,0,10,2026-02-27 00:00:00,2080.2894161724284,2026-03-12 00:00:00,1951.2220458984375,-6.2042987514431935,0.9907891816582914,-9.12951383902576,CLOSED,2119.0,54.85996705107084,24.627650129853727,33.245261651215245,17.564997338828285,13.532154,0.79324406,3943.303355,678986645504.0,2026-04-30
2026-02-26,6724.T,,8,0,20,2026-02-27 00:00:00,2080.2894161724284,2026-03-27 00:00:00,1963.0,-5.638129736209107,0.9907891816582914,-10.35621798374291,CLOSED,2119.0,54.85996705107084,24.627650129853727,33.245261651215245,17.564997338828285,13.532154,0.79324406,3943.303355,678986645504.0,2026-04-30
2026-02-26,6724.T,,8,0,40,2026-02-27 00:00:00,2080.2894161724284,2026-04-24 00:00:00,2026.0,-2.6097049646253923,5.009427198803462,-10.35621798374291,CLOSED,2119.0,54.85996705107084,24.627650129853727,33.245261651215245,17.564997338828285,13.532154,0.79324406,3943.303355,678986645504.0,2026-04-30
2026-02-26,6724.T,,8,0,50,2026-02-27 00:00:00,2080.2894161724284,2026-05-14 00:00:00,2496.0,19.983305236078497,20.800499222061397,-10.35621798374291,CLOSED,2119.0,54.85996705107084,24.627650129853727,33.245261651215245,17.564997338828285,13.532154,0.79324406,3943.303355,678986645504.0,2026-04-30
2026-02-26,6724.T,,8,0,60,2026-02-27 00:00:00,2080.2894161724284,2026-05-28 00:00:00,2879.5,38.41824015516346,46.61421513222732,-10.35621798374291,CLOSED,2119.0,54.85996705107084,24.627650129853727,33.245261651215245,17.564997338828285,13.532154,0.79324406,3943.303355,678986645504.0,2026-04-30
2026-02-27,4293.T,,8,1,5,2026-03-02 00:00:00,402.87034518476844,2026-03-06 00:00:00,409.73187255859375,1.7031601992642198,1.946469194956224,-6.082727271295541,CLOSED,416.0,50.47619047619048,28.02045687432352,21.890877929408923,26.183696670632507,24.747175,1.2966206,319.64346,86288842752.0,2025-08-04
2026-02-27,4293.T,,8,1,10,2026-03-02 00:00:00,402.87034518476844,2026-03-13 00:00:00,409.73187255859375,1.7031601992642198,5.596099672894517,-6.082727271295541,CLOSED,416.0,50.47619047619048,28.02045687432352,21.890877929408923,26.183696670632507,24.747175,1.2966206,319.64346,86288842752.0,2025-08-04
2026-02-27,4293.T,,8,1,20,2026-03-02 00:00:00,402.87034518476844,2026-03-30 00:00:00,411.69232177734375,2.1897805827652217,5.596099672894517,-6.082727271295541,CLOSED,416.0,50.47619047619048,28.02045687432352,21.890877929408923,26.183696670632507,24.747175,1.2966206,319.64346,86288842752.0,2025-08-04
2026-02-27,4293.T,,8,1,40,2026-03-02 00:00:00,402.87034518476844,2026-04-27 00:00:00,413.6527404785156,2.676393391229137,8.515813296545073,-6.082727271295541,CLOSED,416.0,50.47619047619048,28.02045687432352,21.890877929408923,26.183696670632507,24.747175,1.2966206,319.64346,86288842752.0,2025-08-04
2026-02-27,4293.T,,8,1,50,2026-03-02 00:00:00,402.87034518476844,2026-05-15 00:00:00,446.0,10.705591843810435,12.652063788317003,-6.082727271295541,CLOSED,416.0,50.47619047619048,28.02045687432352,21.890877929408923,26.183696670632507,24.747175,1.2966206,319.64346,86288842752.0,2025-08-04
2026-02-27,4293.T,,8,1,60,2026-03-02 00:00:00,402.87034518476844,2026-05-29 00:00:00,555.7846069335938,37.956196969199674,41.60583304167784,-6.082727271295541,CLOSED,416.0,50.47619047619048,28.02045687432352,21.890877929408923,26.183696670632507,24.747175,1.2966206,319.64346,86288842752.0,2025-08-04
2026-02-27,5036.T,,8,2,5,2026-03-02 00:00:00,1587.3094482421875,2026-03-06 00:00:00,1566.6053466796875,-1.3043519387746394,1.739129068507328,-6.024845781349364,CLOSED,1650.0,51.73116089613034,37.70587128495856,26.083227919327364,27.67153829283128,13.980681,2.7469141,264.668125,75036286976.0,2025-05-13
2026-02-27,5036.T,,8,2,10,2026-03-02 00:00:00,1587.3094482421875,2026-03-13 00:00:00,1568.5772705078125,-1.1801213528414012,2.4223608292384124,-6.149069485004166,CLOSED,1650.0,51.73116089613034,37.70587128495856,26.083227919327364,27.67153829283128,13.980681,2.7469141,264.668125,75036286976.0,2025-05-13
2026-02-27,5036.T,,8,2,20,2026-03-02 00:00:00,1587.3094482421875,2026-03-30 00:00:00,1466.0,-7.642457390808555,2.4223608292384124,-8.650452398821551,CLOSED,1650.0,51.73116089613034,37.70587128495856,26.083227919327364,27.67153829283128,13.980681,2.7469141,264.668125,75036286976.0,2025-05-13
2026-02-27,5036.T,,8,2,40,2026-03-02 00:00:00,1587.3094482421875,2026-04-27 00:00:00,1414.0,-10.918441166850812,3.8234858253393567,-11.611437734859752,CLOSED,1650.0,51.73116089613034,37.70587128495856,26.083227919327364,27.67153829283128,13.980681,2.7469141,264.668125,75036286976.0,2025-05-13
2026-02-27,5036.T,,8,2,50,2026-03-02 00:00:00,1587.3094482421875,2026-05-15 00:00:00,1734.0,9.241458993409267,11.698446825440945,-13.942426190889822,CLOSED,1650.0,51.73116089613034,37.70587128495856,26.083227919327364,27.67153829283128,13.980681,2.7469141,264.668125,75036286976.0,2025-05-13
2026-02-27,5036.T,,8,2,60,2026-03-02 00:00:00,1587.3094482421875,2026-05-29 00:00:00,1679.0,5.7764761533645625,21.211399713563672,-13.942426190889822,CLOSED,1650.0,51.73116089613034,37.70587128495856,26.083227919327364,27.67153829283128,13.980681,2.7469141,264.668125,75036286976.0,2025-05-13
2026-03-02,2492.T,,8,3,5,2026-03-03 00:00:00,398.28489212036135,2026-03-09 00:00:00,400.2663879394531,0.4975071508594775,4.477608492286689,-4.72637151790456,CLOSED,401.0,54.14847161572053,24.318305756854148,24.58831561392937,28.739385490806235,47.17647,7.4731174,1614.49895,90779049984.0,2026-04-30
2026-03-02,2492.T,,8,3,10,2026-03-03 00:00:00,398.28489212036135,2026-03-16 00:00:00,389.3680725097656,-2.238804380232695,6.965170826627998,-4.72637151790456,CLOSED,401.0,54.14847161572053,24.318305756854148,24.58831561392937,28.739385490806235,47.17647,7.4731174,1614.49895,90779049984.0,2026-04-30
2026-03-02,2492.T,,8,3,20,2026-03-03 00:00:00,398.28489212036135,2026-03-31 00:00:00,460.7026672363281,15.671640162816969,17.412933670644314,-4.72637151790456,CLOSED,401.0,54.14847161572053,24.318305756854148,24.58831561392937,28.739385490806235,47.17647,7.4731174,1614.49895,90779049984.0,2026-04-30
2026-03-02,2492.T,,8,3,40,2026-03-03 00:00:00,398.28489212036135,2026-04-28 00:00:00,438.9059753417969,10.199001776135619,21.89054720586072,-4.72637151790456,CLOSED,401.0,54.14847161572053,24.318305756854148,24.58831561392937,28.739385490806235,47.17647,7.4731174,1614.49895,90779049984.0,2026-04-30
2026-03-02,2492.T,,8,3,50,2026-03-03 00:00:00,398.28489212036135,2026-05-18 00:00:00,416.1185302734375,4.477608492286689,21.89054720586072,-4.72637151790456,CLOSED,401.0,54.14847161572053,24.318305756854148,24.58831561392937,28.739385490806235,47.17647,7.4731174,1614.49895,90779049984.0,2026-04-30
2026-03-02,2492.T,,8,3,60,2026-03-03 00:00:00,398.28489212036135,2026-06-01 00:00:00,377.47894287109375,-5.223886132989463,21.89054720586072,-8.706467904109228,CLOSED,401.0,54.14847161572053,24.318305756854148,24.58831561392937,28.739385490806235,47.17647,7.4731174,1614.49895,90779049984.0,2026-04-30
2026-03-02,4293.T,,8,1,5,2026-03-03 00:00:00,399.92966627038044,2026-03-09 00:00:00,405.8110046386719,1.4705931728293598,2.696080583262761,-5.392154485871292,CLOSED,414.0,53.0,26.6568170384983,20.76070565993342,24.831896711538494,24.628199,1.2903869,315.42939,85873991680.0,2025-08-04
2026-03-02,4293.T,,8,1,10,2026-03-03 00:00:00,399.92966627038044,2026-03-16 00:00:00,406.79119873046875,1.7156847912976447,6.372546758317177,-5.392154485871292,CLOSED,414.0,53.0,26.6568170384983,20.76070565993342,24.831896711538494,24.628199,1.2903869,315.42939,85873991680.0,2025-08-04
2026-03-02,4293.T,,8,1,20,2026-03-03 00:00:00,399.92966627038044,2026-03-31 00:00:00,407.77142333984375,1.9607840405021948,6.372546758317177,-5.392154485871292,CLOSED,414.0,53.0,26.6568170384983,20.76070565993342,24.831896711538494,24.628199,1.2903869,315.42939,85873991680.0,2025-08-04
2026-03-02,4293.T,,8,1,40,2026-03-03 00:00:00,399.92966627038044,2026-04-28 00:00:00,416.5934143066406,4.166669652606947,9.313729007611805,-5.392154485871292,CLOSED,414.0,53.0,26.6568170384983,20.76070565993342,24.831896711538494,24.628199,1.2903869,315.42939,85873991680.0,2025-08-04
2026-03-02,4293.T,,8,1,50,2026-03-03 00:00:00,399.92966627038044,2026-05-18 00:00:00,453.8417663574219,13.480395337962525,13.725493384048848,-5.392154485871292,CLOSED,414.0,53.0,26.6568170384983,20.76070565993342,24.831896711538494,24.628199,1.2903869,315.42939,85873991680.0,2025-08-04
2026-03-02,4293.T,,8,1,60,2026-03-03 00:00:00,399.92966627038044,2026-06-01 00:00:00,555.7846069335938,38.97058753271993,42.64705934345081,-5.392154485871292,CLOSED,414.0,53.0,26.6568170384983,20.76070565993342,24.831896711538494,24.628199,1.2903869,315.42939,85873991680.0,2025-08-04
2026-03-02,5036.T,,8,2,5,2026-03-03 00:00:00,1587.3094269258893,2026-03-09 00:00:00,1537.0281982421875,-3.1677017619104353,1.7391304347825987,-6.149068224661114,CLOSED,1610.0,54.273504273504265,35.76009960049134,23.54857574007202,29.053409062473733,13.64638,2.6803224,258.337275,73217220608.0,2025-05-13
2026-03-02,5036.T,,8,2,10,2026-03-03 00:00:00,1587.3094269258893,2026-03-16 00:00:00,1568.5772705078125,-1.1801200257693267,2.4223622046889215,-6.149068224661114,CLOSED,1610.0,54.273504273504265,35.76009960049134,23.54857574007202,29.053409062473733,13.64638,2.6803224,258.337275,73217220608.0,2025-05-13
2026-03-02,5036.T,,8,2,20,2026-03-03 00:00:00,1587.3094269258893,2026-03-31 00:00:00,1463.0,-7.831455217061045,2.4223622046889215,-8.650451172070072,CLOSED,1610.0,54.273504273504265,35.76009960049134,23.54857574007202,29.053409062473733,13.64638,2.6803224,258.337275,73217220608.0,2025-05-13
2026-03-02,5036.T,,8,2,40,2026-03-03 00:00:00,1587.3094269258893,2026-04-28 00:00:00,1417.0,-10.729440904016062,3.823487219605881,-11.611436547871934,CLOSED,1610.0,54.273504273504265,35.76009960049134,23.54857574007202,29.053409062473733,13.64638,2.6803224,258.337275,73217220608.0,2025-05-13
2026-03-02,5036.T,,8,2,50,2026-03-03 00:00:00,1587.3094269258893,2026-05-18 00:00:00,1752.0,10.3754548596781,11.698448325461918,-13.94242503520532,CLOSED,1610.0,54.273504273504265,35.76009960049134,23.54857574007202,29.053409062473733,13.64638,2.6803224,258.337275,73217220608.0,2025-05-13
2026-03-02,5036.T,,8,2,60,2026-03-03 00:00:00,1587.3094269258893,2026-06-01 00:00:00,1679.0,5.776477573858174,21.21140134133599,-13.94242503520532,CLOSED,1610.0,54.273504273504265,35.76009960049134,23.54857574007202,29.053409062473733,13.64638,2.6803224,258.337275,73217220608.0,2025-05-13
2026-03-02,6125.T,,8,3,5,2026-03-03 00:00:00,4764.236317845395,2026-03-09 00:00:00,4185.86181640625,-12.139920500432112,2.5720164609053464,-14.403294913769926,CLOSED,4790.0,44.89361702127659,19.89397625427473,23.070302156609475,22.554408184315463,13.991938,0.7679112,354.9614,31664414720.0,2025-08-06
2026-03-02,6125.T,,8,3,10,2026-03-03 00:00:00,4764.236317845395,2026-03-16 00:00:00,4342.70947265625,-8.847731662894898,2.5720164609053464,-14.403294913769926,CLOSED,4790.0,44.89361702127659,19.89397625427473,23.070302156609475,22.554408184315463,13.991938,0.7679112,354.9614,31664414720.0,2025-08-06
2026-03-02,6125.T,,8,3,20,2026-03-03 00:00:00,4764.236317845395,2026-03-31 00:00:00,3770.0,-20.868744779122007,2.5720164609053464,-22.547922608742756,CLOSED,4790.0,44.89361702127659,19.89397625427473,23.070302156609475,22.554408184315463,13.991938,0.7679112,354.9614,31664414720.0,2025-08-06
2026-03-02,6125.T,,8,3,40,2026-03-03 00:00:00,4764.236317845395,2026-04-28 00:00:00,4175.0,-12.367907016666935,2.5720164609053464,-22.547922608742756,CLOSED,4790.0,44.89361702127659,19.89397625427473,23.070302156609475,22.554408184315463,13.991938,0.7679112,354.9614,31664414720.0,2025-08-06
2026-03-02,6125.T,,8,3,50,2026-03-03 00:00:00,4764.236317845395,2026-05-18 00:00:00,4790.0,0.5407725485426118,12.085120127185277,-22.547922608742756,CLOSED,4790.0,44.89361702127659,19.89397625427473,23.070302156609475,22.554408184315463,13.991938,0.7679112,354.9614,31664414720.0,2025-08-06
2026-03-02,6125.T,,8,3,60,2026-03-03 00:00:00,4764.236317845395,2026-06-01 00:00:00,5340.0,12.085120127185277,17.542448073452732,-22.547922608742756,CLOSED,4790.0,44.89361702127659,19.89397625427473,23.070302156609475,22.554408184315463,13.991938,0.7679112,354.9614,31664414720.0,2025-08-06
2026-03-02,7649.T,,8,0,5,2026-03-03 00:00:00,3570.0,2026-03-09 00:00:00,3517.0,-1.4845938375350087,0.8123249299719859,-4.509803921568622,CLOSED,3566.0,53.58359538544264,13.393974227138306,20.856008895223894,25.06593166203785,15.642409,2.3003988,2911.274575042725,645349507072.0,2026-04-09
2026-03-02,7649.T,,8,0,10,2026-03-03 00:00:00,3570.0,2026-03-16 00:00:00,3442.0,-3.585434173669466,0.8123249299719859,-5.882352941176472,CLOSED,3566.0,53.58359538544264,13.393974227138306,20.856008895223894,25.06593166203785,15.642409,2.3003988,2911.274575042725,645349507072.0,2026-04-09
2026-03-02,7649.T,,8,0,20,2026-03-03 00:00:00,3570.0,2026-03-31 00:00:00,3476.0,-2.633053221288517,3.165266106442588,-5.882352941176472,CLOSED,3566.0,53.58359538544264,13.393974227138306,20.856008895223894,25.06593166203785,15.642409,2.3003988,2911.274575042725,645349507072.0,2026-04-09
2026-03-02,7649.T,,8,0,40,2026-03-03 00:00:00,3570.0,2026-04-28 00:00:00,3245.0,-9.103641456582634,5.070028011204486,-11.540616246498603,CLOSED,3566.0,53.58359538544264,13.393974227138306,20.856008895223894,25.06593166203785,15.642409,2.3003988,2911.274575042725,645349507072.0,2026-04-09
2026-03-02,7649.T,,8,0,50,2026-03-03 00:00:00,3570.0,2026-05-18 00:00:00,3026.0,-15.238095238095239,5.070028011204486,-17.63305322128852,CLOSED,3566.0,53.58359538544264,13.393974227138306,20.856008895223894,25.06593166203785,15.642409,2.3003988,2911.274575042725,645349507072.0,2026-04-09
2026-03-02,7649.T,,8,0,60,2026-03-03 00:00:00,3570.0,2026-06-01 00:00:00,2759.5,-22.703081232492995,5.070028011204486,-24.57983193277311,CLOSED,3566.0,53.58359538544264,13.393974227138306,20.856008895223894,25.06593166203785,15.642409,2.3003988,2911.274575042725,645349507072.0,2026-04-09
2026-03-03,2492.T,,8,3,5,2026-03-04 00:00:00,394.32184446681185,2026-03-10 00:00:00,405.2201843261719,2.7638184422920764,5.5276384284767,-3.7688442211055273,CLOSED,400.0,50.69767441860465,22.679451155755675,26.528926183837232,27.268283476763127,47.058823,7.454481,1628.19435,90552664064.0,2026-04-30
2026-03-03,2492.T,,8,3,10,2026-03-04 00:00:00,394.32184446681185,2026-03-17 00:00:00,400.2663879394531,1.507535926821224,8.040201477869724,-3.7688442211055273,CLOSED,400.0,50.69767441860465,22.679451155755675,26.528926183837232,27.268283476763127,47.058823,7.454481,1628.19435,90552664064.0,2026-04-30
2026-03-03,2492.T,,8,3,20,2026-03-04 00:00:00,394.32184446681185,2026-04-01 00:00:00,474.5732727050781,20.351758180371537,20.351758180371537,-3.7688442211055273,CLOSED,400.0,50.69767441860465,22.679451155755675,26.528926183837232,27.268283476763127,47.058823,7.454481,1628.19435,90552664064.0,2026-04-30
2026-03-03,2492.T,,8,3,40,2026-03-04 00:00:00,394.32184446681185,2026-04-30 00:00:00,427.0168762207031,8.291458414661346,23.115582171263725,-3.7688442211055273,CLOSED,400.0,50.69767441860465,22.679451155755675,26.528926183837232,27.268283476763127,47.058823,7.454481,1628.19435,90552664064.0,2026-04-30
2026-03-03,2492.T,,8,3,50,2026-03-04 00:00:00,394.32184446681185,2026-05-19 00:00:00,396.3033752441406,0.5025161058495486,23.115582171263725,-3.7688442211055273,CLOSED,400.0,50.69767441860465,22.679451155755675,26.528926183837232,27.268283476763127,47.058823,7.454481,1628.19435,90552664064.0,2026-04-30
2026-03-03,2492.T,,8,3,60,2026-03-04 00:00:00,394.32184446681185,2026-06-02 00:00:00,384.4142761230469,-2.5125588355779938,23.115582171263725,-7.788941717737085,CLOSED,400.0,50.69767441860465,22.679451155755675,26.528926183837232,27.268283476763127,47.058823,7.454481,1628.19435,90552664064.0,2026-04-30
2026-03-04,2492.T,,8,3,5,2026-03-05 00:00:00,393.33109992980957,2026-03-11 00:00:00,410.1739807128906,4.282112649136227,8.312339224948273,-2.770785971436962,CLOSED,391.0,44.17475728155341,21.77508715203588,24.818753466617075,30.345282476966123,46.108494,7.286755,1634.47868,88515231744.0,2026-04-30
2026-03-04,2492.T,,8,3,10,2026-03-05 00:00:00,393.33109992980957,2026-03-18 00:00:00,400.2663879394531,1.7632188278224659,8.312339224948273,-2.770785971436962,CLOSED,391.0,44.17475728155341,21.77508715203588,24.818753466617075,30.345282476966123,46.108494,7.286755,1634.47868,88515231744.0,2026-04-30
2026-03-04,2492.T,,8,3,20,2026-03-05 00:00:00,393.33109992980957,2026-04-02 00:00:00,460.7026672363281,17.12846182733607,22.67002346217779,-2.770785971436962,CLOSED,391.0,44.17475728155341,21.77508715203588,24.818753466617075,30.345282476966123,46.108494,7.286755,1634.47868,88515231744.0,2026-04-30
2026-03-04,2492.T,,8,3,40,2026-03-05 00:00:00,393.33109992980957,2026-05-01 00:00:00,394.32183837890625,0.2518840867842487,23.42569263666501,-2.770785971436962,CLOSED,391.0,44.17475728155341,21.77508715203588,24.818753466617075,30.345282476966123,46.108494,7.286755,1634.47868,88515231744.0,2026-04-30
2026-03-04,2492.T,,8,3,50,2026-03-05 00:00:00,393.33109992980957,2026-05-20 00:00:00,383.42352294921875,-2.5188898061604736,23.42569263666501,-3.526451763721994,CLOSED,391.0,44.17475728155341,21.77508715203588,24.818753466617075,30.345282476966123,46.108494,7.286755,1634.47868,88515231744.0,2026-04-30
2026-03-04,2492.T,,8,3,60,2026-03-05 00:00:00,393.33109992980957,2026-06-03 00:00:00,381.4419860839844,-3.0226732256734445,23.42569263666501,-7.556675308443095,CLOSED,391.0,44.17475728155341,21.77508715203588,24.818753466617075,30.345282476966123,46.108494,7.286755,1634.47868,88515231744.0,2026-04-30
2026-03-05,2158.T,,8,1,5,2026-03-06 00:00:00,888.0,2026-03-12 00:00:00,848.0,-4.504504504504503,2.3648648648648685,-6.531531531531531,CLOSED,891.0,50.14577259475219,20.595719996524632,20.432010962389857,20.16717764057353,127.46781,9.457595,454.139165,34910720000.0,2026-05-14
2026-03-05,2158.T,,8,1,10,2026-03-06 00:00:00,888.0,2026-03-19 00:00:00,806.0,-9.23423423423423,2.3648648648648685,-9.909909909909908,CLOSED,891.0,50.14577259475219,20.595719996524632,20.432010962389857,20.16717764057353,127.46781,9.457595,454.139165,34910720000.0,2026-05-14
2026-03-05,2158.T,,8,1,20,2026-03-06 00:00:00,888.0,2026-04-03 00:00:00,833.0,-6.1936936936936915,2.3648648648648685,-14.18918918918919,CLOSED,891.0,50.14577259475219,20.595719996524632,20.432010962389857,20.16717764057353,127.46781,9.457595,454.139165,34910720000.0,2026-05-14
2026-03-05,2158.T,,8,1,40,2026-03-06 00:00:00,888.0,2026-05-07 00:00:00,800.0,-9.909909909909908,3.0405405405405483,-14.18918918918919,CLOSED,891.0,50.14577259475219,20.595719996524632,20.432010962389857,20.16717764057353,127.46781,9.457595,454.139165,34910720000.0,2026-05-14
2026-03-05,2158.T,,8,1,50,2026-03-06 00:00:00,888.0,2026-05-21 00:00:00,600.0,-32.432432432432435,3.0405405405405483,-35.13513513513513,CLOSED,891.0,50.14577259475219,20.595719996524632,20.432010962389857,20.16717764057353,127.46781,9.457595,454.139165,34910720000.0,2026-05-14
2026-03-05,2158.T,,8,1,60,2026-03-06 00:00:00,888.0,2026-06-04 00:00:00,573.0,-35.47297297297297,3.0405405405405483,-36.93693693693694,CLOSED,891.0,50.14577259475219,20.595719996524632,20.432010962389857,20.16717764057353,127.46781,9.457595,454.139165,34910720000.0,2026-05-14
2026-03-05,2201.T,,8,1,5,2026-03-06 00:00:00,2724.7387574298314,2026-03-12 00:00:00,2606.164306640625,-4.351773191682207,0.9247506799637373,-4.913876515105498,CLOSED,2779.5,53.95973154362416,31.94770851675645,29.586863467775803,23.14473582390636,13.840064,1.7378957,777.87072,233536061440.0,2026-05-11
2026-03-05,2201.T,,8,1,10,2026-03-06 00:00:00,2724.7387574298314,2026-03-19 00:00:00,2637.2900390625,-3.2094349643200015,0.9247506799637373,-4.932006272288236,CLOSED,2779.5,53.95973154362416,31.94770851675645,29.586863467775803,23.14473582390636,13.840064,1.7378957,777.87072,233536061440.0,2026-05-11
2026-03-05,2201.T,,8,1,20,2026-03-06 00:00:00,2724.7387574298314,2026-04-03 00:00:00,2803.0,2.8722475634321176,2.9823498619302446,-5.095196827528059,CLOSED,2779.5,53.95973154362416,31.94770851675645,29.586863467775803,23.14473582390636,13.840064,1.7378957,777.87072,233536061440.0,2026-05-11
2026-03-05,2201.T,,8,1,40,2026-03-06 00:00:00,2724.7387574298314,2026-05-07 00:00:00,2655.0,-2.5594658291429706,5.276147747308246,-5.095196827528059,CLOSED,2779.5,53.95973154362416,31.94770851675645,29.586863467775803,23.14473582390636,13.840064,1.7378957,777.87072,233536061440.0,2026-05-11
2026-03-05,2201.T,,8,1,50,2026-03-06 00:00:00,2724.7387574298314,2026-05-21 00:00:00,2559.0,-6.082739381083568,5.276147747308246,-11.165795495081188,CLOSED,2779.5,53.95973154362416,31.94770851675645,29.586863467775803,23.14473582390636,13.840064,1.7378957,777.87072,233536061440.0,2026-05-11
2026-03-05,2201.T,,8,1,60,2026-03-06 00:00:00,2724.7387574298314,2026-06-04 00:00:00,2437.5,-10.541882470258379,5.276147747308246,-11.165795495081188,CLOSED,2779.5,53.95973154362416,31.94770851675645,29.586863467775803,23.14473582390636,13.840064,1.7378957,777.87072,233536061440.0,2026-05-11
2026-03-18,4666.T,,8,1,5,2026-03-19 00:00:00,2013.5,2026-03-26 00:00:00,2008.0,-0.2731561956791695,3.575862925254536,-6.878569654829903,CLOSED,2090.5,43.56940509915015,25.18805358951368,37.00898285768389,31.074152000425126,24.496134,5.02262,2403.8818825,356777000960.0,2026-02-27
2026-03-18,4666.T,,8,1,10,2026-03-19 00:00:00,2013.5,2026-04-02 00:00:00,1935.0,-3.8986838837844595,3.575862925254536,-6.878569654829903,CLOSED,2090.5,43.56940509915015,25.18805358951368,37.00898285768389,31.074152000425126,24.496134,5.02262,2403.8818825,356777000960.0,2026-02-27
2026-03-18,4666.T,,8,1,20,2026-03-19 00:00:00,2013.5,2026-04-16 00:00:00,1970.0,-2.1604171840079456,3.575862925254536,-6.878569654829903,CLOSED,2090.5,43.56940509915015,25.18805358951368,37.00898285768389,31.074152000425126,24.496134,5.02262,2403.8818825,356777000960.0,2026-02-27
2026-03-18,4666.T,,8,1,40,2026-03-19 00:00:00,2013.5,2026-05-20 00:00:00,1750.0,-13.08666501117457,3.575862925254536,-13.930965979637444,CLOSED,2090.5,43.56940509915015,25.18805358951368,37.00898285768389,31.074152000425126,24.496134,5.02262,2403.8818825,356777000960.0,2026-02-27
2026-03-18,4666.T,,8,1,50,2026-03-19 00:00:00,2013.5,2026-06-03 00:00:00,1827.0,-9.262478271666252,3.575862925254536,-13.930965979637444,CLOSED,2090.5,43.56940509915015,25.18805358951368,37.00898285768389,31.074152000425126,24.496134,5.02262,2403.8818825,356777000960.0,2026-02-27
2026-03-18,4666.T,,8,1,60,2026-03-19 00:00:00,2013.5,2026-06-17 00:00:00,2118.0,5.189967717904143,10.181276384405269,-13.930965979637444,CLOSED,2090.5,43.56940509915015,25.18805358951368,37.00898285768389,31.074152000425126,24.496134,5.02262,2403.8818825,356777000960.0,2026-02-27
2026-03-18,8613.T,,8,1,5,2026-03-19 00:00:00,1031.82155981996,2026-03-26 00:00:00,1027.0,-0.46728620603753157,1.3084147912256539,-3.084108152343812,CLOSED,1079.0,48.064516129032256,24.84810503799008,31.13991298000272,29.294575419296446,15.685419,1.4485321,423.97472,71487938560.0,2025-07-28
2026-03-18,8613.T,,8,1,10,2026-03-19 00:00:00,1031.82155981996,2026-04-02 00:00:00,1034.0,0.21112566987069314,2.149445315322729,-4.925421390577234,CLOSED,1079.0,48.064516129032256,24.84810503799008,31.13991298000272,29.294575419296446,15.685419,1.4485321,423.97472,71487938560.0,2025-07-28
2026-03-18,8613.T,,8,1,20,2026-03-19 00:00:00,1031.82155981996,2026-04-16 00:00:00,1085.0,5.15384076577341,6.413748535317221,-4.925421390577234,CLOSED,1079.0,48.064516129032256,24.84810503799008,31.13991298000272,29.294575419296446,15.685419,1.4485321,423.97472,71487938560.0,2025-07-28
2026-03-18,8613.T,,8,1,40,2026-03-19 00:00:00,1031.82155981996,2026-05-20 00:00:00,1033.0,0.11420968759807693,6.413748535317221,-4.925421390577234,CLOSED,1079.0,48.064516129032256,24.84810503799008,31.13991298000272,29.294575419296446,15.685419,1.4485321,423.97472,71487938560.0,2025-07-28
2026-03-18,8613.T,,8,1,50,2026-03-19 00:00:00,1031.82155981996,2026-06-03 00:00:00,1048.0,1.5679494216871204,6.413748535317221,-4.925421390577234,CLOSED,1079.0,48.064516129032256,24.84810503799008,31.13991298000272,29.294575419296446,15.685419,1.4485321,423.97472,71487938560.0,2025-07-28
2026-03-18,8613.T,,8,1,60,2026-03-19 00:00:00,1031.82155981996,2026-06-17 00:00:00,1056.0,2.343277279867939,6.413748535317221,-4.925421390577234,CLOSED,1079.0,48.064516129032256,24.84810503799008,31.13991298000272,29.294575419296446,15.685419,1.4485321,423.97472,71487938560.0,2025-07-28
2026-03-19,2288.T,,8,0,5,2026-03-23 00:00:00,2196.865129509228,2026-03-27 00:00:00,2257.0,2.7373037007604406,3.620309080966777,-1.9867549668874052,CLOSED,2278.0,38.51851851851852,29.53920181019183,25.23158481870978,20.72946621678097,12.61002,0.74809736,536.099755,55765708800.0,2025-08-05
2026-03-19,2288.T,,8,0,10,2026-03-23 00:00:00,2196.865129509228,2026-04-03 00:00:00,2392.0,8.882423771474969,9.018981995268627,-1.9867549668874052,CLOSED,2278.0,38.51851851851852,29.53920181019183,25.23158481870978,20.72946621678097,12.61002,0.74809736,536.099755,55765708800.0,2025-08-05
2026-03-19,2288.T,,8,0,20,2026-03-23 00:00:00,2196.865129509228,2026-04-17 00:00:00,2294.0,4.421521794215533,12.797092853559766,-1.9867549668874052,CLOSED,2278.0,38.51851851851852,29.53920181019183,25.23158481870978,20.72946621678097,12.61002,0.74809736,536.099755,55765708800.0,2025-08-05
2026-03-19,2288.T,,8,0,40,2026-03-23 00:00:00,2196.865129509228,2026-05-21 00:00:00,2241.0,2.00899317386094,12.797092853559766,-1.9867549668874052,CLOSED,2278.0,38.51851851851852,29.53920181019183,25.23158481870978,20.72946621678097,12.61002,0.74809736,536.099755,55765708800.0,2025-08-05
2026-03-19,2288.T,,8,0,50,2026-03-23 00:00:00,2196.865129509228,2026-06-04 00:00:00,2151.0,-2.0877535399487335,12.797092853559766,-2.1787923558111655,CLOSED,2278.0,38.51851851851852,29.53920181019183,25.23158481870978,20.72946621678097,12.61002,0.74809736,536.099755,55765708800.0,2025-08-05
2026-03-19,2288.T,,8,0,60,2026-03-23 00:00:00,2196.865129509228,2026-06-18 00:00:00,2199.0,0.09717804074975689,12.797092853559766,-2.1787923558111655,CLOSED,2278.0,38.51851851851852,29.53920181019183,25.23158481870978,20.72946621678097,12.61002,0.74809736,536.099755,55765708800.0,2025-08-05
2026-03-19,8613.T,,8,2,5,2026-03-23 00:00:00,1022.1784098307292,2026-03-27 00:00:00,1027.0,0.4716975160989012,2.26415033563494,-2.169811320754722,CLOSED,1064.0,40.93959731543624,23.29134404358928,29.443939915117724,27.69910497304716,15.480866,1.4283949,453.44578,70494126080.0,2025-07-28
2026-03-19,8613.T,,8,2,10,2026-03-23 00:00:00,1022.1784098307292,2026-04-03 00:00:00,1047.0,2.428303115243957,3.308775634859251,-4.028495361934736,CLOSED,1064.0,40.93959731543624,23.29134404358928,29.443939915117724,27.69910497304716,15.480866,1.4283949,453.44578,70494126080.0,2025-07-28
2026-03-19,8613.T,,8,2,20,2026-03-23 00:00:00,1022.1784098307292,2026-04-17 00:00:00,1077.0,5.363211513961552,7.417647393063875,-4.028495361934736,CLOSED,1064.0,40.93959731543624,23.29134404358928,29.443939915117724,27.69910497304716,15.480866,1.4283949,453.44578,70494126080.0,2025-07-28
2026-03-19,8613.T,,8,2,40,2026-03-23 00:00:00,1022.1784098307292,2026-05-21 00:00:00,1039.0,1.6456608755859525,7.417647393063875,-4.028495361934736,CLOSED,1064.0,40.93959731543624,23.29134404358928,29.443939915117724,27.69910497304716,15.480866,1.4283949,453.44578,70494126080.0,2025-07-28
2026-03-19,8613.T,,8,2,50,2026-03-23 00:00:00,1022.1784098307292,2026-06-04 00:00:00,1044.0,2.1348122753722,7.417647393063875,-4.028495361934736,CLOSED,1064.0,40.93959731543624,23.29134404358928,29.443939915117724,27.69910497304716,15.480866,1.4283949,453.44578,70494126080.0,2025-07-28
2026-03-19,8613.T,,8,2,60,2026-03-23 00:00:00,1022.1784098307292,2026-06-18 00:00:00,1054.0,3.113115074944739,7.417647393063875,-4.028495361934736,CLOSED,1064.0,40.93959731543624,23.29134404358928,29.443939915117724,27.69910497304716,15.480866,1.4283949,453.44578,70494126080.0,2025-07-28
2026-03-20,2288.T,,8,0,5,2026-03-23 00:00:00,2196.865129509228,2026-03-27 00:00:00,2257.0,2.7373037007604406,3.620309080966777,-1.9867549668874052,CLOSED,2278.0,38.51851851851852,29.53920181019183,25.23158481870978,20.72946621678097,12.61002,0.74809736,536.099755,55765430272.0,2025-08-05
2026-03-20,2288.T,,8,0,10,2026-03-23 00:00:00,2196.865129509228,2026-04-03 00:00:00,2392.0,8.882423771474969,9.018981995268627,-1.9867549668874052,CLOSED,2278.0,38.51851851851852,29.53920181019183,25.23158481870978,20.72946621678097,12.61002,0.74809736,536.099755,55765430272.0,2025-08-05
2026-03-20,2288.T,,8,0,20,2026-03-23 00:00:00,2196.865129509228,2026-04-17 00:00:00,2294.0,4.421521794215533,12.797092853559766,-1.9867549668874052,CLOSED,2278.0,38.51851851851852,29.53920181019183,25.23158481870978,20.72946621678097,12.61002,0.74809736,536.099755,55765430272.0,2025-08-05
2026-03-20,2288.T,,8,0,40,2026-03-23 00:00:00,2196.865129509228,2026-05-21 00:00:00,2241.0,2.00899317386094,12.797092853559766,-1.9867549668874052,CLOSED,2278.0,38.51851851851852,29.53920181019183,25.23158481870978,20.72946621678097,12.61002,0.74809736,536.099755,55765430272.0,2025-08-05
2026-03-20,2288.T,,8,0,50,2026-03-23 00:00:00,2196.865129509228,2026-06-04 00:00:00,2151.0,-2.0877535399487335,12.797092853559766,-2.1787923558111655,CLOSED,2278.0,38.51851851851852,29.53920181019183,25.23158481870978,20.72946621678097,12.61002,0.74809736,536.099755,55765430272.0,2025-08-05
2026-03-20,2288.T,,8,0,60,2026-03-23 00:00:00,2196.865129509228,2026-06-18 00:00:00,2199.0,0.09717804074975689,12.797092853559766,-2.1787923558111655,CLOSED,2278.0,38.51851851851852,29.53920181019183,25.23158481870978,20.72946621678097,12.61002,0.74809736,536.099755,55765430272.0,2025-08-05
2026-03-20,8613.T,,8,2,5,2026-03-23 00:00:00,1022.1784098307292,2026-03-27 00:00:00,1027.0,0.4716975160989012,2.26415033563494,-2.169811320754722,CLOSED,1064.0,40.93959731543624,23.29134404358928,29.443939915117724,27.69910497304716,15.480866,1.4283949,453.44578,70494126080.0,2025-07-28
2026-03-20,8613.T,,8,2,10,2026-03-23 00:00:00,1022.1784098307292,2026-04-03 00:00:00,1047.0,2.428303115243957,3.308775634859251,-4.028495361934736,CLOSED,1064.0,40.93959731543624,23.29134404358928,29.443939915117724,27.69910497304716,15.480866,1.4283949,453.44578,70494126080.0,2025-07-28
2026-03-20,8613.T,,8,2,20,2026-03-23 00:00:00,1022.1784098307292,2026-04-17 00:00:00,1077.0,5.363211513961552,7.417647393063875,-4.028495361934736,CLOSED,1064.0,40.93959731543624,23.29134404358928,29.443939915117724,27.69910497304716,15.480866,1.4283949,453.44578,70494126080.0,2025-07-28
2026-03-20,8613.T,,8,2,40,2026-03-23 00:00:00,1022.1784098307292,2026-05-21 00:00:00,1039.0,1.6456608755859525,7.417647393063875,-4.028495361934736,CLOSED,1064.0,40.93959731543624,23.29134404358928,29.443939915117724,27.69910497304716,15.480866,1.4283949,453.44578,70494126080.0,2025-07-28
2026-03-20,8613.T,,8,2,50,2026-03-23 00:00:00,1022.1784098307292,2026-06-04 00:00:00,1044.0,2.1348122753722,7.417647393063875,-4.028495361934736,CLOSED,1064.0,40.93959731543624,23.29134404358928,29.443939915117724,27.69910497304716,15.480866,1.4283949,453.44578,70494126080.0,2025-07-28
2026-03-20,8613.T,,8,2,60,2026-03-23 00:00:00,1022.1784098307292,2026-06-18 00:00:00,1054.0,3.113115074944739,7.417647393063875,-4.028495361934736,CLOSED,1064.0,40.93959731543624,23.29134404358928,29.443939915117724,27.69910497304716,15.480866,1.4283949,453.44578,70494126080.0,2025-07-28
2026-03-23,6523.T,,8,0,5,2026-03-24 00:00:00,1054.1111242345862,2026-03-30 00:00:00,1106.0,4.922524255029703,6.4245796806216005,-0.8379888268156499,CLOSED,1058.0,47.63513513513514,22.65626598640044,32.79166308532714,29.603242222613986,23.150984,0.8402907,256.345785,133847425024.0,2026-05-13
2026-03-23,6523.T,,8,0,10,2026-03-24 00:00:00,1054.1111242345862,2026-04-06 00:00:00,1119.0,6.155790814989359,7.199324058032164,-0.8379888268156499,CLOSED,1058.0,47.63513513513514,22.65626598640044,32.79166308532714,29.603242222613986,23.150984,0.8402907,256.345785,133847425024.0,2026-05-13
2026-03-23,6523.T,,8,0,20,2026-03-24 00:00:00,1054.1111242345862,2026-04-20 00:00:00,1051.0,-0.2951419601842531,7.6736573503243255,-0.9592085693932995,CLOSED,1058.0,47.63513513513514,22.65626598640044,32.79166308532714,29.603242222613986,23.150984,0.8402907,256.345785,133847425024.0,2026-05-13
2026-03-23,6523.T,,8,0,40,2026-03-24 00:00:00,1054.1111242345862,2026-05-22 00:00:00,1071.0,1.6021912089844603,7.6736573503243255,-10.445874415236855,CLOSED,1058.0,47.63513513513514,22.65626598640044,32.79166308532714,29.603242222613986,23.150984,0.8402907,256.345785,133847425024.0,2026-05-13
2026-03-23,6523.T,,8,0,50,2026-03-24 00:00:00,1054.1111242345862,2026-06-05 00:00:00,1090.0,3.404657719694737,7.6736573503243255,-10.445874415236855,CLOSED,1058.0,47.63513513513514,22.65626598640044,32.79166308532714,29.603242222613986,23.150984,0.8402907,256.345785,133847425024.0,2026-05-13
2026-03-23,6523.T,,8,0,60,2026-03-24 00:00:00,1054.1111242345862,2026-06-19 00:00:00,1043.0,-1.0540752278517362,7.6736573503243255,-10.445874415236855,CLOSED,1058.0,47.63513513513514,22.65626598640044,32.79166308532714,29.603242222613986,23.150984,0.8402907,256.345785,133847425024.0,2026-05-13
2026-03-24,4666.T,,8,2,5,2026-03-25 00:00:00,2058.0,2026-03-31 00:00:00,1887.5,-8.28474246841594,1.3362487852283778,-8.527696793002914,CLOSED,2021.5,51.99781061850027,21.073776819452345,34.85059218356779,32.71620144906871,23.726526,4.8568416,2840.70419,345001066496.0,2026-02-27
2026-03-24,4666.T,,8,2,10,2026-03-25 00:00:00,2058.0,2026-04-07 00:00:00,1945.0,-5.490767735665692,1.3362487852283778,-8.527696793002914,CLOSED,2021.5,51.99781061850027,21.073776819452345,34.85059218356779,32.71620144906871,23.726526,4.8568416,2840.70419,345001066496.0,2026-02-27
2026-03-24,4666.T,,8,2,20,2026-03-25 00:00:00,2058.0,2026-04-21 00:00:00,1987.0,-3.449951409135088,1.3362487852283778,-8.527696793002914,CLOSED,2021.5,51.99781061850027,21.073776819452345,34.85059218356779,32.71620144906871,23.726526,4.8568416,2840.70419,345001066496.0,2026-02-27
2026-03-24,4666.T,,8,2,40,2026-03-25 00:00:00,2058.0,2026-05-25 00:00:00,1849.0,-10.155490767735664,1.3362487852283778,-15.792031098153547,CLOSED,2021.5,51.99781061850027,21.073776819452345,34.85059218356779,32.71620144906871,23.726526,4.8568416,2840.70419,345001066496.0,2026-02-27
2026-03-24,4666.T,,8,2,50,2026-03-25 00:00:00,2058.0,2026-06-08 00:00:00,1798.0,-12.633624878522841,1.3362487852283778,-15.792031098153547,CLOSED,2021.5,51.99781061850027,21.073776819452345,34.85059218356779,32.71620144906871,23.726526,4.8568416,2840.70419,345001066496.0,2026-02-27
2026-03-24,4666.T,,8,2,60,2026-03-25 00:00:00,2058.0,2026-06-22 00:00:00,2030.0,-1.3605442176870763,7.798833819241979,-15.792031098153547,CLOSED,2021.5,51.99781061850027,21.073776819452345,34.85059218356779,32.71620144906871,23.726526,4.8568416,2840.70419,345001066496.0,2026-02-27
2026-03-24,8613.T,,8,1,5,2026-03-25 00:00:00,1037.607507721657,2026-03-31 00:00:00,999.0,-3.7208200050932505,0.743494813658585,-5.455580005001481,CLOSED,1066.0,50.0,20.69968323219918,30.11470837855542,29.58023141223432,15.498692,1.4310799,513.268045,70626639872.0,2025-07-28
2026-03-24,8613.T,,8,1,10,2026-03-25 00:00:00,1037.607507721657,2026-04-07 00:00:00,1066.0,2.7363422167873797,3.0254688834387533,-5.455580005001481,CLOSED,1066.0,50.0,20.69968323219918,30.11470837855542,29.58023141223432,15.498692,1.4310799,513.268045,70626639872.0,2025-07-28
2026-03-24,8613.T,,8,1,20,2026-03-25 00:00:00,1037.607507721657,2026-04-21 00:00:00,1048.0,1.00158221687916,5.820359994402002,-5.455580005001481,CLOSED,1066.0,50.0,20.69968323219918,30.11470837855542,29.58023141223432,15.498692,1.4310799,513.268045,70626639872.0,2025-07-28
2026-03-24,8613.T,,8,1,40,2026-03-25 00:00:00,1037.607507721657,2026-05-25 00:00:00,1058.0,1.965337772383724,5.820359994402002,-5.455580005001481,CLOSED,1066.0,50.0,20.69968323219918,30.11470837855542,29.58023141223432,15.498692,1.4310799,513.268045,70626639872.0,2025-07-28
2026-03-24,8613.T,,8,1,50,2026-03-25 00:00:00,1037.607507721657,2026-06-08 00:00:00,1041.0,0.32695332802594734,5.820359994402002,-5.455580005001481,CLOSED,1066.0,50.0,20.69968323219918,30.11470837855542,29.58023141223432,15.498692,1.4310799,513.268045,70626639872.0,2025-07-28
2026-03-24,8613.T,,8,1,60,2026-03-25 00:00:00,1037.607507721657,2026-06-22 00:00:00,1050.0,1.1943333279800683,5.820359994402002,-5.455580005001481,CLOSED,1066.0,50.0,20.69968323219918,30.11470837855542,29.58023141223432,15.498692,1.4310799,513.268045,70626639872.0,2025-07-28
2026-03-24,9003.T,,8,0,5,2026-03-25 00:00:00,2873.3666931694693,2026-03-31 00:00:00,2927.0,1.8665667336517533,3.2586619401246075,-0.7038626609441989,CLOSED,2865.5,46.75496688741722,23.17704228574488,26.28639787326046,24.375283257675893,13.911545,1.4283706,850.5000575,275001081856.0,2026-04-28
2026-03-24,9003.T,,8,0,10,2026-03-25 00:00:00,2873.3666931694693,2026-04-07 00:00:00,3126.0,8.792240385854244,9.801509410547071,-0.7038626609441989,CLOSED,2865.5,46.75496688741722,23.17704228574488,26.28639787326046,24.375283257675893,13.911545,1.4283706,850.5000575,275001081856.0,2026-04-28
2026-03-24,9003.T,,8,0,20,2026-03-25 00:00:00,2873.3666931694693,2026-04-21 00:00:00,2868.0,-0.18677369589572557,10.219137972488923,-0.9872284396176156,CLOSED,2865.5,46.75496688741722,23.17704228574488,26.28639787326046,24.375283257675893,13.911545,1.4283706,850.5000575,275001081856.0,2026-04-28
2026-03-24,9003.T,,8,0,40,2026-03-25 00:00:00,2873.3666931694693,2026-05-25 00:00:00,2539.0,-11.636756769135015,10.219137972488923,-12.837438884717866,CLOSED,2865.5,46.75496688741722,23.17704228574488,26.28639787326046,24.375283257675893,13.911545,1.4283706,850.5000575,275001081856.0,2026-04-28
2026-03-24,9003.T,,8,0,50,2026-03-25 00:00:00,2873.3666931694693,2026-06-08 00:00:00,2395.5,-16.630898322356412,10.219137972488923,-19.15407088408848,CLOSED,2865.5,46.75496688741722,23.17704228574488,26.28639787326046,24.375283257675893,13.911545,1.4283706,850.5000575,275001081856.0,2026-04-28
2026-03-24,9003.T,,8,0,60,2026-03-25 00:00:00,2873.3666931694693,2026-06-22 00:00:00,2409.5,-16.143665000090913,10.219137972488923,-19.15407088408848,CLOSED,2865.5,46.75496688741722,23.17704228574488,26.28639787326046,24.375283257675893,13.911545,1.4283706,850.5000575,275001081856.0,2026-04-28
2026-03-25,4666.T,,8,2,5,2026-03-26 00:00:00,2027.0,2026-04-01 00:00:00,1942.0,-4.1933892451899375,0.4193389245189971,-7.128761716822895,CLOSED,2055.5,53.9480657127716,20.298784681923934,38.01187142684677,30.96024069506228,24.09448,4.9385295,2965.4983375,350803689472.0,2026-02-27
2026-03-25,4666.T,,8,2,10,2026-03-26 00:00:00,2027.0,2026-04-08 00:00:00,2018.5,-0.4193389245189971,0.4193389245189971,-7.128761716822895,CLOSED,2055.5,53.9480657127716,20.298784681923934,38.01187142684677,30.96024069506228,24.09448,4.9385295,2965.4983375,350803689472.0,2026-02-27
2026-03-25,4666.T,,8,2,20,2026-03-26 00:00:00,2027.0,2026-04-22 00:00:00,1974.0,-2.6147015293537246,0.4193389245189971,-7.128761716822895,CLOSED,2055.5,53.9480657127716,20.298784681923934,38.01187142684677,30.96024069506228,24.09448,4.9385295,2965.4983375,350803689472.0,2026-02-27
2026-03-25,4666.T,,8,2,40,2026-03-26 00:00:00,2027.0,2026-05-26 00:00:00,1815.5,-10.434139121854958,0.4193389245189971,-14.50419338924519,CLOSED,2055.5,53.9480657127716,20.298784681923934,38.01187142684677,30.96024069506228,24.09448,4.9385295,2965.4983375,350803689472.0,2026-02-27
2026-03-25,4666.T,,8,2,50,2026-03-26 00:00:00,2027.0,2026-06-09 00:00:00,1825.0,-9.965466206216078,0.4193389245189971,-14.50419338924519,CLOSED,2055.5,53.9480657127716,20.298784681923934,38.01187142684677,30.96024069506228,24.09448,4.9385295,2965.4983375,350803689472.0,2026-02-27
2026-03-25,4666.T,,8,2,60,2026-03-26 00:00:00,2027.0,2026-06-23 00:00:00,1992.0,-1.7266896891958594,9.447459299457318,-14.50419338924519,CLOSED,2055.5,53.9480657127716,20.298784681923934,38.01187142684677,30.96024069506228,24.09448,4.9385295,2965.4983375,350803689472.0,2026-02-27
2026-03-25,5352.T,,8,1,5,,,,,,,,PRICE_DOWNLOAD_FAILED,4185.0,50.0,60.757710636334295,68.98148951476477,4.372772087910749,7.369255,1.3203462,696.58165,140933758976.0,2025-07-29
2026-03-25,5352.T,,8,1,10,,,,,,,,PRICE_DOWNLOAD_FAILED,4185.0,50.0,60.757710636334295,68.98148951476477,4.372772087910749,7.369255,1.3203462,696.58165,140933758976.0,2025-07-29
2026-03-25,5352.T,,8,1,20,,,,,,,,PRICE_DOWNLOAD_FAILED,4185.0,50.0,60.757710636334295,68.98148951476477,4.372772087910749,7.369255,1.3203462,696.58165,140933758976.0,2025-07-29
2026-03-25,5352.T,,8,1,40,,,,,,,,PRICE_DOWNLOAD_FAILED,4185.0,50.0,60.757710636334295,68.98148951476477,4.372772087910749,7.369255,1.3203462,696.58165,140933758976.0,2025-07-29
2026-03-25,5352.T,,8,1,50,,,,,,,,PRICE_DOWNLOAD_FAILED,4185.0,50.0,60.757710636334295,68.98148951476477,4.372772087910749,7.369255,1.3203462,696.58165,140933758976.0,2025-07-29
2026-03-25,5352.T,,8,1,60,,,,,,,,PRICE_DOWNLOAD_FAILED,4185.0,50.0,60.757710636334295,68.98148951476477,4.372772087910749,7.369255,1.3203462,696.58165,140933758976.0,2025-07-29
2026-03-27,2292.T,,8,0,5,2026-03-30 00:00:00,2965.0,2026-04-03 00:00:00,3055.0,3.0354131534569895,4.384485666104543,-1.0455311973018522,CLOSED,3035.0,50.42589437819421,22.383686616872705,28.92492380926412,28.25324861028715,17.155615,0.7670847,241.919445,96129417216.0,2025-07-10
2026-03-27,2292.T,,8,0,10,2026-03-30 00:00:00,2965.0,2026-04-10 00:00:00,3045.0,2.6981450252951067,6.408094435075884,-1.0455311973018522,CLOSED,3035.0,50.42589437819421,22.383686616872705,28.92492380926412,28.25324861028715,17.155615,0.7670847,241.919445,96129417216.0,2025-07-10
2026-03-27,2292.T,,8,0,20,2026-03-30 00:00:00,2965.0,2026-04-24 00:00:00,2862.0,-3.4738617200674504,6.408094435075884,-4.182124789207419,CLOSED,3035.0,50.42589437819421,22.383686616872705,28.92492380926412,28.25324861028715,17.155615,0.7670847,241.919445,96129417216.0,2025-07-10
2026-03-27,2292.T,,8,0,40,2026-03-30 00:00:00,2965.0,2026-05-28 00:00:00,2724.0,-8.128161888701513,6.408094435075884,-9.005059021922424,CLOSED,3035.0,50.42589437819421,22.383686616872705,28.92492380926412,28.25324861028715,17.155615,0.7670847,241.919445,96129417216.0,2025-07-10
2026-03-27,2292.T,,8,0,50,2026-03-30 00:00:00,2965.0,2026-06-11 00:00:00,2630.0,-11.298482293423273,6.408094435075884,-13.794266441821247,CLOSED,3035.0,50.42589437819421,22.383686616872705,28.92492380926412,28.25324861028715,17.155615,0.7670847,241.919445,96129417216.0,2025-07-10
2026-03-27,2292.T,,8,0,60,2026-03-30 00:00:00,2965.0,2026-06-25 00:00:00,2635.0,-11.129848229342333,6.408094435075884,-13.794266441821247,CLOSED,3035.0,50.42589437819421,22.383686616872705,28.92492380926412,28.25324861028715,17.155615,0.7670847,241.919445,96129417216.0,2025-07-10
2026-03-27,6282.T,,8,0,5,2026-03-30 00:00:00,2377.0,2026-04-03 00:00:00,2458.0,3.407656710138829,4.417332772402194,-0.9255363904080771,CLOSED,2497.0,50.10706638115632,24.22546240694654,33.6092577599948,29.308476956812367,12.652647,0.93654597,472.96931,72723415040.0,2025-08-05
2026-03-27,6282.T,,8,0,10,2026-03-30 00:00:00,2377.0,2026-04-10 00:00:00,2695.0,13.378207824989484,14.556163230963403,-0.9255363904080771,CLOSED,2497.0,50.10706638115632,24.22546240694654,33.6092577599948,29.308476956812367,12.652647,0.93654597,472.96931,72723415040.0,2025-08-05
2026-03-27,6282.T,,8,0,20,2026-03-30 00:00:00,2377.0,2026-04-24 00:00:00,2517.0,5.889777029869592,14.556163230963403,-0.9255363904080771,CLOSED,2497.0,50.10706638115632,24.22546240694654,33.6092577599948,29.308476956812367,12.652647,0.93654597,472.96931,72723415040.0,2025-08-05
2026-03-27,6282.T,,8,0,40,2026-03-30 00:00:00,2377.0,2026-05-28 00:00:00,2562.0,7.782919646613373,20.488010096760622,-0.9255363904080771,CLOSED,2497.0,50.10706638115632,24.22546240694654,33.6092577599948,29.308476956812367,12.652647,0.93654597,472.96931,72723415040.0,2025-08-05
2026-03-27,6282.T,,8,0,50,2026-03-30 00:00:00,2377.0,2026-06-11 00:00:00,2672.0,12.41060159865377,20.488010096760622,-0.9255363904080771,CLOSED,2497.0,50.10706638115632,24.22546240694654,33.6092577599948,29.308476956812367,12.652647,0.93654597,472.96931,72723415040.0,2025-08-05
2026-03-27,6282.T,,8,0,60,2026-03-30 00:00:00,2377.0,2026-06-25 00:00:00,2783.0,17.080353386621795,20.488010096760622,-0.9255363904080771,CLOSED,2497.0,50.10706638115632,24.22546240694654,33.6092577599948,29.308476956812367,12.652647,0.93654597,472.96931,72723415040.0,2025-08-05
2026-03-31,9533.T,,8,0,5,2026-04-01 00:00:00,1286.0,2026-04-07 00:00:00,1292.0,0.4665629860031162,2.488335925349916,-0.8553654743390315,CLOSED,1259.0,49.57426639625727,22.74657357185045,28.210400641486245,26.07919238679834,17.425606,1.0082777,1359.4676875,461130170368.0,2026-04-30
2026-03-31,9533.T,,8,0,10,2026-04-01 00:00:00,1286.0,2026-04-14 00:00:00,1310.5,1.9051321928460263,6.143079315707611,-0.8553654743390315,CLOSED,1259.0,49.57426639625727,22.74657357185045,28.210400641486245,26.07919238679834,17.425606,1.0082777,1359.4676875,461130170368.0,2026-04-30
2026-03-31,9533.T,,8,0,20,2026-04-01 00:00:00,1286.0,2026-04-28 00:00:00,1263.0,-1.7884914463452528,6.143079315707611,-4.548989113530322,CLOSED,1259.0,49.57426639625727,22.74657357185045,28.210400641486245,26.07919238679834,17.425606,1.0082777,1359.4676875,461130170368.0,2026-04-30
2026-03-31,9533.T,,8,0,40,2026-04-01 00:00:00,1286.0,2026-06-01 00:00:00,1210.0,-5.909797822706064,6.143079315707611,-9.525660964230177,CLOSED,1259.0,49.57426639625727,22.74657357185045,28.210400641486245,26.07919238679834,17.425606,1.0082777,1359.4676875,461130170368.0,2026-04-30
2026-03-31,9533.T,,8,0,50,2026-04-01 00:00:00,1286.0,2026-06-15 00:00:00,1261.0,-1.9440124416796323,6.143079315707611,-9.525660964230177,CLOSED,1259.0,49.57426639625727,22.74657357185045,28.210400641486245,26.07919238679834,17.425606,1.0082777,1359.4676875,461130170368.0,2026-04-30
2026-03-31,9533.T,,8,0,60,2026-04-01 00:00:00,1286.0,2026-06-29 00:00:00,1221.5,-5.015552099533438,6.143079315707611,-9.525660964230177,CLOSED,1259.0,49.57426639625727,22.74657357185045,28.210400641486245,26.07919238679834,17.425606,1.0082777,1359.4676875,461130170368.0,2026-04-30
2026-04-02,3612.T,,8,0,5,2026-04-03 00:00:00,1547.0,2026-04-09 00:00:00,1625.0,5.042016806722693,8.661926308985123,-0.9049773755656076,CLOSED,1547.0,44.54022988505747,20.71739667921863,34.22501421139609,27.18052465503952,8.79427,1.2186333,534.761785,117901500416.0,2025-07-01
2026-04-02,3612.T,,8,0,10,2026-04-03 00:00:00,1547.0,2026-04-16 00:00:00,1568.0,1.3574660633484115,8.661926308985123,-1.616031027795739,CLOSED,1547.0,44.54022988505747,20.71739667921863,34.22501421139609,27.18052465503952,8.79427,1.2186333,534.761785,117901500416.0,2025-07-01
2026-04-02,3612.T,,8,0,20,2026-04-03 00:00:00,1547.0,2026-05-01 00:00:00,1505.0,-2.714932126696834,8.661926308985123,-3.4259857789269543,CLOSED,1547.0,44.54022988505747,20.71739667921863,34.22501421139609,27.18052465503952,8.79427,1.2186333,534.761785,117901500416.0,2025-07-01
2026-04-02,3612.T,,8,0,40,2026-04-03 00:00:00,1547.0,2026-06-03 00:00:00,1468.0,-5.1066580478345225,8.661926308985123,-7.3044602456367125,CLOSED,1547.0,44.54022988505747,20.71739667921863,34.22501421139609,27.18052465503952,8.79427,1.2186333,534.761785,117901500416.0,2025-07-01
2026-04-02,3612.T,,8,0,50,2026-04-03 00:00:00,1547.0,2026-06-17 00:00:00,1509.0,-2.4563671622495176,8.661926308985123,-7.3044602456367125,CLOSED,1547.0,44.54022988505747,20.71739667921863,34.22501421139609,27.18052465503952,8.79427,1.2186333,534.761785,117901500416.0,2025-07-01
2026-04-02,3612.T,,8,0,60,2026-04-03 00:00:00,1547.0,2026-07-01 00:00:00,1568.0,1.3574660633484115,8.661926308985123,-7.3044602456367125,CLOSED,1547.0,44.54022988505747,20.71739667921863,34.22501421139609,27.18052465503952,8.79427,1.2186333,534.761785,117901500416.0,2025-07-01
2026-04-06,3402.T,,8,0,5,2026-04-07 00:00:00,1126.5,2026-04-13 00:00:00,1150.5,2.130492676431417,5.770084332001768,-1.0208610741233914,CLOSED,1126.5,54.2539840155292,21.14260301476,27.83282736408419,26.927419359528347,29.290173,0.94891524,6444.0835375,1650111021056.0,2026-05-13
2026-04-06,3402.T,,8,0,10,2026-04-07 00:00:00,1126.5,2026-04-20 00:00:00,1147.0,1.8197958277851756,5.770084332001768,-1.0208610741233914,CLOSED,1126.5,54.2539840155292,21.14260301476,27.83282736408419,26.927419359528347,29.290173,0.94891524,6444.0835375,1650111021056.0,2026-05-13
2026-04-06,3402.T,,8,0,20,2026-04-07 00:00:00,1126.5,2026-05-08 00:00:00,1129.0,0.22192632046160732,5.770084332001768,-2.885042166000884,CLOSED,1126.5,54.2539840155292,21.14260301476,27.83282736408419,26.927419359528347,29.290173,0.94891524,6444.0835375,1650111021056.0,2026-05-13
2026-04-06,3402.T,,8,0,40,2026-04-07 00:00:00,1126.5,2026-06-05 00:00:00,1121.5,-0.44385264092321464,8.69951176209498,-6.25832223701731,CLOSED,1126.5,54.2539840155292,21.14260301476,27.83282736408419,26.927419359528347,29.290173,0.94891524,6444.0835375,1650111021056.0,2026-05-13
2026-04-06,3402.T,,8,0,50,2026-04-07 00:00:00,1126.5,2026-06-19 00:00:00,1159.0,2.885042166000895,8.69951176209498,-6.25832223701731,CLOSED,1126.5,54.2539840155292,21.14260301476,27.83282736408419,26.927419359528347,29.290173,0.94891524,6444.0835375,1650111021056.0,2026-05-13
2026-04-06,3402.T,,8,0,60,2026-04-07 00:00:00,1126.5,2026-07-03 00:00:00,1173.5,4.1722148246782,8.69951176209498,-6.25832223701731,CLOSED,1126.5,54.2539840155292,21.14260301476,27.83282736408419,26.927419359528347,29.290173,0.94891524,6444.0835375,1650111021056.0,2026-05-13
2026-04-07,3462.T,,8,0,5,2026-04-08 00:00:00,164000.0,2026-04-14 00:00:00,164000.0,0.0,0.4268292682926722,-1.8292682926829285,CLOSED,161700.0,43.83561643835616,21.431395371970204,22.37258775201146,21.377352960386204,23.43784,1.2456639,1534.700595,751317090304.0,2026-04-17
2026-04-07,3462.T,,8,0,10,2026-04-08 00:00:00,164000.0,2026-04-21 00:00:00,161600.0,-1.4634146341463428,1.0365853658536484,-2.0121951219512213,CLOSED,161700.0,43.83561643835616,21.431395371970204,22.37258775201146,21.377352960386204,23.43784,1.2456639,1534.700595,751317090304.0,2026-04-17
2026-04-07,3462.T,,8,0,20,2026-04-08 00:00:00,164000.0,2026-05-11 00:00:00,158500.0,-3.353658536585369,1.0365853658536484,-3.4146341463414664,CLOSED,161700.0,43.83561643835616,21.431395371970204,22.37258775201146,21.377352960386204,23.43784,1.2456639,1534.700595,751317090304.0,2026-04-17
2026-04-07,3462.T,,8,0,40,2026-04-08 00:00:00,164000.0,2026-06-08 00:00:00,149000.0,-9.14634146341463,1.0365853658536484,-10.48780487804878,CLOSED,161700.0,43.83561643835616,21.431395371970204,22.37258775201146,21.377352960386204,23.43784,1.2456639,1534.700595,751317090304.0,2026-04-17
2026-04-07,3462.T,,8,0,50,2026-04-08 00:00:00,164000.0,2026-06-22 00:00:00,147700.0,-9.939024390243901,1.0365853658536484,-10.48780487804878,CLOSED,161700.0,43.83561643835616,21.431395371970204,22.37258775201146,21.377352960386204,23.43784,1.2456639,1534.700595,751317090304.0,2026-04-17
2026-04-07,3462.T,,8,0,60,2026-04-08 00:00:00,164000.0,2026-07-06 00:00:00,154100.0,-6.036585365853664,1.0365853658536484,-10.48780487804878,CLOSED,161700.0,43.83561643835616,21.431395371970204,22.37258775201146,21.377352960386204,23.43784,1.2456639,1534.700595,751317090304.0,2026-04-17
2026-04-08,4041.T,,8,0,5,2026-04-09 00:00:00,3755.0,2026-04-15 00:00:00,3640.0,-3.0625832223701743,0.3994673768308976,-3.3288948069240987,CLOSED,3730.0,51.57294983827146,28.449880228743023,27.099507703686182,26.696209644191065,13.26128,1.0184796,622.9338,199997767680.0,2026-05-14
2026-04-08,4041.T,,8,0,10,2026-04-09 00:00:00,3755.0,2026-04-22 00:00:00,3615.0,-3.7283621837549963,0.3994673768308976,-4.127829560585883,CLOSED,3730.0,51.57294983827146,28.449880228743023,27.099507703686182,26.696209644191065,13.26128,1.0184796,622.9338,199997767680.0,2026-05-14
2026-04-08,4041.T,,8,0,20,2026-04-09 00:00:00,3755.0,2026-05-12 00:00:00,3680.0,-1.9973368841544659,0.3994673768308976,-5.059920106524629,CLOSED,3730.0,51.57294983827146,28.449880228743023,27.099507703686182,26.696209644191065,13.26128,1.0184796,622.9338,199997767680.0,2026-05-14
2026-04-08,4041.T,,8,0,40,2026-04-09 00:00:00,3755.0,2026-06-09 00:00:00,3480.0,-7.323568575233019,0.3994673768308976,-11.8508655126498,CLOSED,3730.0,51.57294983827146,28.449880228743023,27.099507703686182,26.696209644191065,13.26128,1.0184796,622.9338,199997767680.0,2026-05-14
2026-04-08,4041.T,,8,0,50,2026-04-09 00:00:00,3755.0,2026-06-23 00:00:00,3525.0,-6.125166444740349,0.3994673768308976,-11.8508655126498,CLOSED,3730.0,51.57294983827146,28.449880228743023,27.099507703686182,26.696209644191065,13.26128,1.0184796,622.9338,199997767680.0,2026-05-14
2026-04-08,4041.T,,8,0,60,2026-04-09 00:00:00,3755.0,2026-07-07 00:00:00,3630.0,-3.3288948069240987,0.3994673768308976,-11.8508655126498,CLOSED,3730.0,51.57294983827146,28.449880228743023,27.099507703686182,26.696209644191065,13.26128,1.0184796,622.9338,199997767680.0,2026-05-14
2026-04-08,4042.T,,8,0,5,2026-04-09 00:00:00,2444.5,2026-04-15 00:00:00,2387.0,-2.3522192677439158,0.0,-3.6203722642667246,CLOSED,2425.0,54.30496588550481,23.79538702909225,29.945108251766577,28.81679961095303,19.106524,0.9369196,2735.538575,748445696000.0,2026-05-12
2026-04-08,4042.T,,8,0,10,2026-04-09 00:00:00,2444.5,2026-04-22 00:00:00,2398.5,-1.8817754141951304,1.8204131724278927,-3.6203722642667246,CLOSED,2425.0,54.30496588550481,23.79538702909225,29.945108251766577,28.81679961095303,19.106524,0.9369196,2735.538575,748445696000.0,2026-05-12
2026-04-08,4042.T,,8,0,20,2026-04-09 00:00:00,2444.5,2026-05-12 00:00:00,2680.0,9.633871957455508,16.32235631008385,-3.6817345060339512,CLOSED,2425.0,54.30496588550481,23.79538702909225,29.945108251766577,28.81679961095303,19.106524,0.9369196,2735.538575,748445696000.0,2026-05-12
2026-04-08,4042.T,,8,0,40,2026-04-09 00:00:00,2444.5,2026-06-09 00:00:00,2782.5,13.826958478216401,18.18367764368991,-3.6817345060339512,CLOSED,2425.0,54.30496588550481,23.79538702909225,29.945108251766577,28.81679961095303,19.106524,0.9369196,2735.538575,748445696000.0,2026-05-12
2026-04-08,4042.T,,8,0,50,2026-04-09 00:00:00,2444.5,2026-06-23 00:00:00,2877.0,17.692779709552052,26.242585395786456,-3.6817345060339512,CLOSED,2425.0,54.30496588550481,23.79538702909225,29.945108251766577,28.81679961095303,19.106524,0.9369196,2735.538575,748445696000.0,2026-05-12
2026-04-08,4042.T,,8,0,60,2026-04-09 00:00:00,2444.5,2026-07-07 00:00:00,2752.0,12.579259562282674,26.242585395786456,-3.6817345060339512,CLOSED,2425.0,54.30496588550481,23.79538702909225,29.945108251766577,28.81679961095303,19.106524,0.9369196,2735.538575,748445696000.0,2026-05-12
2026-04-08,4203.T,,8,0,5,2026-04-09 00:00:00,5195.0,2026-04-15 00:00:00,5249.0,1.0394610202117516,3.0606352261790093,-1.1934552454282987,CLOSED,5195.0,44.96464122023146,21.262985769119645,31.9836510580148,28.818461955574243,23.24281,1.3885592,1888.23886,455789379584.0,2026-05-11
2026-04-08,4203.T,,8,0,10,2026-04-09 00:00:00,5195.0,2026-04-22 00:00:00,5213.0,0.3464870067372505,3.1953801732435005,-1.1934552454282987,CLOSED,5195.0,44.96464122023146,21.262985769119645,31.9836510580148,28.818461955574243,23.24281,1.3885592,1888.23886,455789379584.0,2026-05-11
2026-04-08,4203.T,,8,0,20,2026-04-09 00:00:00,5195.0,2026-05-12 00:00:00,6691.0,28.79692011549566,30.086621751684305,-2.791145332050049,CLOSED,5195.0,44.96464122023146,21.262985769119645,31.9836510580148,28.818461955574243,23.24281,1.3885592,1888.23886,455789379584.0,2026-05-11
2026-04-08,4203.T,,8,0,40,2026-04-09 00:00:00,5195.0,2026-06-09 00:00:00,6255.0,20.404234841193446,36.82386910490856,-2.791145332050049,CLOSED,5195.0,44.96464122023146,21.262985769119645,31.9836510580148,28.818461955574243,23.24281,1.3885592,1888.23886,455789379584.0,2026-05-11
2026-04-08,4203.T,,8,0,50,2026-04-09 00:00:00,5195.0,2026-06-23 00:00:00,7393.0,42.30991337824832,53.70548604427334,-2.791145332050049,CLOSED,5195.0,44.96464122023146,21.262985769119645,31.9836510580148,28.818461955574243,23.24281,1.3885592,1888.23886,455789379584.0,2026-05-11
2026-04-08,4203.T,,8,0,60,2026-04-09 00:00:00,5195.0,2026-07-07 00:00:00,7223.0,39.03753609239653,53.70548604427334,-2.791145332050049,CLOSED,5195.0,44.96464122023146,21.262985769119645,31.9836510580148,28.818461955574243,23.24281,1.3885592,1888.23886,455789379584.0,2026-05-11
2026-04-08,4204.T,,8,0,5,2026-04-09 00:00:00,2733.5,2026-04-15 00:00:00,2620.0,-4.152185842326683,0.0914578379367148,-4.152185842326683,CLOSED,2733.5,50.0214835841964,21.7696433560201,28.93419799270201,26.014675228665933,16.083195,1.3512471,4780.6383025,1103530557440.0,2026-04-28
2026-04-08,4204.T,,8,0,10,2026-04-09 00:00:00,2733.5,2026-04-22 00:00:00,2455.5,-10.17011157856228,0.0914578379367148,-10.17011157856228,CLOSED,2733.5,50.0214835841964,21.7696433560201,28.93419799270201,26.014675228665933,16.083195,1.3512471,4780.6383025,1103530557440.0,2026-04-28
2026-04-08,4204.T,,8,0,20,2026-04-09 00:00:00,2733.5,2026-05-12 00:00:00,2362.5,-13.572343149807942,0.0914578379367148,-14.724711907810494,CLOSED,2733.5,50.0214835841964,21.7696433560201,28.93419799270201,26.014675228665933,16.083195,1.3512471,4780.6383025,1103530557440.0,2026-04-28
2026-04-08,4204.T,,8,0,40,2026-04-09 00:00:00,2733.5,2026-06-09 00:00:00,2351.0,-13.99304920431681,0.0914578379367148,-17.76111212730931,CLOSED,2733.5,50.0214835841964,21.7696433560201,28.93419799270201,26.014675228665933,16.083195,1.3512471,4780.6383025,1103530557440.0,2026-04-28
2026-04-08,4204.T,,8,0,50,2026-04-09 00:00:00,2733.5,2026-06-23 00:00:00,2462.0,-9.93232119992683,0.0914578379367148,-17.76111212730931,CLOSED,2733.5,50.0214835841964,21.7696433560201,28.93419799270201,26.014675228665933,16.083195,1.3512471,4780.6383025,1103530557440.0,2026-04-28
2026-04-08,4204.T,,8,0,60,2026-04-09 00:00:00,2733.5,2026-07-07 00:00:00,2655.0,-2.8717761112127316,0.0914578379367148,-17.76111212730931,CLOSED,2733.5,50.0214835841964,21.7696433560201,28.93419799270201,26.014675228665933,16.083195,1.3512471,4780.6383025,1103530557440.0,2026-04-28
2026-04-08,5232.T,,8,0,5,2026-04-09 00:00:00,4071.0,2026-04-15 00:00:00,4243.0,4.2250061409973005,9.186931957749934,-0.9579955784819405,CLOSED,4110.0,53.85618729391308,26.99783970998008,33.13882407674987,28.950913440558303,9.910779,0.6834458,792.720405,130260836352.0,2026-05-12
2026-04-08,5232.T,,8,0,10,2026-04-09 00:00:00,4071.0,2026-04-22 00:00:00,3942.0,-3.16875460574797,9.186931957749934,-3.16875460574797,CLOSED,4110.0,53.85618729391308,26.99783970998008,33.13882407674987,28.950913440558303,9.910779,0.6834458,792.720405,130260836352.0,2026-05-12
2026-04-08,5232.T,,8,0,20,2026-04-09 00:00:00,4071.0,2026-05-12 00:00:00,4131.0,1.4738393515106862,9.186931957749934,-5.772537460083516,CLOSED,4110.0,53.85618729391308,26.99783970998008,33.13882407674987,28.950913440558303,9.910779,0.6834458,792.720405,130260836352.0,2026-05-12
2026-04-08,5232.T,,8,0,40,2026-04-09 00:00:00,4071.0,2026-06-09 00:00:00,5260.0,29.206583149103405,43.257184966838615,-5.772537460083516,CLOSED,4110.0,53.85618729391308,26.99783970998008,33.13882407674987,28.950913440558303,9.910779,0.6834458,792.720405,130260836352.0,2026-05-12
2026-04-08,5232.T,,8,0,50,2026-04-09 00:00:00,4071.0,2026-06-23 00:00:00,5995.0,47.26111520510932,60.08351756325227,-5.772537460083516,CLOSED,4110.0,53.85618729391308,26.99783970998008,33.13882407674987,28.950913440558303,9.910779,0.6834458,792.720405,130260836352.0,2026-05-12
2026-04-08,5232.T,,8,0,60,2026-04-09 00:00:00,4071.0,2026-07-07 00:00:00,5724.0,40.60427413411938,60.08351756325227,-5.772537460083516,CLOSED,4110.0,53.85618729391308,26.99783970998008,33.13882407674987,28.950913440558303,9.910779,0.6834458,792.720405,130260836352.0,2026-05-12
2026-04-08,5991.T,,8,0,5,2026-04-09 00:00:00,2642.0,2026-04-15 00:00:00,2531.5,-4.182437547312645,0.18925056775169757,-6.1317183951551835,CLOSED,2626.0,41.43004308490332,21.25711809434958,30.115777648703123,29.3258638446014,13.572463,1.2480923,1292.0815825,532011745280.0,2026-05-11
2026-04-08,5991.T,,8,0,10,2026-04-09 00:00:00,2642.0,2026-04-22 00:00:00,2816.0,6.585919757759284,7.2293716881150605,-6.1317183951551835,CLOSED,2626.0,41.43004308490332,21.25711809434958,30.115777648703123,29.3258638446014,13.572463,1.2480923,1292.0815825,532011745280.0,2026-05-11
2026-04-08,5991.T,,8,0,20,2026-04-09 00:00:00,2642.0,2026-05-12 00:00:00,3445.0,30.393641180923538,30.393641180923538,-6.1317183951551835,CLOSED,2626.0,41.43004308490332,21.25711809434958,30.115777648703123,29.3258638446014,13.572463,1.2480923,1292.0815825,532011745280.0,2026-05-11
2026-04-08,5991.T,,8,0,40,2026-04-09 00:00:00,2642.0,2026-06-09 00:00:00,3977.0,50.529901589704764,56.16956850870554,-6.1317183951551835,CLOSED,2626.0,41.43004308490332,21.25711809434958,30.115777648703123,29.3258638446014,13.572463,1.2480923,1292.0815825,532011745280.0,2026-05-11
2026-04-08,5991.T,,8,0,50,2026-04-09 00:00:00,2642.0,2026-06-23 00:00:00,4054.0,53.444360333081,64.26949280847842,-6.1317183951551835,CLOSED,2626.0,41.43004308490332,21.25711809434958,30.115777648703123,29.3258638446014,13.572463,1.2480923,1292.0815825,532011745280.0,2026-05-11
2026-04-08,5991.T,,8,0,60,2026-04-09 00:00:00,2642.0,2026-07-07 00:00:00,3912.0,48.06964420893263,64.26949280847842,-6.1317183951551835,CLOSED,2626.0,41.43004308490332,21.25711809434958,30.115777648703123,29.3258638446014,13.572463,1.2480923,1292.0815825,532011745280.0,2026-05-11
2026-04-08,6080.T,,8,0,5,2026-04-09 00:00:00,3300.0,2026-04-15 00:00:00,3355.0,1.6666666666666607,3.4848484848484906,-3.0303030303030276,CLOSED,3295.0,48.64572047670639,26.186204181623843,27.4640153005388,23.7815225397351,20.961893,2.4204075,449.481815,104644517888.0,2025-07-28
2026-04-08,6080.T,,8,0,10,2026-04-09 00:00:00,3300.0,2026-04-22 00:00:00,3335.0,1.0606060606060508,5.000000000000004,-3.0303030303030276,CLOSED,3295.0,48.64572047670639,26.186204181623843,27.4640153005388,23.7815225397351,20.961893,2.4204075,449.481815,104644517888.0,2025-07-28
2026-04-08,6080.T,,8,0,20,2026-04-09 00:00:00,3300.0,2026-05-12 00:00:00,3345.0,1.3636363636363669,7.727272727272738,-4.545454545454541,CLOSED,3295.0,48.64572047670639,26.186204181623843,27.4640153005388,23.7815225397351,20.961893,2.4204075,449.481815,104644517888.0,2025-07-28
2026-04-08,6080.T,,8,0,40,2026-04-09 00:00:00,3300.0,2026-06-09 00:00:00,3465.0,5.000000000000004,9.84848484848484,-4.545454545454541,CLOSED,3295.0,48.64572047670639,26.186204181623843,27.4640153005388,23.7815225397351,20.961893,2.4204075,449.481815,104644517888.0,2025-07-28
2026-04-08,6080.T,,8,0,50,2026-04-09 00:00:00,3300.0,2026-06-23 00:00:00,3430.0,3.9393939393939315,11.515151515151523,-4.545454545454541,CLOSED,3295.0,48.64572047670639,26.186204181623843,27.4640153005388,23.7815225397351,20.961893,2.4204075,449.481815,104644517888.0,2025-07-28
2026-04-08,6080.T,,8,0,60,2026-04-09 00:00:00,3300.0,2026-07-07 00:00:00,3625.0,9.84848484848484,12.12121212121211,-4.545454545454541,CLOSED,3295.0,48.64572047670639,26.186204181623843,27.4640153005388,23.7815225397351,20.961893,2.4204075,449.481815,104644517888.0,2025-07-28
2026-04-08,6103.T,,8,0,5,2026-04-09 00:00:00,4040.0,2026-04-15 00:00:00,4275.0,5.816831683168311,6.806930693069302,-1.2376237623762387,CLOSED,4035.0,52.37705755716763,22.35301876714945,34.752683369007656,30.549369106062464,23.124533,1.0158479,1503.052275,241963941888.0,2026-05-12
2026-04-08,6103.T,,8,0,10,2026-04-09 00:00:00,4040.0,2026-04-22 00:00:00,4170.0,3.2178217821782207,9.777227722772274,-1.2376237623762387,CLOSED,4035.0,52.37705755716763,22.35301876714945,34.752683369007656,30.549369106062464,23.124533,1.0158479,1503.052275,241963941888.0,2026-05-12
2026-04-08,6103.T,,8,0,20,2026-04-09 00:00:00,4040.0,2026-05-12 00:00:00,5100.0,26.237623762376238,28.712871287128717,-1.2376237623762387,CLOSED,4035.0,52.37705755716763,22.35301876714945,34.752683369007656,30.549369106062464,23.124533,1.0158479,1503.052275,241963941888.0,2026-05-12
2026-04-08,6103.T,,8,0,40,2026-04-09 00:00:00,4040.0,2026-06-09 00:00:00,4020.0,-0.4950495049504955,28.712871287128717,-4.331683168316836,CLOSED,4035.0,52.37705755716763,22.35301876714945,34.752683369007656,30.549369106062464,23.124533,1.0158479,1503.052275,241963941888.0,2026-05-12
2026-04-08,6103.T,,8,0,50,2026-04-09 00:00:00,4040.0,2026-06-23 00:00:00,4435.0,9.777227722772274,28.712871287128717,-5.693069306930698,CLOSED,4035.0,52.37705755716763,22.35301876714945,34.752683369007656,30.549369106062464,23.124533,1.0158479,1503.052275,241963941888.0,2026-05-12
2026-04-08,6103.T,,8,0,60,2026-04-09 00:00:00,4040.0,2026-07-07 00:00:00,4845.0,19.925742574257434,28.712871287128717,-5.693069306930698,CLOSED,4035.0,52.37705755716763,22.35301876714945,34.752683369007656,30.549369106062464,23.124533,1.0158479,1503.052275,241963941888.0,2026-05-12
2026-04-08,6315.T,,8,0,5,2026-04-09 00:00:00,2459.0,2026-04-15 00:00:00,2711.0,10.248068320455461,15.73810492069947,-0.7726718178121206,CLOSED,2546.0,45.92648052495595,20.485145290880222,24.69088270007964,23.12030385843512,31.117086,2.8295333,5284.80568,191017779200.0,2026-05-08
2026-04-08,6315.T,,8,0,10,2026-04-09 00:00:00,2459.0,2026-04-22 00:00:00,2598.0,5.6527043513623365,15.73810492069947,-0.7726718178121206,CLOSED,2546.0,45.92648052495595,20.485145290880222,24.69088270007964,23.12030385843512,31.117086,2.8295333,5284.80568,191017779200.0,2026-05-08
2026-04-08,6315.T,,8,0,20,2026-04-09 00:00:00,2459.0,2026-05-12 00:00:00,2675.0,8.784058560390395,38.674257828385514,-0.7726718178121206,CLOSED,2546.0,45.92648052495595,20.485145290880222,24.69088270007964,23.12030385843512,31.117086,2.8295333,5284.80568,191017779200.0,2026-05-08
2026-04-08,6315.T,,8,0,40,2026-04-09 00:00:00,2459.0,2026-06-09 00:00:00,2832.0,15.168767791785287,38.674257828385514,-0.7726718178121206,CLOSED,2546.0,45.92648052495595,20.485145290880222,24.69088270007964,23.12030385843512,31.117086,2.8295333,5284.80568,191017779200.0,2026-05-08
2026-04-08,6315.T,,8,0,50,2026-04-09 00:00:00,2459.0,2026-06-23 00:00:00,3155.0,28.304188694591303,46.19764131760877,-0.7726718178121206,CLOSED,2546.0,45.92648052495595,20.485145290880222,24.69088270007964,23.12030385843512,31.117086,2.8295333,5284.80568,191017779200.0,2026-05-08
2026-04-08,6315.T,,8,0,60,2026-04-09 00:00:00,2459.0,2026-07-07 00:00:00,3105.0,26.270841805612033,51.89101260675071,-0.7726718178121206,CLOSED,2546.0,45.92648052495595,20.485145290880222,24.69088270007964,23.12030385843512,31.117086,2.8295333,5284.80568,191017779200.0,2026-05-08
2026-04-08,7202.T,,8,0,5,2026-04-09 00:00:00,2452.0,2026-04-15 00:00:00,2357.0,-3.8743882544861385,0.2039151712887488,-5.995106035889075,CLOSED,2440.5,53.10662059519317,25.820900489354703,33.42924582552979,31.476979287888017,13.24056,1.1535342,5934.295355,1677203603456.0,2026-05-14
2026-04-08,7202.T,,8,0,10,2026-04-09 00:00:00,2452.0,2026-04-22 00:00:00,2321.5,-5.322185970636218,0.2039151712887488,-5.995106035889075,CLOSED,2440.5,53.10662059519317,25.820900489354703,33.42924582552979,31.476979287888017,13.24056,1.1535342,5934.295355,1677203603456.0,2026-05-14
2026-04-08,7202.T,,8,0,20,2026-04-09 00:00:00,2452.0,2026-05-12 00:00:00,2138.0,-12.805872756933113,0.2039151712887488,-14.783849918433933,CLOSED,2440.5,53.10662059519317,25.820900489354703,33.42924582552979,31.476979287888017,13.24056,1.1535342,5934.295355,1677203603456.0,2026-05-14
2026-04-08,7202.T,,8,0,40,2026-04-09 00:00:00,2452.0,2026-06-09 00:00:00,2160.5,-11.888254486133764,2.2226753670473,-14.783849918433933,CLOSED,2440.5,53.10662059519317,25.820900489354703,33.42924582552979,31.476979287888017,13.24056,1.1535342,5934.295355,1677203603456.0,2026-05-14
2026-04-08,7202.T,,8,0,50,2026-04-09 00:00:00,2452.0,2026-06-23 00:00:00,2206.0,-10.0326264274062,2.2226753670473,-16.17047308319739,CLOSED,2440.5,53.10662059519317,25.820900489354703,33.42924582552979,31.476979287888017,13.24056,1.1535342,5934.295355,1677203603456.0,2026-05-14
2026-04-08,7202.T,,8,0,60,2026-04-09 00:00:00,2452.0,2026-07-07 00:00:00,2389.5,-2.5489396411092935,2.2226753670473,-16.17047308319739,CLOSED,2440.5,53.10662059519317,25.820900489354703,33.42924582552979,31.476979287888017,13.24056,1.1535342,5934.295355,1677203603456.0,2026-05-14
2026-04-08,7943.T,,8,0,5,2026-04-09 00:00:00,3460.0,2026-04-15 00:00:00,3300.0,-4.6242774566473965,0.43352601156070314,-5.491329479768781,CLOSED,3430.0,53.28114610756154,22.472792932817026,30.752983523882083,26.64550738384757,34.63597,0.940821,288.050525,113889280000.0,2025-07-29
2026-04-08,7943.T,,8,0,10,2026-04-09 00:00:00,3460.0,2026-04-22 00:00:00,3225.0,-6.791907514450868,0.43352601156070314,-6.936416184971095,CLOSED,3430.0,53.28114610756154,22.472792932817026,30.752983523882083,26.64550738384757,34.63597,0.940821,288.050525,113889280000.0,2025-07-29
2026-04-08,7943.T,,8,0,20,2026-04-09 00:00:00,3460.0,2026-05-12 00:00:00,3215.0,-7.080924855491332,0.43352601156070314,-11.560693641618503,CLOSED,3430.0,53.28114610756154,22.472792932817026,30.752983523882083,26.64550738384757,34.63597,0.940821,288.050525,113889280000.0,2025-07-29
2026-04-08,7943.T,,8,0,40,2026-04-09 00:00:00,3460.0,2026-06-09 00:00:00,2905.0,-16.04046242774566,0.43352601156070314,-19.47976878612717,CLOSED,3430.0,53.28114610756154,22.472792932817026,30.752983523882083,26.64550738384757,34.63597,0.940821,288.050525,113889280000.0,2025-07-29
2026-04-08,7943.T,,8,0,50,2026-04-09 00:00:00,3460.0,2026-06-23 00:00:00,2961.0,-14.421965317919073,0.43352601156070314,-19.47976878612717,CLOSED,3430.0,53.28114610756154,22.472792932817026,30.752983523882083,26.64550738384757,34.63597,0.940821,288.050525,113889280000.0,2025-07-29
2026-04-08,7943.T,,8,0,60,2026-04-09 00:00:00,3460.0,2026-07-07 00:00:00,3005.0,-13.150289017341043,0.43352601156070314,-19.47976878612717,CLOSED,3430.0,53.28114610756154,22.472792932817026,30.752983523882083,26.64550738384757,34.63597,0.940821,288.050525,113889280000.0,2025-07-29
2026-04-08,8016.T,,8,0,5,2026-04-09 00:00:00,755.0,2026-04-15 00:00:00,804.0,6.490066225165569,9.403973509933783,-1.059602649006619,CLOSED,758.0,53.69127516778523,23.201257455626344,25.303182240408844,24.79412792674582,11.166765,1.1989535,406.70897,103092011008.0,2025-07-02
2026-04-08,8016.T,,8,0,10,2026-04-09 00:00:00,755.0,2026-04-22 00:00:00,762.0,0.9271523178807861,9.403973509933783,-1.059602649006619,CLOSED,758.0,53.69127516778523,23.201257455626344,25.303182240408844,24.79412792674582,11.166765,1.1989535,406.70897,103092011008.0,2025-07-02
2026-04-08,8016.T,,8,0,20,2026-04-09 00:00:00,755.0,2026-05-12 00:00:00,731.0,-3.1788079470198682,9.403973509933783,-3.8410596026490107,CLOSED,758.0,53.69127516778523,23.201257455626344,25.303182240408844,24.79412792674582,11.166765,1.1989535,406.70897,103092011008.0,2025-07-02
2026-04-08,8016.T,,8,0,40,2026-04-09 00:00:00,755.0,2026-06-09 00:00:00,721.0,-4.503311258278142,9.403973509933783,-6.3576158940397365,CLOSED,758.0,53.69127516778523,23.201257455626344,25.303182240408844,24.79412792674582,11.166765,1.1989535,406.70897,103092011008.0,2025-07-02
2026-04-08,8016.T,,8,0,50,2026-04-09 00:00:00,755.0,2026-06-23 00:00:00,714.0,-5.430463576158939,9.403973509933783,-6.3576158940397365,CLOSED,758.0,53.69127516778523,23.201257455626344,25.303182240408844,24.79412792674582,11.166765,1.1989535,406.70897,103092011008.0,2025-07-02
2026-04-08,8016.T,,8,0,60,2026-04-09 00:00:00,755.0,2026-07-07 00:00:00,742.0,-1.7218543046357615,9.403973509933783,-6.3576158940397365,CLOSED,758.0,53.69127516778523,23.201257455626344,25.303182240408844,24.79412792674582,11.166765,1.1989535,406.70897,103092011008.0,2025-07-02
2026-04-08,8473.T,,8,0,5,2026-04-09 00:00:00,3116.0,2026-04-15 00:00:00,3168.0,1.6688061617458283,1.9897304236200286,-3.3376123234916566,CLOSED,3156.0,53.17109504301857,21.19602646891088,28.637286596749696,26.800862038315756,7.3228455,1.1870816,12260.8897025,2039316873216.0,2026-05-01
2026-04-08,8473.T,,8,0,10,2026-04-09 00:00:00,3116.0,2026-04-22 00:00:00,3028.0,-2.8241335044929428,4.204107830551984,-3.3376123234916566,CLOSED,3156.0,53.17109504301857,21.19602646891088,28.637286596749696,26.800862038315756,7.3228455,1.1870816,12260.8897025,2039316873216.0,2026-05-01
2026-04-08,8473.T,,8,0,20,2026-04-09 00:00:00,3116.0,2026-05-12 00:00:00,3056.0,-1.9255455712451908,4.204107830551984,-6.867779204107826,CLOSED,3156.0,53.17109504301857,21.19602646891088,28.637286596749696,26.800862038315756,7.3228455,1.1870816,12260.8897025,2039316873216.0,2026-05-01
2026-04-08,8473.T,,8,0,40,2026-04-09 00:00:00,3116.0,2026-06-09 00:00:00,2907.0,-6.707317073170726,4.204107830551984,-10.237483953786908,CLOSED,3156.0,53.17109504301857,21.19602646891088,28.637286596749696,26.800862038315756,7.3228455,1.1870816,12260.8897025,2039316873216.0,2026-05-01
2026-04-08,8473.T,,8,0,50,2026-04-09 00:00:00,3116.0,2026-06-23 00:00:00,2784.0,-10.65468549422336,4.204107830551984,-11.103979460847235,CLOSED,3156.0,53.17109504301857,21.19602646891088,28.637286596749696,26.800862038315756,7.3228455,1.1870816,12260.8897025,2039316873216.0,2026-05-01
2026-04-08,8473.T,,8,0,60,2026-04-09 00:00:00,3116.0,2026-07-07 00:00:00,2738.0,-12.130937098844674,4.204107830551984,-15.564826700898593,CLOSED,3156.0,53.17109504301857,21.19602646891088,28.637286596749696,26.800862038315756,7.3228455,1.1870816,12260.8897025,2039316873216.0,2026-05-01
2026-04-08,8984.T,,8,0,5,2026-04-09 00:00:00,131200.0,2026-04-15 00:00:00,131100.0,-0.07621951219511924,0.6097560975609762,-2.4390243902439046,CLOSED,131100.0,48.23529411764706,31.969702933669232,22.80713889574474,22.28837272687263,21.355303,0.58818066,1308.01324,601811648512.0,2026-04-16
2026-04-08,8984.T,,8,0,10,2026-04-09 00:00:00,131200.0,2026-04-22 00:00:00,126400.0,-3.658536585365857,0.9908536585365946,-3.658536585365857,CLOSED,131100.0,48.23529411764706,31.969702933669232,22.80713889574474,22.28837272687263,21.355303,0.58818066,1308.01324,601811648512.0,2026-04-16
2026-04-08,8984.T,,8,0,20,2026-04-09 00:00:00,131200.0,2026-05-12 00:00:00,122900.0,-6.326219512195119,0.9908536585365946,-7.012195121951215,CLOSED,131100.0,48.23529411764706,31.969702933669232,22.80713889574474,22.28837272687263,21.355303,0.58818066,1308.01324,601811648512.0,2026-04-16
2026-04-08,8984.T,,8,0,40,2026-04-09 00:00:00,131200.0,2026-06-09 00:00:00,118000.0,-10.060975609756095,0.9908536585365946,-11.12804878048781,CLOSED,131100.0,48.23529411764706,31.969702933669232,22.80713889574474,22.28837272687263,21.355303,0.58818066,1308.01324,601811648512.0,2026-04-16
2026-04-08,8984.T,,8,0,50,2026-04-09 00:00:00,131200.0,2026-06-23 00:00:00,118700.0,-9.527439024390238,0.9908536585365946,-11.12804878048781,CLOSED,131100.0,48.23529411764706,31.969702933669232,22.80713889574474,22.28837272687263,21.355303,0.58818066,1308.01324,601811648512.0,2026-04-16
2026-04-08,8984.T,,8,0,60,2026-04-09 00:00:00,131200.0,2026-07-07 00:00:00,122600.0,-6.554878048780488,0.9908536585365946,-11.12804878048781,CLOSED,131100.0,48.23529411764706,31.969702933669232,22.80713889574474,22.28837272687263,21.355303,0.58818066,1308.01324,601811648512.0,2026-04-16
2026-04-09,3249.T,,8,0,5,2026-04-10 00:00:00,142601.13009464528,2026-04-16 00:00:00,146397.34375,2.662120316182026,2.662120316182026,-0.6143344709897636,CLOSED,146600.0,45.801526717557245,22.943302760248496,24.61233278148901,22.874639700155274,18.34665,1.5877135,1014.292505,371809255424.0,2026-03-19
2026-04-09,3249.T,,8,0,10,2026-04-10 00:00:00,142601.13009464528,2026-04-23 00:00:00,144353.234375,1.2286748914204448,3.208195924279189,-0.6143344709897636,CLOSED,146600.0,45.801526717557245,22.943302760248496,24.61233278148901,22.874639700155274,18.34665,1.5877135,1014.292505,371809255424.0,2026-03-19
2026-04-09,3249.T,,8,0,20,2026-04-10 00:00:00,142601.13009464528,2026-05-13 00:00:00,138999.609375,-2.5255905877147877,3.208195924279189,-3.617740833230587,CLOSED,146600.0,45.801526717557245,22.943302760248496,24.61233278148901,22.874639700155274,18.34665,1.5877135,1014.292505,371809255424.0,2026-03-19
2026-04-09,3249.T,,8,0,40,2026-04-10 00:00:00,142601.13009464528,2026-06-10 00:00:00,136663.484375,-4.163813930299454,3.208195924279189,-7.303747184868159,CLOSED,146600.0,45.801526717557245,22.943302760248496,24.61233278148901,22.874639700155274,18.34665,1.5877135,1014.292505,371809255424.0,2026-03-19
2026-04-09,3249.T,,8,0,50,2026-04-10 00:00:00,142601.13009464528,2026-06-24 00:00:00,137831.546875,-3.344702259007115,3.208195924279189,-7.303747184868159,CLOSED,146600.0,45.801526717557245,22.943302760248496,24.61233278148901,22.874639700155274,18.34665,1.5877135,1014.292505,371809255424.0,2026-03-19
2026-04-09,3249.T,,8,0,60,2026-04-10 00:00:00,142601.13009464528,2026-07-08 00:00:00,140070.328125,-1.7747418747422028,3.208195924279189,-7.303747184868159,CLOSED,146600.0,45.801526717557245,22.943302760248496,24.61233278148901,22.874639700155274,18.34665,1.5877135,1014.292505,371809255424.0,2026-03-19
2026-04-09,3481.T,,8,0,5,2026-04-10 00:00:00,128000.0,2026-04-16 00:00:00,130800.0,2.187500000000009,2.187500000000009,-0.8593749999999956,CLOSED,127900.0,49.142857142857146,25.11211559589328,22.85658726926334,18.841755703920697,22.41288,0.4297403,428.111685,189932912640.0,2026-04-16
2026-04-09,3481.T,,8,0,10,2026-04-10 00:00:00,128000.0,2026-04-23 00:00:00,124500.0,-2.734375,2.187500000000009,-3.5937499999999956,CLOSED,127900.0,49.142857142857146,25.11211559589328,22.85658726926334,18.841755703920697,22.41288,0.4297403,428.111685,189932912640.0,2026-04-16
2026-04-09,3481.T,,8,0,20,2026-04-10 00:00:00,128000.0,2026-05-13 00:00:00,119600.0,-6.562500000000004,2.187500000000009,-6.953125000000004,CLOSED,127900.0,49.142857142857146,25.11211559589328,22.85658726926334,18.841755703920697,22.41288,0.4297403,428.111685,189932912640.0,2026-04-16
2026-04-09,3481.T,,8,0,40,2026-04-10 00:00:00,128000.0,2026-06-10 00:00:00,119200.0,-6.874999999999998,2.187500000000009,-9.296875000000004,CLOSED,127900.0,49.142857142857146,25.11211559589328,22.85658726926334,18.841755703920697,22.41288,0.4297403,428.111685,189932912640.0,2026-04-16
2026-04-09,3481.T,,8,0,50,2026-04-10 00:00:00,128000.0,2026-06-24 00:00:00,118800.0,-7.187500000000002,2.187500000000009,-9.296875000000004,CLOSED,127900.0,49.142857142857146,25.11211559589328,22.85658726926334,18.841755703920697,22.41288,0.4297403,428.111685,189932912640.0,2026-04-16
2026-04-09,3481.T,,8,0,60,2026-04-10 00:00:00,128000.0,2026-07-08 00:00:00,121600.0,-5.000000000000004,2.187500000000009,-9.296875000000004,CLOSED,127900.0,49.142857142857146,25.11211559589328,22.85658726926334,18.841755703920697,22.41288,0.4297403,428.111685,189932912640.0,2026-04-16
2026-04-09,4203.T,,8,0,5,2026-04-10 00:00:00,5207.0,2026-04-16 00:00:00,5327.0,2.3045899750335996,2.957557134626465,-0.4609179950067266,CLOSED,5176.0,54.963815896789626,20.11603837217393,30.91483120654716,27.855415423737963,23.117464,1.3834808,1892.76886,454122405888.0,2026-05-11
2026-04-09,4203.T,,8,0,10,2026-04-10 00:00:00,5207.0,2026-04-23 00:00:00,5144.0,-1.2099097368926448,2.957557134626465,-3.01517188400231,CLOSED,5176.0,54.963815896789626,20.11603837217393,30.91483120654716,27.855415423737963,23.117464,1.3834808,1892.76886,454122405888.0,2026-05-11
2026-04-09,4203.T,,8,0,20,2026-04-10 00:00:00,5207.0,2026-05-13 00:00:00,6658.0,27.86633378144805,29.786825427309395,-3.01517188400231,CLOSED,5176.0,54.963815896789626,20.11603837217393,30.91483120654716,27.855415423737963,23.117464,1.3834808,1892.76886,454122405888.0,2026-05-11
2026-04-09,4203.T,,8,0,40,2026-04-10 00:00:00,5207.0,2026-06-10 00:00:00,6114.0,17.418859227962358,36.50854618782409,-3.01517188400231,CLOSED,5176.0,54.963815896789626,20.11603837217393,30.91483120654716,27.855415423737963,23.117464,1.3834808,1892.76886,454122405888.0,2026-05-11
2026-04-09,4203.T,,8,0,50,2026-04-10 00:00:00,5207.0,2026-06-24 00:00:00,7279.0,39.79258690224698,53.35125792202804,-3.01517188400231,CLOSED,5176.0,54.963815896789626,20.11603837217393,30.91483120654716,27.855415423737963,23.117464,1.3834808,1892.76886,454122405888.0,2026-05-11
2026-04-09,4203.T,,8,0,60,2026-04-10 00:00:00,5207.0,2026-07-08 00:00:00,7093.0,36.22047244094488,53.35125792202804,-3.01517188400231,CLOSED,5176.0,54.963815896789626,20.11603837217393,30.91483120654716,27.855415423737963,23.117464,1.3834808,1892.76886,454122405888.0,2026-05-11
2026-04-09,6332.T,,8,0,5,2026-04-10 00:00:00,3010.0,2026-04-16 00:00:00,2907.0,-3.421926910299,0.8305647840531671,-4.285714285714281,CLOSED,2960.0,51.26662551209383,22.1102190769119,30.723672328187234,27.42844958771155,7.2279744,1.2613091,382.923215,116643201024.0,2025-08-07
2026-04-09,6332.T,,8,0,10,2026-04-10 00:00:00,3010.0,2026-04-23 00:00:00,2943.0,-2.225913621262454,0.8305647840531671,-5.61461794019934,CLOSED,2960.0,51.26662551209383,22.1102190769119,30.723672328187234,27.42844958771155,7.2279744,1.2613091,382.923215,116643201024.0,2025-08-07
2026-04-09,6332.T,,8,0,20,2026-04-10 00:00:00,3010.0,2026-05-13 00:00:00,3010.0,0.0,12.126245847176076,-5.61461794019934,CLOSED,2960.0,51.26662551209383,22.1102190769119,30.723672328187234,27.42844958771155,7.2279744,1.2613091,382.923215,116643201024.0,2025-08-07
2026-04-09,6332.T,,8,0,40,2026-04-10 00:00:00,3010.0,2026-06-10 00:00:00,2519.0,-16.31229235880398,12.126245847176076,-18.903654485049838,CLOSED,2960.0,51.26662551209383,22.1102190769119,30.723672328187234,27.42844958771155,7.2279744,1.2613091,382.923215,116643201024.0,2025-08-07
2026-04-09,6332.T,,8,0,50,2026-04-10 00:00:00,3010.0,2026-06-24 00:00:00,2632.0,-12.558139534883717,12.126245847176076,-19.10299003322259,CLOSED,2960.0,51.26662551209383,22.1102190769119,30.723672328187234,27.42844958771155,7.2279744,1.2613091,382.923215,116643201024.0,2025-08-07
2026-04-09,6332.T,,8,0,60,2026-04-10 00:00:00,3010.0,2026-07-08 00:00:00,2659.0,-11.66112956810631,12.126245847176076,-19.10299003322259,CLOSED,2960.0,51.26662551209383,22.1102190769119,30.723672328187234,27.42844958771155,7.2279744,1.2613091,382.923215,116643201024.0,2025-08-07
2026-04-09,8984.T,,8,0,5,2026-04-10 00:00:00,129800.0,2026-04-16 00:00:00,132100.0,1.7719568567026167,2.080123266563949,-1.3867488443759624,CLOSED,129400.0,47.953216374269005,29.76832215743023,20.93170851501498,20.455600473409284,21.090445,0.5805536,1290.23654,594007883776.0,2026-04-16
2026-04-09,8984.T,,8,0,10,2026-04-10 00:00:00,129800.0,2026-04-23 00:00:00,126900.0,-2.234206471494604,2.080123266563949,-3.004622496147924,CLOSED,129400.0,47.953216374269005,29.76832215743023,20.93170851501498,20.455600473409284,21.090445,0.5805536,1290.23654,594007883776.0,2026-04-16
2026-04-09,8984.T,,8,0,20,2026-04-10 00:00:00,129800.0,2026-05-13 00:00:00,121500.0,-6.394453004622491,2.080123266563949,-6.471494607087824,CLOSED,129400.0,47.953216374269005,29.76832215743023,20.93170851501498,20.455600473409284,21.090445,0.5805536,1290.23654,594007883776.0,2026-04-16
2026-04-09,8984.T,,8,0,40,2026-04-10 00:00:00,129800.0,2026-06-10 00:00:00,119100.0,-8.243451463790452,2.080123266563949,-10.169491525423723,CLOSED,129400.0,47.953216374269005,29.76832215743023,20.93170851501498,20.455600473409284,21.090445,0.5805536,1290.23654,594007883776.0,2026-04-16
2026-04-09,8984.T,,8,0,50,2026-04-10 00:00:00,129800.0,2026-06-24 00:00:00,119100.0,-8.243451463790452,2.080123266563949,-10.169491525423723,CLOSED,129400.0,47.953216374269005,29.76832215743023,20.93170851501498,20.455600473409284,21.090445,0.5805536,1290.23654,594007883776.0,2026-04-16
2026-04-09,8984.T,,8,0,60,2026-04-10 00:00:00,129800.0,2026-07-08 00:00:00,122000.0,-6.009244992295837,2.080123266563949,-10.169491525423723,CLOSED,129400.0,47.953216374269005,29.76832215743023,20.93170851501498,20.455600473409284,21.090445,0.5805536,1290.23654,594007883776.0,2026-04-16
2026-04-10,3249.T,,8,1,5,2026-04-13 00:00:00,142698.46807065216,2026-04-17 00:00:00,146397.34375,2.5920920731373753,2.933156209018817,-0.4774897680764001,CLOSED,146600.0,50.84745762711864,21.34368743475093,23.706826770749316,23.44809328712444,18.348623,1.5877135,1027.643075,371809255424.0,2026-03-19
2026-04-10,3249.T,,8,1,10,2026-04-13 00:00:00,142698.46807065216,2026-04-24 00:00:00,144255.890625,1.0914080406082105,3.1377951902389567,-0.4774897680764001,CLOSED,146600.0,50.84745762711864,21.34368743475093,23.706826770749316,23.44809328712444,18.348623,1.5877135,1027.643075,371809255424.0,2026-03-19
2026-04-10,3249.T,,8,1,20,2026-04-13 00:00:00,142698.46807065216,2026-05-14 00:00:00,138902.265625,-2.6602965658836686,3.1377951902389567,-3.6834854355175417,CLOSED,146600.0,50.84745762711864,21.34368743475093,23.706826770749316,23.44809328712444,18.348623,1.5877135,1027.643075,371809255424.0,2026-03-19
2026-04-10,3249.T,,8,1,40,2026-04-13 00:00:00,142698.46807065216,2026-06-11 00:00:00,137052.828125,-3.956342364416221,3.1377951902389567,-7.366977475665526,CLOSED,146600.0,50.84745762711864,21.34368743475093,23.706826770749316,23.44809328712444,18.348623,1.5877135,1027.643075,371809255424.0,2026-03-19
2026-04-10,3249.T,,8,1,50,2026-04-13 00:00:00,142698.46807065216,2026-06-25 00:00:00,138123.5625,-3.2059948733206167,3.1377951902389567,-7.366977475665526,CLOSED,146600.0,50.84745762711864,21.34368743475093,23.706826770749316,23.44809328712444,18.348623,1.5877135,1027.643075,371809255424.0,2026-03-19
2026-04-10,3249.T,,8,1,60,2026-04-13 00:00:00,142698.46807065216,2026-07-09 00:00:00,139972.984375,-1.909960024450108,3.1377951902389567,-7.366977475665526,CLOSED,146600.0,50.84745762711864,21.34368743475093,23.706826770749316,23.44809328712444,18.348623,1.5877135,1027.643075,371809255424.0,2026-03-19
2026-04-13,3249.T,,8,0,5,2026-04-14 00:00:00,144839.92696440563,2026-04-20 00:00:00,145813.3125,0.6720422717650054,1.612902479912326,-0.47043010752688685,CLOSED,147200.0,50.63829787234043,20.03735389787312,23.905898205332804,22.4885398107713,18.42372,1.5942117,991.75199,373331001344.0,2026-03-19
2026-04-13,3249.T,,8,0,10,2026-04-14 00:00:00,144839.92696440563,2026-04-27 00:00:00,144158.546875,-0.47043664249643014,1.612902479912326,-1.2096794551934686,CLOSED,147200.0,50.63829787234043,20.03735389787312,23.905898205332804,22.4885398107713,18.42372,1.5942117,991.75199,373331001344.0,2026-03-19
2026-04-13,3249.T,,8,0,20,2026-04-14 00:00:00,144839.92696440563,2026-05-15 00:00:00,139291.625,-3.83064399484897,1.612902479912326,-5.107525484779196,CLOSED,147200.0,50.63829787234043,20.03735389787312,23.905898205332804,22.4885398107713,18.42372,1.5942117,991.75199,373331001344.0,2026-03-19
2026-04-13,3249.T,,8,0,40,2026-04-14 00:00:00,144839.92696440563,2026-06-12 00:00:00,138318.234375,-4.502689780427971,1.612902479912326,-8.736557080526497,CLOSED,147200.0,50.63829787234043,20.03735389787312,23.905898205332804,22.4885398107713,18.42372,1.5942117,991.75199,373331001344.0,2026-03-19
2026-04-13,3249.T,,8,0,50,2026-04-14 00:00:00,144839.92696440563,2026-06-26 00:00:00,140362.34375,-3.0914011821519316,1.612902479912326,-8.736557080526497,CLOSED,147200.0,50.63829787234043,20.03735389787312,23.905898205332804,22.4885398107713,18.42372,1.5942117,991.75199,373331001344.0,2026-03-19
2026-04-13,3249.T,,8,0,60,2026-04-14 00:00:00,144839.92696440563,2026-07-10 00:00:00,139096.9375,-3.9650596246275205,1.612902479912326,-8.736557080526497,CLOSED,147200.0,50.63829787234043,20.03735389787312,23.905898205332804,22.4885398107713,18.42372,1.5942117,991.75199,373331001344.0,2026-03-19
2026-04-14,2979.T,,8,0,5,2026-04-15 00:00:00,124605.86921751969,2026-04-21 00:00:00,124508.140625,-0.07843016796350577,1.3333345549380926,-0.9411740896938636,CLOSED,127300.0,51.41242937853107,23.28801852678312,21.27338861074825,21.213155541132625,23.425928,1.1751652,204.61855,92610748416.0,2025-01-17
2026-04-14,2979.T,,8,0,10,2026-04-15 00:00:00,124605.86921751969,2026-04-28 00:00:00,122455.8046875,-1.725492180682442,1.3333345549380926,-1.9607862935778653,CLOSED,127300.0,51.41242937853107,23.28801852678312,21.27338861074825,21.213155541132625,23.425928,1.1751652,204.61855,92610748416.0,2025-01-17
2026-04-14,2979.T,,8,0,20,2026-04-15 00:00:00,124605.86921751969,2026-05-18 00:00:00,118057.953125,-5.254901822553193,1.3333345549380926,-6.823529275822182,CLOSED,127300.0,51.41242937853107,23.28801852678312,21.27338861074825,21.213155541132625,23.425928,1.1751652,204.61855,92610748416.0,2025-01-17
2026-04-14,2979.T,,8,0,40,2026-04-15 00:00:00,124605.86921751969,2026-06-15 00:00:00,114400.0,-8.190520463930717,1.3333345549380926,-11.079629959821002,CLOSED,127300.0,51.41242937853107,23.28801852678312,21.27338861074825,21.213155541132625,23.425928,1.1751652,204.61855,92610748416.0,2025-01-17
2026-04-14,2979.T,,8,0,50,2026-04-15 00:00:00,124605.86921751969,2026-06-29 00:00:00,113100.0,-9.23381000411332,1.3333345549380926,-12.925449915528697,CLOSED,127300.0,51.41242937853107,23.28801852678312,21.27338861074825,21.213155541132625,23.425928,1.1751652,204.61855,92610748416.0,2025-01-17
2026-04-14,2979.T,,8,0,60,2026-04-15 00:00:00,124605.86921751969,2026-07-13 00:00:00,110900.0,-10.9993769182685,1.3333345549380926,-12.925449915528697,CLOSED,127300.0,51.41242937853107,23.28801852678312,21.27338861074825,21.213155541132625,23.425928,1.1751652,204.61855,92610748416.0,2025-01-17
2026-04-14,8954.T,,8,0,5,2026-04-15 00:00:00,101700.0,2026-04-21 00:00:00,100800.0,-0.8849557522123908,0.2949852507374562,-1.4749262536873142,CLOSED,101300.0,53.10344827586207,23.140391064773976,22.486016460176785,22.07415100054304,23.779343,0.8013643,1208.52358,559176024064.0,2026-04-21
2026-04-14,8954.T,,8,0,10,2026-04-15 00:00:00,101700.0,2026-04-28 00:00:00,99800.0,-1.868239921337267,0.2949852507374562,-3.6381514257620484,CLOSED,101300.0,53.10344827586207,23.140391064773976,22.486016460176785,22.07415100054304,23.779343,0.8013643,1208.52358,559176024064.0,2026-04-21
2026-04-14,8954.T,,8,0,20,2026-04-15 00:00:00,101700.0,2026-05-18 00:00:00,96000.0,-5.604719764011801,0.2949852507374562,-6.4896755162241915,CLOSED,101300.0,53.10344827586207,23.140391064773976,22.486016460176785,22.07415100054304,23.779343,0.8013643,1208.52358,559176024064.0,2026-04-21
2026-04-14,8954.T,,8,0,40,2026-04-15 00:00:00,101700.0,2026-06-15 00:00:00,95600.0,-5.998033431661753,0.2949852507374562,-10.127826941986228,CLOSED,101300.0,53.10344827586207,23.140391064773976,22.486016460176785,22.07415100054304,23.779343,0.8013643,1208.52358,559176024064.0,2026-04-21
2026-04-14,8954.T,,8,0,50,2026-04-15 00:00:00,101700.0,2026-06-29 00:00:00,97800.0,-3.834808259587019,0.2949852507374562,-10.127826941986228,CLOSED,101300.0,53.10344827586207,23.140391064773976,22.486016460176785,22.07415100054304,23.779343,0.8013643,1208.52358,559176024064.0,2026-04-21
2026-04-14,8954.T,,8,0,60,2026-04-15 00:00:00,101700.0,2026-07-13 00:00:00,98000.0,-3.6381514257620484,0.2949852507374562,-10.127826941986228,CLOSED,101300.0,53.10344827586207,23.140391064773976,22.486016460176785,22.07415100054304,23.779343,0.8013643,1208.52358,559176024064.0,2026-04-21
2026-04-14,8966.T,,8,0,5,2026-04-15 00:00:00,145327.24544841537,2026-04-21 00:00:00,143870.09375,-1.0026693163551315,0.0,-1.2700512432757494,CLOSED,148900.0,48.26086956521739,24.029185194080554,22.876680935660783,20.85670247080137,18.043434,1.5642338,385.12398,186353270784.0,2026-01-20
2026-04-14,8966.T,,8,0,10,2026-04-15 00:00:00,145327.24544841537,2026-04-28 00:00:00,143870.09375,-1.0026693163551315,0.0,-2.072193846410586,CLOSED,148900.0,48.26086956521739,24.029185194080554,22.876680935660783,20.85670247080137,18.043434,1.5642338,385.12398,186353270784.0,2026-01-20
2026-04-14,8966.T,,8,0,20,2026-04-15 00:00:00,145327.24544841537,2026-05-18 00:00:00,136487.15625,-6.0828849890733006,0.0,-6.4171095976531145,CLOSED,148900.0,48.26086956521739,24.029185194080554,22.876680935660783,20.85670247080137,18.043434,1.5642338,385.12398,186353270784.0,2026-01-20
2026-04-14,8966.T,,8,0,40,2026-04-15 00:00:00,145327.24544841537,2026-06-15 00:00:00,136100.0,-6.349288063600311,0.0,-10.409091152687445,CLOSED,148900.0,48.26086956521739,24.029185194080554,22.876680935660783,20.85670247080137,18.043434,1.5642338,385.12398,186353270784.0,2026-01-20
2026-04-14,8966.T,,8,0,50,2026-04-15 00:00:00,145327.24544841537,2026-06-29 00:00:00,134300.0,-7.58787205688114,0.0,-10.409091152687445,CLOSED,148900.0,48.26086956521739,24.029185194080554,22.876680935660783,20.85670247080137,18.043434,1.5642338,385.12398,186353270784.0,2026-01-20
2026-04-14,8966.T,,8,0,60,2026-04-15 00:00:00,145327.24544841537,2026-07-13 00:00:00,133600.0,-8.06954360982367,0.0,-10.409091152687445,CLOSED,148900.0,48.26086956521739,24.029185194080554,22.876680935660783,20.85670247080137,18.043434,1.5642338,385.12398,186353270784.0,2026-01-20
2026-04-15,2979.T,,8,0,5,2026-04-16 00:00:00,124117.22173317683,2026-04-22 00:00:00,123628.5703125,-0.39370154588805883,1.732282245829797,-0.7086621734109566,CLOSED,127000.0,53.846153846153854,21.94668590309877,22.10005214129714,20.192909487546505,23.364014,1.1723957,205.84535,92392497152.0,2025-01-17
2026-04-15,2979.T,,8,0,10,2026-04-16 00:00:00,124117.22173317683,2026-04-30 00:00:00,120110.2890625,-3.228345442094094,1.732282245829797,-3.464565917011686,CLOSED,127000.0,53.846153846153854,21.94668590309877,22.10005214129714,20.192909487546505,23.364014,1.1723957,205.84535,92392497152.0,2025-01-17
2026-04-15,2979.T,,8,0,20,2026-04-16 00:00:00,124117.22173317683,2026-05-19 00:00:00,117667.03125,-5.196853742861929,1.732282245829797,-6.456695025236103,CLOSED,127000.0,53.846153846153854,21.94668590309877,22.10005214129714,20.192909487546505,23.364014,1.1723957,205.84535,92392497152.0,2025-01-17
2026-04-15,2979.T,,8,0,40,2026-04-16 00:00:00,124117.22173317683,2026-06-16 00:00:00,111500.0,-10.165568933133972,1.732282245829797,-10.729551908441648,CLOSED,127000.0,53.846153846153854,21.94668590309877,22.10005214129714,20.192909487546505,23.364014,1.1723957,205.84535,92392497152.0,2025-01-17
2026-04-15,2979.T,,8,0,50,2026-04-16 00:00:00,124117.22173317683,2026-06-30 00:00:00,113400.0,-8.634758000155983,1.732282245829797,-12.582638827309744,CLOSED,127000.0,53.846153846153854,21.94668590309877,22.10005214129714,20.192909487546505,23.364014,1.1723957,205.84535,92392497152.0,2025-01-17
2026-04-15,2979.T,,8,0,60,2026-04-16 00:00:00,124117.22173317683,2026-07-14 00:00:00,111600.0,-10.084999936661454,1.732282245829797,-12.582638827309744,CLOSED,127000.0,53.846153846153854,21.94668590309877,22.10005214129714,20.192909487546505,23.364014,1.1723957,205.84535,92392497152.0,2025-01-17
2026-04-15,3283.T,,8,0,5,2026-04-16 00:00:00,88492.13315029102,2026-04-22 00:00:00,86536.5,-2.2099514167769674,0.0,-2.2099514167769674,CLOSED,90000.0,50.40650406504064,26.789616638462387,23.77678979997068,18.67984305101233,24.619223,1.5151258,1344.661315,755019612160.0,2026-01-21
2026-04-15,3283.T,,8,0,10,2026-04-16 00:00:00,88492.13315029102,2026-04-30 00:00:00,87416.5390625,-1.2154685953431388,0.0,-2.3204412357374693,CLOSED,90000.0,50.40650406504064,26.789616638462387,23.77678979997068,18.67984305101233,24.619223,1.5151258,1344.661315,755019612160.0,2026-01-21
2026-04-15,3283.T,,8,0,20,2026-04-16 00:00:00,88492.13315029102,2026-05-19 00:00:00,84385.3125,-4.640887844025842,3.314912928166125,-6.961329977890052,CLOSED,90000.0,50.40650406504064,26.789616638462387,23.77678979997068,18.67984305101233,24.619223,1.5151258,1344.661315,755019612160.0,2026-01-21
2026-04-15,3283.T,,8,0,40,2026-04-16 00:00:00,88492.13315029102,2026-06-16 00:00:00,84700.0,-4.285277137404552,3.314912928166125,-7.223391416539715,CLOSED,90000.0,50.40650406504064,26.789616638462387,23.77678979997068,18.67984305101233,24.619223,1.5151258,1344.661315,755019612160.0,2026-01-21
2026-04-15,3283.T,,8,0,50,2026-04-16 00:00:00,88492.13315029102,2026-06-30 00:00:00,86800.0,-1.9121848350261539,3.314912928166125,-7.223391416539715,CLOSED,90000.0,50.40650406504064,26.789616638462387,23.77678979997068,18.67984305101233,24.619223,1.5151258,1344.661315,755019612160.0,2026-01-21
2026-04-15,3283.T,,8,0,60,2026-04-16 00:00:00,88492.13315029102,2026-07-14 00:00:00,88500.0,0.008889885946827825,3.314912928166125,-7.223391416539715,CLOSED,90000.0,50.40650406504064,26.789616638462387,23.77678979997068,18.67984305101233,24.619223,1.5151258,1344.661315,755019612160.0,2026-01-21
2026-04-15,6135.T,,8,0,5,2026-04-16 00:00:00,11610.0,2026-04-22 00:00:00,11590.0,-0.17226528854435985,0.25839793281654533,-0.2583979328165342,CLOSED,11610.0,54.54545454545455,20.31245236409529,27.758266007548816,14.305163285596397,17.667736,1.0800753,1180.759,271579267072.0,2025-07-29
2026-04-15,6135.T,,8,0,10,2026-04-16 00:00:00,11610.0,2026-04-30 00:00:00,11900.0,2.49784668389319,2.84237726098191,-10.68044788975021,CLOSED,11610.0,54.54545454545455,20.31245236409529,27.758266007548816,14.305163285596397,17.667736,1.0800753,1180.759,271579267072.0,2025-07-29
2026-04-15,6135.T,,8,0,20,2026-04-16 00:00:00,11610.0,2026-05-19 00:00:00,13810.0,18.949181739879407,22.049956933677862,-10.68044788975021,CLOSED,11610.0,54.54545454545455,20.31245236409529,27.758266007548816,14.305163285596397,17.667736,1.0800753,1180.759,271579267072.0,2025-07-29
2026-04-15,6135.T,,8,0,40,2026-04-16 00:00:00,11610.0,2026-06-16 00:00:00,14390.0,23.94487510766581,29.198966408268735,-10.68044788975021,CLOSED,11610.0,54.54545454545455,20.31245236409529,27.758266007548816,14.305163285596397,17.667736,1.0800753,1180.759,271579267072.0,2025-07-29
2026-04-15,6135.T,,8,0,50,2026-04-16 00:00:00,11610.0,2026-06-30 00:00:00,15200.0,30.92161929371231,37.29543496985357,-10.68044788975021,CLOSED,11610.0,54.54545454545455,20.31245236409529,27.758266007548816,14.305163285596397,17.667736,1.0800753,1180.759,271579267072.0,2025-07-29
2026-04-15,6135.T,,8,0,60,2026-04-16 00:00:00,11610.0,2026-07-14 00:00:00,14790.0,27.39018087855296,37.29543496985357,-10.68044788975021,CLOSED,11610.0,54.54545454545455,20.31245236409529,27.758266007548816,14.305163285596397,17.667736,1.0800753,1180.759,271579267072.0,2025-07-29
2026-04-15,8954.T,,8,0,5,2026-04-16 00:00:00,101500.0,2026-04-22 00:00:00,99100.0,-2.364532019704435,0.19704433497536034,-3.4482758620689613,CLOSED,101000.0,54.60992907801418,21.97049279873431,24.152823916410544,21.09336047909184,23.739012,0.7989911,1202.71904,557519994880.0,2026-04-21
2026-04-15,8954.T,,8,0,10,2026-04-16 00:00:00,101500.0,2026-04-30 00:00:00,99200.0,-2.266009852216744,0.19704433497536034,-3.4482758620689613,CLOSED,101000.0,54.60992907801418,21.97049279873431,24.152823916410544,21.09336047909184,23.739012,0.7989911,1202.71904,557519994880.0,2026-04-21
2026-04-15,8954.T,,8,0,20,2026-04-16 00:00:00,101500.0,2026-05-19 00:00:00,96800.0,-4.630541871921179,0.19704433497536034,-6.305418719211819,CLOSED,101000.0,54.60992907801418,21.97049279873431,24.152823916410544,21.09336047909184,23.739012,0.7989911,1202.71904,557519994880.0,2026-04-21
2026-04-15,8954.T,,8,0,40,2026-04-16 00:00:00,101500.0,2026-06-16 00:00:00,93600.0,-7.783251231527089,0.19704433497536034,-9.950738916256153,CLOSED,101000.0,54.60992907801418,21.97049279873431,24.152823916410544,21.09336047909184,23.739012,0.7989911,1202.71904,557519994880.0,2026-04-21
2026-04-15,8954.T,,8,0,50,2026-04-16 00:00:00,101500.0,2026-06-30 00:00:00,97500.0,-3.9408866995073843,0.19704433497536034,-9.950738916256153,CLOSED,101000.0,54.60992907801418,21.97049279873431,24.152823916410544,21.09336047909184,23.739012,0.7989911,1202.71904,557519994880.0,2026-04-21
2026-04-15,8954.T,,8,0,60,2026-04-16 00:00:00,101500.0,2026-07-14 00:00:00,99100.0,-2.364532019704435,0.19704433497536034,-9.950738916256153,CLOSED,101000.0,54.60992907801418,21.97049279873431,24.152823916410544,21.09336047909184,23.739012,0.7989911,1202.71904,557519994880.0,2026-04-21
2026-04-16,8966.T,,8,0,5,2026-04-17 00:00:00,144647.24155490892,2026-04-23 00:00:00,143190.078125,-1.0073910945310183,0.1343183344526544,-1.6118235776716117,CLOSED,149100.0,51.834862385321095,21.27121715272276,21.36544068992751,20.227127842167278,18.082634,1.5663348,385.21306,186603569152.0,2026-01-20
2026-04-16,8966.T,,8,0,10,2026-04-17 00:00:00,144647.24155490892,2026-05-01 00:00:00,143481.515625,-0.8059095475155709,0.1343183344526544,-1.8804562281111936,CLOSED,149100.0,51.834862385321095,21.27121715272276,21.36544068992751,20.227127842167278,18.082634,1.5663348,385.21306,186603569152.0,2026-01-20
2026-04-16,8966.T,,8,0,20,2026-04-17 00:00:00,144647.24155490892,2026-05-20 00:00:00,135515.71875,-6.312960210473517,0.20147658327824836,-6.7159152203209445,CLOSED,149100.0,51.834862385321095,21.27121715272276,21.36544068992751,20.227127842167278,18.082634,1.5663348,385.21306,186603569152.0,2026-01-20
2026-04-16,8966.T,,8,0,40,2026-04-17 00:00:00,144647.24155490892,2026-06-17 00:00:00,133000.0,-8.052169837257184,0.20147658327824836,-9.987913630157031,CLOSED,149100.0,51.834862385321095,21.27121715272276,21.36544068992751,20.227127842167278,18.082634,1.5663348,385.21306,186603569152.0,2026-01-20
2026-04-16,8966.T,,8,0,50,2026-04-17 00:00:00,144647.24155490892,2026-07-01 00:00:00,132900.0,-8.121303544146464,0.20147658327824836,-9.987913630157031,CLOSED,149100.0,51.834862385321095,21.27121715272276,21.36544068992751,20.227127842167278,18.082634,1.5663348,385.21306,186603569152.0,2026-01-20
2026-04-16,8966.T,,8,0,60,2026-04-17 00:00:00,144647.24155490892,2026-07-15 00:00:00,135500.0,-6.323827165025175,0.20147658327824836,-9.987913630157031,CLOSED,149100.0,51.834862385321095,21.27121715272276,21.36544068992751,20.227127842167278,18.082634,1.5663348,385.21306,186603569152.0,2026-01-20
2026-04-21,1813.T,,8,0,5,2026-04-22 00:00:00,3100.0,2026-04-28 00:00:00,3055.0,-1.4516129032258074,0.0,-5.225806451612902,CLOSED,3110.0,49.03846153846154,26.74831210592415,32.442407897172046,25.4271818566719,15.585848,1.2762849,207.22293,47116103680.0,2025-08-06
2026-04-21,1813.T,,8,0,10,2026-04-22 00:00:00,3100.0,2026-05-11 00:00:00,2845.0,-8.225806451612904,1.774193548387104,-10.419354838709683,CLOSED,3110.0,49.03846153846154,26.74831210592415,32.442407897172046,25.4271818566719,15.585848,1.2762849,207.22293,47116103680.0,2025-08-06
2026-04-21,1813.T,,8,0,20,2026-04-22 00:00:00,3100.0,2026-05-25 00:00:00,2799.0,-9.709677419354835,1.774193548387104,-13.225806451612899,CLOSED,3110.0,49.03846153846154,26.74831210592415,32.442407897172046,25.4271818566719,15.585848,1.2762849,207.22293,47116103680.0,2025-08-06
2026-04-21,1813.T,,8,0,40,2026-04-22 00:00:00,3100.0,2026-06-22 00:00:00,2655.0,-14.35483870967742,1.774193548387104,-17.483870967741932,CLOSED,3110.0,49.03846153846154,26.74831210592415,32.442407897172046,25.4271818566719,15.585848,1.2762849,207.22293,47116103680.0,2025-08-06
2026-04-21,1813.T,,8,0,50,2026-04-22 00:00:00,3100.0,2026-07-06 00:00:00,2802.0,-9.612903225806447,1.774193548387104,-18.90322580645162,CLOSED,3110.0,49.03846153846154,26.74831210592415,32.442407897172046,25.4271818566719,15.585848,1.2762849,207.22293,47116103680.0,2025-08-06
2026-04-21,1813.T,,8,0,60,2026-04-22 00:00:00,3100.0,2026-07-21 00:00:00,2726.0,-12.064516129032254,1.774193548387104,-18.90322580645162,CLOSED,3110.0,49.03846153846154,26.74831210592415,32.442407897172046,25.4271818566719,15.585848,1.2762849,207.22293,47116103680.0,2025-08-06
2026-04-28,1870.T,,8,0,5,2026-04-30 00:00:00,2158.0,2026-05-11 00:00:00,2118.0,-1.853568118628357,0.5097312326227899,-2.2706209453197457,CLOSED,2190.0,52.45398773006136,21.110017025840907,31.756725151107336,25.828953430915572,9.046597,1.2887918,336.98559,94567964672.0,2025-08-06
2026-04-28,1870.T,,8,0,10,2026-04-30 00:00:00,2158.0,2026-05-18 00:00:00,1893.0,-12.279888785912885,0.5097312326227899,-13.531047265987029,CLOSED,2190.0,52.45398773006136,21.110017025840907,31.756725151107336,25.828953430915572,9.046597,1.2887918,336.98559,94567964672.0,2025-08-06
2026-04-28,1870.T,,8,0,20,2026-04-30 00:00:00,2158.0,2026-06-01 00:00:00,1855.0,-14.040778498609829,0.5097312326227899,-15.84800741427247,CLOSED,2190.0,52.45398773006136,21.110017025840907,31.756725151107336,25.828953430915572,9.046597,1.2887918,336.98559,94567964672.0,2025-08-06
2026-04-28,1870.T,,8,0,40,2026-04-30 00:00:00,2158.0,2026-06-29 00:00:00,1833.0,-15.06024096385542,0.5097312326227899,-17.516218721038,CLOSED,2190.0,52.45398773006136,21.110017025840907,31.756725151107336,25.828953430915572,9.046597,1.2887918,336.98559,94567964672.0,2025-08-06
2026-04-28,1870.T,,8,0,50,2026-04-30 00:00:00,2158.0,2026-07-13 00:00:00,1843.0,-14.596848934198336,0.5097312326227899,-17.516218721038,CLOSED,2190.0,52.45398773006136,21.110017025840907,31.756725151107336,25.828953430915572,9.046597,1.2887918,336.98559,94567964672.0,2025-08-06
2026-04-28,1870.T,,8,0,60,2026-04-30 00:00:00,2158.0,2026-07-28 00:00:00,1936.0,-10.287303058387398,0.5097312326227899,-17.516218721038,CLOSED,2190.0,52.45398773006136,21.110017025840907,31.756725151107336,25.828953430915572,9.046597,1.2887918,336.98559,94567964672.0,2025-08-06
2026-04-28,5482.T,,8,0,5,2026-04-30 00:00:00,2975.0,2026-05-11 00:00:00,2917.0,-1.9495798319327684,0.10084033613444454,-5.983193277310928,CLOSED,3005.0,54.14965986394557,22.34508468417308,37.77699205164363,28.2441204418682,18.651854,0.8525059,705.282975,192377405440.0,2025-07-29
2026-04-28,5482.T,,8,0,10,2026-04-30 00:00:00,2975.0,2026-05-18 00:00:00,2817.0,-5.310924369747894,0.10084033613444454,-5.983193277310928,CLOSED,3005.0,54.14965986394557,22.34508468417308,37.77699205164363,28.2441204418682,18.651854,0.8525059,705.282975,192377405440.0,2025-07-29
2026-04-28,5482.T,,8,0,20,2026-04-30 00:00:00,2975.0,2026-06-01 00:00:00,2864.0,-3.731092436974792,0.10084033613444454,-7.294117647058829,CLOSED,3005.0,54.14965986394557,22.34508468417308,37.77699205164363,28.2441204418682,18.651854,0.8525059,705.282975,192377405440.0,2025-07-29
2026-04-28,5482.T,,8,0,40,2026-04-30 00:00:00,2975.0,2026-06-29 00:00:00,3075.0,3.3613445378151363,6.890756302521006,-7.294117647058829,CLOSED,3005.0,54.14965986394557,22.34508468417308,37.77699205164363,28.2441204418682,18.651854,0.8525059,705.282975,192377405440.0,2025-07-29
2026-04-28,5482.T,,8,0,50,2026-04-30 00:00:00,2975.0,2026-07-13 00:00:00,2983.0,0.26890756302520025,7.394957983193273,-7.294117647058829,CLOSED,3005.0,54.14965986394557,22.34508468417308,37.77699205164363,28.2441204418682,18.651854,0.8525059,705.282975,192377405440.0,2025-07-29
2026-04-28,5482.T,,8,0,60,2026-04-30 00:00:00,2975.0,2026-07-28 00:00:00,3175.0,6.72268907563025,7.394957983193273,-7.294117647058829,CLOSED,3005.0,54.14965986394557,22.34508468417308,37.77699205164363,28.2441204418682,18.651854,0.8525059,705.282975,192377405440.0,2025-07-29
2026-04-28,7949.T,,8,0,5,2026-04-30 00:00:00,2664.0,2026-05-11 00:00:00,2527.0,-5.142642642642647,0.0,-5.292792792792788,CLOSED,2685.0,48.92787524366472,27.421355882287468,36.69732561029547,26.6077279528428,17.59156,1.2502863,216.50044,47258320896.0,2025-07-23
2026-04-28,7949.T,,8,0,10,2026-04-30 00:00:00,2664.0,2026-05-18 00:00:00,2452.0,-7.957957957957962,0.0,-7.957957957957962,CLOSED,2685.0,48.92787524366472,27.421355882287468,36.69732561029547,26.6077279528428,17.59156,1.2502863,216.50044,47258320896.0,2025-07-23
2026-04-28,7949.T,,8,0,20,2026-04-30 00:00:00,2664.0,2026-06-01 00:00:00,2422.0,-9.084084084084088,0.0,-10.773273273273276,CLOSED,2685.0,48.92787524366472,27.421355882287468,36.69732561029547,26.6077279528428,17.59156,1.2502863,216.50044,47258320896.0,2025-07-23
2026-04-28,7949.T,,8,0,40,2026-04-30 00:00:00,2664.0,2026-06-29 00:00:00,2541.0,-4.61711711711712,0.0,-10.885885885885882,CLOSED,2685.0,48.92787524366472,27.421355882287468,36.69732561029547,26.6077279528428,17.59156,1.2502863,216.50044,47258320896.0,2025-07-23
2026-04-28,7949.T,,8,0,50,2026-04-30 00:00:00,2664.0,2026-07-13 00:00:00,2581.0,-3.115615615615619,0.0,-10.885885885885882,CLOSED,2685.0,48.92787524366472,27.421355882287468,36.69732561029547,26.6077279528428,17.59156,1.2502863,216.50044,47258320896.0,2025-07-23
2026-04-28,7949.T,,8,0,60,2026-04-30 00:00:00,2664.0,2026-07-28 00:00:00,2753.0,3.3408408408408308,3.603603603603611,-10.885885885885882,CLOSED,2685.0,48.92787524366472,27.421355882287468,36.69732561029547,26.6077279528428,17.59156,1.2502863,216.50044,47258320896.0,2025-07-23
2026-04-29,1870.T,,8,0,5,2026-04-30 00:00:00,2158.0,2026-05-11 00:00:00,2118.0,-1.853568118628357,0.5097312326227899,-2.2706209453197457,CLOSED,2190.0,52.45398773006136,21.110017025840907,31.756725151107336,25.828953430915572,9.049587,1.2887918,336.98559,94567964672.0,2025-08-06
2026-04-29,1870.T,,8,0,10,2026-04-30 00:00:00,2158.0,2026-05-18 00:00:00,1893.0,-12.279888785912885,0.5097312326227899,-13.531047265987029,CLOSED,2190.0,52.45398773006136,21.110017025840907,31.756725151107336,25.828953430915572,9.049587,1.2887918,336.98559,94567964672.0,2025-08-06
2026-04-29,1870.T,,8,0,20,2026-04-30 00:00:00,2158.0,2026-06-01 00:00:00,1855.0,-14.040778498609829,0.5097312326227899,-15.84800741427247,CLOSED,2190.0,52.45398773006136,21.110017025840907,31.756725151107336,25.828953430915572,9.049587,1.2887918,336.98559,94567964672.0,2025-08-06
2026-04-29,1870.T,,8,0,40,2026-04-30 00:00:00,2158.0,2026-06-29 00:00:00,1833.0,-15.06024096385542,0.5097312326227899,-17.516218721038,CLOSED,2190.0,52.45398773006136,21.110017025840907,31.756725151107336,25.828953430915572,9.049587,1.2887918,336.98559,94567964672.0,2025-08-06
2026-04-29,1870.T,,8,0,50,2026-04-30 00:00:00,2158.0,2026-07-13 00:00:00,1843.0,-14.596848934198336,0.5097312326227899,-17.516218721038,CLOSED,2190.0,52.45398773006136,21.110017025840907,31.756725151107336,25.828953430915572,9.049587,1.2887918,336.98559,94567964672.0,2025-08-06
2026-04-29,1870.T,,8,0,60,2026-04-30 00:00:00,2158.0,2026-07-28 00:00:00,1936.0,-10.287303058387398,0.5097312326227899,-17.516218721038,CLOSED,2190.0,52.45398773006136,21.110017025840907,31.756725151107336,25.828953430915572,9.049587,1.2887918,336.98559,94567964672.0,2025-08-06
2026-04-29,5482.T,,8,0,5,2026-04-30 00:00:00,2975.0,2026-05-11 00:00:00,2917.0,-1.9495798319327684,0.10084033613444454,-5.983193277310928,CLOSED,3005.0,54.14965986394557,22.34508468417308,37.77699205164363,28.2441204418682,17.606047,0.8525059,705.282975,192377405440.0,2025-07-29
2026-04-29,5482.T,,8,0,10,2026-04-30 00:00:00,2975.0,2026-05-18 00:00:00,2817.0,-5.310924369747894,0.10084033613444454,-5.983193277310928,CLOSED,3005.0,54.14965986394557,22.34508468417308,37.77699205164363,28.2441204418682,17.606047,0.8525059,705.282975,192377405440.0,2025-07-29
2026-04-29,5482.T,,8,0,20,2026-04-30 00:00:00,2975.0,2026-06-01 00:00:00,2864.0,-3.731092436974792,0.10084033613444454,-7.294117647058829,CLOSED,3005.0,54.14965986394557,22.34508468417308,37.77699205164363,28.2441204418682,17.606047,0.8525059,705.282975,192377405440.0,2025-07-29
2026-04-29,5482.T,,8,0,40,2026-04-30 00:00:00,2975.0,2026-06-29 00:00:00,3075.0,3.3613445378151363,6.890756302521006,-7.294117647058829,CLOSED,3005.0,54.14965986394557,22.34508468417308,37.77699205164363,28.2441204418682,17.606047,0.8525059,705.282975,192377405440.0,2025-07-29
2026-04-29,5482.T,,8,0,50,2026-04-30 00:00:00,2975.0,2026-07-13 00:00:00,2983.0,0.26890756302520025,7.394957983193273,-7.294117647058829,CLOSED,3005.0,54.14965986394557,22.34508468417308,37.77699205164363,28.2441204418682,17.606047,0.8525059,705.282975,192377405440.0,2025-07-29
2026-04-29,5482.T,,8,0,60,2026-04-30 00:00:00,2975.0,2026-07-28 00:00:00,3175.0,6.72268907563025,7.394957983193273,-7.294117647058829,CLOSED,3005.0,54.14965986394557,22.34508468417308,37.77699205164363,28.2441204418682,17.606047,0.8525059,705.282975,192377405440.0,2025-07-29
2026-04-29,7949.T,,8,0,5,2026-04-30 00:00:00,2664.0,2026-05-11 00:00:00,2527.0,-5.142642642642647,0.0,-5.292792792792788,CLOSED,2685.0,48.92787524366472,27.421355882287468,36.69732561029547,26.6077279528428,15.479965,1.2502863,216.50044,47258320896.0,2025-07-23
2026-04-29,7949.T,,8,0,10,2026-04-30 00:00:00,2664.0,2026-05-18 00:00:00,2452.0,-7.957957957957962,0.0,-7.957957957957962,CLOSED,2685.0,48.92787524366472,27.421355882287468,36.69732561029547,26.6077279528428,15.479965,1.2502863,216.50044,47258320896.0,2025-07-23
2026-04-29,7949.T,,8,0,20,2026-04-30 00:00:00,2664.0,2026-06-01 00:00:00,2422.0,-9.084084084084088,0.0,-10.773273273273276,CLOSED,2685.0,48.92787524366472,27.421355882287468,36.69732561029547,26.6077279528428,15.479965,1.2502863,216.50044,47258320896.0,2025-07-23
2026-04-29,7949.T,,8,0,40,2026-04-30 00:00:00,2664.0,2026-06-29 00:00:00,2541.0,-4.61711711711712,0.0,-10.885885885885882,CLOSED,2685.0,48.92787524366472,27.421355882287468,36.69732561029547,26.6077279528428,15.479965,1.2502863,216.50044,47258320896.0,2025-07-23
2026-04-29,7949.T,,8,0,50,2026-04-30 00:00:00,2664.0,2026-07-13 00:00:00,2581.0,-3.115615615615619,0.0,-10.885885885885882,CLOSED,2685.0,48.92787524366472,27.421355882287468,36.69732561029547,26.6077279528428,15.479965,1.2502863,216.50044,47258320896.0,2025-07-23
2026-04-29,7949.T,,8,0,60,2026-04-30 00:00:00,2664.0,2026-07-28 00:00:00,2753.0,3.3408408408408308,3.603603603603611,-10.885885885885882,CLOSED,2685.0,48.92787524366472,27.421355882287468,36.69732561029547,26.6077279528428,15.479965,1.2502863,216.50044,47258320896.0,2025-07-23
2026-05-01,2664.T,,8,0,5,2026-05-07 00:00:00,3025.0,2026-05-13 00:00:00,3030.0,0.16528925619834212,2.809917355371905,-1.4876033057851235,CLOSED,3000.0,46.42857142857143,25.03174178523802,28.25095676778989,25.166361903784058,20.965826,0.5767794,258.417565,67002744832.0,2025-07-24
2026-05-01,2664.T,,8,0,10,2026-05-07 00:00:00,3025.0,2026-05-20 00:00:00,3050.0,0.8264462809917328,2.809917355371905,-1.4876033057851235,CLOSED,3000.0,46.42857142857143,25.03174178523802,28.25095676778989,25.166361903784058,20.965826,0.5767794,258.417565,67002744832.0,2025-07-24
2026-05-01,2664.T,,8,0,20,2026-05-07 00:00:00,3025.0,2026-06-03 00:00:00,3380.0,11.735537190082646,12.396694214876035,-1.4876033057851235,CLOSED,3000.0,46.42857142857143,25.03174178523802,28.25095676778989,25.166361903784058,20.965826,0.5767794,258.417565,67002744832.0,2025-07-24
2026-05-01,2664.T,,8,0,40,2026-05-07 00:00:00,3025.0,2026-07-01 00:00:00,3365.0,11.239669421487598,19.999999999999996,-1.4876033057851235,CLOSED,3000.0,46.42857142857143,25.03174178523802,28.25095676778989,25.166361903784058,20.965826,0.5767794,258.417565,67002744832.0,2025-07-24
2026-05-01,2664.T,,8,0,50,2026-05-07 00:00:00,3025.0,2026-07-15 00:00:00,3400.0,12.396694214876035,19.999999999999996,-1.4876033057851235,CLOSED,3000.0,46.42857142857143,25.03174178523802,28.25095676778989,25.166361903784058,20.965826,0.5767794,258.417565,67002744832.0,2025-07-24
2026-05-01,2664.T,,8,0,60,2026-05-07 00:00:00,3025.0,2026-07-30 00:00:00,3415.0,12.892561983471085,19.999999999999996,-1.4876033057851235,CLOSED,3000.0,46.42857142857143,25.03174178523802,28.25095676778989,25.166361903784058,20.965826,0.5767794,258.417565,67002744832.0,2025-07-24
2026-05-04,2664.T,,8,0,5,2026-05-07 00:00:00,3025.0,2026-05-13 00:00:00,3030.0,0.16528925619834212,2.809917355371905,-1.4876033057851235,CLOSED,3000.0,46.42857142857143,25.03174178523802,28.25095676778989,25.166361903784058,20.96436,0.57797354,258.417565,67002744832.0,2025-07-24
2026-05-04,2664.T,,8,0,10,2026-05-07 00:00:00,3025.0,2026-05-20 00:00:00,3050.0,0.8264462809917328,2.809917355371905,-1.4876033057851235,CLOSED,3000.0,46.42857142857143,25.03174178523802,28.25095676778989,25.166361903784058,20.96436,0.57797354,258.417565,67002744832.0,2025-07-24
2026-05-04,2664.T,,8,0,20,2026-05-07 00:00:00,3025.0,2026-06-03 00:00:00,3380.0,11.735537190082646,12.396694214876035,-1.4876033057851235,CLOSED,3000.0,46.42857142857143,25.03174178523802,28.25095676778989,25.166361903784058,20.96436,0.57797354,258.417565,67002744832.0,2025-07-24
2026-05-04,2664.T,,8,0,40,2026-05-07 00:00:00,3025.0,2026-07-01 00:00:00,3365.0,11.239669421487598,19.999999999999996,-1.4876033057851235,CLOSED,3000.0,46.42857142857143,25.03174178523802,28.25095676778989,25.166361903784058,20.96436,0.57797354,258.417565,67002744832.0,2025-07-24
2026-05-04,2664.T,,8,0,50,2026-05-07 00:00:00,3025.0,2026-07-15 00:00:00,3400.0,12.396694214876035,19.999999999999996,-1.4876033057851235,CLOSED,3000.0,46.42857142857143,25.03174178523802,28.25095676778989,25.166361903784058,20.96436,0.57797354,258.417565,67002744832.0,2025-07-24
2026-05-04,2664.T,,8,0,60,2026-05-07 00:00:00,3025.0,2026-07-30 00:00:00,3415.0,12.892561983471085,19.999999999999996,-1.4876033057851235,CLOSED,3000.0,46.42857142857143,25.03174178523802,28.25095676778989,25.166361903784058,20.96436,0.57797354,258.417565,67002744832.0,2025-07-24
2026-05-05,2664.T,,8,0,5,2026-05-07 00:00:00,3025.0,2026-05-13 00:00:00,3030.0,0.16528925619834212,2.809917355371905,-1.4876033057851235,CLOSED,3000.0,46.42857142857143,25.03174178523802,28.25095676778989,25.166361903784058,20.96436,0.57797354,258.417565,67002744832.0,2025-07-24
2026-05-05,2664.T,,8,0,10,2026-05-07 00:00:00,3025.0,2026-05-20 00:00:00,3050.0,0.8264462809917328,2.809917355371905,-1.4876033057851235,CLOSED,3000.0,46.42857142857143,25.03174178523802,28.25095676778989,25.166361903784058,20.96436,0.57797354,258.417565,67002744832.0,2025-07-24
2026-05-05,2664.T,,8,0,20,2026-05-07 00:00:00,3025.0,2026-06-03 00:00:00,3380.0,11.735537190082646,12.396694214876035,-1.4876033057851235,CLOSED,3000.0,46.42857142857143,25.03174178523802,28.25095676778989,25.166361903784058,20.96436,0.57797354,258.417565,67002744832.0,2025-07-24
2026-05-05,2664.T,,8,0,40,2026-05-07 00:00:00,3025.0,2026-07-01 00:00:00,3365.0,11.239669421487598,19.999999999999996,-1.4876033057851235,CLOSED,3000.0,46.42857142857143,25.03174178523802,28.25095676778989,25.166361903784058,20.96436,0.57797354,258.417565,67002744832.0,2025-07-24
2026-05-05,2664.T,,8,0,50,2026-05-07 00:00:00,3025.0,2026-07-15 00:00:00,3400.0,12.396694214876035,19.999999999999996,-1.4876033057851235,CLOSED,3000.0,46.42857142857143,25.03174178523802,28.25095676778989,25.166361903784058,20.96436,0.57797354,258.417565,67002744832.0,2025-07-24
2026-05-05,2664.T,,8,0,60,2026-05-07 00:00:00,3025.0,2026-07-30 00:00:00,3415.0,12.892561983471085,19.999999999999996,-1.4876033057851235,CLOSED,3000.0,46.42857142857143,25.03174178523802,28.25095676778989,25.166361903784058,20.96436,0.57797354,258.417565,67002744832.0,2025-07-24
2026-05-06,2664.T,,8,0,5,2026-05-07 00:00:00,3025.0,2026-05-13 00:00:00,3030.0,0.16528925619834212,2.809917355371905,-1.4876033057851235,CLOSED,3000.0,46.42857142857143,25.03174178523802,28.25095676778989,25.166361903784058,20.96436,0.57797354,258.417565,67002744832.0,2025-07-24
2026-05-06,2664.T,,8,0,10,2026-05-07 00:00:00,3025.0,2026-05-20 00:00:00,3050.0,0.8264462809917328,2.809917355371905,-1.4876033057851235,CLOSED,3000.0,46.42857142857143,25.03174178523802,28.25095676778989,25.166361903784058,20.96436,0.57797354,258.417565,67002744832.0,2025-07-24
2026-05-06,2664.T,,8,0,20,2026-05-07 00:00:00,3025.0,2026-06-03 00:00:00,3380.0,11.735537190082646,12.396694214876035,-1.4876033057851235,CLOSED,3000.0,46.42857142857143,25.03174178523802,28.25095676778989,25.166361903784058,20.96436,0.57797354,258.417565,67002744832.0,2025-07-24
2026-05-06,2664.T,,8,0,40,2026-05-07 00:00:00,3025.0,2026-07-01 00:00:00,3365.0,11.239669421487598,19.999999999999996,-1.4876033057851235,CLOSED,3000.0,46.42857142857143,25.03174178523802,28.25095676778989,25.166361903784058,20.96436,0.57797354,258.417565,67002744832.0,2025-07-24
2026-05-06,2664.T,,8,0,50,2026-05-07 00:00:00,3025.0,2026-07-15 00:00:00,3400.0,12.396694214876035,19.999999999999996,-1.4876033057851235,CLOSED,3000.0,46.42857142857143,25.03174178523802,28.25095676778989,25.166361903784058,20.96436,0.57797354,258.417565,67002744832.0,2025-07-24
2026-05-06,2664.T,,8,0,60,2026-05-07 00:00:00,3025.0,2026-07-30 00:00:00,3415.0,12.892561983471085,19.999999999999996,-1.4876033057851235,CLOSED,3000.0,46.42857142857143,25.03174178523802,28.25095676778989,25.166361903784058,20.96436,0.57797354,258.417565,67002744832.0,2025-07-24
2026-05-07,5445.T,,8,0,5,2026-05-08 00:00:00,1935.0,2026-05-14 00:00:00,1884.0,-2.635658914728678,0.0,-4.651162790697672,CLOSED,1932.0,49.84615384615385,45.50464083103941,29.33728900568936,27.487624279217847,4.8587885,0.7943925,532.48465,48898920448.0,2025-07-29
2026-05-07,5445.T,,8,0,10,2026-05-08 00:00:00,1935.0,2026-05-21 00:00:00,1849.0,-4.444444444444439,0.0,-6.821705426356594,CLOSED,1932.0,49.84615384615385,45.50464083103941,29.33728900568936,27.487624279217847,4.8587885,0.7943925,532.48465,48898920448.0,2025-07-29
2026-05-07,5445.T,,8,0,20,2026-05-08 00:00:00,1935.0,2026-06-04 00:00:00,1763.0,-8.888888888888891,0.0,-9.198966408268738,CLOSED,1932.0,49.84615384615385,45.50464083103941,29.33728900568936,27.487624279217847,4.8587885,0.7943925,532.48465,48898920448.0,2025-07-29
2026-05-07,5445.T,,8,0,40,2026-05-08 00:00:00,1935.0,2026-07-02 00:00:00,1834.0,-5.219638242894053,0.0,-9.302325581395355,CLOSED,1932.0,49.84615384615385,45.50464083103941,29.33728900568936,27.487624279217847,4.8587885,0.7943925,532.48465,48898920448.0,2025-07-29
2026-05-07,5445.T,,8,0,50,2026-05-08 00:00:00,1935.0,2026-07-16 00:00:00,1928.0,-0.36175710594315014,0.568475452196382,-9.302325581395355,CLOSED,1932.0,49.84615384615385,45.50464083103941,29.33728900568936,27.487624279217847,4.8587885,0.7943925,532.48465,48898920448.0,2025-07-29
2026-05-07,5445.T,,8,0,60,2026-05-08 00:00:00,1935.0,2026-07-31 00:00:00,1922.0,-0.6718346253229979,2.428940568475446,-9.302325581395355,CLOSED,1932.0,49.84615384615385,45.50464083103941,29.33728900568936,27.487624279217847,4.8587885,0.7943925,532.48465,48898920448.0,2025-07-29
2026-05-11,2053.T,,8,0,5,2026-05-12 00:00:00,1732.0,2026-05-18 00:00:00,1793.0,3.5219399538106266,4.849884526558901,0.0,CLOSED,1743.0,50.0,23.20138736916257,33.712658582929684,22.185766964028225,9.143367,0.6891834,221.656705,50017603584.0,2025-07-29
2026-05-11,2053.T,,8,0,10,2026-05-12 00:00:00,1732.0,2026-05-25 00:00:00,1739.0,0.4041570438799047,5.946882217090077,-1.2124711316397252,CLOSED,1743.0,50.0,23.20138736916257,33.712658582929684,22.185766964028225,9.143367,0.6891834,221.656705,50017603584.0,2025-07-29
2026-05-11,2053.T,,8,0,20,2026-05-12 00:00:00,1732.0,2026-06-08 00:00:00,1739.0,0.4041570438799047,5.946882217090077,-3.5219399538106266,CLOSED,1743.0,50.0,23.20138736916257,33.712658582929684,22.185766964028225,9.143367,0.6891834,221.656705,50017603584.0,2025-07-29
2026-05-11,2053.T,,8,0,40,2026-05-12 00:00:00,1732.0,2026-07-06 00:00:00,1894.0,9.353348729792144,10.739030023094687,-3.5219399538106266,CLOSED,1743.0,50.0,23.20138736916257,33.712658582929684,22.185766964028225,9.143367,0.6891834,221.656705,50017603584.0,2025-07-29
2026-05-11,2053.T,,8,0,50,2026-05-12 00:00:00,1732.0,2026-07-21 00:00:00,1950.0,12.586605080831404,14.203233256351044,-3.5219399538106266,CLOSED,1743.0,50.0,23.20138736916257,33.712658582929684,22.185766964028225,9.143367,0.6891834,221.656705,50017603584.0,2025-07-29
2026-05-11,2053.T,,8,0,60,2026-05-12 00:00:00,1732.0,2026-08-04 00:00:00,1880.0,8.545034642032334,15.819861431870663,-3.5219399538106266,CLOSED,1743.0,50.0,23.20138736916257,33.712658582929684,22.185766964028225,9.143367,0.6891834,221.656705,50017603584.0,2025-07-29
2026-05-12,2053.T,,8,0,5,2026-05-13 00:00:00,1780.0,2026-05-19 00:00:00,1797.0,0.955056179775271,3.08988764044944,-0.8426966292134797,CLOSED,1769.0,54.51505016722408,23.492752842827876,35.91538559092416,20.519629139673736,9.285602,0.69946384,224.40767,50763706368.0,2025-07-29
2026-05-12,2053.T,,8,0,10,2026-05-13 00:00:00,1780.0,2026-05-26 00:00:00,1728.0,-2.921348314606742,3.08988764044944,-3.876404494382024,CLOSED,1769.0,54.51505016722408,23.492752842827876,35.91538559092416,20.519629139673736,9.285602,0.69946384,224.40767,50763706368.0,2025-07-29
2026-05-12,2053.T,,8,0,20,2026-05-13 00:00:00,1780.0,2026-06-09 00:00:00,1746.0,-1.9101123595505642,3.08988764044944,-6.123595505617974,CLOSED,1769.0,54.51505016722408,23.492752842827876,35.91538559092416,20.519629139673736,9.285602,0.69946384,224.40767,50763706368.0,2025-07-29
2026-05-12,2053.T,,8,0,40,2026-05-13 00:00:00,1780.0,2026-07-07 00:00:00,1897.0,6.573033707865172,7.86516853932584,-6.123595505617974,CLOSED,1769.0,54.51505016722408,23.492752842827876,35.91538559092416,20.519629139673736,9.285602,0.69946384,224.40767,50763706368.0,2025-07-29
2026-05-12,2053.T,,8,0,50,2026-05-13 00:00:00,1780.0,2026-07-22 00:00:00,1964.0,10.337078651685383,11.123595505617967,-6.123595505617974,CLOSED,1769.0,54.51505016722408,23.492752842827876,35.91538559092416,20.519629139673736,9.285602,0.69946384,224.40767,50763706368.0,2025-07-29
2026-05-12,2053.T,,8,0,60,2026-05-13 00:00:00,1780.0,2026-08-05 00:00:00,1871.0,5.112359550561796,12.696629213483156,-6.123595505617974,CLOSED,1769.0,54.51505016722408,23.492752842827876,35.91538559092416,20.519629139673736,9.285602,0.69946384,224.40767,50763706368.0,2025-07-29
2026-05-14,4540.T,,8,0,5,2026-05-15 00:00:00,3776.0,2026-05-21 00:00:00,3895.0,3.151483050847448,6.329449152542366,-0.6885593220338992,CLOSED,3731.0,48.40085287846482,26.03820989661484,28.90942737466163,23.94170618326331,9.919706,0.91089755,1105.104665,278129082368.0,2026-08-05
2026-05-14,4540.T,,8,0,10,2026-05-15 00:00:00,3776.0,2026-05-28 00:00:00,3750.0,-0.6885593220338992,6.329449152542366,-1.4830508474576232,CLOSED,3731.0,48.40085287846482,26.03820989661484,28.90942737466163,23.94170618326331,9.919706,0.91089755,1105.104665,278129082368.0,2026-08-05
2026-05-14,4540.T,,8,0,20,2026-05-15 00:00:00,3776.0,2026-06-11 00:00:00,3744.0,-0.8474576271186418,6.329449152542366,-3.045550847457623,CLOSED,3731.0,48.40085287846482,26.03820989661484,28.90942737466163,23.94170618326331,9.919706,0.91089755,1105.104665,278129082368.0,2026-08-05
2026-05-14,4540.T,,8,0,40,2026-05-15 00:00:00,3776.0,2026-07-09 00:00:00,3800.0,0.6355932203389925,6.329449152542366,-3.045550847457623,CLOSED,3731.0,48.40085287846482,26.03820989661484,28.90942737466163,23.94170618326331,9.919706,0.91089755,1105.104665,278129082368.0,2026-08-05
2026-05-14,4540.T,,8,0,50,2026-05-15 00:00:00,3776.0,2026-07-24 00:00:00,3799.0,0.6091101694915224,6.329449152542366,-3.045550847457623,CLOSED,3731.0,48.40085287846482,26.03820989661484,28.90942737466163,23.94170618326331,9.919706,0.91089755,1105.104665,278129082368.0,2026-08-05
2026-05-14,4540.T,,8,0,60,2026-05-15 00:00:00,3776.0,2026-08-07 00:00:00,3771.0,-0.13241525423728362,8.024364406779672,-3.045550847457623,CLOSED,3731.0,48.40085287846482,26.03820989661484,28.90942737466163,23.94170618326331,9.919706,0.91089755,1105.104665,278129082368.0,2026-08-05
2026-05-14,9008.T,,8,0,5,2026-05-15 00:00:00,763.9000244140625,2026-05-21 00:00:00,764.5999755859375,0.09162863588227932,2.212326592327196,-1.2959843039219932,CLOSED,770.5999755859375,43.169794355189765,21.83387074670784,27.03630357116436,25.58412030970177,15.006816,1.0257789,1432.23292361969,446087659520.0,2026-08-05
2026-05-14,9008.T,,8,0,10,2026-05-15 00:00:00,763.9000244140625,2026-05-28 00:00:00,733.5999755859375,-3.9664940253623104,2.212326592327196,-4.2152128783776055,CLOSED,770.5999755859375,43.169794355189765,21.83387074670784,27.03630357116436,25.58412030970177,15.006816,1.0257789,1432.23292361969,446087659520.0,2026-08-05
2026-05-14,9008.T,,8,0,20,2026-05-15 00:00:00,763.9000244140625,2026-06-11 00:00:00,748.0,-2.0814273996467514,2.212326592327196,-6.872627087591643,CLOSED,770.5999755859375,43.169794355189765,21.83387074670784,27.03630357116436,25.58412030970177,15.006816,1.0257789,1432.23292361969,446087659520.0,2026-08-05
2026-05-14,9008.T,,8,0,40,2026-05-15 00:00:00,763.9000244140625,2026-07-09 00:00:00,752.5,-1.4923450778531744,2.212326592327196,-6.872627087591643,CLOSED,770.5999755859375,43.169794355189765,21.83387074670784,27.03630357116436,25.58412030970177,15.006816,1.0257789,1432.23292361969,446087659520.0,2026-08-05
2026-05-14,9008.T,,8,0,50,2026-05-15 00:00:00,763.9000244140625,2026-07-24 00:00:00,784.0,2.631231174701809,5.197008758093213,-6.872627087591643,CLOSED,770.5999755859375,43.169794355189765,21.83387074670784,27.03630357116436,25.58412030970177,15.006816,1.0257789,1432.23292361969,446087659520.0,2026-08-05
2026-05-14,9008.T,,8,0,60,2026-05-15 00:00:00,763.9000244140625,2026-08-07 00:00:00,754.4000244140625,-1.2436182348975366,11.179468601851529,-6.872627087591643,CLOSED,770.5999755859375,43.169794355189765,21.83387074670784,27.03630357116436,25.58412030970177,15.006816,1.0257789,1432.23292361969,446087659520.0,2026-08-05
2026-05-14,9433.T,,8,0,5,2026-05-15 00:00:00,2640.0,2026-05-21 00:00:00,2718.0,2.954545454545454,6.534090909090917,-1.4015151515151536,CLOSED,2645.5,52.4804177545692,21.116932681179907,24.48283304577994,19.83530788533418,14.423182,1.9838771,23501.7995825,10071625957376.0,2026-07-31
2026-05-14,9433.T,,8,0,10,2026-05-15 00:00:00,2640.0,2026-05-28 00:00:00,2714.0,2.803030303030307,6.534090909090917,-1.4015151515151536,CLOSED,2645.5,52.4804177545692,21.116932681179907,24.48283304577994,19.83530788533418,14.423182,1.9838771,23501.7995825,10071625957376.0,2026-07-31
2026-05-14,9433.T,,8,0,20,2026-05-15 00:00:00,2640.0,2026-06-11 00:00:00,2757.5,4.450757575757569,6.534090909090917,-1.4015151515151536,CLOSED,2645.5,52.4804177545692,21.116932681179907,24.48283304577994,19.83530788533418,14.423182,1.9838771,23501.7995825,10071625957376.0,2026-07-31
2026-05-14,9433.T,,8,0,40,2026-05-15 00:00:00,2640.0,2026-07-09 00:00:00,2805.0,6.25,7.765151515151514,-1.4015151515151536,CLOSED,2645.5,52.4804177545692,21.116932681179907,24.48283304577994,19.83530788533418,14.423182,1.9838771,23501.7995825,10071625957376.0,2026-07-31
2026-05-14,9433.T,,8,0,50,2026-05-15 00:00:00,2640.0,2026-07-24 00:00:00,2922.5,10.700757575757569,10.871212121212114,-1.4015151515151536,CLOSED,2645.5,52.4804177545692,21.116932681179907,24.48283304577994,19.83530788533418,14.423182,1.9838771,23501.7995825,10071625957376.0,2026-07-31
2026-05-14,9433.T,,8,0,60,2026-05-15 00:00:00,2640.0,2026-08-07 00:00:00,2981.0,12.916666666666664,18.21969696969696,-1.4015151515151536,CLOSED,2645.5,52.4804177545692,21.116932681179907,24.48283304577994,19.83530788533418,14.423182,1.9838771,23501.7995825,10071625957376.0,2026-07-31
2026-05-15,3087.T,,8,0,5,2026-05-18 00:00:00,2871.0,2026-05-22 00:00:00,2830.0,-1.4280738418669503,0.6269592476489061,-2.020202020202022,CLOSED,2868.0,49.48453608247423,26.10469253431702,26.23557632143189,24.53099743213419,16.791569,1.145879,430.648685,120520138752.0,2025-07-10
2026-05-15,3087.T,,8,0,10,2026-05-18 00:00:00,2871.0,2026-05-29 00:00:00,2663.0,-7.2448624172762095,0.6269592476489061,-8.463949843260188,CLOSED,2868.0,49.48453608247423,26.10469253431702,26.23557632143189,24.53099743213419,16.791569,1.145879,430.648685,120520138752.0,2025-07-10
2026-05-15,3087.T,,8,0,20,2026-05-18 00:00:00,2871.0,2026-06-12 00:00:00,2677.0,-6.757227446882618,0.6269592476489061,-10.69313827934517,CLOSED,2868.0,49.48453608247423,26.10469253431702,26.23557632143189,24.53099743213419,16.791569,1.145879,430.648685,120520138752.0,2025-07-10
2026-05-15,3087.T,,8,0,40,2026-05-18 00:00:00,2871.0,2026-07-10 00:00:00,2756.0,-4.00557297109021,0.6269592476489061,-10.69313827934517,CLOSED,2868.0,49.48453608247423,26.10469253431702,26.23557632143189,24.53099743213419,16.791569,1.145879,430.648685,120520138752.0,2025-07-10
2026-05-15,3087.T,,8,0,50,2026-05-18 00:00:00,2871.0,2026-07-27 00:00:00,3210.0,11.807732497387669,12.156043190525946,-10.69313827934517,CLOSED,2868.0,49.48453608247423,26.10469253431702,26.23557632143189,24.53099743213419,16.791569,1.145879,430.648685,120520138752.0,2025-07-10
2026-05-15,3087.T,,8,0,60,2026-05-18 00:00:00,2871.0,2026-08-10 00:00:00,3130.0,9.021246952281437,18.425635667014983,-10.69313827934517,CLOSED,2868.0,49.48453608247423,26.10469253431702,26.23557632143189,24.53099743213419,16.791569,1.145879,430.648685,120520138752.0,2025-07-10
2026-05-15,7458.T,,8,0,5,2026-05-18 00:00:00,1690.5,2026-05-22 00:00:00,1736.0,2.69151138716357,4.288671990535353,-0.5619639160011847,CLOSED,1696.5,49.65357967667436,22.48069460226444,30.58632607398993,25.60517068483878,12.06872,1.4795907,431.76984,175378907136.0,2026-08-06
2026-05-15,7458.T,,8,0,10,2026-05-18 00:00:00,1690.5,2026-05-29 00:00:00,1632.5,-3.4309375924282737,4.288671990535353,-3.874593315587105,CLOSED,1696.5,49.65357967667436,22.48069460226444,30.58632607398993,25.60517068483878,12.06872,1.4795907,431.76984,175378907136.0,2026-08-06
2026-05-15,7458.T,,8,0,20,2026-05-18 00:00:00,1690.5,2026-06-12 00:00:00,1693.0,0.14788524105293632,4.288671990535353,-5.353445726116535,CLOSED,1696.5,49.65357967667436,22.48069460226444,30.58632607398993,25.60517068483878,12.06872,1.4795907,431.76984,175378907136.0,2026-08-06
2026-05-15,7458.T,,8,0,40,2026-05-18 00:00:00,1690.5,2026-07-10 00:00:00,1747.0,3.342206447796503,5.1464063886424105,-5.353445726116535,CLOSED,1696.5,49.65357967667436,22.48069460226444,30.58632607398993,25.60517068483878,12.06872,1.4795907,431.76984,175378907136.0,2026-08-06
2026-05-15,7458.T,,8,0,50,2026-05-18 00:00:00,1690.5,2026-07-27 00:00:00,1821.5,7.74918663117421,8.222419402543624,-5.353445726116535,CLOSED,1696.5,49.65357967667436,22.48069460226444,30.58632607398993,25.60517068483878,12.06872,1.4795907,431.76984,175378907136.0,2026-08-06
2026-05-15,7458.T,,8,0,60,2026-05-18 00:00:00,1690.5,2026-08-10 00:00:00,1816.0,7.423839100857732,12.511091393078978,-5.353445726116535,CLOSED,1696.5,49.65357967667436,22.48069460226444,30.58632607398993,25.60517068483878,12.06872,1.4795907,431.76984,175378907136.0,2026-08-06
2026-05-18,3087.T,,8,0,5,2026-05-19 00:00:00,2870.0,2026-05-25 00:00:00,2712.0,-5.5052264808362334,0.662020905923355,-5.923344947735187,CLOSED,2833.0,52.03252032520325,24.833203026375138,26.04218299092048,22.04878613747148,16.60123,1.1318951,437.12926,119049355264.0,2025-07-10
2026-05-18,3087.T,,8,0,10,2026-05-19 00:00:00,2870.0,2026-06-01 00:00:00,2609.0,-9.094076655052262,0.662020905923355,-9.372822299651574,CLOSED,2833.0,52.03252032520325,24.833203026375138,26.04218299092048,22.04878613747148,16.60123,1.1318951,437.12926,119049355264.0,2025-07-10
2026-05-18,3087.T,,8,0,20,2026-05-19 00:00:00,2870.0,2026-06-15 00:00:00,2682.0,-6.550522648083623,0.662020905923355,-10.662020905923342,CLOSED,2833.0,52.03252032520325,24.833203026375138,26.04218299092048,22.04878613747148,16.60123,1.1318951,437.12926,119049355264.0,2025-07-10
2026-05-18,3087.T,,8,0,40,2026-05-19 00:00:00,2870.0,2026-07-13 00:00:00,2800.0,-2.4390243902439046,0.662020905923355,-10.662020905923342,CLOSED,2833.0,52.03252032520325,24.833203026375138,26.04218299092048,22.04878613747148,16.60123,1.1318951,437.12926,119049355264.0,2025-07-10
2026-05-18,3087.T,,8,0,50,2026-05-19 00:00:00,2870.0,2026-07-28 00:00:00,3250.0,13.240418118466902,13.937282229965152,-10.662020905923342,CLOSED,2833.0,52.03252032520325,24.833203026375138,26.04218299092048,22.04878613747148,16.60123,1.1318951,437.12926,119049355264.0,2025-07-10
2026-05-18,3087.T,,8,0,60,2026-05-19 00:00:00,2870.0,2026-08-12 00:00:00,3175.0,10.627177700348422,18.466898954703836,-10.662020905923342,CLOSED,2833.0,52.03252032520325,24.833203026375138,26.04218299092048,22.04878613747148,16.60123,1.1318951,437.12926,119049355264.0,2025-07-10
2026-05-18,6201.T,,8,0,5,,,,,,,,PRICE_DOWNLOAD_FAILED,20450.0,45.45454545454545,26.190156953455418,28.01391589848059,18.56041953311607,27.430885,0.9073867,22043.91925,6144663748608.0,2026-04-28
2026-05-18,6201.T,,8,0,10,,,,,,,,PRICE_DOWNLOAD_FAILED,20450.0,45.45454545454545,26.190156953455418,28.01391589848059,18.56041953311607,27.430885,0.9073867,22043.91925,6144663748608.0,2026-04-28
2026-05-18,6201.T,,8,0,20,,,,,,,,PRICE_DOWNLOAD_FAILED,20450.0,45.45454545454545,26.190156953455418,28.01391589848059,18.56041953311607,27.430885,0.9073867,22043.91925,6144663748608.0,2026-04-28
2026-05-18,6201.T,,8,0,40,,,,,,,,PRICE_DOWNLOAD_FAILED,20450.0,45.45454545454545,26.190156953455418,28.01391589848059,18.56041953311607,27.430885,0.9073867,22043.91925,6144663748608.0,2026-04-28
2026-05-18,6201.T,,8,0,50,,,,,,,,PRICE_DOWNLOAD_FAILED,20450.0,45.45454545454545,26.190156953455418,28.01391589848059,18.56041953311607,27.430885,0.9073867,22043.91925,6144663748608.0,2026-04-28
2026-05-18,6201.T,,8,0,60,,,,,,,,PRICE_DOWNLOAD_FAILED,20450.0,45.45454545454545,26.190156953455418,28.01391589848059,18.56041953311607,27.430885,0.9073867,22043.91925,6144663748608.0,2026-04-28
2026-05-19,2229.T,,8,0,5,2026-05-20 00:00:00,3000.0,2026-05-26 00:00:00,2890.0,-3.6666666666666625,0.23333333333332984,-3.9833333333333387,CLOSED,3000.0,50.625,26.260564442124565,24.39453505164111,22.843460305238857,21.420921,1.7764398,1447.71803,364763578368.0,2026-07-30
2026-05-19,2229.T,,8,0,10,2026-05-20 00:00:00,3000.0,2026-06-02 00:00:00,2868.0,-4.400000000000004,0.23333333333332984,-5.449999999999999,CLOSED,3000.0,50.625,26.260564442124565,24.39453505164111,22.843460305238857,21.420921,1.7764398,1447.71803,364763578368.0,2026-07-30
2026-05-19,2229.T,,8,0,20,2026-05-20 00:00:00,3000.0,2026-06-16 00:00:00,2808.5,-6.383333333333329,0.23333333333332984,-7.199999999999996,CLOSED,3000.0,50.625,26.260564442124565,24.39453505164111,22.843460305238857,21.420921,1.7764398,1447.71803,364763578368.0,2026-07-30
2026-05-19,2229.T,,8,0,40,2026-05-20 00:00:00,3000.0,2026-07-14 00:00:00,2998.0,-0.06666666666667043,3.266666666666662,-8.133333333333336,CLOSED,3000.0,50.625,26.260564442124565,24.39453505164111,22.843460305238857,21.420921,1.7764398,1447.71803,364763578368.0,2026-07-30
2026-05-19,2229.T,,8,0,50,2026-05-20 00:00:00,3000.0,2026-07-29 00:00:00,3195.0,6.499999999999995,6.9666666666666766,-8.133333333333336,CLOSED,3000.0,50.625,26.260564442124565,24.39453505164111,22.843460305238857,21.420921,1.7764398,1447.71803,364763578368.0,2026-07-30
2026-05-19,2229.T,,8,0,60,2026-05-20 00:00:00,3000.0,2026-08-13 00:00:00,3041.0,1.3666666666666716,6.9666666666666766,-8.133333333333336,CLOSED,3000.0,50.625,26.260564442124565,24.39453505164111,22.843460305238857,21.420921,1.7764398,1447.71803,364763578368.0,2026-07-30
2026-05-19,3167.T,,8,0,5,2026-05-20 00:00:00,1156.0,2026-05-26 00:00:00,1117.0,-3.3737024221453304,0.9515570934256035,-4.152249134948094,CLOSED,1155.0,52.631578947368425,24.54085524511173,25.164520406360783,24.17073468844622,14.013589,1.4664135,310.93624,148875034624.0,2026-08-05
2026-05-19,3167.T,,8,0,10,2026-05-20 00:00:00,1156.0,2026-06-02 00:00:00,1076.0,-6.92041522491349,0.9515570934256035,-8.217993079584772,CLOSED,1155.0,52.631578947368425,24.54085524511173,25.164520406360783,24.17073468844622,14.013589,1.4664135,310.93624,148875034624.0,2026-08-05
2026-05-19,3167.T,,8,0,20,2026-05-20 00:00:00,1156.0,2026-06-16 00:00:00,1109.0,-4.065743944636679,0.9515570934256035,-8.217993079584772,CLOSED,1155.0,52.631578947368425,24.54085524511173,25.164520406360783,24.17073468844622,14.013589,1.4664135,310.93624,148875034624.0,2026-08-05
2026-05-19,3167.T,,8,0,40,2026-05-20 00:00:00,1156.0,2026-07-14 00:00:00,1147.0,-0.7785467128027634,2.5086505190311525,-8.217993079584772,CLOSED,1155.0,52.631578947368425,24.54085524511173,25.164520406360783,24.17073468844622,14.013589,1.4664135,310.93624,148875034624.0,2026-08-05
2026-05-19,3167.T,,8,0,50,2026-05-20 00:00:00,1156.0,2026-07-29 00:00:00,1195.0,3.3737024221453193,4.498269896193774,-8.217993079584772,CLOSED,1155.0,52.631578947368425,24.54085524511173,25.164520406360783,24.17073468844622,14.013589,1.4664135,310.93624,148875034624.0,2026-08-05
2026-05-19,3167.T,,8,0,60,2026-05-20 00:00:00,1156.0,2026-08-13 00:00:00,1239.0,7.179930795847755,8.131487889273359,-8.217993079584772,CLOSED,1155.0,52.631578947368425,24.54085524511173,25.164520406360783,24.17073468844622,14.013589,1.4664135,310.93624,148875034624.0,2026-08-05
2026-05-19,4912.T,,8,0,5,2026-05-20 00:00:00,1611.456151948976,2026-05-26 00:00:00,1565.41455078125,-2.8571426601984085,0.12288786482335112,-3.7480798771121426,CLOSED,1627.5,54.78260869565218,22.58907808360916,31.56334933795386,23.86416887085101,16.323973,1.3932954,2209.45926,450274918400.0,2026-08-06
2026-05-19,4912.T,,8,0,10,2026-05-20 00:00:00,1611.456151948976,2026-06-02 00:00:00,1567.3948974609375,-2.734250909324998,0.8294942484070145,-3.7480798771121426,CLOSED,1627.5,54.78260869565218,22.58907808360916,31.56334933795386,23.86416887085101,16.323973,1.3932954,2209.45926,450274918400.0,2026-08-06
2026-05-19,4912.T,,8,0,20,2026-05-20 00:00:00,1611.456151948976,2026-06-16 00:00:00,1657.002685546875,2.8264209077493607,4.024582824148526,-4.0860190473483105,CLOSED,1627.5,54.78260869565218,22.58907808360916,31.56334933795386,23.86416887085101,16.323973,1.3932954,2209.45926,450274918400.0,2026-08-06
2026-05-19,4912.T,,8,0,40,2026-05-20 00:00:00,1611.456151948976,2026-07-14 00:00:00,1676.5,4.036339925995303,9.931629095675909,-4.0860190473483105,CLOSED,1627.5,54.78260869565218,22.58907808360916,31.56334933795386,23.86416887085101,16.323973,1.3932954,2209.45926,450274918400.0,2026-08-06
2026-05-19,4912.T,,8,0,50,2026-05-20 00:00:00,1611.456151948976,2026-07-29 00:00:00,1775.0,10.148823959822039,10.707325039054938,-4.0860190473483105,CLOSED,1627.5,54.78260869565218,22.58907808360916,31.56334933795386,23.86416887085101,16.323973,1.3932954,2209.45926,450274918400.0,2026-08-06
2026-05-19,4912.T,,8,0,60,2026-05-20 00:00:00,1611.456151948976,2026-08-13 00:00:00,1889.5,17.25419880117396,19.271008253959423,-4.0860190473483105,CLOSED,1627.5,54.78260869565218,22.58907808360916,31.56334933795386,23.86416887085101,16.323973,1.3932954,2209.45926,450274918400.0,2026-08-06
2026-05-20,1377.T,,8,0,5,2026-05-21 00:00:00,4125.356679781287,2026-05-27 00:00:00,4155.0,0.7185638120455584,1.9161652549563701,-0.7185591441519312,CLOSED,4175.0,53.424657534246585,22.68870473613293,26.22933256450364,23.302189721673354,15.617986,1.0194384,619.75325,176434233344.0,2026-04-07
2026-05-20,1377.T,,8,0,10,2026-05-21 00:00:00,4125.356679781287,2026-06-03 00:00:00,4185.0,1.4457736590639536,3.8698064824585376,-1.8266706525187693,CLOSED,4175.0,53.424657534246585,22.68870473613293,26.22933256450364,23.302189721673354,15.617986,1.0194384,619.75325,176434233344.0,2026-04-07
2026-05-20,1377.T,,8,0,20,2026-05-21 00:00:00,4125.356679781287,2026-06-17 00:00:00,4150.0,0.5973621708758259,3.8698064824585376,-1.8266706525187693,CLOSED,4175.0,53.424657534246585,22.68870473613293,26.22933256450364,23.302189721673354,15.617986,1.0194384,619.75325,176434233344.0,2026-04-07
2026-05-20,1377.T,,8,0,40,2026-05-21 00:00:00,4125.356679781287,2026-07-15 00:00:00,4375.0,6.051436023513679,14.293147623055313,-1.8266706525187693,CLOSED,4175.0,53.424657534246585,22.68870473613293,26.22933256450364,23.302189721673354,15.617986,1.0194384,619.75325,176434233344.0,2026-04-07
2026-05-20,1377.T,,8,0,50,2026-05-21 00:00:00,4125.356679781287,2026-07-30 00:00:00,4435.0,7.505855717550447,14.293147623055313,-1.8266706525187693,CLOSED,4175.0,53.424657534246585,22.68870473613293,26.22933256450364,23.302189721673354,15.617986,1.0194384,619.75325,176434233344.0,2026-04-07
2026-05-20,1377.T,,8,0,60,2026-05-21 00:00:00,4125.356679781287,2026-08-14 00:00:00,4365.0,5.809032741174214,14.293147623055313,-1.8266706525187693,CLOSED,4175.0,53.424657534246585,22.68870473613293,26.22933256450364,23.302189721673354,15.617986,1.0194384,619.75325,176434233344.0,2026-04-07
2026-05-20,2229.T,,8,0,5,2026-05-21 00:00:00,2999.0,2026-05-27 00:00:00,2890.0,-3.6345448482827614,0.2667555851950665,-4.568189396465494,CLOSED,3000.0,48.026315789473685,24.619347847084523,23.531370148473112,22.035177910815147,21.413275,1.7764398,1466.992435,364763578368.0,2026-07-30
2026-05-20,2229.T,,8,0,10,2026-05-21 00:00:00,2999.0,2026-06-03 00:00:00,2879.0,-4.001333777925975,0.2667555851950665,-5.4351450483494546,CLOSED,3000.0,48.026315789473685,24.619347847084523,23.531370148473112,22.035177910815147,21.413275,1.7764398,1466.992435,364763578368.0,2026-07-30
2026-05-20,2229.T,,8,0,20,2026-05-21 00:00:00,2999.0,2026-06-17 00:00:00,2785.0,-7.135711903967989,0.2667555851950665,-7.635878626208736,CLOSED,3000.0,48.026315789473685,24.619347847084523,23.531370148473112,22.035177910815147,21.413275,1.7764398,1466.992435,364763578368.0,2026-07-30
2026-05-20,2229.T,,8,0,40,2026-05-21 00:00:00,2999.0,2026-07-15 00:00:00,2976.5,-0.7502500833611259,3.3011003667889227,-8.102700900300096,CLOSED,3000.0,48.026315789473685,24.619347847084523,23.531370148473112,22.035177910815147,21.413275,1.7764398,1466.992435,364763578368.0,2026-07-30
2026-05-20,2229.T,,8,0,50,2026-05-21 00:00:00,2999.0,2026-07-30 00:00:00,3119.0,4.001333777925975,7.002334111370456,-8.102700900300096,CLOSED,3000.0,48.026315789473685,24.619347847084523,23.531370148473112,22.035177910815147,21.413275,1.7764398,1466.992435,364763578368.0,2026-07-30
2026-05-20,2229.T,,8,0,60,2026-05-21 00:00:00,2999.0,2026-08-14 00:00:00,3045.0,1.5338446148716267,7.002334111370456,-8.102700900300096,CLOSED,3000.0,48.026315789473685,24.619347847084523,23.531370148473112,22.035177910815147,21.413275,1.7764398,1466.992435,364763578368.0,2026-07-30
2026-05-20,3167.T,,8,0,5,2026-05-21 00:00:00,1149.0,2026-05-27 00:00:00,1118.0,-2.6979982593559604,0.6962576153176636,-3.6553524804177506,CLOSED,1149.0,52.631578947368425,23.50584636822176,26.78204375969476,21.890134105845476,13.932339,1.4587957,307.00971,148101644288.0,2026-08-05
2026-05-20,3167.T,,8,0,10,2026-05-21 00:00:00,1149.0,2026-06-03 00:00:00,1086.0,-5.483028720626637,0.6962576153176636,-7.658833768494344,CLOSED,1149.0,52.631578947368425,23.50584636822176,26.78204375969476,21.890134105845476,13.932339,1.4587957,307.00971,148101644288.0,2026-08-05
2026-05-20,3167.T,,8,0,20,2026-05-21 00:00:00,1149.0,2026-06-17 00:00:00,1103.0,-4.0034812880765935,0.6962576153176636,-7.658833768494344,CLOSED,1149.0,52.631578947368425,23.50584636822176,26.78204375969476,21.890134105845476,13.932339,1.4587957,307.00971,148101644288.0,2026-08-05
2026-05-20,3167.T,,8,0,40,2026-05-21 00:00:00,1149.0,2026-07-15 00:00:00,1150.0,0.08703220191470518,3.1331592689294974,-7.658833768494344,CLOSED,1149.0,52.631578947368425,23.50584636822176,26.78204375969476,21.890134105845476,13.932339,1.4587957,307.00971,148101644288.0,2026-08-05
2026-05-20,3167.T,,8,0,50,2026-05-21 00:00:00,1149.0,2026-07-30 00:00:00,1199.0,4.351610095735414,5.134899912967805,-7.658833768494344,CLOSED,1149.0,52.631578947368425,23.50584636822176,26.78204375969476,21.890134105845476,13.932339,1.4587957,307.00971,148101644288.0,2026-08-05
2026-05-20,3167.T,,8,0,60,2026-05-21 00:00:00,1149.0,2026-08-14 00:00:00,1232.0,7.223672758920796,8.790252393385556,-7.658833768494344,CLOSED,1149.0,52.631578947368425,23.50584636822176,26.78204375969476,21.890134105845476,13.932339,1.4587957,307.00971,148101644288.0,2026-08-05
2026-05-21,1377.T,,8,1,5,2026-05-22 00:00:00,4100.654099237351,2026-05-28 00:00:00,4210.0,2.6665477779017177,4.495524282258634,-0.12048192771083599,CLOSED,4165.0,50.68493150684931,22.045214249328467,28.46680644329314,21.615612680330425,15.587574,1.0169966,636.7363,176011640832.0,2026-04-07
2026-05-21,1377.T,,8,1,10,2026-05-22 00:00:00,4100.654099237351,2026-06-04 00:00:00,4130.0,0.715639506587662,4.495524282258634,-1.2352687647263827,CLOSED,4165.0,50.68493150684931,22.045214249328467,28.46680644329314,21.615612680330425,15.587574,1.0169966,636.7363,176011640832.0,2026-04-07
2026-05-21,1377.T,,8,1,20,2026-05-22 00:00:00,4100.654099237351,2026-06-18 00:00:00,4160.0,1.4472301083304329,4.495524282258634,-1.2352687647263827,CLOSED,4165.0,50.68493150684931,22.045214249328467,28.46680644329314,21.615612680330425,15.587574,1.0169966,636.7363,176011640832.0,2026-04-07
2026-05-21,1377.T,,8,1,40,2026-05-22 00:00:00,4100.654099237351,2026-07-16 00:00:00,4380.0,6.812227854444064,14.981656240571617,-1.2352687647263827,CLOSED,4165.0,50.68493150684931,22.045214249328467,28.46680644329314,21.615612680330425,15.587574,1.0169966,636.7363,176011640832.0,2026-04-07
2026-05-21,1377.T,,8,1,50,2026-05-22 00:00:00,4100.654099237351,2026-07-31 00:00:00,4315.0,5.227114884001383,14.981656240571617,-1.2352687647263827,CLOSED,4165.0,50.68493150684931,22.045214249328467,28.46680644329314,21.615612680330425,15.587574,1.0169966,636.7363,176011640832.0,2026-04-07
2026-05-21,1377.T,,8,1,60,2026-05-22 00:00:00,4100.654099237351,2026-08-17 00:00:00,4380.0,6.812227854444064,14.981656240571617,-1.2352687647263827,CLOSED,4165.0,50.68493150684931,22.045214249328467,28.46680644329314,21.615612680330425,15.587574,1.0169966,636.7363,176011640832.0,2026-04-07
2026-05-21,3167.T,,8,1,5,2026-05-22 00:00:00,1149.0,2026-05-28 00:00:00,1119.0,-2.610966057441255,0.08703220191470518,-3.6553524804177506,CLOSED,1148.0,53.03030303030303,22.544766696823928,25.29896334452885,20.67794770703927,13.915152,1.4575261,306.60697,147972751360.0,2026-08-05
2026-05-21,3167.T,,8,1,10,2026-05-22 00:00:00,1149.0,2026-06-04 00:00:00,1083.0,-5.744125326370753,0.08703220191470518,-7.658833768494344,CLOSED,1148.0,53.03030303030303,22.544766696823928,25.29896334452885,20.67794770703927,13.915152,1.4575261,306.60697,147972751360.0,2026-08-05
2026-05-21,3167.T,,8,1,20,2026-05-22 00:00:00,1149.0,2026-06-18 00:00:00,1104.0,-3.9164490861618773,0.08703220191470518,-7.658833768494344,CLOSED,1148.0,53.03030303030303,22.544766696823928,25.29896334452885,20.67794770703927,13.915152,1.4575261,306.60697,147972751360.0,2026-08-05
2026-05-21,3167.T,,8,1,40,2026-05-22 00:00:00,1149.0,2026-07-16 00:00:00,1146.0,-0.26109660574412663,3.1331592689294974,-7.658833768494344,CLOSED,1148.0,53.03030303030303,22.544766696823928,25.29896334452885,20.67794770703927,13.915152,1.4575261,306.60697,147972751360.0,2026-08-05
2026-05-21,3167.T,,8,1,50,2026-05-22 00:00:00,1149.0,2026-07-31 00:00:00,1162.0,1.1314186248912117,5.134899912967805,-7.658833768494344,CLOSED,1148.0,53.03030303030303,22.544766696823928,25.29896334452885,20.67794770703927,13.915152,1.4575261,306.60697,147972751360.0,2026-08-05
2026-05-21,3167.T,,8,1,60,2026-05-22 00:00:00,1149.0,2026-08-17 00:00:00,1234.0,7.397737162750229,8.790252393385556,-7.658833768494344,CLOSED,1148.0,53.03030303030303,22.544766696823928,25.29896334452885,20.67794770703927,13.915152,1.4575261,306.60697,147972751360.0,2026-08-05
2026-05-25,7453.T,,8,0,5,2026-05-26 00:00:00,3659.0,2026-06-01 00:00:00,3676.0,0.4646078163432543,7.2970757037441825,-2.54167805411315,CLOSED,3660.0,52.21421215242018,20.358572773505347,24.93927293201249,24.480427497947,32.544907,5.3161125,13205.62793,1942831497216.0,2026-07-10
2026-05-25,7453.T,,8,0,10,2026-05-26 00:00:00,3659.0,2026-06-08 00:00:00,3555.0,-2.842306641158787,7.2970757037441825,-4.318119704837386,CLOSED,3660.0,52.21421215242018,20.358572773505347,24.93927293201249,24.480427497947,32.544907,5.3161125,13205.62793,1942831497216.0,2026-07-10
2026-05-25,7453.T,,8,0,20,2026-05-26 00:00:00,3659.0,2026-06-22 00:00:00,3500.0,-4.345449576386995,7.2970757037441825,-5.657283410767966,CLOSED,3660.0,52.21421215242018,20.358572773505347,24.93927293201249,24.480427497947,32.544907,5.3161125,13205.62793,1942831497216.0,2026-07-10
2026-05-25,7453.T,,8,0,40,2026-05-26 00:00:00,3659.0,2026-07-21 00:00:00,4244.0,15.987974856518171,25.416780541131455,-7.679693905438645,CLOSED,3660.0,52.21421215242018,20.358572773505347,24.93927293201249,24.480427497947,32.544907,5.3161125,13205.62793,1942831497216.0,2026-07-10
2026-05-25,7453.T,,8,0,50,2026-05-26 00:00:00,3659.0,2026-08-04 00:00:00,4212.0,15.113418966930858,25.416780541131455,-7.679693905438645,CLOSED,3660.0,52.21421215242018,20.358572773505347,24.93927293201249,24.480427497947,32.544907,5.3161125,13205.62793,1942831497216.0,2026-07-10
2026-05-25,7453.T,,8,0,60,2026-05-26 00:00:00,3659.0,2026-08-19 00:00:00,4241.0,15.90598524186937,26.40065591691718,-7.679693905438645,CLOSED,3660.0,52.21421215242018,20.358572773505347,24.93927293201249,24.480427497947,32.544907,5.3161125,13205.62793,1942831497216.0,2026-07-10
2026-05-29,4044.T,,8,0,5,2026-06-01 00:00:00,4105.0,2026-06-05 00:00:00,3950.0,-3.7758830694275325,0.0,-5.4811205846528654,CLOSED,4105.0,42.85714285714285,21.976890628155918,26.790128817844128,26.153476128947844,12.172701,0.8232476,337.496425,101774376960.0,2026-08-06
2026-05-29,4044.T,,8,0,10,2026-06-01 00:00:00,4105.0,2026-06-12 00:00:00,4065.0,-0.974421437271622,0.4872107186357999,-5.724725943970766,CLOSED,4105.0,42.85714285714285,21.976890628155918,26.790128817844128,26.153476128947844,12.172701,0.8232476,337.496425,101774376960.0,2026-08-06
2026-05-29,4044.T,,8,0,20,2026-06-01 00:00:00,4105.0,2026-06-26 00:00:00,4395.0,7.064555420219243,10.109622411693064,-5.724725943970766,CLOSED,4105.0,42.85714285714285,21.976890628155918,26.790128817844128,26.153476128947844,12.172701,0.8232476,337.496425,101774376960.0,2026-08-06
2026-05-29,4044.T,,8,0,40,2026-06-01 00:00:00,4105.0,2026-07-27 00:00:00,4195.0,2.192448233861155,10.962241169305731,-5.724725943970766,CLOSED,4105.0,42.85714285714285,21.976890628155918,26.790128817844128,26.153476128947844,12.172701,0.8232476,337.496425,101774376960.0,2026-08-06
2026-05-29,4044.T,,8,0,50,2026-06-01 00:00:00,4105.0,2026-08-10 00:00:00,4620.0,12.545676004872108,16.686967113276484,-5.724725943970766,CLOSED,4105.0,42.85714285714285,21.976890628155918,26.790128817844128,26.153476128947844,12.172701,0.8232476,337.496425,101774376960.0,2026-08-06
2026-05-29,4044.T,,8,0,60,2026-06-01 00:00:00,4105.0,2026-08-25 00:00:00,4495.0,9.500609013398286,16.686967113276484,-5.724725943970766,CLOSED,4105.0,42.85714285714285,21.976890628155918,26.790128817844128,26.153476128947844,12.172701,0.8232476,337.496425,101774376960.0,2026-08-06
2026-05-29,9715.T,,8,0,5,2026-06-01 00:00:00,3860.0,2026-06-05 00:00:00,3820.0,-1.0362694300518172,0.90673575129534,-1.6839378238341918,CLOSED,3890.0,52.631578947368425,25.074947591061328,25.07147011027573,22.80115836800856,11.893115,1.1363686,367.6387,145769103360.0,2026-07-30
2026-05-29,9715.T,,8,0,10,2026-06-01 00:00:00,3860.0,2026-06-12 00:00:00,3780.0,-2.072538860103623,0.90673575129534,-3.626943005181349,CLOSED,3890.0,52.631578947368425,25.074947591061328,25.07147011027573,22.80115836800856,11.893115,1.1363686,367.6387,145769103360.0,2026-07-30
2026-05-29,9715.T,,8,0,20,2026-06-01 00:00:00,3860.0,2026-06-26 00:00:00,3600.0,-6.735751295336789,0.90673575129534,-7.642487046632129,CLOSED,3890.0,52.631578947368425,25.074947591061328,25.07147011027573,22.80115836800856,11.893115,1.1363686,367.6387,145769103360.0,2026-07-30
2026-05-29,9715.T,,8,0,40,2026-06-01 00:00:00,3860.0,2026-07-27 00:00:00,3745.0,-2.979274611398963,0.90673575129534,-9.32642487046632,CLOSED,3890.0,52.631578947368425,25.074947591061328,25.07147011027573,22.80115836800856,11.893115,1.1363686,367.6387,145769103360.0,2026-07-30
2026-05-29,9715.T,,8,0,50,2026-06-01 00:00:00,3860.0,2026-08-10 00:00:00,3610.0,-6.476683937823835,2.849740932642497,-9.32642487046632,CLOSED,3890.0,52.631578947368425,25.074947591061328,25.07147011027573,22.80115836800856,11.893115,1.1363686,367.6387,145769103360.0,2026-07-30
2026-05-29,9715.T,,8,0,60,2026-06-01 00:00:00,3860.0,2026-08-25 00:00:00,3735.0,-3.2383419689119175,2.849740932642497,-9.32642487046632,CLOSED,3890.0,52.631578947368425,25.074947591061328,25.07147011027573,22.80115836800856,11.893115,1.1363686,367.6387,145769103360.0,2026-07-30
2026-06-01,4044.T,,8,0,5,2026-06-02 00:00:00,4000.0,2026-06-08 00:00:00,3985.0,-0.3750000000000031,1.8750000000000044,-3.2499999999999973,CLOSED,4060.0,43.45794392523364,20.493006371108557,24.495424027381603,23.9133037367804,12.032125,0.814223,346.347225,100658700288.0,2026-08-06
2026-06-01,4044.T,,8,0,10,2026-06-02 00:00:00,4000.0,2026-06-15 00:00:00,4130.0,3.2499999999999973,4.75000000000001,-3.2499999999999973,CLOSED,4060.0,43.45794392523364,20.493006371108557,24.495424027381603,23.9133037367804,12.032125,0.814223,346.347225,100658700288.0,2026-08-06
2026-06-01,4044.T,,8,0,20,2026-06-02 00:00:00,4000.0,2026-06-29 00:00:00,4330.0,8.250000000000002,12.99999999999999,-3.2499999999999973,CLOSED,4060.0,43.45794392523364,20.493006371108557,24.495424027381603,23.9133037367804,12.032125,0.814223,346.347225,100658700288.0,2026-08-06
2026-06-01,4044.T,,8,0,40,2026-06-02 00:00:00,4000.0,2026-07-28 00:00:00,4150.0,3.750000000000009,13.874999999999993,-3.2499999999999973,CLOSED,4060.0,43.45794392523364,20.493006371108557,24.495424027381603,23.9133037367804,12.032125,0.814223,346.347225,100658700288.0,2026-08-06
2026-06-01,4044.T,,8,0,50,2026-06-02 00:00:00,4000.0,2026-08-12 00:00:00,4650.0,16.250000000000007,19.75,-3.2499999999999973,CLOSED,4060.0,43.45794392523364,20.493006371108557,24.495424027381603,23.9133037367804,12.032125,0.814223,346.347225,100658700288.0,2026-08-06
2026-06-01,4044.T,,8,0,60,2026-06-02 00:00:00,4000.0,,,,,,OPEN_INSUFFICIENT_DAYS,4060.0,43.45794392523364,20.493006371108557,24.495424027381603,23.9133037367804,12.032125,0.814223,346.347225,100658700288.0,2026-08-06
2026-06-04,5019.T,,8,0,5,2026-06-05 00:00:00,1407.0,2026-06-11 00:00:00,1344.0,-4.477611940298509,0.4264392324093924,-6.147832267235254,CLOSED,1397.0,45.78804347826087,21.00754239297989,25.798601573187312,22.971389800170805,9.955106,0.8872884,7550.8215625,1692755165184.0,2026-08-07
2026-06-04,5019.T,,8,0,10,2026-06-05 00:00:00,1407.0,2026-06-18 00:00:00,1246.0,-11.442786069651746,0.4264392324093924,-11.62046908315565,CLOSED,1397.0,45.78804347826087,21.00754239297989,25.798601573187312,22.971389800170805,9.955106,0.8872884,7550.8215625,1692755165184.0,2026-08-07
2026-06-04,5019.T,,8,0,20,2026-06-05 00:00:00,1407.0,2026-07-02 00:00:00,1203.0,-14.498933901918976,0.4264392324093924,-16.45344705046198,CLOSED,1397.0,45.78804347826087,21.00754239297989,25.798601573187312,22.971389800170805,9.955106,0.8872884,7550.8215625,1692755165184.0,2026-08-07
2026-06-04,5019.T,,8,0,40,2026-06-05 00:00:00,1407.0,2026-07-31 00:00:00,1311.0,-6.823027718550112,0.4264392324093924,-16.45344705046198,CLOSED,1397.0,45.78804347826087,21.00754239297989,25.798601573187312,22.971389800170805,9.955106,0.8872884,7550.8215625,1692755165184.0,2026-08-07
2026-06-04,5019.T,,8,0,50,2026-06-05 00:00:00,1407.0,2026-08-17 00:00:00,1330.0,-5.472636815920396,0.4264392324093924,-16.45344705046198,CLOSED,1397.0,45.78804347826087,21.00754239297989,25.798601573187312,22.971389800170805,9.955106,0.8872884,7550.8215625,1692755165184.0,2026-08-07
2026-06-04,5019.T,,8,0,60,2026-06-05 00:00:00,1407.0,,,,,,OPEN_INSUFFICIENT_DAYS,1397.0,45.78804347826087,21.00754239297989,25.798601573187312,22.971389800170805,9.955106,0.8872884,7550.8215625,1692755165184.0,2026-08-07
2026-06-04,8194.T,,8,0,5,2026-06-05 00:00:00,2516.0,2026-06-11 00:00:00,2713.0,7.829888712241662,10.214626391096981,0.0,CLOSED,2515.0,47.477064220183486,26.639364324407023,26.384199761692145,24.39941105953075,11.56056,1.3990076,518.65358,217591889920.0,2025-07-07
2026-06-04,8194.T,,8,0,10,2026-06-05 00:00:00,2516.0,2026-06-18 00:00:00,2515.0,-0.03974562798092496,10.214626391096981,-1.3116057233704348,CLOSED,2515.0,47.477064220183486,26.639364324407023,26.384199761692145,24.39941105953075,11.56056,1.3990076,518.65358,217591889920.0,2025-07-07
2026-06-04,8194.T,,8,0,20,2026-06-05 00:00:00,2516.0,2026-07-02 00:00:00,2552.0,1.4308426073131875,10.214626391096981,-2.305246422893481,CLOSED,2515.0,47.477064220183486,26.639364324407023,26.384199761692145,24.39941105953075,11.56056,1.3990076,518.65358,217591889920.0,2025-07-07
2026-06-04,8194.T,,8,0,40,2026-06-05 00:00:00,2516.0,2026-07-31 00:00:00,2584.0,2.7027027027026973,10.214626391096981,-4.173290937996821,CLOSED,2515.0,47.477064220183486,26.639364324407023,26.384199761692145,24.39941105953075,11.56056,1.3990076,518.65358,217591889920.0,2025-07-07
2026-06-04,8194.T,,8,0,50,2026-06-05 00:00:00,2516.0,2026-08-17 00:00:00,2585.0,2.7424483306836223,10.214626391096981,-4.173290937996821,CLOSED,2515.0,47.477064220183486,26.639364324407023,26.384199761692145,24.39941105953075,11.56056,1.3990076,518.65358,217591889920.0,2025-07-07
2026-06-04,8194.T,,8,0,60,2026-06-05 00:00:00,2516.0,,,,,,OPEN_INSUFFICIENT_DAYS,2515.0,47.477064220183486,26.639364324407023,26.384199761692145,24.39941105953075,11.56056,1.3990076,518.65358,217591889920.0,2025-07-07
2026-06-05,9101.T,,8,0,5,2026-06-08 00:00:00,5568.0,2026-06-12 00:00:00,5630.0,1.113505747126431,5.1724137931034475,-0.8620689655172376,CLOSED,5609.0,52.76273022751896,21.45095077268045,28.514894618591907,19.453802412237437,11.1146345,0.74036753,17702.029775,2263548428288.0,2026-08-05
2026-06-05,9101.T,,8,0,10,2026-06-08 00:00:00,5568.0,2026-06-19 00:00:00,5152.0,-7.471264367816088,5.1724137931034475,-7.614942528735636,CLOSED,5609.0,52.76273022751896,21.45095077268045,28.514894618591907,19.453802412237437,11.1146345,0.74036753,17702.029775,2263548428288.0,2026-08-05
2026-06-05,9101.T,,8,0,20,2026-06-08 00:00:00,5568.0,2026-07-03 00:00:00,5211.0,-6.411637931034486,5.1724137931034475,-9.087643678160918,CLOSED,5609.0,52.76273022751896,21.45095077268045,28.514894618591907,19.453802412237437,11.1146345,0.74036753,17702.029775,2263548428288.0,2026-08-05
2026-06-05,9101.T,,8,0,40,2026-06-08 00:00:00,5568.0,2026-08-03 00:00:00,6042.0,8.512931034482762,10.775862068965525,-9.087643678160918,CLOSED,5609.0,52.76273022751896,21.45095077268045,28.514894618591907,19.453802412237437,11.1146345,0.74036753,17702.029775,2263548428288.0,2026-08-05
2026-06-05,9101.T,,8,0,50,2026-06-08 00:00:00,5568.0,2026-08-18 00:00:00,6784.0,21.839080459770123,22.072557471264375,-9.087643678160918,CLOSED,5609.0,52.76273022751896,21.45095077268045,28.514894618591907,19.453802412237437,11.1146345,0.74036753,17702.029775,2263548428288.0,2026-08-05
2026-06-05,9101.T,,8,0,60,2026-06-08 00:00:00,5568.0,,,,,,OPEN_INSUFFICIENT_DAYS,5609.0,52.76273022751896,21.45095077268045,28.514894618591907,19.453802412237437,11.1146345,0.74036753,17702.029775,2263548428288.0,2026-08-05
2026-06-05,9104.T,,8,0,5,2026-06-08 00:00:00,5784.0,2026-06-12 00:00:00,5765.0,-0.32849239280774434,4.218533886583686,-2.95643153526971,CLOSED,5801.0,47.61904761904762,27.346813755486536,21.394018133906155,18.490057785504234,9.376111,0.6934665,15955.633805,1992475279360.0,2026-08-07
2026-06-05,9104.T,,8,0,10,2026-06-08 00:00:00,5784.0,2026-06-19 00:00:00,5264.0,-8.990318118948826,4.218533886583686,-9.52627939142462,CLOSED,5801.0,47.61904761904762,27.346813755486536,21.394018133906155,18.490057785504234,9.376111,0.6934665,15955.633805,1992475279360.0,2026-08-07
2026-06-05,9104.T,,8,0,20,2026-06-08 00:00:00,5784.0,2026-07-03 00:00:00,5193.0,-10.21784232365145,4.218533886583686,-13.381742738589208,CLOSED,5801.0,47.61904761904762,27.346813755486536,21.394018133906155,18.490057785504234,9.376111,0.6934665,15955.633805,1992475279360.0,2026-08-07
2026-06-05,9104.T,,8,0,40,2026-06-08 00:00:00,5784.0,2026-08-03 00:00:00,5801.0,0.29391424619640283,4.218533886583686,-13.381742738589208,CLOSED,5801.0,47.61904761904762,27.346813755486536,21.394018133906155,18.490057785504234,9.376111,0.6934665,15955.633805,1992475279360.0,2026-08-07
2026-06-05,9104.T,,8,0,50,2026-06-08 00:00:00,5784.0,2026-08-18 00:00:00,6881.0,18.966113416320884,20.159059474412167,-13.381742738589208,CLOSED,5801.0,47.61904761904762,27.346813755486536,21.394018133906155,18.490057785504234,9.376111,0.6934665,15955.633805,1992475279360.0,2026-08-07
2026-06-05,9104.T,,8,0,60,2026-06-08 00:00:00,5784.0,,,,,,OPEN_INSUFFICIENT_DAYS,5801.0,47.61904761904762,27.346813755486536,21.394018133906155,18.490057785504234,9.376111,0.6934665,15955.633805,1992475279360.0,2026-08-07
2026-06-08,9101.T,,8,0,5,2026-06-09 00:00:00,5701.0,2026-06-15 00:00:00,5524.0,-3.104718470443779,2.7188212594281724,-4.122083844939484,CLOSED,5646.0,51.50166852057842,20.815533606947398,27.02853025401704,20.9986630833184,11.184406,0.7452514,17096.23928,2278480150528.0,2026-08-05
2026-06-08,9101.T,,8,0,10,2026-06-09 00:00:00,5701.0,2026-06-22 00:00:00,5203.0,-8.735309594807926,2.7188212594281724,-10.664795649885983,CLOSED,5646.0,51.50166852057842,20.815533606947398,27.02853025401704,20.9986630833184,11.184406,0.7452514,17096.23928,2278480150528.0,2026-08-05
2026-06-08,9101.T,,8,0,20,2026-06-09 00:00:00,5701.0,2026-07-06 00:00:00,5370.0,-5.805998947553059,2.7188212594281724,-11.20855990177162,CLOSED,5646.0,51.50166852057842,20.815533606947398,27.02853025401704,20.9986630833184,11.184406,0.7452514,17096.23928,2278480150528.0,2026-08-05
2026-06-08,9101.T,,8,0,40,2026-06-09 00:00:00,5701.0,2026-08-04 00:00:00,6019.0,5.577968777407483,8.191545342922302,-11.20855990177162,CLOSED,5646.0,51.50166852057842,20.815533606947398,27.02853025401704,20.9986630833184,11.184406,0.7452514,17096.23928,2278480150528.0,2026-08-05
2026-06-08,9101.T,,8,0,50,2026-06-09 00:00:00,5701.0,2026-08-19 00:00:00,6733.0,18.102087353095953,20.908612524118574,-11.20855990177162,CLOSED,5646.0,51.50166852057842,20.815533606947398,27.02853025401704,20.9986630833184,11.184406,0.7452514,17096.23928,2278480150528.0,2026-08-05
2026-06-08,9101.T,,8,0,60,2026-06-09 00:00:00,5701.0,,,,,,OPEN_INSUFFICIENT_DAYS,5646.0,51.50166852057842,20.815533606947398,27.02853025401704,20.9986630833184,11.184406,0.7452514,17096.23928,2278480150528.0,2026-08-05
2026-06-09,9101.T,,8,0,5,2026-06-10 00:00:00,5713.0,2026-06-16 00:00:00,5466.0,-4.3234727813758145,0.1225275687029681,-5.00612637843515,CLOSED,5702.0,54.86257928118394,21.36498624119225,34.091777455910524,18.966105033123483,11.296681,0.7526432,17264.8583,2301079322624.0,2026-08-05
2026-06-09,9101.T,,8,0,10,2026-06-10 00:00:00,5713.0,2026-06-23 00:00:00,5272.0,-7.719236828286369,0.1225275687029681,-10.852441799404867,CLOSED,5702.0,54.86257928118394,21.36498624119225,34.091777455910524,18.966105033123483,11.296681,0.7526432,17264.8583,2301079322624.0,2026-08-05
2026-06-09,9101.T,,8,0,20,2026-06-10 00:00:00,5713.0,2026-07-07 00:00:00,5253.0,-8.051811657622965,0.1225275687029681,-11.395063889375113,CLOSED,5702.0,54.86257928118394,21.36498624119225,34.091777455910524,18.966105033123483,11.296681,0.7526432,17264.8583,2301079322624.0,2026-08-05
2026-06-09,9101.T,,8,0,40,2026-06-10 00:00:00,5713.0,2026-08-05 00:00:00,5798.0,1.4878347628216382,7.964291965692283,-11.395063889375113,CLOSED,5702.0,54.86257928118394,21.36498624119225,34.091777455910524,18.966105033123483,11.296681,0.7526432,17264.8583,2301079322624.0,2026-08-05
2026-06-09,9101.T,,8,0,50,2026-06-10 00:00:00,5713.0,2026-08-20 00:00:00,6795.0,18.939261333800104,20.654647295641524,-11.395063889375113,CLOSED,5702.0,54.86257928118394,21.36498624119225,34.091777455910524,18.966105033123483,11.296681,0.7526432,17264.8583,2301079322624.0,2026-08-05
2026-06-09,9101.T,,8,0,60,2026-06-10 00:00:00,5713.0,,,,,,OPEN_INSUFFICIENT_DAYS,5702.0,54.86257928118394,21.36498624119225,34.091777455910524,18.966105033123483,11.296681,0.7526432,17264.8583,2301079322624.0,2026-08-05
2026-06-10,7181.T,,8,0,5,2026-06-11 00:00:00,1570.0,2026-06-17 00:00:00,1516.0,-3.439490445859872,1.6560509554140124,-3.439490445859872,CLOSED,1568.0,53.09734513274336,20.042771901979325,37.83949831414687,24.93755063222548,10.274556,0.40906507,4768.4002075,1699104292864.0,2026-08-07
2026-06-10,7181.T,,8,0,10,2026-06-11 00:00:00,1570.0,2026-06-24 00:00:00,1487.0,-5.286624203821654,1.6560509554140124,-5.796178343949043,CLOSED,1568.0,53.09734513274336,20.042771901979325,37.83949831414687,24.93755063222548,10.274556,0.40906507,4768.4002075,1699104292864.0,2026-08-07
2026-06-10,7181.T,,8,0,20,2026-06-11 00:00:00,1570.0,2026-07-08 00:00:00,1646.0,4.84076433121019,7.32484076433122,-6.592356687898093,CLOSED,1568.0,53.09734513274336,20.042771901979325,37.83949831414687,24.93755063222548,10.274556,0.40906507,4768.4002075,1699104292864.0,2026-08-07
2026-06-10,7181.T,,8,0,40,2026-06-11 00:00:00,1570.0,2026-08-06 00:00:00,1750.5,11.496815286624207,14.490445859872603,-6.592356687898093,CLOSED,1568.0,53.09734513274336,20.042771901979325,37.83949831414687,24.93755063222548,10.274556,0.40906507,4768.4002075,1699104292864.0,2026-08-07
2026-06-10,7181.T,,8,0,50,2026-06-11 00:00:00,1570.0,2026-08-21 00:00:00,1651.5,5.191082802547764,14.490445859872603,-6.592356687898093,CLOSED,1568.0,53.09734513274336,20.042771901979325,37.83949831414687,24.93755063222548,10.274556,0.40906507,4768.4002075,1699104292864.0,2026-08-07
2026-06-10,7181.T,,8,0,60,2026-06-11 00:00:00,1570.0,,,,,,OPEN_INSUFFICIENT_DAYS,1568.0,53.09734513274336,20.042771901979325,37.83949831414687,24.93755063222548,10.274556,0.40906507,4768.4002075,1699104292864.0,2026-08-07
2026-06-10,9956.T,,8,0,5,2026-06-11 00:00:00,3655.0,2026-06-17 00:00:00,3595.0,-1.641586867305067,1.9151846785225635,-4.514363885088923,CLOSED,3610.0,50.318471337579616,25.02947480961712,27.036787894701213,24.49057191855016,11.537232,1.0264819,455.06965,190151753728.0,2026-08-07
2026-06-10,9956.T,,8,0,10,2026-06-11 00:00:00,3655.0,2026-06-24 00:00:00,3720.0,1.7783857729138264,1.9151846785225635,-4.514363885088923,CLOSED,3610.0,50.318471337579616,25.02947480961712,27.036787894701213,24.49057191855016,11.537232,1.0264819,455.06965,190151753728.0,2026-08-07
2026-06-10,9956.T,,8,0,20,2026-06-11 00:00:00,3655.0,2026-07-08 00:00:00,3250.0,-11.08071135430917,8.207934336525312,-11.08071135430917,CLOSED,3610.0,50.318471337579616,25.02947480961712,27.036787894701213,24.49057191855016,11.537232,1.0264819,455.06965,190151753728.0,2026-08-07
2026-06-10,9956.T,,8,0,40,2026-06-11 00:00:00,3655.0,2026-08-06 00:00:00,3170.0,-13.26949384404925,8.207934336525312,-14.77428180574556,CLOSED,3610.0,50.318471337579616,25.02947480961712,27.036787894701213,24.49057191855016,11.537232,1.0264819,455.06965,190151753728.0,2026-08-07
2026-06-10,9956.T,,8,0,50,2026-06-11 00:00:00,3655.0,2026-08-21 00:00:00,3250.0,-11.08071135430917,8.207934336525312,-14.77428180574556,CLOSED,3610.0,50.318471337579616,25.02947480961712,27.036787894701213,24.49057191855016,11.537232,1.0264819,455.06965,190151753728.0,2026-08-07
2026-06-10,9956.T,,8,0,60,2026-06-11 00:00:00,3655.0,,,,,,OPEN_INSUFFICIENT_DAYS,3610.0,50.318471337579616,25.02947480961712,27.036787894701213,24.49057191855016,11.537232,1.0264819,455.06965,190151753728.0,2026-08-07
2026-06-11,2501.T,,8,0,5,2026-06-12 00:00:00,1676.6107893671106,2026-06-18 00:00:00,1755.3411865234375,4.695806424223603,4.695806424223603,-2.9238042207004766,CLOSED,1693.0,50.45992115637319,20.381547998187344,27.19629483167448,21.85307140460802,43.792034,3.070873,2195.2607375,660001783808.0,2026-08-06
2026-06-11,2501.T,,8,0,10,2026-06-12 00:00:00,1676.6107893671106,2026-06-25 00:00:00,2018.76611328125,20.40755827673617,20.496158393201757,-2.9238042207004766,CLOSED,1693.0,50.45992115637319,20.381547998187344,27.19629483167448,21.85307140460802,43.792034,3.070873,2195.2607375,660001783808.0,2026-08-06
2026-06-11,2501.T,,8,0,20,2026-06-12 00:00:00,1676.6107893671106,2026-07-09 00:00:00,2070.0,23.463359124712934,25.998234855534342,-2.9238042207004766,CLOSED,1693.0,50.45992115637319,20.381547998187344,27.19629483167448,21.85307140460802,43.792034,3.070873,2195.2607375,660001783808.0,2026-08-06
2026-06-11,2501.T,,8,0,40,2026-06-12 00:00:00,1676.6107893671106,2026-08-07 00:00:00,1960.0,16.90250429199871,31.127630452019982,-2.9238042207004766,CLOSED,1693.0,50.45992115637319,20.381547998187344,27.19629483167448,21.85307140460802,43.792034,3.070873,2195.2607375,660001783808.0,2026-08-06
2026-06-11,2501.T,,8,0,50,2026-06-12 00:00:00,1676.6107893671106,2026-08-24 00:00:00,1917.0,14.337806493755888,31.127630452019982,-2.9238042207004766,CLOSED,1693.0,50.45992115637319,20.381547998187344,27.19629483167448,21.85307140460802,43.792034,3.070873,2195.2607375,660001783808.0,2026-08-06
2026-06-11,2501.T,,8,0,60,2026-06-12 00:00:00,1676.6107893671106,,,,,,OPEN_INSUFFICIENT_DAYS,1693.0,50.45992115637319,20.381547998187344,27.19629483167448,21.85307140460802,43.792034,3.070873,2195.2607375,660001783808.0,2026-08-06
2026-06-18,1815.T,,8,0,5,2026-06-19 00:00:00,4625.0,2026-06-25 00:00:00,4345.0,-6.054054054054059,1.6216216216216273,-6.054054054054059,CLOSED,4615.0,50.97276264591439,22.412356050679318,26.80142178370598,21.3033202581796,18.999588,0.8198353,342.730475,64291229696.0,2025-08-07
2026-06-18,1815.T,,8,0,10,2026-06-19 00:00:00,4625.0,2026-07-02 00:00:00,4405.0,-4.756756756756753,1.6216216216216273,-6.594594594594594,CLOSED,4615.0,50.97276264591439,22.412356050679318,26.80142178370598,21.3033202581796,18.999588,0.8198353,342.730475,64291229696.0,2025-08-07
2026-06-18,1815.T,,8,0,20,2026-06-19 00:00:00,4625.0,2026-07-16 00:00:00,4580.0,-0.9729729729729741,4.0000000000000036,-6.594594594594594,CLOSED,4615.0,50.97276264591439,22.412356050679318,26.80142178370598,21.3033202581796,18.999588,0.8198353,342.730475,64291229696.0,2025-08-07
2026-06-18,1815.T,,8,0,40,2026-06-19 00:00:00,4625.0,2026-08-17 00:00:00,4455.0,-3.6756756756756714,4.0000000000000036,-9.405405405405409,CLOSED,4615.0,50.97276264591439,22.412356050679318,26.80142178370598,21.3033202581796,18.999588,0.8198353,342.730475,64291229696.0,2025-08-07
2026-06-18,1815.T,,8,0,50,2026-06-19 00:00:00,4625.0,,,,,,OPEN_INSUFFICIENT_DAYS,4615.0,50.97276264591439,22.412356050679318,26.80142178370598,21.3033202581796,18.999588,0.8198353,342.730475,64291229696.0,2025-08-07
2026-06-18,1815.T,,8,0,60,2026-06-19 00:00:00,4625.0,,,,,,OPEN_INSUFFICIENT_DAYS,4615.0,50.97276264591439,22.412356050679318,26.80142178370598,21.3033202581796,18.999588,0.8198353,342.730475,64291229696.0,2025-08-07
2026-06-18,2986.T,,8,0,5,2026-06-19 00:00:00,2865.8662623678224,2026-06-25 00:00:00,2794.05615234375,-2.5057034575207915,1.9362112343573878,-4.1002308115857815,CLOSED,8780.0,43.87351778656127,23.528705985594456,24.843241122926884,21.168298652090883,10.155572,2.2921803,716.1621,67091693568.0,2025-08-07
2026-06-18,2986.T,,8,0,10,2026-06-19 00:00:00,2865.8662623678224,2026-07-02 00:00:00,2767.0,-3.4497863234601023,1.9362112343573878,-6.206369944871981,CLOSED,8780.0,43.87351778656127,23.528705985594456,24.843241122926884,21.168298652090883,10.155572,2.2921803,716.1621,67091693568.0,2025-08-07
2026-06-18,2986.T,,8,0,20,2026-06-19 00:00:00,2865.8662623678224,2026-07-16 00:00:00,2778.0,-3.0659582242761774,4.854858004337692,-6.206369944871981,CLOSED,8780.0,43.87351778656127,23.528705985594456,24.843241122926884,21.168298652090883,10.155572,2.2921803,716.1621,67091693568.0,2025-08-07
2026-06-18,2986.T,,8,0,40,2026-06-19 00:00:00,2865.8662623678224,2026-08-17 00:00:00,2832.0,-1.1817111919186885,4.854858004337692,-8.509338539975564,CLOSED,8780.0,43.87351778656127,23.528705985594456,24.843241122926884,21.168298652090883,10.155572,2.2921803,716.1621,67091693568.0,2025-08-07
2026-06-18,2986.T,,8,0,50,2026-06-19 00:00:00,2865.8662623678224,,,,,,OPEN_INSUFFICIENT_DAYS,8780.0,43.87351778656127,23.528705985594456,24.843241122926884,21.168298652090883,10.155572,2.2921803,716.1621,67091693568.0,2025-08-07
2026-06-18,2986.T,,8,0,60,2026-06-19 00:00:00,2865.8662623678224,,,,,,OPEN_INSUFFICIENT_DAYS,8780.0,43.87351778656127,23.528705985594456,24.843241122926884,21.168298652090883,10.155572,2.2921803,716.1621,67091693568.0,2025-08-07
2026-06-18,5214.T,,8,0,5,2026-06-19 00:00:00,6732.7094424562365,2026-06-25 00:00:00,6614.193359375,-1.760302952239079,2.8898348990466616,-5.266246918019279,CLOSED,6765.0,53.41943058409158,20.72495092083724,25.878746002946684,22.7475749805975,17.683039,1.0129079,5414.61219,498470584320.0,2026-07-29
2026-06-18,5214.T,,8,0,10,2026-06-19 00:00:00,6732.7094424562365,2026-07-02 00:00:00,6284.0,-6.6646191446595004,2.8898348990466616,-7.1993221540153645,CLOSED,6765.0,53.41943058409158,20.72495092083724,25.878746002946684,22.7475749805975,17.683039,1.0129079,5414.61219,498470584320.0,2026-07-29
2026-06-18,5214.T,,8,0,20,2026-06-19 00:00:00,6732.7094424562365,2026-07-16 00:00:00,5764.0,-14.38810705757756,2.8898348990466616,-15.308984462579323,CLOSED,6765.0,53.41943058409158,20.72495092083724,25.878746002946684,22.7475749805975,17.683039,1.0129079,5414.61219,498470584320.0,2026-07-29
2026-06-18,5214.T,,8,0,40,2026-06-19 00:00:00,6732.7094424562365,2026-08-17 00:00:00,5194.0,-22.854238039045427,2.8898348990466616,-35.791080293183164,CLOSED,6765.0,53.41943058409158,20.72495092083724,25.878746002946684,22.7475749805975,17.683039,1.0129079,5414.61219,498470584320.0,2026-07-29
2026-06-18,5214.T,,8,0,50,2026-06-19 00:00:00,6732.7094424562365,,,,,,OPEN_INSUFFICIENT_DAYS,6765.0,53.41943058409158,20.72495092083724,25.878746002946684,22.7475749805975,17.683039,1.0129079,5414.61219,498470584320.0,2026-07-29
2026-06-18,5214.T,,8,0,60,2026-06-19 00:00:00,6732.7094424562365,,,,,,OPEN_INSUFFICIENT_DAYS,6765.0,53.41943058409158,20.72495092083724,25.878746002946684,22.7475749805975,17.683039,1.0129079,5414.61219,498470584320.0,2026-07-29
2026-06-19,1815.T,,8,0,5,2026-06-22 00:00:00,4540.0,2026-06-26 00:00:00,4390.0,-3.3039647577092546,1.4317180616740144,-4.845814977973573,CLOSED,4550.0,51.372549019607845,21.62786188323445,24.62425880878653,19.572785196149518,18.731989,0.80828834,345.582475,63385718784.0,2025-08-07
2026-06-19,1815.T,,8,0,10,2026-06-22 00:00:00,4540.0,2026-07-03 00:00:00,4460.0,-1.7621145374449365,1.4317180616740144,-4.845814977973573,CLOSED,4550.0,51.372549019607845,21.62786188323445,24.62425880878653,19.572785196149518,18.731989,0.80828834,345.582475,63385718784.0,2025-08-07
2026-06-19,1815.T,,8,0,20,2026-06-22 00:00:00,4540.0,2026-07-17 00:00:00,4385.0,-3.4140969162995582,5.947136563876643,-4.845814977973573,CLOSED,4550.0,51.372549019607845,21.62786188323445,24.62425880878653,19.572785196149518,18.731989,0.80828834,345.582475,63385718784.0,2025-08-07
2026-06-19,1815.T,,8,0,40,2026-06-22 00:00:00,4540.0,2026-08-18 00:00:00,4365.0,-3.854625550660795,5.947136563876643,-7.70925110132159,CLOSED,4550.0,51.372549019607845,21.62786188323445,24.62425880878653,19.572785196149518,18.731989,0.80828834,345.582475,63385718784.0,2025-08-07
2026-06-19,1815.T,,8,0,50,2026-06-22 00:00:00,4540.0,,,,,,OPEN_INSUFFICIENT_DAYS,4550.0,51.372549019607845,21.62786188323445,24.62425880878653,19.572785196149518,18.731989,0.80828834,345.582475,63385718784.0,2025-08-07
2026-06-19,1815.T,,8,0,60,2026-06-22 00:00:00,4540.0,,,,,,OPEN_INSUFFICIENT_DAYS,4550.0,51.372549019607845,21.62786188323445,24.62425880878653,19.572785196149518,18.731989,0.80828834,345.582475,63385718784.0,2025-08-07
2026-06-19,2986.T,,8,0,5,2026-06-22 00:00:00,2885.4507175291715,2026-06-26 00:00:00,2781.0,-3.619909946637845,1.2443383334933777,-4.864256594075089,CLOSED,8690.0,49.115044247787615,21.97177556820298,23.080195925030488,22.29445215468014,10.051472,2.2686841,714.45375,66403966976.0,2025-08-07
2026-06-19,2986.T,,8,0,10,2026-06-22 00:00:00,2885.4507175291715,2026-07-03 00:00:00,2872.0,-0.4661565504292975,1.2443383334933777,-6.842976604301521,CLOSED,8690.0,49.115044247787615,21.97177556820298,23.080195925030488,22.29445215468014,10.051472,2.2686841,714.45375,66403966976.0,2025-08-07
2026-06-19,2986.T,,8,0,20,2026-06-22 00:00:00,2885.4507175291715,2026-07-17 00:00:00,2665.0,-7.640079111035547,4.143175336337035,-9.130314232320902,CLOSED,8690.0,49.115044247787615,21.97177556820298,23.080195925030488,22.29445215468014,10.051472,2.2686841,714.45375,66403966976.0,2025-08-07
2026-06-19,2986.T,,8,0,40,2026-06-22 00:00:00,2885.4507175291715,2026-08-18 00:00:00,2802.0,-2.8921207013589467,4.143175336337035,-9.130314232320902,CLOSED,8690.0,49.115044247787615,21.97177556820298,23.080195925030488,22.29445215468014,10.051472,2.2686841,714.45375,66403966976.0,2025-08-07
2026-06-19,2986.T,,8,0,50,2026-06-22 00:00:00,2885.4507175291715,,,,,,OPEN_INSUFFICIENT_DAYS,8690.0,49.115044247787615,21.97177556820298,23.080195925030488,22.29445215468014,10.051472,2.2686841,714.45375,66403966976.0,2025-08-07
2026-06-19,2986.T,,8,0,60,2026-06-22 00:00:00,2885.4507175291715,,,,,,OPEN_INSUFFICIENT_DAYS,8690.0,49.115044247787615,21.97177556820298,23.080195925030488,22.29445215468014,10.051472,2.2686841,714.45375,66403966976.0,2025-08-07
2026-06-19,5214.T,,8,0,5,2026-06-22 00:00:00,6738.635297204922,2026-06-26 00:00:00,6390.0,-5.173678079143562,2.799355122380187,-6.492745926574317,CLOSED,6823.0,48.9546477967192,20.056535145673774,27.03016214465172,21.51227964766908,17.834644,1.021592,5491.760245,502744252416.0,2026-07-29
2026-06-19,5214.T,,8,0,10,2026-06-22 00:00:00,6738.635297204922,2026-07-03 00:00:00,6355.0,-5.693071078710066,2.799355122380187,-9.046865875910937,CLOSED,6823.0,48.9546477967192,20.056535145673774,27.03016214465172,21.51227964766908,17.834644,1.021592,5491.760245,502744252416.0,2026-07-29
2026-06-19,5214.T,,8,0,20,2026-06-22 00:00:00,6738.635297204922,2026-07-17 00:00:00,5576.0,-17.253275269061742,2.799355122380187,-19.405046267265835,CLOSED,6823.0,48.9546477967192,20.056535145673774,27.03016214465172,21.51227964766908,17.834644,1.021592,5491.760245,502744252416.0,2026-07-29
2026-06-19,5214.T,,8,0,40,2026-06-22 00:00:00,6738.635297204922,2026-08-18 00:00:00,5075.0,-24.688015062856582,2.799355122380187,-35.84754465354266,CLOSED,6823.0,48.9546477967192,20.056535145673774,27.03016214465172,21.51227964766908,17.834644,1.021592,5491.760245,502744252416.0,2026-07-29
2026-06-19,5214.T,,8,0,50,2026-06-22 00:00:00,6738.635297204922,,,,,,OPEN_INSUFFICIENT_DAYS,6823.0,48.9546477967192,20.056535145673774,27.03016214465172,21.51227964766908,17.834644,1.021592,5491.760245,502744252416.0,2026-07-29
2026-06-19,5214.T,,8,0,60,2026-06-22 00:00:00,6738.635297204922,,,,,,OPEN_INSUFFICIENT_DAYS,6823.0,48.9546477967192,20.056535145673774,27.03016214465172,21.51227964766908,17.834644,1.021592,5491.760245,502744252416.0,2026-07-29
2026-06-24,9793.T,,8,0,5,2026-06-25 00:00:00,3965.0,2026-07-01 00:00:00,3975.0,0.2522068095838659,0.6305170239596425,-2.1437578814628044,CLOSED,3940.0,53.90625,25.82165482041175,22.98670505585442,20.33232354843252,20.398655,2.2790995,520.77995,186304970752.0,2026-07-02
2026-06-24,9793.T,,8,0,10,2026-06-25 00:00:00,3965.0,2026-07-08 00:00:00,3900.0,-1.6393442622950838,2.9003783102143688,-7.187894073139978,CLOSED,3940.0,53.90625,25.82165482041175,22.98670505585442,20.33232354843252,20.398655,2.2790995,520.77995,186304970752.0,2026-07-02
2026-06-24,9793.T,,8,0,20,2026-06-25 00:00:00,3965.0,2026-07-23 00:00:00,3795.0,-4.287515762925597,2.9003783102143688,-7.187894073139978,CLOSED,3940.0,53.90625,25.82165482041175,22.98670505585442,20.33232354843252,20.398655,2.2790995,520.77995,186304970752.0,2026-07-02
2026-06-24,9793.T,,8,0,40,2026-06-25 00:00:00,3965.0,2026-08-21 00:00:00,3805.0,-4.035308953341743,2.9003783102143688,-7.187894073139978,CLOSED,3940.0,53.90625,25.82165482041175,22.98670505585442,20.33232354843252,20.398655,2.2790995,520.77995,186304970752.0,2026-07-02
2026-06-24,9793.T,,8,0,50,2026-06-25 00:00:00,3965.0,,,,,,OPEN_INSUFFICIENT_DAYS,3940.0,53.90625,25.82165482041175,22.98670505585442,20.33232354843252,20.398655,2.2790995,520.77995,186304970752.0,2026-07-02
2026-06-24,9793.T,,8,0,60,2026-06-25 00:00:00,3965.0,,,,,,OPEN_INSUFFICIENT_DAYS,3940.0,53.90625,25.82165482041175,22.98670505585442,20.33232354843252,20.398655,2.2790995,520.77995,186304970752.0,2026-07-02
2026-06-25,4676.T,,8,0,5,2026-06-26 00:00:00,3976.0,2026-07-02 00:00:00,3996.0,0.5030181086519203,2.515090543259557,-4.275653923541245,CLOSED,3989.0,38.90865954922894,20.156596841890668,26.852123753018585,19.82806243259193,121.87595,1.0393263,3041.74758,568216387584.0,2026-07-30
2026-06-25,4676.T,,8,0,10,2026-06-26 00:00:00,3976.0,2026-07-09 00:00:00,4075.0,2.4899396378269545,4.879275653923543,-4.275653923541245,CLOSED,3989.0,38.90865954922894,20.156596841890668,26.852123753018585,19.82806243259193,121.87595,1.0393263,3041.74758,568216387584.0,2026-07-30
2026-06-25,4676.T,,8,0,20,2026-06-26 00:00:00,3976.0,2026-07-24 00:00:00,4055.0,1.9869215291750564,7.8722334004024175,-4.275653923541245,CLOSED,3989.0,38.90865954922894,20.156596841890668,26.852123753018585,19.82806243259193,121.87595,1.0393263,3041.74758,568216387584.0,2026-07-30
2026-06-25,4676.T,,8,0,40,2026-06-26 00:00:00,3976.0,2026-08-24 00:00:00,4175.0,5.005030181086512,7.8722334004024175,-4.275653923541245,CLOSED,3989.0,38.90865954922894,20.156596841890668,26.852123753018585,19.82806243259193,121.87595,1.0393263,3041.74758,568216387584.0,2026-07-30
2026-06-25,4676.T,,8,0,50,2026-06-26 00:00:00,3976.0,,,,,,OPEN_INSUFFICIENT_DAYS,3989.0,38.90865954922894,20.156596841890668,26.852123753018585,19.82806243259193,121.87595,1.0393263,3041.74758,568216387584.0,2026-07-30
2026-06-25,4676.T,,8,0,60,2026-06-26 00:00:00,3976.0,,,,,,OPEN_INSUFFICIENT_DAYS,3989.0,38.90865954922894,20.156596841890668,26.852123753018585,19.82806243259193,121.87595,1.0393263,3041.74758,568216387584.0,2026-07-30
2026-07-02,2432.T,,8,0,5,2026-07-03 00:00:00,2675.5,2026-07-09 00:00:00,2550.5,-4.672023920762469,0.8970285927863975,-5.512988226499715,CLOSED,2664.5,49.662921348314605,23.761346520109942,30.969220012753297,24.027684121522945,15.594639,1.2300285,3856.6270175,260277731328.0,2026-08-06
2026-07-02,2432.T,,8,0,10,2026-07-03 00:00:00,2675.5,2026-07-16 00:00:00,2410.0,-9.923378807699489,0.8970285927863975,-10.484021678190992,CLOSED,2664.5,49.662921348314605,23.761346520109942,30.969220012753297,24.027684121522945,15.594639,1.2300285,3856.6270175,260277731328.0,2026-08-06
2026-07-02,2432.T,,8,0,20,2026-07-03 00:00:00,2675.5,2026-07-31 00:00:00,2471.5,-7.624743038684356,0.8970285927863975,-11.287609792562137,CLOSED,2664.5,49.662921348314605,23.761346520109942,30.969220012753297,24.027684121522945,15.594639,1.2300285,3856.6270175,260277731328.0,2026-08-06
2026-07-02,2432.T,,8,0,40,2026-07-03 00:00:00,2675.5,,,,,,OPEN_INSUFFICIENT_DAYS,2664.5,49.662921348314605,23.761346520109942,30.969220012753297,24.027684121522945,15.594639,1.2300285,3856.6270175,260277731328.0,2026-08-06
2026-07-02,2432.T,,8,0,50,2026-07-03 00:00:00,2675.5,,,,,,OPEN_INSUFFICIENT_DAYS,2664.5,49.662921348314605,23.761346520109942,30.969220012753297,24.027684121522945,15.594639,1.2300285,3856.6270175,260277731328.0,2026-08-06
2026-07-02,2432.T,,8,0,60,2026-07-03 00:00:00,2675.5,,,,,,OPEN_INSUFFICIENT_DAYS,2664.5,49.662921348314605,23.761346520109942,30.969220012753297,24.027684121522945,15.594639,1.2300285,3856.6270175,260277731328.0,2026-08-06
2026-07-03,2432.T,,8,0,5,2026-07-06 00:00:00,2664.0,2026-07-10 00:00:00,2517.0,-5.518018018018022,1.2387387387387427,-5.724474474474473,CLOSED,2664.0,49.09194097616345,23.304040191477277,32.01037665066578,22.54080536834824,15.573483,1.2297977,3927.5491725,260228890624.0,2026-08-06
2026-07-03,2432.T,,8,0,10,2026-07-06 00:00:00,2664.0,2026-07-17 00:00:00,2415.0,-9.346846846846846,1.2387387387387427,-10.097597597597597,CLOSED,2664.0,49.09194097616345,23.304040191477277,32.01037665066578,22.54080536834824,15.573483,1.2297977,3927.5491725,260228890624.0,2026-08-06
2026-07-03,2432.T,,8,0,20,2026-07-06 00:00:00,2664.0,2026-08-03 00:00:00,2513.0,-5.6681681681681635,1.2387387387387427,-10.904654654654655,CLOSED,2664.0,49.09194097616345,23.304040191477277,32.01037665066578,22.54080536834824,15.573483,1.2297977,3927.5491725,260228890624.0,2026-08-06
2026-07-03,2432.T,,8,0,40,2026-07-06 00:00:00,2664.0,,,,,,OPEN_INSUFFICIENT_DAYS,2664.0,49.09194097616345,23.304040191477277,32.01037665066578,22.54080536834824,15.573483,1.2297977,3927.5491725,260228890624.0,2026-08-06
2026-07-03,2432.T,,8,0,50,2026-07-06 00:00:00,2664.0,,,,,,OPEN_INSUFFICIENT_DAYS,2664.0,49.09194097616345,23.304040191477277,32.01037665066578,22.54080536834824,15.573483,1.2297977,3927.5491725,260228890624.0,2026-08-06
2026-07-03,2432.T,,8,0,60,2026-07-06 00:00:00,2664.0,,,,,,OPEN_INSUFFICIENT_DAYS,2664.0,49.09194097616345,23.304040191477277,32.01037665066578,22.54080536834824,15.573483,1.2297977,3927.5491725,260228890624.0,2026-08-06
2026-07-07,2432.T,,8,0,5,2026-07-08 00:00:00,2661.0,2026-07-14 00:00:00,2486.0,-6.576475009394967,0.3945885005637084,-7.196542653137916,CLOSED,2660.0,50.78468298807282,21.84447089781869,28.37964494902707,21.42518193912166,15.559195,1.2279512,4155.40412,249085001728.0,2026-08-06
2026-07-07,2432.T,,8,0,10,2026-07-08 00:00:00,2661.0,2026-07-22 00:00:00,2429.5,-8.699736940999625,0.3945885005637084,-10.015031942878617,CLOSED,2660.0,50.78468298807282,21.84447089781869,28.37964494902707,21.42518193912166,15.559195,1.2279512,4155.40412,249085001728.0,2026-08-06
2026-07-07,2432.T,,8,0,20,2026-07-08 00:00:00,2661.0,2026-08-05 00:00:00,2461.5,-7.49718151071026,0.3945885005637084,-10.80420894400601,CLOSED,2660.0,50.78468298807282,21.84447089781869,28.37964494902707,21.42518193912166,15.559195,1.2279512,4155.40412,249085001728.0,2026-08-06
2026-07-07,2432.T,,8,0,40,2026-07-08 00:00:00,2661.0,,,,,,OPEN_INSUFFICIENT_DAYS,2660.0,50.78468298807282,21.84447089781869,28.37964494902707,21.42518193912166,15.559195,1.2279512,4155.40412,249085001728.0,2026-08-06
2026-07-07,2432.T,,8,0,50,2026-07-08 00:00:00,2661.0,,,,,,OPEN_INSUFFICIENT_DAYS,2660.0,50.78468298807282,21.84447089781869,28.37964494902707,21.42518193912166,15.559195,1.2279512,4155.40412,249085001728.0,2026-08-06
2026-07-07,2432.T,,8,0,60,2026-07-08 00:00:00,2661.0,,,,,,OPEN_INSUFFICIENT_DAYS,2660.0,50.78468298807282,21.84447089781869,28.37964494902707,21.42518193912166,15.559195,1.2279512,4155.40412,249085001728.0,2026-08-06
2026-07-13,7613.T,,8,0,5,2026-07-14 00:00:00,1337.0,2026-07-21 00:00:00,1393.0,4.188481675392675,4.712041884816753,-1.3462976813762184,CLOSED,1338.0,54.899023913171256,21.06806121684867,20.031511563425934,16.75667300216345,25.321726,0.59541184,250.404695,63070179328.0,2025-08-07
2026-07-13,7613.T,,8,0,10,2026-07-14 00:00:00,1337.0,2026-07-28 00:00:00,1402.0,4.861630516080773,8.077786088257287,-1.3462976813762184,CLOSED,1338.0,54.899023913171256,21.06806121684867,20.031511563425934,16.75667300216345,25.321726,0.59541184,250.404695,63070179328.0,2025-08-07
2026-07-13,7613.T,,8,0,20,2026-07-14 00:00:00,1337.0,2026-08-12 00:00:00,1621.0,21.24158563949139,26.626776364996264,-1.3462976813762184,CLOSED,1338.0,54.899023913171256,21.06806121684867,20.031511563425934,16.75667300216345,25.321726,0.59541184,250.404695,63070179328.0,2025-08-07
2026-07-13,7613.T,,8,0,40,2026-07-14 00:00:00,1337.0,,,,,,OPEN_INSUFFICIENT_DAYS,1338.0,54.899023913171256,21.06806121684867,20.031511563425934,16.75667300216345,25.321726,0.59541184,250.404695,63070179328.0,2025-08-07
2026-07-13,7613.T,,8,0,50,2026-07-14 00:00:00,1337.0,,,,,,OPEN_INSUFFICIENT_DAYS,1338.0,54.899023913171256,21.06806121684867,20.031511563425934,16.75667300216345,25.321726,0.59541184,250.404695,63070179328.0,2025-08-07
2026-07-13,7613.T,,8,0,60,2026-07-14 00:00:00,1337.0,,,,,,OPEN_INSUFFICIENT_DAYS,1338.0,54.899023913171256,21.06806121684867,20.031511563425934,16.75667300216345,25.321726,0.59541184,250.404695,63070179328.0,2025-08-07
2026-07-27,2702.T,,8,0,5,2026-07-28 00:00:00,7750.0,2026-08-03 00:00:00,8220.0,6.064516129032249,6.967741935483862,-0.5161290322580614,CLOSED,7730.0,53.91304347826088,21.04375951092707,29.974622542847225,16.289916329038267,30.311348,3.6186697,4794.5244,1027771006976.0,2026-08-07
2026-07-27,2702.T,,8,0,10,2026-07-28 00:00:00,7750.0,2026-08-10 00:00:00,7920.0,2.1935483870967776,6.967741935483862,-0.5161290322580614,CLOSED,7730.0,53.91304347826088,21.04375951092707,29.974622542847225,16.289916329038267,30.311348,3.6186697,4794.5244,1027771006976.0,2026-08-07
2026-07-27,2702.T,,8,0,20,2026-07-28 00:00:00,7750.0,2026-08-25 00:00:00,8180.0,5.548387096774188,7.354838709677414,-1.4193548387096744,CLOSED,7730.0,53.91304347826088,21.04375951092707,29.974622542847225,16.289916329038267,30.311348,3.6186697,4794.5244,1027771006976.0,2026-08-07
2026-07-27,2702.T,,8,0,40,2026-07-28 00:00:00,7750.0,,,,,,OPEN_INSUFFICIENT_DAYS,7730.0,53.91304347826088,21.04375951092707,29.974622542847225,16.289916329038267,30.311348,3.6186697,4794.5244,1027771006976.0,2026-08-07
2026-07-27,2702.T,,8,0,50,2026-07-28 00:00:00,7750.0,,,,,,OPEN_INSUFFICIENT_DAYS,7730.0,53.91304347826088,21.04375951092707,29.974622542847225,16.289916329038267,30.311348,3.6186697,4794.5244,1027771006976.0,2026-08-07
2026-07-27,2702.T,,8,0,60,2026-07-28 00:00:00,7750.0,,,,,,OPEN_INSUFFICIENT_DAYS,7730.0,53.91304347826088,21.04375951092707,29.974622542847225,16.289916329038267,30.311348,3.6186697,4794.5244,1027771006976.0,2026-08-07
2026-08-03,1377.T,,8,1,5,2026-08-04 00:00:00,4310.0,2026-08-10 00:00:00,4395.0,1.9721577726218076,2.436194895591637,-1.044083526682138,CLOSED,4330.0,46.09929078014185,36.42271206370947,29.17662401142092,16.339739907157597,15.227178,1.0253409,691.982275,182984491008.0,2026-10-06
2026-08-03,1377.T,,8,1,10,2026-08-04 00:00:00,4310.0,2026-08-18 00:00:00,4460.0,3.480278422273786,3.7122969837587005,-1.044083526682138,CLOSED,4330.0,46.09929078014185,36.42271206370947,29.17662401142092,16.339739907157597,15.227178,1.0253409,691.982275,182984491008.0,2026-10-06
2026-08-03,1377.T,,8,1,20,2026-08-04 00:00:00,4310.0,,,,,,OPEN_INSUFFICIENT_DAYS,4330.0,46.09929078014185,36.42271206370947,29.17662401142092,16.339739907157597,15.227178,1.0253409,691.982275,182984491008.0,2026-10-06
2026-08-03,1377.T,,8,1,40,2026-08-04 00:00:00,4310.0,,,,,,OPEN_INSUFFICIENT_DAYS,4330.0,46.09929078014185,36.42271206370947,29.17662401142092,16.339739907157597,15.227178,1.0253409,691.982275,182984491008.0,2026-10-06
2026-08-03,1377.T,,8,1,50,2026-08-04 00:00:00,4310.0,,,,,,OPEN_INSUFFICIENT_DAYS,4330.0,46.09929078014185,36.42271206370947,29.17662401142092,16.339739907157597,15.227178,1.0253409,691.982275,182984491008.0,2026-10-06
2026-08-03,1377.T,,8,1,60,2026-08-04 00:00:00,4310.0,,,,,,OPEN_INSUFFICIENT_DAYS,4330.0,46.09929078014185,36.42271206370947,29.17662401142092,16.339739907157597,15.227178,1.0253409,691.982275,182984491008.0,2026-10-06
2026-08-04,5121.T,,8,0,5,2026-08-05 00:00:00,2628.0,2026-08-12 00:00:00,2688.0,2.2831050228310446,6.887366818873675,-3.0060882800608812,CLOSED,2581.0,50.11441647597254,21.970789545950385,23.239255276063258,19.330872662861136,12.374742,1.2581713,213.5378,47679746048.0,2025-08-07
2026-08-04,5121.T,,8,0,10,2026-08-05 00:00:00,2628.0,2026-08-19 00:00:00,2780.0,5.783866057838671,7.686453576864527,-3.0060882800608812,CLOSED,2581.0,50.11441647597254,21.970789545950385,23.239255276063258,19.330872662861136,12.374742,1.2581713,213.5378,47679746048.0,2025-08-07
2026-08-04,5121.T,,8,0,20,2026-08-05 00:00:00,2628.0,,,,,,OPEN_INSUFFICIENT_DAYS,2581.0,50.11441647597254,21.970789545950385,23.239255276063258,19.330872662861136,12.374742,1.2581713,213.5378,47679746048.0,2025-08-07
2026-08-04,5121.T,,8,0,40,2026-08-05 00:00:00,2628.0,,,,,,OPEN_INSUFFICIENT_DAYS,2581.0,50.11441647597254,21.970789545950385,23.239255276063258,19.330872662861136,12.374742,1.2581713,213.5378,47679746048.0,2025-08-07
2026-08-04,5121.T,,8,0,50,2026-08-05 00:00:00,2628.0,,,,,,OPEN_INSUFFICIENT_DAYS,2581.0,50.11441647597254,21.970789545950385,23.239255276063258,19.330872662861136,12.374742,1.2581713,213.5378,47679746048.0,2025-08-07
2026-08-04,5121.T,,8,0,60,2026-08-05 00:00:00,2628.0,,,,,,OPEN_INSUFFICIENT_DAYS,2581.0,50.11441647597254,21.970789545950385,23.239255276063258,19.330872662861136,12.374742,1.2581713,213.5378,47679746048.0,2025-08-07
2026-08-04,9824.T,,8,0,5,2026-08-05 00:00:00,6520.0,2026-08-12 00:00:00,6730.0,3.220858895705514,5.21472392638036,-0.30674846625766694,CLOSED,6450.0,52.52525252525253,20.18494749338449,24.108568946027823,23.50469801861305,14.750949,1.7845858,492.87385,110101954560.0,2025-09-03
2026-08-04,9824.T,,8,0,10,2026-08-05 00:00:00,6520.0,2026-08-19 00:00:00,6940.0,6.44171779141105,10.122699386503076,-0.30674846625766694,CLOSED,6450.0,52.52525252525253,20.18494749338449,24.108568946027823,23.50469801861305,14.750949,1.7845858,492.87385,110101954560.0,2025-09-03
2026-08-04,9824.T,,8,0,20,2026-08-05 00:00:00,6520.0,,,,,,OPEN_INSUFFICIENT_DAYS,6450.0,52.52525252525253,20.18494749338449,24.108568946027823,23.50469801861305,14.750949,1.7845858,492.87385,110101954560.0,2025-09-03
2026-08-04,9824.T,,8,0,40,2026-08-05 00:00:00,6520.0,,,,,,OPEN_INSUFFICIENT_DAYS,6450.0,52.52525252525253,20.18494749338449,24.108568946027823,23.50469801861305,14.750949,1.7845858,492.87385,110101954560.0,2025-09-03
2026-08-04,9824.T,,8,0,50,2026-08-05 00:00:00,6520.0,,,,,,OPEN_INSUFFICIENT_DAYS,6450.0,52.52525252525253,20.18494749338449,24.108568946027823,23.50469801861305,14.750949,1.7845858,492.87385,110101954560.0,2025-09-03
2026-08-04,9824.T,,8,0,60,2026-08-05 00:00:00,6520.0,,,,,,OPEN_INSUFFICIENT_DAYS,6450.0,52.52525252525253,20.18494749338449,24.108568946027823,23.50469801861305,14.750949,1.7845858,492.87385,110101954560.0,2025-09-03
2026-08-05,4975.T,,8,0,5,2026-08-06 00:00:00,6630.0,2026-08-13 00:00:00,5670.0,-14.479638009049777,1.5082956259426794,-18.09954751131222,CLOSED,6730.0,48.88888888888889,26.2749723332004,29.401012284576623,28.759726877657897,18.403063,3.0364637,671.9161,165690736640.0,2025-08-05
2026-08-05,4975.T,,8,0,10,2026-08-06 00:00:00,6630.0,2026-08-20 00:00:00,5440.0,-17.948717948717952,1.5082956259426794,-22.171945701357465,CLOSED,6730.0,48.88888888888889,26.2749723332004,29.401012284576623,28.759726877657897,18.403063,3.0364637,671.9161,165690736640.0,2025-08-05
2026-08-05,4975.T,,8,0,20,2026-08-06 00:00:00,6630.0,,,,,,OPEN_INSUFFICIENT_DAYS,6730.0,48.88888888888889,26.2749723332004,29.401012284576623,28.759726877657897,18.403063,3.0364637,671.9161,165690736640.0,2025-08-05
2026-08-05,4975.T,,8,0,40,2026-08-06 00:00:00,6630.0,,,,,,OPEN_INSUFFICIENT_DAYS,6730.0,48.88888888888889,26.2749723332004,29.401012284576623,28.759726877657897,18.403063,3.0364637,671.9161,165690736640.0,2025-08-05
2026-08-05,4975.T,,8,0,50,2026-08-06 00:00:00,6630.0,,,,,,OPEN_INSUFFICIENT_DAYS,6730.0,48.88888888888889,26.2749723332004,29.401012284576623,28.759726877657897,18.403063,3.0364637,671.9161,165690736640.0,2025-08-05
2026-08-05,4975.T,,8,0,60,2026-08-06 00:00:00,6630.0,,,,,,OPEN_INSUFFICIENT_DAYS,6730.0,48.88888888888889,26.2749723332004,29.401012284576623,28.759726877657897,18.403063,3.0364637,671.9161,165690736640.0,2025-08-05
2026-08-05,6145.T,,8,0,5,2026-08-06 00:00:00,2808.0,2026-08-13 00:00:00,2406.0,-14.31623931623932,2.4572649572649485,-19.19515669515669,CLOSED,2836.0,51.97132616487456,28.505088100025358,25.559520843090805,24.728197295197997,13.909461,1.188763,302.490215,47856029696.0,2025-08-07
2026-08-05,6145.T,,8,0,10,2026-08-06 00:00:00,2808.0,2026-08-20 00:00:00,2356.0,-16.09686609686609,2.4572649572649485,-19.19515669515669,CLOSED,2836.0,51.97132616487456,28.505088100025358,25.559520843090805,24.728197295197997,13.909461,1.188763,302.490215,47856029696.0,2025-08-07
2026-08-05,6145.T,,8,0,20,2026-08-06 00:00:00,2808.0,,,,,,OPEN_INSUFFICIENT_DAYS,2836.0,51.97132616487456,28.505088100025358,25.559520843090805,24.728197295197997,13.909461,1.188763,302.490215,47856029696.0,2025-08-07
2026-08-05,6145.T,,8,0,40,2026-08-06 00:00:00,2808.0,,,,,,OPEN_INSUFFICIENT_DAYS,2836.0,51.97132616487456,28.505088100025358,25.559520843090805,24.728197295197997,13.909461,1.188763,302.490215,47856029696.0,2025-08-07
2026-08-05,6145.T,,8,0,50,2026-08-06 00:00:00,2808.0,,,,,,OPEN_INSUFFICIENT_DAYS,2836.0,51.97132616487456,28.505088100025358,25.559520843090805,24.728197295197997,13.909461,1.188763,302.490215,47856029696.0,2025-08-07
2026-08-05,6145.T,,8,0,60,2026-08-06 00:00:00,2808.0,,,,,,OPEN_INSUFFICIENT_DAYS,2836.0,51.97132616487456,28.505088100025358,25.559520843090805,24.728197295197997,13.909461,1.188763,302.490215,47856029696.0,2025-08-07
2026-08-05,6651.T,,8,0,5,2026-08-06 00:00:00,4555.0,2026-08-13 00:00:00,4465.0,-1.9758507135016479,4.061470911086729,-3.732162458836441,CLOSED,4620.0,53.98230088495575,22.60677150239863,27.43258867087166,24.12792783165525,15.249035,1.4167311,417.6442,175269494784.0,2025-08-04
2026-08-05,6651.T,,8,0,10,2026-08-06 00:00:00,4555.0,2026-08-20 00:00:00,4405.0,-3.2930845225027428,4.061470911086729,-5.598243688254668,CLOSED,4620.0,53.98230088495575,22.60677150239863,27.43258867087166,24.12792783165525,15.249035,1.4167311,417.6442,175269494784.0,2025-08-04
2026-08-05,6651.T,,8,0,20,2026-08-06 00:00:00,4555.0,,,,,,OPEN_INSUFFICIENT_DAYS,4620.0,53.98230088495575,22.60677150239863,27.43258867087166,24.12792783165525,15.249035,1.4167311,417.6442,175269494784.0,2025-08-04
2026-08-05,6651.T,,8,0,40,2026-08-06 00:00:00,4555.0,,,,,,OPEN_INSUFFICIENT_DAYS,4620.0,53.98230088495575,22.60677150239863,27.43258867087166,24.12792783165525,15.249035,1.4167311,417.6442,175269494784.0,2025-08-04
2026-08-05,6651.T,,8,0,50,2026-08-06 00:00:00,4555.0,,,,,,OPEN_INSUFFICIENT_DAYS,4620.0,53.98230088495575,22.60677150239863,27.43258867087166,24.12792783165525,15.249035,1.4167311,417.6442,175269494784.0,2025-08-04
2026-08-05,6651.T,,8,0,60,2026-08-06 00:00:00,4555.0,,,,,,OPEN_INSUFFICIENT_DAYS,4620.0,53.98230088495575,22.60677150239863,27.43258867087166,24.12792783165525,15.249035,1.4167311,417.6442,175269494784.0,2025-08-04
2026-08-06,6145.T,,8,0,5,2026-08-07 00:00:00,2760.0,2026-08-14 00:00:00,2440.0,-11.594202898550721,0.2536231884058049,-17.789855072463766,CLOSED,2802.0,54.256314312441525,26.754875790627292,25.35486050818136,23.40349468649704,13.741356,1.1745113,298.207175,47282298880.0,2025-08-07
2026-08-06,6145.T,,8,0,10,2026-08-07 00:00:00,2760.0,2026-08-21 00:00:00,2400.0,-13.043478260869568,0.2536231884058049,-17.789855072463766,CLOSED,2802.0,54.256314312441525,26.754875790627292,25.35486050818136,23.40349468649704,13.741356,1.1745113,298.207175,47282298880.0,2025-08-07
2026-08-06,6145.T,,8,0,20,2026-08-07 00:00:00,2760.0,,,,,,OPEN_INSUFFICIENT_DAYS,2802.0,54.256314312441525,26.754875790627292,25.35486050818136,23.40349468649704,13.741356,1.1745113,298.207175,47282298880.0,2025-08-07
2026-08-06,6145.T,,8,0,40,2026-08-07 00:00:00,2760.0,,,,,,OPEN_INSUFFICIENT_DAYS,2802.0,54.256314312441525,26.754875790627292,25.35486050818136,23.40349468649704,13.741356,1.1745113,298.207175,47282298880.0,2025-08-07
2026-08-06,6145.T,,8,0,50,2026-08-07 00:00:00,2760.0,,,,,,OPEN_INSUFFICIENT_DAYS,2802.0,54.256314312441525,26.754875790627292,25.35486050818136,23.40349468649704,13.741356,1.1745113,298.207175,47282298880.0,2025-08-07
2026-08-06,6145.T,,8,0,60,2026-08-07 00:00:00,2760.0,,,,,,OPEN_INSUFFICIENT_DAYS,2802.0,54.256314312441525,26.754875790627292,25.35486050818136,23.40349468649704,13.741356,1.1745113,298.207175,47282298880.0,2025-08-07
2026-08-06,7516.T,,8,0,5,2026-08-07 00:00:00,4155.0,2026-08-14 00:00:00,4290.0,3.2490974729241895,3.369434416365835,0.0,CLOSED,4155.0,52.83018867924528,20.75550968062284,28.820011030870518,23.34631393208173,9.616497,0.65668577,469.69965,120017674240.0,2025-07-09
2026-08-06,7516.T,,8,0,10,2026-08-07 00:00:00,4155.0,2026-08-21 00:00:00,4490.0,8.062575210589662,8.062575210589662,0.0,CLOSED,4155.0,52.83018867924528,20.75550968062284,28.820011030870518,23.34631393208173,9.616497,0.65668577,469.69965,120017674240.0,2025-07-09
2026-08-06,7516.T,,8,0,20,2026-08-07 00:00:00,4155.0,,,,,,OPEN_INSUFFICIENT_DAYS,4155.0,52.83018867924528,20.75550968062284,28.820011030870518,23.34631393208173,9.616497,0.65668577,469.69965,120017674240.0,2025-07-09
2026-08-06,7516.T,,8,0,40,2026-08-07 00:00:00,4155.0,,,,,,OPEN_INSUFFICIENT_DAYS,4155.0,52.83018867924528,20.75550968062284,28.820011030870518,23.34631393208173,9.616497,0.65668577,469.69965,120017674240.0,2025-07-09
2026-08-06,7516.T,,8,0,50,2026-08-07 00:00:00,4155.0,,,,,,OPEN_INSUFFICIENT_DAYS,4155.0,52.83018867924528,20.75550968062284,28.820011030870518,23.34631393208173,9.616497,0.65668577,469.69965,120017674240.0,2025-07-09
2026-08-06,7516.T,,8,0,60,2026-08-07 00:00:00,4155.0,,,,,,OPEN_INSUFFICIENT_DAYS,4155.0,52.83018867924528,20.75550968062284,28.820011030870518,23.34631393208173,9.616497,0.65668577,469.69965,120017674240.0,2025-07-09
2026-08-06,9824.T,,8,0,5,2026-08-07 00:00:00,6730.0,2026-08-14 00:00:00,6790.0,0.8915304606240682,1.9316493313521477,-3.4175334323922724,CLOSED,6670.0,50.24875621890547,20.041964940396312,29.34393149897948,19.912753908664538,15.270845,1.8454554,480.51065,113857363968.0,2025-09-03
2026-08-06,9824.T,,8,0,10,2026-08-07 00:00:00,6730.0,2026-08-21 00:00:00,6940.0,3.1203566121842385,6.686478454680533,-3.4175334323922724,CLOSED,6670.0,50.24875621890547,20.041964940396312,29.34393149897948,19.912753908664538,15.270845,1.8454554,480.51065,113857363968.0,2025-09-03
2026-08-06,9824.T,,8,0,20,2026-08-07 00:00:00,6730.0,,,,,,OPEN_INSUFFICIENT_DAYS,6670.0,50.24875621890547,20.041964940396312,29.34393149897948,19.912753908664538,15.270845,1.8454554,480.51065,113857363968.0,2025-09-03
2026-08-06,9824.T,,8,0,40,2026-08-07 00:00:00,6730.0,,,,,,OPEN_INSUFFICIENT_DAYS,6670.0,50.24875621890547,20.041964940396312,29.34393149897948,19.912753908664538,15.270845,1.8454554,480.51065,113857363968.0,2025-09-03
2026-08-06,9824.T,,8,0,50,2026-08-07 00:00:00,6730.0,,,,,,OPEN_INSUFFICIENT_DAYS,6670.0,50.24875621890547,20.041964940396312,29.34393149897948,19.912753908664538,15.270845,1.8454554,480.51065,113857363968.0,2025-09-03
2026-08-06,9824.T,,8,0,60,2026-08-07 00:00:00,6730.0,,,,,,OPEN_INSUFFICIENT_DAYS,6670.0,50.24875621890547,20.041964940396312,29.34393149897948,19.912753908664538,15.270845,1.8454554,480.51065,113857363968.0,2025-09-03
2026-08-10,9039.T,,8,0,5,2026-08-12 00:00:00,2968.0,2026-08-18 00:00:00,2993.0,0.8423180592991963,1.5835579514824838,-1.4487870619946053,CLOSED,2948.0,47.4169741697417,20.90493265663101,29.816988894551333,24.414639945622504,13.821558,1.1946579,227.05501,118685679616.0,2025-08-07
2026-08-10,9039.T,,8,0,10,2026-08-12 00:00:00,2968.0,2026-08-25 00:00:00,3010.0,1.4150943396226356,2.257412398921832,-1.4487870619946053,CLOSED,2948.0,47.4169741697417,20.90493265663101,29.816988894551333,24.414639945622504,13.821558,1.1946579,227.05501,118685679616.0,2025-08-07
2026-08-10,9039.T,,8,0,20,2026-08-12 00:00:00,2968.0,,,,,,OPEN_INSUFFICIENT_DAYS,2948.0,47.4169741697417,20.90493265663101,29.816988894551333,24.414639945622504,13.821558,1.1946579,227.05501,118685679616.0,2025-08-07
2026-08-10,9039.T,,8,0,40,2026-08-12 00:00:00,2968.0,,,,,,OPEN_INSUFFICIENT_DAYS,2948.0,47.4169741697417,20.90493265663101,29.816988894551333,24.414639945622504,13.821558,1.1946579,227.05501,118685679616.0,2025-08-07
2026-08-10,9039.T,,8,0,50,2026-08-12 00:00:00,2968.0,,,,,,OPEN_INSUFFICIENT_DAYS,2948.0,47.4169741697417,20.90493265663101,29.816988894551333,24.414639945622504,13.821558,1.1946579,227.05501,118685679616.0,2025-08-07
2026-08-10,9039.T,,8,0,60,2026-08-12 00:00:00,2968.0,,,,,,OPEN_INSUFFICIENT_DAYS,2948.0,47.4169741697417,20.90493265663101,29.816988894551333,24.414639945622504,13.821558,1.1946579,227.05501,118685679616.0,2025-08-07
2026-08-11,9039.T,,8,0,5,2026-08-12 00:00:00,2968.0,2026-08-18 00:00:00,2993.0,0.8423180592991963,1.5835579514824838,-1.4487870619946053,CLOSED,2948.0,47.4169741697417,20.90493265663101,29.816988894551333,24.414639945622504,13.811844,1.1946579,227.05501,118685679616.0,2025-08-07
2026-08-11,9039.T,,8,0,10,2026-08-12 00:00:00,2968.0,2026-08-25 00:00:00,3010.0,1.4150943396226356,2.257412398921832,-1.4487870619946053,CLOSED,2948.0,47.4169741697417,20.90493265663101,29.816988894551333,24.414639945622504,13.811844,1.1946579,227.05501,118685679616.0,2025-08-07
2026-08-11,9039.T,,8,0,20,2026-08-12 00:00:00,2968.0,,,,,,OPEN_INSUFFICIENT_DAYS,2948.0,47.4169741697417,20.90493265663101,29.816988894551333,24.414639945622504,13.811844,1.1946579,227.05501,118685679616.0,2025-08-07
2026-08-11,9039.T,,8,0,40,2026-08-12 00:00:00,2968.0,,,,,,OPEN_INSUFFICIENT_DAYS,2948.0,47.4169741697417,20.90493265663101,29.816988894551333,24.414639945622504,13.811844,1.1946579,227.05501,118685679616.0,2025-08-07
2026-08-11,9039.T,,8,0,50,2026-08-12 00:00:00,2968.0,,,,,,OPEN_INSUFFICIENT_DAYS,2948.0,47.4169741697417,20.90493265663101,29.816988894551333,24.414639945622504,13.811844,1.1946579,227.05501,118685679616.0,2025-08-07
2026-08-11,9039.T,,8,0,60,2026-08-12 00:00:00,2968.0,,,,,,OPEN_INSUFFICIENT_DAYS,2948.0,47.4169741697417,20.90493265663101,29.816988894551333,24.414639945622504,13.811844,1.1946579,227.05501,118685679616.0,2025-08-07
2026-08-12,1982.T,,8,0,5,2026-08-13 00:00:00,2952.0,2026-08-19 00:00:00,2872.0,-2.7100271002710064,6.1991869918699205,-3.1165311653116534,CLOSED,2927.0,52.23880597014925,23.32609958642495,26.98526731747079,17.18379514198351,14.68051,1.6733775,379.820515,120782774272.0,2025-08-06
2026-08-12,1982.T,,8,0,10,2026-08-13 00:00:00,2952.0,,,,,,OPEN_INSUFFICIENT_DAYS,2927.0,52.23880597014925,23.32609958642495,26.98526731747079,17.18379514198351,14.68051,1.6733775,379.820515,120782774272.0,2025-08-06
2026-08-12,1982.T,,8,0,20,2026-08-13 00:00:00,2952.0,,,,,,OPEN_INSUFFICIENT_DAYS,2927.0,52.23880597014925,23.32609958642495,26.98526731747079,17.18379514198351,14.68051,1.6733775,379.820515,120782774272.0,2025-08-06
2026-08-12,1982.T,,8,0,40,2026-08-13 00:00:00,2952.0,,,,,,OPEN_INSUFFICIENT_DAYS,2927.0,52.23880597014925,23.32609958642495,26.98526731747079,17.18379514198351,14.68051,1.6733775,379.820515,120782774272.0,2025-08-06
2026-08-12,1982.T,,8,0,50,2026-08-13 00:00:00,2952.0,,,,,,OPEN_INSUFFICIENT_DAYS,2927.0,52.23880597014925,23.32609958642495,26.98526731747079,17.18379514198351,14.68051,1.6733775,379.820515,120782774272.0,2025-08-06
2026-08-12,1982.T,,8,0,60,2026-08-13 00:00:00,2952.0,,,,,,OPEN_INSUFFICIENT_DAYS,2927.0,52.23880597014925,23.32609958642495,26.98526731747079,17.18379514198351,14.68051,1.6733775,379.820515,120782774272.0,2025-08-06
2026-08-13,1982.T,,8,0,5,2026-08-14 00:00:00,2974.0,2026-08-20 00:00:00,2954.0,-0.672494956287828,5.413584398117011,-3.833221250840624,CLOSED,2984.0,53.9313399778516,23.592866269694667,28.64247668386194,16.44219020094006,14.948402,1.7059647,382.053475,123134877696.0,2025-08-06
2026-08-13,1982.T,,8,0,10,2026-08-14 00:00:00,2974.0,,,,,,OPEN_INSUFFICIENT_DAYS,2984.0,53.9313399778516,23.592866269694667,28.64247668386194,16.44219020094006,14.948402,1.7059647,382.053475,123134877696.0,2025-08-06
2026-08-13,1982.T,,8,0,20,2026-08-14 00:00:00,2974.0,,,,,,OPEN_INSUFFICIENT_DAYS,2984.0,53.9313399778516,23.592866269694667,28.64247668386194,16.44219020094006,14.948402,1.7059647,382.053475,123134877696.0,2025-08-06
2026-08-13,1982.T,,8,0,40,2026-08-14 00:00:00,2974.0,,,,,,OPEN_INSUFFICIENT_DAYS,2984.0,53.9313399778516,23.592866269694667,28.64247668386194,16.44219020094006,14.948402,1.7059647,382.053475,123134877696.0,2025-08-06
2026-08-13,1982.T,,8,0,50,2026-08-14 00:00:00,2974.0,,,,,,OPEN_INSUFFICIENT_DAYS,2984.0,53.9313399778516,23.592866269694667,28.64247668386194,16.44219020094006,14.948402,1.7059647,382.053475,123134877696.0,2025-08-06
2026-08-13,1982.T,,8,0,60,2026-08-14 00:00:00,2974.0,,,,,,OPEN_INSUFFICIENT_DAYS,2984.0,53.9313399778516,23.592866269694667,28.64247668386194,16.44219020094006,14.948402,1.7059647,382.053475,123134877696.0,2025-08-06
2026-08-17,1975.T,,8,0,5,2026-08-18 00:00:00,4000.0,2026-08-24 00:00:00,3905.0,-2.375000000000005,1.2499999999999956,-7.250000000000001,CLOSED,3940.0,44.31372549019608,21.241820196512588,29.05714244729153,24.79284779887136,10.999748,1.9958614,426.733425,101950193664.0,2025-08-06
2026-08-17,1975.T,,8,0,10,2026-08-18 00:00:00,4000.0,,,,,,OPEN_INSUFFICIENT_DAYS,3940.0,44.31372549019608,21.241820196512588,29.05714244729153,24.79284779887136,10.999748,1.9958614,426.733425,101950193664.0,2025-08-06
2026-08-17,1975.T,,8,0,20,2026-08-18 00:00:00,4000.0,,,,,,OPEN_INSUFFICIENT_DAYS,3940.0,44.31372549019608,21.241820196512588,29.05714244729153,24.79284779887136,10.999748,1.9958614,426.733425,101950193664.0,2025-08-06
2026-08-17,1975.T,,8,0,40,2026-08-18 00:00:00,4000.0,,,,,,OPEN_INSUFFICIENT_DAYS,3940.0,44.31372549019608,21.241820196512588,29.05714244729153,24.79284779887136,10.999748,1.9958614,426.733425,101950193664.0,2025-08-06
2026-08-17,1975.T,,8,0,50,2026-08-18 00:00:00,4000.0,,,,,,OPEN_INSUFFICIENT_DAYS,3940.0,44.31372549019608,21.241820196512588,29.05714244729153,24.79284779887136,10.999748,1.9958614,426.733425,101950193664.0,2025-08-06
2026-08-17,1975.T,,8,0,60,2026-08-18 00:00:00,4000.0,,,,,,OPEN_INSUFFICIENT_DAYS,3940.0,44.31372549019608,21.241820196512588,29.05714244729153,24.79284779887136,10.999748,1.9958614,426.733425,101950193664.0,2025-08-06
2026-08-17,1982.T,,8,0,5,2026-08-18 00:00:00,3055.0,2026-08-24 00:00:00,3015.0,-1.3093289689034338,0.49099836333879043,-6.382978723404253,CLOSED,3010.0,54.14235705950992,24.92073010995785,33.23668510260111,14.598718051946186,15.098314,1.720829,393.275745,124207767552.0,2025-08-06
2026-08-17,1982.T,,8,0,10,2026-08-18 00:00:00,3055.0,,,,,,OPEN_INSUFFICIENT_DAYS,3010.0,54.14235705950992,24.92073010995785,33.23668510260111,14.598718051946186,15.098314,1.720829,393.275745,124207767552.0,2025-08-06
2026-08-17,1982.T,,8,0,20,2026-08-18 00:00:00,3055.0,,,,,,OPEN_INSUFFICIENT_DAYS,3010.0,54.14235705950992,24.92073010995785,33.23668510260111,14.598718051946186,15.098314,1.720829,393.275745,124207767552.0,2025-08-06
2026-08-17,1982.T,,8,0,40,2026-08-18 00:00:00,3055.0,,,,,,OPEN_INSUFFICIENT_DAYS,3010.0,54.14235705950992,24.92073010995785,33.23668510260111,14.598718051946186,15.098314,1.720829,393.275745,124207767552.0,2025-08-06
2026-08-17,1982.T,,8,0,50,2026-08-18 00:00:00,3055.0,,,,,,OPEN_INSUFFICIENT_DAYS,3010.0,54.14235705950992,24.92073010995785,33.23668510260111,14.598718051946186,15.098314,1.720829,393.275745,124207767552.0,2025-08-06
2026-08-17,1982.T,,8,0,60,2026-08-18 00:00:00,3055.0,,,,,,OPEN_INSUFFICIENT_DAYS,3010.0,54.14235705950992,24.92073010995785,33.23668510260111,14.598718051946186,15.098314,1.720829,393.275745,124207767552.0,2025-08-06
2026-08-18,1975.T,,8,0,5,2026-08-19 00:00:00,3900.0,2026-08-25 00:00:00,3865.0,-0.8974358974358942,0.6410256410256387,-4.871794871794877,CLOSED,3930.0,49.56140350877193,20.2901787646236,27.632385835952643,23.577182016200663,10.973056,1.9907957,424.510625,101691441152.0,2025-08-06
2026-08-18,1975.T,,8,0,10,2026-08-19 00:00:00,3900.0,,,,,,OPEN_INSUFFICIENT_DAYS,3930.0,49.56140350877193,20.2901787646236,27.632385835952643,23.577182016200663,10.973056,1.9907957,424.510625,101691441152.0,2025-08-06
2026-08-18,1975.T,,8,0,20,2026-08-19 00:00:00,3900.0,,,,,,OPEN_INSUFFICIENT_DAYS,3930.0,49.56140350877193,20.2901787646236,27.632385835952643,23.577182016200663,10.973056,1.9907957,424.510625,101691441152.0,2025-08-06
2026-08-18,1975.T,,8,0,40,2026-08-19 00:00:00,3900.0,,,,,,OPEN_INSUFFICIENT_DAYS,3930.0,49.56140350877193,20.2901787646236,27.632385835952643,23.577182016200663,10.973056,1.9907957,424.510625,101691441152.0,2025-08-06
2026-08-18,1975.T,,8,0,50,2026-08-19 00:00:00,3900.0,,,,,,OPEN_INSUFFICIENT_DAYS,3930.0,49.56140350877193,20.2901787646236,27.632385835952643,23.577182016200663,10.973056,1.9907957,424.510625,101691441152.0,2025-08-06
2026-08-18,1975.T,,8,0,60,2026-08-19 00:00:00,3900.0,,,,,,OPEN_INSUFFICIENT_DAYS,3930.0,49.56140350877193,20.2901787646236,27.632385835952643,23.577182016200663,10.973056,1.9907957,424.510625,101691441152.0,2025-08-06
2026-08-20,7818.T,,8,0,5,2026-08-21 00:00:00,1260.0,,,,,,OPEN_INSUFFICIENT_DAYS,1261.0,52.17391304347826,28.962710138048468,26.49220733317334,24.07468183310256,16.980877,3.265266,308.04423,71300956160.0,2025-07-09
2026-08-20,7818.T,,8,0,10,2026-08-21 00:00:00,1260.0,,,,,,OPEN_INSUFFICIENT_DAYS,1261.0,52.17391304347826,28.962710138048468,26.49220733317334,24.07468183310256,16.980877,3.265266,308.04423,71300956160.0,2025-07-09
2026-08-20,7818.T,,8,0,20,2026-08-21 00:00:00,1260.0,,,,,,OPEN_INSUFFICIENT_DAYS,1261.0,52.17391304347826,28.962710138048468,26.49220733317334,24.07468183310256,16.980877,3.265266,308.04423,71300956160.0,2025-07-09
2026-08-20,7818.T,,8,0,40,2026-08-21 00:00:00,1260.0,,,,,,OPEN_INSUFFICIENT_DAYS,1261.0,52.17391304347826,28.962710138048468,26.49220733317334,24.07468183310256,16.980877,3.265266,308.04423,71300956160.0,2025-07-09
2026-08-20,7818.T,,8,0,50,2026-08-21 00:00:00,1260.0,,,,,,OPEN_INSUFFICIENT_DAYS,1261.0,52.17391304347826,28.962710138048468,26.49220733317334,24.07468183310256,16.980877,3.265266,308.04423,71300956160.0,2025-07-09
2026-08-20,7818.T,,8,0,60,2026-08-21 00:00:00,1260.0,,,,,,OPEN_INSUFFICIENT_DAYS,1261.0,52.17391304347826,28.962710138048468,26.49220733317334,24.07468183310256,16.980877,3.265266,308.04423,71300956160.0,2025-07-09
