score,gc_multi,rsi,macd_buy_like,vol_surge,vol_quiet,vol_down,hurst,close,close_adj,adv20,adv20_m,hh252,pct_of_52w_high,max_dd_252,dev200,atr14,natr14,pullback_20d,pullback_60d,adx14,plus_di14,minus_di14,skip_reason,sell_score,sell_reason,sell_trend_break,sell_cross_sma25_down,sell_macd_sell_like,sell_rsi_reversal,sell_trailing_stop,sell_ext_dev200,sell_di_bear,sell_vol_distribution,sell_natr_spike,ticker,price_date,bar_is_current,skip_reason_yahoo,mkt_price,pe_ttm,pbr,eps_ttm,bps,market_cap,earn_ts,earn_start_ts,earn_end_ts,market_risk_on,market_close,market_ma200,fund_ok,earn_ts_pick,next_earn_date,days_to_earnings
8,True,54.45544554455446,True,False,True,True,0.509711494285851,1221.0,1221.0,281429370.0,281.42937,1386.277099609375,0.8807762894907903,-0.2425171752047368,0.03397021739433126,27.592632803835286,2.2598388864729966,-0.0067693066641590915,-0.11922371050920966,20.860196307445733,28.90384737633285,21.67467796385064,,0,,False,False,False,False,False,False,False,False,False,7818.T,2026-09-16,True,,1221.0,16.451092,3.1616888,74.22,386.186,69039235072.0,,1752040800.0,1752472800.0,True,,,True,1752040800.0,2025-07-09,-310.0
8,True,45.703125,True,False,True,True,0.33754062912099814,1793.0,1793.0,262320755.0,262.320755,1899.0,0.9441811479726172,-0.18422504368919645,0.029530518945993123,30.982489256807252,1.7279692837036948,-0.0302866414277988,-0.05581885202738279,25.126289328461937,25.545557445486587,22.718704741985903,,0,,False,False,False,False,False,False,False,False,False,8771.T,2026-09-16,True,,1793.0,23.261545,4.0635853,77.08,441.236,79768182784.0,1794551400.0,1794551400.0,1794551400.0,True,,,True,1794551400.0,2026-11-13,42.0
7,True,54.25455555915602,False,False,True,False,0.5199997067562776,682.7000122070312,682.7000122070312,25580900154.11499,25580.900154114992,704.5999755859375,0.9689185862365458,-0.22365269014896305,0.11967940828822976,15.746056132573852,2.306438530983767,-0.03108141376345419,-0.03108141376345419,37.313634314464274,32.71787497647581,19.71821987124062,,0,,False,False,False,False,False,False,False,False,False,5401.T,2026-09-16,True,,682.7,210.06154,0.6330546,3.25,1078.422,3567990865920.0,1785825000.0,1793773800.0,1793773800.0,True,,,True,1793773800.0,2026-11-04,35.0
7,True,54.19580419580419,False,False,True,True,0.41534254861984016,1786.0,1786.0,17837067925.0,17837.067925,1924.75,0.9279127159371346,-0.21340433822574356,0.1418242876382736,50.88512695931465,2.849111251921313,-0.045685279187817285,-0.045685279187817285,25.05176175284823,20.93059978563984,20.175562992768544,,1,macd_sell_like,False,False,True,False,False,False,False,False,False,8053.T,2026-09-16,True,,1786.0,14.332718,1.7873387,124.61,999.251,8442289324032.0,1785479400.0,1793255400.0,1793255400.0,True,,,True,1793255400.0,2026-10-29,31.0
7,True,50.04703668861712,True,False,True,True,0.265356700034467,6851.0,6851.0,14042609320.0,14042.60932,7361.0,0.930715935334873,-0.13473193473193468,0.1392782515245956,149.43961101193284,2.181281725469754,-0.016791044776119368,-0.06928406466512704,14.732320240498206,27.502437528275607,19.73855333015909,,0,,False,False,False,False,False,False,False,False,False,8630.T,2026-09-16,True,,6851.0,27.303524,1.1492959,250.92,5961.041,6075361787904.0,1795069800.0,1795069800.0,1795069800.0,True,,,True,1795069800.0,2026-11-19,46.0
7,True,52.07207207207208,False,False,True,False,0.27310604880659684,2931.0,2931.0,9025655632.5,9025.6556325,3250.0,0.9018461538461539,-0.1812307692307692,0.10488582387198031,92.68617069858067,3.1622712623193676,-0.04371941272430668,-0.09815384615384615,15.371397872093262,28.160329055420046,23.149589242940603,,1,macd_sell_like,False,False,True,False,False,False,False,False,False,9502.T,2026-09-16,True,,2931.0,9.717848,0.6987191,301.61,4194.819,2214058524672.0,1785306600.0,1793082600.0,1793082600.0,True,,,True,1793082600.0,2026-10-27,29.0
7,True,48.35164835164835,True,False,True,True,0.29483582473700415,6395.0,6395.0,7377700895.0,7377.700895,7172.0,0.8916620189626324,-0.12409369771332956,0.04943195449804905,116.08881528451381,1.815305946591303,-0.015548029556650245,-0.10833798103736758,17.64268315464859,23.005850064862525,21.235603114769507,,1,cross_sma25_down,False,True,False,False,False,False,False,False,False,9735.T,2026-09-16,True,,6395.0,23.145134,1.9622583,276.3,3259.0,2551152640000.0,1794378600.0,1794378600.0,1794378600.0,True,,,True,1794378600.0,2026-11-11,40.0
7,True,54.552075746540424,False,False,True,False,0.43946053365407706,2198.0,2198.0,4577714980.0,4577.71498,2353.532470703125,0.9339153070377401,-0.24546779696286403,0.05878784136635362,67.34669050612062,3.063998658149255,-0.05258620689655169,-0.05258620689655169,13.213893588336784,25.211561967938813,22.535385883397467,,0,,False,False,False,False,False,False,False,False,False,4183.T,2026-09-16,True,,2198.0,24.006117,0.90989435,91.56,2415.665,794658799616.0,1794378600.0,1794378600.0,1794378600.0,True,,,True,1794378600.0,2026-11-11,40.0
7,True,45.7433290978399,False,False,True,False,0.24473379271211793,1657.0,1657.0,3783148090.0,3783.14809,1745.5,0.9492981953594959,-0.29087044538898965,0.1459678424480284,40.24932016551058,2.4290476865124067,-0.05070180464050411,-0.05070180464050411,22.94528809555085,31.44279838891383,24.06879961623996,,0,,False,False,False,False,False,False,False,False,False,7752.T,2026-09-16,True,,1657.0,16.967028,0.79372346,97.66,2087.629,927399411712.0,1785738600.0,1793860200.0,1793860200.0,True,,,True,1793860200.0,2026-11-05,36.0
7,True,47.26775774029691,False,False,True,True,0.5996402614830574,872.5999755859375,872.5999755859375,2717220526.6397095,2717.2205266397095,967.4888305664062,0.9019225318343809,-0.2062957213009855,0.024041655924385008,13.180917172239871,1.5105337544146833,-0.021310005069833826,-0.026659257572852813,10.40567221119214,19.690858557157746,17.537659867241164,,0,,False,False,False,False,False,False,False,False,False,3861.T,2026-09-16,True,,872.6,14.290861,0.68340003,61.06,1276.851,741041831936.0,1785911400.0,1793946600.0,1793946600.0,True,,,True,1793946600.0,2026-11-06,37.0
7,True,47.34782272944515,False,False,False,True,0.4437188267994585,646.7000122070312,646.7000122070312,2281751429.7650146,2281.7514297650146,721.8002319335938,0.8959542870672397,-0.33629527375121293,0.06397472730942622,24.30499283789758,3.7583102488200826,-0.07083331579449537,-0.07083331579449537,16.548185903001976,28.554530397582116,25.147040369453688,,0,,False,False,False,False,False,False,False,False,False,4902.T,2026-09-16,True,,646.7,9.950762,0.5809232,64.99,1113.228,319588597760.0,1785393000.0,1793773800.0,1793773800.0,True,,,True,1793773800.0,2026-11-04,35.0
7,True,50.57208237986269,True,False,True,False,0.39172583367344643,12330.0,12330.0,2190597050.0,2190.59705,13745.0,0.897053473990542,-0.14114223353946886,0.03668932580010109,319.0560625223815,2.587640409751675,-0.024525316455696222,-0.10294652600945797,19.090743844765854,18.011238130877068,22.63845469720488,,0,,False,False,False,False,False,False,False,False,False,5444.T,2026-09-16,True,,12330.0,12.035022,1.3471851,1024.51,9152.417,736747192320.0,1793601000.0,1793601000.0,1793601000.0,True,,,True,1793601000.0,2026-11-02,33.0
7,True,44.5945945945946,True,False,True,True,0.24163657854802867,1502.5,1502.5,2176987147.5,2176.9871475,1660.0,0.9051204819277109,-0.1856680592353166,0.0033810466421941854,28.704636313338703,1.9104583236831083,-0.04512233873530347,-0.09487951807228912,14.943772264307837,21.236189456054475,20.482846819858448,,0,,False,False,False,False,False,False,False,False,False,9143.T,2026-09-16,True,,1502.5,15.306642,1.6469688,98.16,912.282,896598147072.0,1793946600.0,1793946600.0,1793946600.0,True,,,True,1793946600.0,2026-11-06,37.0
7,True,49.079754601226995,False,False,True,True,0.48235424545591943,2868.0,2868.0,2028029902.5,2028.0299025,3029.0,0.946847144272037,-0.1812714671039971,0.12469492807760485,46.412246816396795,1.6182791776986332,-0.016966580976863765,-0.05315285572796302,17.041780724064107,21.746969207620587,20.63082003920061,,0,,False,False,False,False,False,False,False,False,False,4613.T,2026-09-16,True,,2868.0,19.324842,1.6915444,148.41,1695.492,508392964096.0,1793946600.0,1793946600.0,1793946600.0,True,,,True,1793946600.0,2026-11-06,37.0
7,True,37.40648379052369,True,False,True,True,0.29299875837156586,1866.0,1866.0,1940896932.5,1940.8969325,2163.0,0.8626907073509015,-0.23803661335349158,0.06707457946290107,46.91395382496292,2.514145435421378,-0.03491078355314192,-0.13730929264909852,12.705775596695977,20.607624573368188,19.611610989182505,,0,,False,False,False,False,False,False,False,False,False,2501.T,2026-09-16,True,,1866.0,77.20315,1.4186586,24.17,1315.327,727689592832.0,1786084200.0,1794465000.0,1794465000.0,True,,,True,1794465000.0,2026-11-12,41.0
7,True,56.5625,True,False,True,True,0.3870551072193436,3554.0,3554.0,1911162795.0,1911.162795,3649.0,0.9739654699917786,-0.21299629568581868,0.07042346528115151,52.92075798914885,1.4890477768471821,-0.008370535714285698,-0.025767543859649078,21.233729646706628,30.905321466413767,14.518973955704514,,0,,False,False,False,False,False,False,False,False,False,9041.T,2026-09-16,True,,3554.0,12.564963,1.0875992,282.85,3267.748,675787177984.0,1794551400.0,1794551400.0,1794551400.0,True,,,True,1794551400.0,2026-11-13,42.0
7,True,43.15589353612168,True,False,True,True,0.4039087595066923,2977.0,2977.0,1901958620.0,1901.95862,3198.0,0.9308943089430894,-0.13280409262861703,0.04581095211619357,46.429211520018335,1.5595972966079386,-0.021689122576404873,-0.06910569105691056,13.984303996839861,22.656736376197827,19.336697735378504,,0,,False,False,False,False,False,False,False,False,False,9001.T,2026-09-16,True,,2977.0,10.5224085,0.92809755,282.92,3207.637,582096781312.0,1785825000.0,1793773800.0,1793773800.0,True,,,True,1793773800.0,2026-11-04,35.0
7,True,45.43114543114544,False,False,True,True,0.43300210321769234,4178.0,4178.0,1626362730.0,1626.36273,4755.0703125,0.8786410558466374,-0.3091436936559495,0.04249761970638577,105.56550948877188,2.5266996048054544,-0.03242241778601207,-0.0357719824601892,10.979923394132461,20.80991147250895,23.799188260890634,,0,,False,False,False,False,False,False,False,False,False,5233.T,2026-09-16,True,,4178.0,18.339846,0.6753914,227.81,6186.043,455248183296.0,1794292200.0,1794292200.0,1794292200.0,True,,,True,1794292200.0,2026-11-10,39.0
7,True,41.463414634146346,False,False,True,True,0.3682968867828268,3945.0,3945.0,958827375.0,958.827375,4310.0,0.9153132250580046,-0.2713792962902324,0.1297646763996243,130.69474520954859,3.3129212980874163,-0.047101449275362306,-0.08468677494199539,20.74317358280231,32.29854704588483,24.521944133994573,,0,,False,False,False,False,False,False,False,False,False,8022.T,2026-09-16,True,,3945.0,16.458073,1.683733,239.7,2343.008,300048449536.0,1786084200.0,1793946600.0,1793946600.0,True,,,True,1793946600.0,2026-11-06,37.0
7,True,49.0234375,False,False,True,True,0.35445338757785594,1648.0,1648.0,822214945.0,822.214945,1915.0,0.8605744125326371,-0.2876489346397535,0.09769640282902703,58.96429155523531,3.5779303128176765,-0.07050197405527359,-0.09549945115257963,12.63424543667821,21.900044820615395,16.47320965611367,,0,,False,False,False,False,False,False,False,False,False,3101.T,2026-09-16,True,,1648.0,13.013266,0.682504,126.64,2414.638,145427382272.0,1794205800.0,1794205800.0,1794205800.0,True,,,True,1794205800.0,2026-11-09,38.0
7,True,51.25493139783611,False,False,True,True,0.39604746466907764,897.7999877929688,897.7999877929688,807607967.4908447,807.6079674908448,948.6768188476562,0.9463707449745775,-0.18664314586497788,0.04205123391664589,16.105773296414878,1.7939155174202168,-0.03410437031418101,-0.03410437031418101,31.143004626696,19.912724560591926,13.051852773954831,,1,macd_sell_like,False,False,True,False,False,False,False,False,False,7984.T,2026-09-16,True,,897.8,17.235554,1.4842025,52.09,604.904,372084277248.0,1793255400.0,1793255400.0,1793255400.0,True,,,True,1793255400.0,2026-10-29,31.0
7,True,46.60194174757281,True,False,True,True,0.47474930834266876,1270.0,1270.0,759412645.0,759.412645,1581.0,0.8032890575585073,-0.22505461236258084,0.022627496006690784,23.097522517884343,1.8187025604633342,-0.00858704137392663,-0.1307323750855578,22.900179245462585,25.68541681895274,21.89492380011346,,0,,False,False,False,False,False,False,False,False,False,7419.T,2026-09-16,True,,1270.0,10.148634,1.440499,125.14,881.639,371889078272.0,1793255400.0,1793255400.0,1793255400.0,True,,,True,1793255400.0,2026-10-29,31.0
7,True,50.39370078740157,True,False,True,True,0.22802298524080308,1885.0,1885.0,715668425.0,715.668425,2002.6407470703125,0.9412571889179772,-0.127926304337053,0.015625153636133593,30.316396706994304,1.6082969075328544,-0.009864219505814398,-0.04462323084706199,10.89780612255117,20.482046460926803,19.17313322566472,,0,,False,False,False,False,False,False,False,False,False,9842.T,2026-09-16,True,,1885.0,14.573992,0.9273622,129.34,2032.647,118421381120.0,,1751522400.0,1751868000.0,True,,,True,1751522400.0,2025-07-03,-314.0
7,True,54.58167330677291,False,False,True,True,0.4732011100726646,3127.0,3127.0,644884910.0,644.88491,3245.0,0.9636363636363636,-0.15780525502318388,0.06271282311456972,60.49832865455686,1.9347083036314952,-0.006986344871387717,-0.036363636363636376,21.144584057795374,21.15564607431576,10.982093004458067,,0,,False,False,False,False,False,False,False,False,False,9031.T,2026-09-16,True,,3127.0,7.399607,0.8107598,422.59,3856.876,236215681024.0,1793946600.0,1793946600.0,1793946600.0,True,,,True,1793946600.0,2026-11-06,37.0
7,True,51.67785234899329,False,False,True,True,0.1811897552581773,4415.0,4415.0,637221100.0,637.2211,4915.0,0.8982706002034588,-0.2115971515768057,0.03474793470783122,136.52573875670396,3.092315713628629,-0.019977802441731418,-0.09989806320081551,14.072705114996234,25.945176740961664,23.590158552679945,,0,,False,False,False,False,False,False,False,False,False,6104.T,2026-09-16,True,,4415.0,101.12231,0.888627,43.66,4968.339,104401559552.0,,1753768800.0,1754287200.0,True,,,True,1753768800.0,2025-07-29,-296.0
7,True,47.77777777777777,False,False,True,True,0.2651549214920605,2518.0,2518.0,627761300.0,627.7613,2667.0,0.9441319835020623,-0.1781027371578553,0.11810959895414364,44.95589528540327,1.7853810677284858,-0.01717408274785326,-0.033768227168073706,18.955584062369716,19.964746624616563,16.828989055186796,,0,,False,False,False,False,False,False,False,False,False,2730.T,2026-09-16,True,,2518.0,17.257214,1.1100858,145.91,2268.293,266252599296.0,1793860200.0,1793860200.0,1793860200.0,True,,,True,1793860200.0,2026-11-05,36.0
7,True,54.07925407925408,True,False,True,False,0.2921982996038521,1766.0,1766.0,576780890.0,576.78089,1902.0,0.9284963196635121,-0.3069386165368785,0.07727072831852166,42.45475968358015,2.404006777099669,-0.029136888400219885,-0.029136888400219885,13.650006365598689,25.474912114804425,16.257123397027666,,0,,False,False,False,False,False,False,False,False,False,5423.T,2026-09-16,True,,1766.0,15.692198,0.82831424,112.54,2132.041,179418791936.0,1792737000.0,1792737000.0,1792737000.0,True,,,True,1792737000.0,2026-10-23,27.0
7,True,48.915670801611626,True,False,True,True,0.425264262584082,488.20001220703125,488.20001220703125,520534087.1632385,520.5340871632385,522.4464721679688,0.9344498206317161,-0.15378889579068955,0.020733598377309592,6.439518831199259,1.319032910730131,-0.011940890150987538,-0.011940890150987538,14.923269010016599,24.07892590023458,13.538240186988434,,0,,False,False,False,False,False,False,False,False,False,8572.T,2026-09-16,True,,488.2,9.604564,1.0684911,50.83,456.906,764820914176.0,1793946600.0,1793946600.0,1793946600.0,True,,,True,1793946600.0,2026-11-06,37.0
7,True,52.05479452054794,False,False,True,True,0.38658432269173537,3745.0,3745.0,520080550.0,520.08055,4005.0,0.9350811485642946,-0.10986267166042452,0.10249556735387388,76.62113018124482,2.04595808227623,-0.01834862385321101,-0.06491885143570542,20.54743740401873,23.54544700150853,16.442628788082924,,0,,False,False,False,False,False,False,False,False,False,2270.T,2026-09-16,True,,3745.0,7.1359158,0.9226572,524.81,4058.929,223108907008.0,1794292200.0,1794292200.0,1794292200.0,True,,,True,1794292200.0,2026-11-10,39.0
7,True,51.470588235294116,False,False,True,True,0.3258401334962255,5140.0,5140.0,396397800.0,396.3978,5680.0,0.9049295774647887,-0.12840458670472843,0.06618400254992363,100.59535598652684,1.9571080931230902,-0.017208413001912004,-0.09507042253521125,9.635055509829655,19.37749302234225,19.806456086527668,,0,,False,False,False,False,False,False,False,False,False,1941.T,2026-09-16,True,,5140.0,15.027043,1.0757333,342.05,4778.136,272124477440.0,1793341800.0,1793341800.0,1793341800.0,True,,,True,1793341800.0,2026-10-30,32.0
7,True,44.73684210526316,False,False,True,True,0.4241526460600374,4180.0,4180.0,380983950.0,380.98395,4275.0,0.9777777777777777,-0.12816796519492368,0.08568972179155865,70.48935426315268,1.6863481881137004,-0.022222222222222254,-0.022222222222222254,24.42570196224355,23.64603460794793,15.037180537632388,,0,,False,False,False,False,False,False,False,False,False,9303.T,2026-09-16,True,,4180.0,18.104643,1.0089186,230.88,4143.05,315761590272.0,1786084200.0,1793860200.0,1793860200.0,True,,,True,1793860200.0,2026-11-05,36.0
7,True,51.46443514644351,False,True,False,False,0.29226821110793416,4570.0,4570.0,379057725.0,379.057725,4675.0,0.9775401069518717,-0.126984161979661,0.1447179871686961,141.8349815886281,3.103610100407617,-0.01295896328293733,-0.022459893048128343,23.413333894657722,33.44121509627002,19.81342253388968,,0,,False,False,False,False,False,False,False,False,False,4044.T,2026-09-16,True,,4570.0,13.551581,0.8869691,337.23,5152.378,113303019520.0,1794465000.0,1794465000.0,1794465000.0,True,,,True,1794465000.0,2026-11-12,41.0
7,True,48.611111111111114,False,False,True,True,0.30965191544258314,4385.0,4385.0,372501825.0,372.501825,4565.0654296875,0.9605557833812195,-0.12770564368023374,0.039953012917935515,62.011862885081555,1.4141815937304802,-0.030939226519337004,-0.030939226519337004,21.389738060139234,26.42516533957313,16.087290772228613,,0,,False,False,False,False,False,False,False,False,False,1377.T,2026-09-16,True,,4385.0,15.419509,1.0383592,284.38,4223.009,184787025920.0,1791268200.0,1791268200.0,1791268200.0,True,,,True,1791268200.0,2026-10-06,14.0
7,True,50.0,True,False,True,True,0.1795835229969205,6070.0,6070.0,316685250.0,316.68525,6400.0,0.9484375,-0.18279566246614076,0.05752906933896629,138.5778382663373,2.2829956880780444,-0.01461038961038963,-0.051562499999999956,20.378270751367992,26.825976592707907,15.252720379560145,,0,,False,False,False,False,False,False,False,False,False,9605.T,2026-09-16,True,,6070.0,16.207413,1.2844167,374.52,4725.881,379295662080.0,1786343400.0,1794292200.0,1794292200.0,True,,,True,1794292200.0,2026-11-10,39.0
7,True,44.70588235294118,True,False,True,True,0.22419760603993263,2265.0,2265.0,309186945.0,309.186945,2524.0,0.8973851030110935,-0.13589540412044376,0.05011402372257545,42.29958052455776,1.8675311489870978,-0.01863084922010394,-0.10261489698890647,11.131784519406622,22.236033427054664,14.67876189880846,,0,,False,False,False,False,False,False,False,False,False,3191.T,2026-09-16,True,,2265.0,15.154555,1.0797236,149.46,2097.759,136517148672.0,,1753941600.0,1754287200.0,True,,,True,1753941600.0,2025-07-31,-294.0
7,True,35.625,False,False,True,False,0.37528286338270045,1279.0,1279.0,307101905.0,307.101905,1364.0023193359375,0.9376816900301748,-0.17228879746359083,0.03094025260137312,21.05476543558147,1.6461896353073862,-0.044809559372666175,-0.044809559372666175,26.52479232834193,23.07919739044125,22.243246090099095,,0,,False,False,False,False,False,False,False,False,False,3284.T,2026-09-16,True,,1279.0,7.339186,1.0235218,174.27,1249.607,52313227264.0,,1754463600.0,1754982000.0,True,,,True,1754463600.0,2025-08-06,-290.0
7,True,46.288209606986904,False,False,True,True,0.2687624095475297,2094.0,2094.0,281024335.0,281.024335,2418.1005859375,0.8659689394964329,-0.25211433342689316,0.028688295726253532,32.90553323702368,1.571419925359297,-0.020579981290926086,-0.027855153203342642,8.878944464988107,16.710155411508453,18.010672374599242,,0,,False,False,False,False,False,False,False,False,False,7172.T,2026-09-16,True,,2094.0,10.35762,1.5792058,202.17,1325.983,130036523008.0,,1753768800.0,1754287200.0,True,,,True,1753768800.0,2025-07-29,-296.0
7,True,42.95302013422819,False,False,True,False,0.40975083337266455,2015.0,2015.0,280235965.0,280.235965,2082.0,0.9678194044188281,-0.16352747964568415,0.09449069892546125,34.684298647233376,1.721305143783294,-0.03218059558117192,-0.03218059558117192,20.622470360716424,24.218710961211045,28.464053235681142,,1,di_bear,False,False,False,False,False,False,True,False,False,2154.T,2026-09-16,True,,2015.0,14.516246,2.1337202,138.81,944.36,171194761216.0,1786084200.0,1793946600.0,1793946600.0,True,,,True,1793946600.0,2026-11-06,37.0
7,True,47.57281553398058,False,False,True,False,0.36423085344179984,2919.0,2919.0,277644525.0,277.644525,2990.0,0.9762541806020066,-0.14862872436648944,0.12831818260873007,50.228196288208444,1.7207330006237906,-0.023745819397993362,-0.023745819397993362,13.524773647745727,22.503287407984036,25.781569513545406,,0,,False,False,False,False,False,False,False,False,False,6282.T,2026-09-16,True,,2919.0,17.005535,1.0608062,171.65,2751.681,83900686336.0,,1754373600.0,1754978400.0,True,,,True,1754373600.0,2025-08-05,-291.0
7,True,53.23383084577114,True,False,True,True,0.4395939256958583,4025.0,4025.0,272106100.0,272.1061,4700.0,0.8563829787234043,-0.2306717729629021,0.10138868388850941,134.17534279343147,3.3335488892778007,0.0,-0.12117903930131002,13.131901059407888,24.845760385135186,25.30780784376146,,0,,False,False,False,False,False,False,False,False,False,6859.T,2026-09-16,True,,4025.0,14.877103,1.4223123,270.55,2829.899,84123402240.0,,1754463600.0,1754982000.0,True,,,True,1754463600.0,2025-08-06,-290.0
7,True,48.507462686567166,True,False,True,True,0.3405050317203609,4405.0,4405.0,267429900.0,267.4299,5020.0,0.8774900398406374,-0.16035856573705176,0.008488841785693646,99.65603682572021,2.2623390879845675,-0.006764374295377684,-0.08987603305785119,16.84762329026556,17.842120669509484,20.129489236652766,,0,,False,False,False,False,False,False,False,False,False,6651.T,2026-09-16,True,,4405.0,14.546116,1.3564034,302.83,3247.559,167112982528.0,,1754289000.0,1754634600.0,True,,,True,1754289000.0,2025-08-04,-292.0
7,True,52.454780361757116,True,False,True,True,0.2845393779287622,2263.0,2263.0,232899460.0,232.89946,2540.0,0.8909448818897637,-0.17244094488188977,0.05207175108076756,52.956322469075985,2.3400937900608034,0.0,-0.10905511811023627,13.467052640286031,22.602250388074875,19.403489860863914,,0,,False,False,False,False,False,False,False,False,False,7970.T,2026-09-16,True,,2263.0,18.493093,1.3938007,122.37,1623.618,181881208832.0,1792996200.0,1792996200.0,1792996200.0,True,,,True,1792996200.0,2026-10-26,28.0
7,True,51.11876075731497,True,False,True,True,0.426275655706274,1997.0,1997.0,214969770.0,214.96977,2228.0,0.8963195691202872,-0.3242966133352916,0.12828292043154632,77.70232777411312,3.8909528179325545,-0.014313919052319823,-0.10368043087971279,13.13696102645401,21.09474202174473,22.543530855840125,,0,,False,False,False,False,False,False,False,False,False,6638.T,2026-09-16,True,,1997.0,8.5693445,1.4081776,233.04,1418.145,57837879296.0,,1754373600.0,1754978400.0,True,,,True,1754373600.0,2025-08-05,-291.0
7,True,48.80636604774536,True,False,True,True,0.4423346127077412,2886.0,2886.0,210029285.0,210.029285,3260.0,0.8852760736196319,-0.2196633201450381,0.10745565868464113,97.76346324995657,3.387507389118384,-0.006198347107438051,-0.1147239263803681,16.531944833201464,19.074773928262264,24.061598900096158,,0,,False,False,False,False,False,False,False,False,False,7745.T,2026-09-16,True,,2886.0,13.343197,1.5892158,216.29,1815.99,79039807488.0,,1754289000.0,1754634600.0,True,,,True,1754289000.0,2025-08-04,-292.0
6,True,47.43912678421494,False,False,True,True,0.31047424228315923,5372.0,5372.0,48238777435.0,48238.777435,5784.69091796875,0.9286580866945155,-0.22830794880783367,0.07200139217406698,150.28209751767915,2.797507399807877,-0.03207207207207208,-0.06849315068493156,15.359955078438432,28.8661257901765,22.746882146494272,,0,,False,False,False,False,False,False,False,False,False,6501.T,2026-09-16,True,,5372.0,30.441435,3.6651604,176.47,1465.693,23989007155200.0,1785306600.0,1793255400.0,1793255400.0,True,,,True,1793255400.0,2026-10-29,31.0
6,True,76.78812415654521,True,False,True,True,0.29651751426987494,3079.0,3079.0,24073139317.5,24073.1393175,3108.0,0.9906692406692407,-0.12050254098303559,0.13291179111561546,57.78932797888881,1.876886261087652,0.0,-0.00933075933075933,24.03015409785209,26.18120882636748,11.376689487970228,,0,,False,False,False,False,False,False,False,False,False,9433.T,2026-09-16,True,,3079.0,16.774721,2.2864382,183.55,1346.636,11379869220864.0,1786084200.0,1794465000.0,1794465000.0,True,,,True,1794465000.0,2026-11-12,41.0
6,True,35.71428571428571,False,False,True,True,0.3794668853067036,6773.0,6773.0,21230727010.0,21230.72701,7135.0,0.9492641906096706,-0.0819773526384705,0.12815722764181525,116.88701601274703,1.7257790641185151,-0.03929078014184395,-0.0507358093903294,23.107797716410815,22.07038809688796,27.401576452938052,,1,di_bear,False,False,False,False,False,False,True,False,False,2914.T,2026-09-16,True,,6773.0,20.181164,2.7367249,335.61,2474.856,12024497045504.0,1785393000.0,1793255400.0,1793255400.0,True,,,True,1793255400.0,2026-10-29,31.0
6,True,41.02564102564102,False,False,True,True,0.45586805388521573,6170.0,6170.0,20195341675.0,20195.341675,6673.0,0.9246216094710026,-0.18796721276828077,0.13516235594160442,142.68372856689592,2.3125401712624947,-0.030026725357648165,-0.07537839052899742,9.300501889020715,26.005391152312956,26.472761467536092,,0,,False,False,False,False,False,False,False,False,False,8591.T,2026-09-16,True,,6170.0,10.966159,1.4346482,562.64,4300.706,6416715218944.0,1785997800.0,1794378600.0,1794378600.0,True,,,True,1794378600.0,2026-11-11,40.0
6,True,46.304675716440414,True,False,True,True,0.4481485838614664,3600.0,3600.0,15151850555.0,15151.850555,3916.0,0.9193054136874361,-0.1595610692752223,0.22682983345926866,104.47157534342115,2.9019882039839207,-0.015586546349466768,-0.08069458631256388,16.80930028583869,23.92975737807629,28.198873042721285,,0,ext_dev200,False,False,False,False,False,True,False,False,False,6971.T,2026-09-16,True,,3600.0,35.036495,1.4062885,102.75,2559.93,4599097851904.0,1785393000.0,1793255400.0,1793255400.0,True,,,True,1793255400.0,2026-10-29,31.0
6,False,52.064220183486235,False,False,True,False,0.5986511046431044,1857.0,1857.0,14722187885.0,14722.187885,2309.126953125,0.804200045167233,-0.3304828918532352,0.008083907332579132,42.623019957962335,2.2952622486786396,-0.04080578512396693,-0.04080578512396693,24.709127346988165,21.94756899279349,17.409487897921455,,1,trend_break,True,False,False,False,False,False,False,False,False,5411.T,2026-09-16,True,,1857.0,17.620268,0.44815388,105.39,4143.666,1181305143296.0,1785911400.0,1793860200.0,1793860200.0,True,,,True,1793860200.0,2026-11-05,36.0
6,True,40.22698612862547,False,False,True,True,0.5354999601875425,2313.5,2313.5,13467611062.5,13467.6110625,2657.5,0.870555032925682,-0.2071495766698025,0.02021567235562549,49.263903099757336,2.129410118857028,-0.04420574261516219,-0.04420574261516219,17.445395102944293,29.295341067737546,30.710188439414466,,0,,False,False,False,False,False,False,False,False,False,4503.T,2026-09-16,True,,2313.5,14.256224,2.1352594,162.28,1083.475,4148137295872.0,1785911400.0,1793255400.0,1793255400.0,True,,,True,1793255400.0,2026-10-29,31.0
6,True,49.42528735632184,False,False,True,False,0.3403763264732047,2830.5,2830.5,13438092330.0,13438.09233,3211.365234375,0.8814008352901894,-0.25154229758931135,0.07707794147092684,93.0928776113209,3.28891989441162,-0.06522457067371201,-0.06522457067371201,16.077343252929357,28.353188219144236,23.81337234957743,,0,,False,False,False,False,False,False,False,False,False,6326.T,2026-09-16,True,,2830.5,12.006363,1.1407948,235.75,2481.165,3188253786112.0,1785825000.0,1793946600.0,1793946600.0,True,,,True,1793946600.0,2026-11-06,37.0
6,True,66.47465437788019,True,False,False,False,0.5276098346532252,1474.0,1474.0,11888020767.5,11888.0207675,1525.7022705078125,0.9661124771803584,-0.2193758749512844,0.1476067621172048,42.380458349645295,2.8752007021468993,0.0,0.0,24.672800175341038,36.454287690333345,17.853355468948763,,0,,False,False,False,False,False,False,False,False,False,5020.T,2026-09-16,True,,1474.0,15.34937,1.0483142,96.03,1406.067,3915582013440.0,1794378600.0,1794378600.0,1794378600.0,True,,,True,1794378600.0,2026-11-11,40.0
6,True,50.90497737556561,False,False,True,False,0.445621263528165,3080.0,3080.0,11180115840.0,11180.11584,3411.97998046875,0.9027016622696769,-0.43132093845888886,0.1456869612758478,113.9424815396283,3.6994312188191008,-0.09198113207547165,-0.09198113207547165,41.162192397780316,33.782447490151284,22.60055908612085,,2,macd_sell_like;trailing_stop,False,False,True,False,True,False,False,False,False,9843.T,2026-09-16,True,,3080.0,19.499842,1.7258904,157.95,1784.586,1740377423872.0,1786084200.0,1794465000.0,1794465000.0,True,,,True,1794465000.0,2026-11-12,41.0
6,True,52.17831813576495,False,False,True,False,0.4086267948028576,2646.0,2646.0,10350792445.0,10350.792445,2899.0,0.9127285270783029,-0.42503816793893134,0.09420456166686297,100.57535837862407,3.801033952328952,-0.05903271692745382,-0.06003552397868561,14.587836805879425,17.719418413391846,21.046212700245817,,0,,False,False,False,False,False,False,False,False,False,6594.T,2026-09-16,True,,2646.0,25.226427,1.7239211,104.89,1534.873,3033135841280.0,,1784097000.0,1784097000.0,True,,,True,1784097000.0,2026-07-15,-45.0
6,True,43.63057324840764,False,False,True,False,0.3418693825563675,1157.5,1157.5,8156490662.5,8156.4906625,1351.4073486328125,0.8565145077618647,-0.2667643657432135,0.013170568278207728,33.36799031815338,2.882763742389061,-0.09001572327044027,-0.09001572327044027,15.690071583808127,23.678420068661975,22.880593811881475,,1,trailing_stop,False,False,False,False,True,False,False,False,False,7261.T,2026-09-16,True,,1157.5,20.79964,0.3806475,55.65,3040.871,730348060672.0,1785825000.0,1793860200.0,1793860200.0,True,,,True,1793860200.0,2026-11-05,36.0
6,True,40.05412719891745,False,False,True,True,0.2592227786909041,2211.0,2211.0,7174756470.0,7174.75647,2294.0,0.9638186573670444,-0.20375688268074077,0.1367672059277305,50.81069591317642,2.298086653694094,-0.035761011774967266,-0.03618134263295558,9.382728481791753,19.29472182349827,22.726631694713824,,0,,False,False,False,False,False,False,False,False,False,8697.T,2026-09-16,True,,2211.0,37.68536,7.024154,58.67,314.771,2260302299136.0,1793082600.0,1793082600.0,1793082600.0,True,,,True,1793082600.0,2026-10-27,29.0
6,True,43.64406779661017,False,False,True,True,0.4330575710848071,3004.0,3004.0,5311602170.0,5311.60217,3167.8994140625,0.9482624311444547,-0.22882652487153698,0.0650026789187732,49.701810119248684,1.6545209760069468,-0.01894186806009146,-0.03532434168272314,8.568728445675886,24.97552327118667,20.512857626203935,,0,,False,False,False,False,False,False,False,False,False,9201.T,2026-09-16,True,,3004.0,9.790756,0.89212215,306.82,3367.252,1291202461696.0,1793601000.0,1793601000.0,1793601000.0,True,,,True,1793601000.0,2026-11-02,33.0
6,True,47.18196457326892,False,False,True,True,0.5244149041998051,4785.0,4785.0,5272847265.0,5272.847265,5163.0,0.926786751888437,-0.2789076118535735,0.045572084834287985,96.18288608611134,2.010091663241616,-0.035671100362757,-0.06360078277886494,14.141108961645003,28.36969027440813,21.499929804919535,,0,,False,False,False,False,False,False,False,False,False,4523.T,2026-09-16,True,,4785.0,34.975513,1.4878644,136.81,3216.019,1350499303424.0,1794292200.0,1794292200.0,1794292200.0,True,,,True,1794292200.0,2026-11-10,39.0
6,True,48.4251968503937,False,False,True,True,0.4603480502003209,1388.5,1388.5,4965660190.0,4965.66019,1518.0,0.9146903820816864,-0.17012858555885257,0.012945321813632393,20.516972331147272,1.477635745851442,-0.019420903954802227,-0.0853096179183136,13.497298364132819,18.389997290210104,24.572470106063708,,1,cross_sma25_down,False,True,False,False,False,False,False,False,False,8593.T,2026-09-16,True,,1388.5,14.625026,0.99078715,94.94,1401.411,1990830850048.0,1794465000.0,1794465000.0,1794465000.0,True,,,True,1794465000.0,2026-11-12,41.0
6,True,52.34375,True,False,True,True,0.5622814030155587,3346.0,3346.0,4620610005.0,4620.610005,3798.0,0.8809899947340706,-0.23091100579252233,0.029923302918123396,59.35623410641786,1.7739460282850525,-0.005646359583952432,-0.07081366287142465,12.685991756345818,22.287220395563136,17.30540332064817,,0,,False,False,False,False,False,False,False,False,False,1878.T,2026-09-16,True,,3346.0,11.188016,2.2057447,299.07,1516.948,1089900249088.0,1793341800.0,1793341800.0,1793341800.0,True,,,True,1793341800.0,2026-10-30,32.0
6,True,38.265326247171416,False,False,True,True,0.35224612350540185,955.0,955.0,4384960763.760681,4384.960763760681,1082.295654296875,0.8823836594081365,-0.4562348075067315,0.014795720133787604,19.64588592789879,2.05716083014647,-0.048330842052815126,-0.09090909090909094,13.323152114743179,24.482994764042054,28.04481281467124,,0,,False,False,False,False,False,False,False,False,False,8113.T,2026-09-16,True,,955.0,25.678947,2.024858,37.19,471.638,1643364220928.0,1793946600.0,1793946600.0,1793946600.0,True,,,True,1793946600.0,2026-11-06,37.0
6,True,35.96638655462185,False,False,True,True,0.44011930906472185,4290.0,4290.0,4368051380.0,4368.05138,4544.0,0.9441021126760564,-0.1721441019472194,0.1354572065948454,92.68795543325494,2.1605584017075743,-0.05589788732394363,-0.05589788732394363,28.11693033700005,24.77596062553739,20.962944370648135,,0,,False,False,False,False,False,False,False,False,False,2269.T,2026-09-16,True,,4290.0,33.15814,1.505845,129.38,2848.899,1163305549824.0,1794465000.0,1794465000.0,1794465000.0,True,,,True,1794465000.0,2026-11-12,41.0
6,True,35.879945429740786,False,False,True,True,0.3258554288962226,2998.5,2998.5,4023318680.0,4023.31868,3319.0,0.9034347695088882,-0.2226571975407492,0.029755858750078135,72.38762287343663,2.414127826361068,-0.07023255813953488,-0.09656523049111176,17.290101742119298,16.635086238949583,26.818077533366168,,0,,False,False,False,False,False,False,False,False,False,7912.T,2026-09-16,True,,2998.5,12.74114,1.0460459,235.34,2866.509,1282945187840.0,1794551400.0,1794551400.0,1794551400.0,True,,,True,1794551400.0,2026-11-13,42.0
6,True,46.54487103350147,False,False,True,True,0.35570541151329976,365.5,365.5,3902800751.851349,3902.8007518513487,450.9548645019531,0.8105024000653994,-0.34943546688558325,0.021131612402457423,12.216432332798421,3.342389147140471,-0.08602149142665139,-0.08602149142665139,13.328030466210205,23.06639985943685,24.07519539054649,,1,trailing_stop,False,False,False,False,True,False,False,False,False,7211.T,2026-09-16,True,,365.5,48.7984,0.53396404,7.49,684.503,489167880192.0,1785738600.0,1793860200.0,1793860200.0,True,,,True,1793860200.0,2026-11-05,36.0
6,True,45.91836734693878,False,False,True,True,0.5492886390724678,7970.0,7970.0,3811680100.0,3811.6801,8590.0,0.9278230500582072,-0.17345750873108268,0.06479346544696285,151.07288312537162,1.8955192362029063,-0.03510895883777243,-0.03510895883777243,16.24434261475601,23.27647295511906,24.606247025817314,,1,macd_sell_like,False,False,True,False,False,False,False,False,False,2702.T,2026-09-16,True,,7970.0,28.805841,3.6207967,276.68,2201.173,1059680485376.0,1786084200.0,1793946600.0,1793946600.0,True,,,True,1793946600.0,2026-11-06,37.0
6,True,46.57039711191335,False,False,False,True,0.4543786755105674,2949.0,2949.0,3690250140.0,3690.25014,3277.98291015625,0.8996386133872283,-0.3489217231450731,0.013448815644023338,67.64130321591037,2.2937030592034713,-0.04439403758911209,-0.04778818211172098,18.604725710162448,29.637506136841253,21.62261126861894,,1,macd_sell_like,False,False,True,False,False,False,False,False,False,2897.T,2026-09-16,True,,2949.0,18.856705,1.6094894,156.39,1832.258,845118767104.0,1794378600.0,1794378600.0,1794378600.0,True,,,True,1794378600.0,2026-11-11,40.0
6,True,53.13327449249779,False,False,True,True,0.40737070614614573,2328.5,2328.5,3526263447.5,3526.2634475,2863.0,0.8133077191756898,-0.23087670275934336,0.02060923975191642,77.3463488538059,3.321724236796474,-0.0456967213114754,-0.10751245688003064,14.179173442421542,23.681713647913693,19.14747041291725,,1,macd_sell_like,False,False,True,False,False,False,False,False,False,1963.T,2026-09-16,True,,2328.5,13.471997,1.32428,172.84,1758.314,563673890816.0,1786084200.0,1794378600.0,1794378600.0,True,,,True,1794378600.0,2026-11-11,40.0
6,True,37.15498938428875,False,False,True,True,0.35057327493087675,1130.5,1130.5,3304139842.5,3304.1398425,1269.5,0.8905080740448995,-0.2744889617310172,0.06592325700339319,28.73123304626457,2.541462454335654,-0.06492969396195203,-0.10949192595510049,24.65830801698111,19.87699887152016,31.187235141163956,,1,di_bear,False,False,False,False,False,False,True,False,False,4612.T,2026-09-16,True,,1130.5,17.97583,1.3098029,62.89,863.107,2622150148096.0,1794378600.0,1794378600.0,1794378600.0,True,,,True,1794378600.0,2026-11-11,40.0
6,False,41.63424124513619,False,False,True,True,0.5558440294166681,3257.0,3257.0,3258583660.0,3258.58366,3714.6787109375,0.8767918448532546,-0.2910678734149861,0.01589773599060873,77.93206766211537,2.392756145597647,-0.04766081871345029,-0.04766081871345029,27.474623625433175,21.781457667927736,19.130251370565183,,3,trend_break;cross_sma25_down;macd_sell_like,True,True,True,False,False,False,False,False,False,3197.T,2026-09-16,True,,3257.0,38.91743,3.8028188,83.69,856.47,740712906752.0,1786602600.0,1794465000.0,1794465000.0,True,,,True,1794465000.0,2026-11-12,41.0
6,True,41.48783977110158,False,False,True,True,0.4033167419137218,4787.0,4787.0,3154490650.0,3154.49065,5675.0,0.8435242290748899,-0.22577854402642838,0.135382802748367,162.5092002053387,3.3948025946383678,-0.09593956562795092,-0.1564757709251101,16.82602205146589,24.40190333995987,27.614657960927545,,1,trailing_stop,False,False,False,False,True,False,False,False,False,4631.T,2026-09-16,True,,4787.0,8.027569,0.8889434,596.32,5385.045,451352363008.0,1786343400.0,1794465000.0,1794465000.0,True,,,True,1794465000.0,2026-11-12,41.0
6,True,50.93582887700534,False,False,True,True,0.1101274754665686,2831.5,2831.5,3111352167.5,3111.3521675,3087.0,0.9172335600907029,-0.3088609004029207,0.06489941683228695,55.69178742157265,1.9668651746979566,-0.04807530677424776,-0.04807530677424776,9.505866594857508,23.281693097991,20.022938501021166,,2,cross_sma25_down;macd_sell_like,False,True,True,False,False,False,False,False,False,2267.T,2026-09-16,True,,2831.5,18.796469,1.3547497,150.64,2090.054,806193528832.0,1794551400.0,1794551400.0,1794551400.0,True,,,True,1794551400.0,2026-11-13,42.0
6,True,44.74431818181819,False,False,True,True,0.278991171552742,4643.0,4643.0,2963305120.0,2963.30512,4844.0,0.958505367464905,-0.15630220576229126,0.07471871504046712,100.58801113237374,2.1664443491788443,-0.034116912835448265,-0.041494632535095,8.37668234898668,18.644325646092515,19.785025776703183,,0,,False,False,False,False,False,False,False,False,False,8253.T,2026-09-16,True,,4643.0,10.9355135,0.8654786,424.58,5364.662,667076853760.0,1794551400.0,1794551400.0,1794551400.0,True,,,True,1794551400.0,2026-11-13,42.0
6,True,48.23066841415466,False,False,True,False,0.4441727029803446,1814.5,1814.5,2662480832.5,2662.4808325,1954.5,0.9283704272192377,-0.34620444773087944,0.08299068384319042,42.45875663976487,2.3399700545475266,-0.04750656167979006,-0.07162957278076232,17.973101944093898,25.561554194938473,21.778344900079226,,0,,False,False,False,False,False,False,False,False,False,3405.T,2026-09-16,True,,1814.5,67.10429,0.7234202,27.04,2508.224,546703147008.0,1786084200.0,1794378600.0,1794378600.0,True,,,True,1794378600.0,2026-11-11,40.0
6,True,44.23076923076923,True,False,False,True,0.5395381624709676,3848.0,3848.0,2641805710.0,2641.80571,4591.0,0.8381616205619691,-0.21947149665276522,0.058226155541105884,96.86092947579601,2.517175921928171,-0.03631354871024295,-0.16183837943803092,19.856799752945967,23.096122170441895,25.74826674983866,,0,,False,False,False,False,False,False,False,False,False,2579.T,2026-09-16,True,,3848.0,34.92784,1.7112186,110.17,2248.69,622506606592.0,1785393000.0,1793341800.0,1793341800.0,True,,,True,1793341800.0,2026-10-30,32.0
6,True,49.253731343283576,False,False,True,False,0.3746918515254287,2051.0,2051.0,2575319487.5,2575.3194875,2216.0,0.9255415162454874,-0.2442996599499878,0.07206250594065855,68.1177626485168,3.321197593784339,-0.07320379575237235,-0.07445848375451258,17.105605826116843,21.40258946266321,26.49906664348491,,0,,False,False,False,False,False,False,False,False,False,6473.T,2026-09-16,True,,2051.0,54.60596,0.8066981,37.56,2542.463,652898598912.0,1793255400.0,1793255400.0,1793255400.0,True,,,True,1793255400.0,2026-10-29,31.0
6,True,35.198135198135205,False,False,True,True,0.3063398720732764,1259.5,1259.5,2555558267.5,2555.5582675,1406.0,0.8958036984352774,-0.22816802094700184,0.08332242813376367,28.40536983646753,2.2552893875718563,-0.06910569105691056,-0.1041963015647226,19.01636358709944,22.83877162690869,31.294006896155473,,0,,False,False,False,False,False,False,False,False,False,7951.T,2026-09-16,True,,1259.5,23.885834,1.1235394,52.73,1121.011,554050191360.0,1793860200.0,1793860200.0,1793860200.0,True,,,True,1793860200.0,2026-11-05,36.0
6,True,61.155378486055774,True,False,True,True,0.3814128608643453,2203.0,2203.0,2467029637.5,2467.0296375,2354.0,0.9358538657604079,-0.2430385470628904,0.10433143664804478,49.76531939034388,2.2589795456352193,-0.010776829815895783,-0.06414613423959215,13.76521708940602,30.078186485230752,18.755945039426155,,0,,False,False,False,False,False,False,False,False,False,2871.T,2026-09-16,True,,2203.0,20.212864,1.9168223,108.99,1149.298,552109801472.0,1794292200.0,1794292200.0,1794292200.0,True,,,True,1794292200.0,2026-11-10,39.0
6,True,42.30465666929756,False,False,True,False,0.3824254344803206,5182.0,5182.0,2420903210.0,2420.90321,5581.0,0.9285074359433794,-0.2177278362589019,0.13213658040329435,142.40838075781977,2.748135483554994,-0.07149256405662063,-0.07149256405662063,19.375527774645544,24.45417959542645,22.42648245055915,,0,,False,False,False,False,False,False,False,False,False,7282.T,2026-09-16,True,,5182.0,10.494977,1.0450767,493.76,4958.488,607648612352.0,1793255400.0,1793255400.0,1793255400.0,True,,,True,1793255400.0,2026-10-29,31.0
6,True,41.34790528233152,False,False,True,False,0.4125571679261475,1698.5,1698.5,2246248607.5,2246.2486075,1843.9962158203125,0.9210973349228986,-0.21777189844285227,0.08835093230234481,40.02211325852135,2.356321063204083,-0.048725847101652175,-0.04899216125419936,22.7619230718831,21.977495437464878,24.64394665956332,,1,di_bear,False,False,False,False,False,False,True,False,False,6592.T,2026-09-16,True,,1698.5,13.874367,1.1902517,122.42,1427.009,400661610496.0,1786689000.0,1793341800.0,1793341800.0,True,,,True,1793341800.0,2026-10-30,32.0
6,True,51.44508670520231,False,False,True,True,0.2675759893992394,4096.0,4096.0,2125139065.0,2125.139065,4386.0,0.9338805289557683,-0.1823973499830821,0.06267176950431375,86.36716082383072,2.1085732623005544,-0.024297284421152976,-0.03827189481098847,10.655004160681566,25.81234947238024,21.43025743584986,,0,,False,False,False,False,False,False,False,False,False,4676.T,2026-09-16,True,,4096.0,124.612114,1.0819763,32.87,3785.665,583661977600.0,1785825000.0,1794292200.0,1794292200.0,True,,,True,1794292200.0,2026-11-10,39.0
6,True,67.27272727272728,True,False,True,True,0.17065184285257104,1833.5,1833.5,2076057005.0,2076.057005,1855.0,0.9884097035040431,-0.1272862182918687,0.08753466759619499,29.35587052908042,1.6010837485181575,0.0,-0.011590296495956887,25.290982932196883,26.549555784535865,13.023242673516219,,0,,False,False,False,False,False,False,False,False,False,9007.T,2026-09-16,True,,1833.5,16.947037,1.2345496,108.19,1485.157,628109017088.0,1794378600.0,1794378600.0,1794378600.0,True,,,True,1794378600.0,2026-11-11,40.0
6,True,48.311688311688314,False,False,True,True,0.49291001172605875,3761.0,3761.0,2042035300.0,2042.0353,4028.259033203125,0.9336539604329739,-0.14190733608525885,0.14582217708797596,74.40622546438257,1.9783628147934746,-0.02966976264189891,-0.06634603956702612,19.64677218488476,23.22016881769523,18.552531288949474,,2,cross_sma25_down;macd_sell_like,False,True,True,False,False,False,False,False,False,9861.T,2026-09-16,True,,3761.0,52.13474,3.5075283,72.14,1072.265,240964747264.0,1791441000.0,1791441000.0,1791441000.0,True,,,True,1791441000.0,2026-10-08,16.0
6,True,46.86503719447397,False,False,True,True,0.37080414594914307,2637.0,2637.0,2014564907.5,2014.5649075,2909.5,0.9063412957552844,-0.1543220484619351,0.03032938039227795,54.552557976333574,2.0687356077487133,-0.043872371283538825,-0.043872371283538825,17.73900406272939,18.075382572395917,26.163309275782108,,0,,False,False,False,False,False,False,False,False,False,7276.T,2026-09-16,True,,2637.0,43.862278,1.1076682,60.12,2380.677,679000145920.0,1785306600.0,1793169000.0,1793169000.0,True,,,True,1793169000.0,2026-10-28,30.0
6,True,51.67224080267559,False,False,True,True,0.45231965833881665,1996.0,1996.0,1978274017.5,1978.2740175,2319.0,0.8607158257869771,-0.24536438119879256,0.0009854390720323014,39.35093021845245,1.9714894899024271,-0.038535645472061675,-0.038535645472061675,9.753015991188533,22.04666255814427,19.1793948196126,,0,,False,False,False,False,False,False,False,False,False,4666.T,2026-09-16,True,,1996.0,9.121653,2.8922758,218.82,690.114,340779401216.0,1788157800.0,1788157800.0,1788157800.0,True,,,True,1788157800.0,2026-08-31,-12.0
6,True,45.15306122448979,True,False,True,True,0.44791439754500645,1139.5,1139.5,1941179312.5,1941.1793125,1321.5,0.8622777147181233,-0.1759364358683314,0.007802511744508855,31.029659963297338,2.723094336401697,-0.038802193167439936,-0.13444739840486142,12.559698663469824,27.36870219959521,18.1152957195412,,0,,False,False,False,False,False,False,False,False,False,2264.T,2026-09-16,True,,1139.5,16.533663,0.3321564,68.92,3430.613,367825158144.0,1794205800.0,1794205800.0,1794205800.0,True,,,True,1794205800.0,2026-11-09,38.0
6,True,46.957671957671955,True,False,True,True,0.44962959559514043,3369.0,3369.0,1769903205.0,1769.903205,4063.0,0.8291902535072606,-0.21560423332512924,0.10308084100084303,103.99141452017753,3.0867145894977006,-0.031339850488786625,-0.1708097464927394,9.98805602567662,24.47434588717386,24.417981010493445,,0,,False,False,False,False,False,False,False,False,False,5393.T,2026-09-16,True,,3369.0,20.327017,2.6115613,165.74,1290.033,632408571904.0,1794292200.0,1794292200.0,1794292200.0,True,,,True,1794292200.0,2026-11-10,39.0
6,True,41.45077720207254,False,False,True,False,0.46906396064345435,3504.0,3504.0,1659789735.0,1659.789735,3787.0,0.9252706627937681,-0.14924240356084428,0.07609923384864148,77.62149919539925,2.215225433658654,-0.05014909189482242,-0.05014909189482242,14.239251027496522,21.383587636569818,25.580639012072954,,0,,False,False,False,False,False,False,False,False,False,6923.T,2026-09-16,True,,3504.0,14.5672245,0.93452287,240.54,3749.507,431378497536.0,1792996200.0,1792996200.0,1792996200.0,True,,,True,1792996200.0,2026-10-26,28.0
6,True,35.63748079877112,False,False,True,True,0.4423011247383242,5635.0,5635.0,1653791310.0,1653.79131,6174.7509765625,0.9125874098224799,-0.3837939565680808,0.023970799114895414,138.66006706631464,2.4606932931023007,-0.053736356003358576,-0.06689849312800134,18.873750934065928,21.508068219952666,19.19618894124642,,0,,False,False,False,False,False,False,False,False,False,4922.T,2026-09-16,True,,5635.0,23.471342,1.1243223,240.08,5011.908,319788777472.0,1794292200.0,1794292200.0,1794292200.0,True,,,True,1794292200.0,2026-11-10,39.0
6,True,35.82089552238807,False,False,True,True,0.28398280769274564,7260.0,7260.0,1498075300.0,1498.0753,7817.4453125,0.928692137876724,-0.1893333417866493,0.05333872027237474,226.11449676851302,3.11452474887759,-0.050980392156862786,-0.071307862123276,14.764713259020391,17.317937270995472,25.975968517444166,,0,,False,False,False,False,False,False,False,False,False,6432.T,2026-09-16,True,,7260.0,11.867787,1.7996762,611.74,4034.059,335360557056.0,1791873000.0,1791873000.0,1791873000.0,True,,,True,1791873000.0,2026-10-13,19.0
6,True,39.489489489489486,False,False,True,True,0.2952549454320134,2666.5,2666.5,1482563017.5,1482.5630175,3159.062255859375,0.8440795983220087,-0.25622119338439087,0.01752521829712861,53.798295971981894,2.0175621965866077,-0.036339546020147995,-0.0832000143706636,14.196400377773232,22.272201403682622,26.32568076565775,,0,,False,False,False,False,False,False,False,False,False,2670.T,2026-09-16,True,,2666.5,14.24032,1.6451185,187.25,1620.856,660269760512.0,1791354600.0,1791354600.0,1791354600.0,True,,,True,1791354600.0,2026-10-07,15.0
6,True,39.8580121703854,False,False,True,True,0.23089623801778783,2115.0,2115.0,1435734327.5,1435.7343275,2291.5,0.9229762164521056,-0.23961158049462772,0.10004666653106087,54.26216078418453,2.565586798306597,-0.07702378354789441,-0.07702378354789441,14.644330955612906,22.767239136801006,23.65831554833706,,0,,False,False,False,False,False,False,False,False,False,8088.T,2026-09-16,True,,2115.0,10.213937,1.0229281,207.07,2067.594,486820675584.0,1785997800.0,1794378600.0,1794378600.0,True,,,True,1794378600.0,2026-11-11,40.0
6,True,38.62332695984704,False,False,True,True,0.4408720961413273,4567.0,4567.0,1377181910.0,1377.18191,4845.0,0.9426212590299278,-0.16845266088740163,0.057243272700967074,89.43996729752456,1.958396481224536,-0.04794663331248694,-0.05737874097007223,18.81632870697219,17.21412961685021,24.11732619651776,,0,,False,False,False,False,False,False,False,False,False,2809.T,2026-09-16,True,,4567.0,25.158377,1.91418,181.53,2385.878,617779429376.0,1791441000.0,1791441000.0,1791441000.0,True,,,True,1791441000.0,2026-10-08,16.0
6,True,54.54545454545455,False,False,True,True,0.502469043913803,2970.0,2970.0,1344358425.0,1344.358425,3231.342529296875,0.9191226163963058,-0.4979472016364006,0.2472698193642744,43.09954534040869,1.4511631427747034,-0.04807692307692313,-0.07763975155279501,26.506202000307145,28.403495063240648,15.337895306998247,,0,ext_dev200,False,False,False,False,False,True,False,False,False,4413.T,2026-09-16,True,,2970.0,37.78626,11.477951,78.6,258.757,92649897984.0,,1744700400.0,1744700400.0,True,,,True,1744700400.0,2025-04-15,-371.0
6,True,47.61904761904762,False,False,True,True,0.30398760402923153,763.0,763.0,1343831370.0,1343.83137,814.953125,0.9362501677627164,-0.16321071128215692,0.02022645161902825,15.032289255100737,1.9701558656750637,-0.024867722102489775,-0.057292036650180345,7.937095744104865,21.95235081705167,24.001629169771064,,2,cross_sma25_down;macd_sell_like,False,True,True,False,False,False,False,False,False,3387.T,2026-09-16,True,,763.0,68.49192,7.06848,11.14,107.944,344113741824.0,1791959400.0,1791959400.0,1791959400.0,True,,,True,1791959400.0,2026-10-14,20.0
6,True,42.28432563791008,False,False,True,False,0.41975892598625514,4934.0,4934.0,1333279410.0,1333.27941,5458.7265625,0.90387381443417,-0.25843510319628693,0.029564795633726604,106.02649241868464,2.148895265883353,-0.06905660377358491,-0.07533733133433285,12.913416394969902,21.521370299830554,25.296378844115264,,0,,False,False,False,False,False,False,False,False,False,7988.T,2026-09-16,True,,4934.0,13.654351,1.5383244,361.35,3207.386,460214337536.0,1793341800.0,1793341800.0,1793341800.0,True,,,True,1793341800.0,2026-10-30,32.0
6,True,47.08737864077669,False,False,True,True,0.40056210977062906,3636.0,3636.0,1310214130.0,1310.21413,3897.0,0.9330254041570438,-0.32878226838946345,0.08060619080209475,88.9363189934725,2.4459933716576594,-0.03194888178913735,-0.050900548159749426,11.144242911159848,23.188073737996323,23.17920026382742,,1,macd_sell_like,False,False,True,False,False,False,False,False,False,9468.T,2026-09-16,True,,3636.0,468.5567,2.2355933,7.76,1626.414,534367207424.0,1786602600.0,1793860200.0,1793860200.0,True,,,True,1793860200.0,2026-11-05,36.0
6,True,55.33980582524271,True,False,True,False,0.5903797374494549,3429.0,3429.0,1275070645.0,1275.070645,3582.686279296875,0.9571030597390077,-0.17101309786385166,0.050202572561661496,47.06885268679111,1.3726699529539548,0.0,0.0,22.91039750138154,32.41337272098235,19.337195127266117,,0,,False,False,False,False,False,False,False,False,False,9744.T,2026-09-16,True,,3429.0,17.600863,6.000357,194.82,571.466,264741814272.0,1793255400.0,1793255400.0,1793255400.0,True,,,True,1793255400.0,2026-10-29,31.0
6,True,40.76190476190476,False,False,True,True,0.4939780779205215,1544.0,1544.0,1266437450.0,1266.43745,1636.5,0.943476932477849,-0.21787888074662443,0.13584020076406733,33.78083136215178,2.1878776788958407,-0.05392156862745101,-0.05652306752215097,23.343138762518336,23.18751610906908,29.7868857695271,,1,di_bear,False,False,False,False,False,False,True,False,False,3941.T,2026-09-16,True,,1544.0,18.233349,0.75033915,84.68,2057.736,370998706176.0,1793860200.0,1793860200.0,1793860200.0,True,,,True,1793860200.0,2026-11-05,36.0
6,True,41.358024691358025,False,False,True,True,0.4549610321129979,1897.5,1897.5,1244561490.0,1244.56149,2138.5,0.8873041851765257,-0.1716156184241291,0.0672577006786641,37.530006645642736,1.9778659628797226,-0.03851026095768939,-0.0431164901664145,15.811342342238877,21.38663418897012,24.829809174384934,,0,,False,False,False,False,False,False,False,False,False,8282.T,2026-09-16,True,,1897.5,20.817333,1.15296,91.15,1645.764,293183619072.0,1785997800.0,1793860200.0,1793860200.0,True,,,True,1793860200.0,2026-11-05,36.0
6,True,44.53280318091451,False,False,True,False,0.535675518161795,1494.5,1494.5,1239627122.5,1239.6271225,1633.5,0.9149066421793695,-0.13341737669479126,0.034087477939477084,29.1062608117767,1.9475584350469521,-0.046875,-0.08397180508734292,15.326252727978535,20.371740442185036,20.755343852206288,,0,,False,False,False,False,False,False,False,False,False,1860.T,2026-09-16,True,,1494.5,12.117895,0.9191318,123.33,1625.991,442431504384.0,1794551400.0,1794551400.0,1794551400.0,True,,,True,1794551400.0,2026-11-13,42.0
6,True,46.47887323943662,False,False,True,True,0.34136997726428864,1735.0,1735.0,1220461775.0,1220.461775,1935.0,0.896640826873385,-0.1791937581274382,0.08261007639317941,36.435209450307696,2.100012072063844,-0.03207810320781035,-0.10335917312661502,12.636029736632992,17.829739617835376,26.152110038502606,,0,,False,False,False,False,False,False,False,False,False,5463.T,2026-09-16,True,,1735.0,14.722105,1.0903761,117.85,1591.194,383039373312.0,1794205800.0,1794205800.0,1794205800.0,True,,,True,1794205800.0,2026-11-09,38.0
6,True,43.11377245508982,False,False,True,False,0.5405154784010691,1423.0,1423.0,1215123530.0,1215.12353,1614.8819580078125,0.8811789573495971,-0.29406604962857297,0.036692111606073885,29.428431939275285,2.068055652795171,-0.06381578947368416,-0.06381578947368416,19.3444244790495,19.713035372450914,23.87804030460684,,0,,False,False,False,False,False,False,False,False,False,4202.T,2026-09-16,True,,1423.0,36.68471,0.98794335,38.79,1440.366,363593564160.0,1793860200.0,1793860200.0,1793860200.0,True,,,True,1793860200.0,2026-11-05,36.0
6,True,37.14285714285714,False,False,True,True,0.33605143042418933,713.0,713.0,1156864690.0,1156.86469,840.2625732421875,0.8485442797349171,-0.3818351533239255,0.025221979134006478,16.82836673029753,2.36021973776964,-0.06797385620915031,-0.07161458333333337,14.59619948842175,21.492615408734558,21.779038746835084,,1,macd_sell_like,False,False,True,False,False,False,False,False,False,8698.T,2026-09-16,True,,713.0,16.409666,1.3756273,43.45,518.309,179222298624.0,1785997800.0,1793860200.0,1793860200.0,True,,,True,1793860200.0,2026-11-05,36.0
6,True,35.32219570405728,False,True,False,False,0.4491616629780342,2157.0,2157.0,1134689910.0,1134.68991,2315.0,0.9317494600431966,-0.1950839269859691,0.07627551344788852,55.21271664652022,2.559699427284201,-0.06825053995680341,-0.06825053995680341,15.458805036288075,27.469810500853864,22.806310420796986,,0,,False,False,False,False,False,False,False,False,False,8117.T,2026-09-16,True,,2157.0,12.35466,1.8807285,174.59,1146.896,119898718208.0,,1754284800.0,1754630400.0,True,,,True,1754284800.0,2025-08-04,-292.0
6,True,42.87011807447775,False,False,True,True,0.576906087632186,3972.0,3972.0,1109657190.0,1109.65719,4343.0,0.9145751784480773,-0.3273171079195958,0.12577346904977937,115.54280998422612,2.9089327790590667,-0.06738671049542144,-0.08542482155192266,17.309374331212712,23.554013520472882,23.649907348120703,,0,,False,False,False,False,False,False,False,False,False,9449.T,2026-09-16,True,,3972.0,22.101046,2.483869,179.72,1599.118,372536279040.0,1794551400.0,1794551400.0,1794551400.0,True,,,True,1794551400.0,2026-11-13,42.0
6,True,46.635730858468676,False,False,True,True,0.3570801211323215,1155.0,1155.0,1097956380.0,1097.95638,1272.5,0.9076620825147348,-0.1311012505042356,0.03556788276203893,28.99334811248985,2.510246589825961,-0.057527539779681724,-0.09233791748526521,20.71624925011337,19.725548797222352,24.952031579309335,,1,di_bear,False,False,False,False,False,False,True,False,False,8012.T,2026-09-16,True,,1155.0,14.636928,1.054085,78.91,1095.737,471615340544.0,1793946600.0,1793946600.0,1793946600.0,True,,,True,1793946600.0,2026-11-06,37.0
6,True,53.109243697479,False,True,False,True,0.28801136144972567,3745.0,3745.0,1080584325.0,1080.584325,3862.0,0.9697048161574314,-0.13616566141918995,0.14728539275741626,83.99137873185663,2.242760446778548,-0.030295183842568574,-0.030295183842568574,8.492489882009016,24.04339492984898,24.001198726327523,,0,,False,False,False,False,False,False,False,False,False,3107.T,2026-09-16,True,,3745.0,10.34759,1.9043977,361.92,1966.501,320398426112.0,1785997800.0,1793860200.0,1793860200.0,True,,,True,1793860200.0,2026-11-05,36.0
6,True,45.175438596491226,True,False,True,True,0.4308143077892137,1166.0,1166.0,1074001210.0,1074.00121,1453.0,0.8024776324845148,-0.23446557533084833,0.02459526727799788,32.157792853108994,2.7579582206783013,-0.031561461794019974,-0.154459753444525,14.509158558711675,23.190240210638315,24.93749202304018,,0,,False,False,False,False,False,False,False,False,False,7004.T,2026-09-16,True,,1166.0,17.618616,0.99889576,66.18,1167.289,196180131840.0,1785997800.0,1793860200.0,1793860200.0,True,,,True,1793860200.0,2026-11-05,36.0
6,True,55.18394648829432,True,True,False,True,0.3854117427886105,1908.5,1908.5,1068159325.0,1068.159325,1994.5,0.9568814239157684,-0.13736715205249883,0.07607991307513284,25.0830859701713,1.3142827335693634,-0.0002619172341540299,-0.04311857608423164,11.942545077906743,27.12749571459462,15.669991030669737,,0,,False,False,False,False,False,False,False,False,False,9048.T,2026-09-16,True,,1908.5,18.35449,0.753516,103.98,2532.793,374314631168.0,1786343400.0,1793946600.0,1793946600.0,True,,,True,1793946600.0,2026-11-06,37.0
6,True,43.93574297188756,False,False,True,False,0.41638603895243126,2983.5,2983.5,1059953882.5,1059.9538825,3253.59375,0.916986025068434,-0.15570282860298712,0.021259851735742297,63.77824735144864,2.1376989224551246,-0.03851111827263942,-0.041907514450867045,11.912872897517703,18.474348329681593,20.246018043625106,,0,,False,False,False,False,False,False,False,False,False,7240.T,2026-09-16,True,,2983.5,10.470993,0.7498752,284.93,3978.662,468903723008.0,1785997800.0,1794292200.0,1794292200.0,True,,,True,1794292200.0,2026-11-10,39.0
6,True,51.216022889842634,True,False,True,True,0.34666861102376345,2479.0,2479.0,1050570815.0,1050.570815,3125.0,0.79328,-0.29503999999999997,0.06130891107100367,82.91432126537063,3.344668062338468,0.0,-0.20672000000000001,7.895278739973885,31.119477536329075,24.95855607693147,,0,,False,False,False,False,False,False,False,False,False,1961.T,2026-09-16,True,,2479.0,48.674652,3.193522,50.93,776.259,379109146624.0,,1754546400.0,1754978400.0,True,,,True,1754546400.0,2025-08-07,-289.0
6,True,48.78048780487805,False,False,True,True,0.24583125705903378,1565.0,1565.0,1010970975.0,1010.970975,1651.5,0.9476233726914925,-0.11909146715776553,0.025649429423704184,22.372864556015198,1.4295760099690222,-0.013240857503152625,-0.05237662730850745,10.721597458337007,20.991784122311742,16.926241956544946,,0,,False,False,False,False,False,False,False,False,False,9006.T,2026-09-16,True,,1565.0,15.362717,1.1036088,101.87,1418.075,412387639296.0,1785911400.0,1794292200.0,1794292200.0,True,,,True,1794292200.0,2026-11-10,39.0
6,True,47.82251437962202,True,False,True,True,0.485629339986309,5716.0,5716.0,1001010285.0,1001.010285,6372.0,0.8970495919648462,-0.2031451449060646,0.22069035505150114,189.77228869405937,3.320019046432109,-0.009187034148032569,-0.10295040803515376,11.020913070251243,18.143405212927902,19.52901986945715,,0,ext_dev200,False,False,False,False,False,True,False,False,False,5232.T,2026-09-16,True,,5716.0,16.36369,0.92921257,349.31,6151.445,181147271168.0,1785825000.0,1794292200.0,1794292200.0,True,,,True,1794292200.0,2026-11-10,39.0
6,True,44.54926624737945,False,False,True,True,0.301444682106225,3993.0,3993.0,1000306560.0,1000.30656,4711.6865234375,0.8474672455685425,-0.27329630632940405,0.026992975621007886,114.16402538120377,2.8591040666467262,-0.053342816500711265,-0.053342816500711265,14.633947787623843,23.143074939875984,18.85162582281069,,2,cross_sma25_down;macd_sell_like,False,True,True,False,False,False,False,False,False,3549.T,2026-09-16,True,,3993.0,22.57335,2.6885684,176.89,1485.177,379187527680.0,1790836200.0,1790836200.0,1790836200.0,True,,,True,1790836200.0,2026-10-01,11.0
6,True,46.291560102301794,False,False,True,True,0.296565815076605,2739.0,2739.0,928669162.5,928.6691625,2827.0,0.9688715953307393,-0.10118579396351013,0.08518079345418617,48.25261116464596,1.7616871546055481,-0.028723404255319163,-0.0311284046692607,17.39148774772625,24.27168357190875,20.69906799352166,,0,,False,False,False,False,False,False,False,False,False,9076.T,2026-09-16,True,,2739.0,18.824741,0.9688562,145.5,2827.045,445394747392.0,1785997800.0,1794465000.0,1794465000.0,True,,,True,1794465000.0,2026-11-12,41.0
6,True,48.656716417910445,False,False,True,False,0.4990426290355897,7060.0,7060.0,924569100.0,924.5691,8682.7958984375,0.8131021484992492,-0.4057213758844014,0.11956725215906316,319.54956535363897,4.526197809541629,-0.05488621151271755,-0.05488621151271755,19.049638692759874,26.10772872787282,21.84082279071343,,0,,False,False,False,False,False,False,False,False,False,7456.T,2026-09-16,True,,7060.0,10.902127,1.4554158,647.58,4850.847,182443851776.0,,1754550000.0,1754982000.0,True,,,True,1754550000.0,2025-08-07,-289.0
6,True,50.4746835443038,False,False,False,True,0.4324088042448037,2098.5,2098.5,890701285.0,890.701285,2180.5,0.962393946342582,-0.12772299931208442,0.11569248654189934,40.55456050787457,1.9325499408088906,-0.007801418439716268,-0.019850537132181212,15.957736199760207,19.453208682104258,20.742596210840464,,0,,False,False,False,False,False,False,False,False,False,4272.T,2026-09-16,True,,2098.5,13.01799,1.093618,161.2,1918.86,302579318784.0,1794292200.0,1794292200.0,1794292200.0,True,,,True,1794292200.0,2026-11-10,39.0
6,True,40.66666666666667,False,False,True,True,0.34006007790780307,5340.0,5340.0,866959050.0,866.95905,5890.0,0.9066213921901528,-0.1994275319397003,0.1152796476661786,165.25957128150782,3.0947485258709326,-0.09337860780984719,-0.09337860780984719,25.395694660217735,24.210023613743545,27.512664216280363,,3,macd_sell_like;trailing_stop;di_bear,False,False,True,False,True,False,True,False,False,3097.T,2026-09-16,True,,5340.0,23.50973,4.348874,227.14,1227.904,205058392064.0,1794551400.0,1794551400.0,1794551400.0,True,,,True,1794551400.0,2026-11-13,42.0
6,True,35.78431372549019,False,False,True,True,0.45148667265053216,3154.0,3154.0,845448640.0,845.44864,3402.954833984375,0.9268415697151983,-0.17630408373122997,0.025507664529450746,35.7620178365326,1.1338623283618452,-0.02140862550418865,-0.025339925834363397,18.008557392874533,21.202596518117033,22.07374193043257,,0,,False,False,False,False,False,False,False,False,False,7164.T,2026-09-16,True,,3154.0,12.940018,1.724681,243.74,1828.744,419735928832.0,1793860200.0,1793860200.0,1793860200.0,True,,,True,1793860200.0,2026-11-05,36.0
6,True,42.35807860262009,False,False,True,False,0.521533223054901,3060.0,3060.0,845158230.0,845.15823,3345.0,0.9147982062780269,-0.2532427652422552,0.14482973774161279,91.40313007697512,2.9870303946723893,-0.06134969325153372,-0.08520179372197312,15.970048546178898,17.74895275966758,22.490607597154792,,0,,False,False,False,False,False,False,False,False,False,7716.T,2026-09-16,True,,3060.0,111.67883,2.0829575,27.4,1469.065,250330595328.0,1794551400.0,1794551400.0,1794551400.0,True,,,True,1794551400.0,2026-11-13,42.0
6,True,47.455621301775146,False,False,True,False,0.506248176639379,3858.0,3858.0,809860210.0,809.86021,4596.287109375,0.8393731523278597,-0.3211912298437215,0.007324981682213405,95.09146998660897,2.464786676687635,-0.05394801373222169,-0.05394801373222169,13.914624864549667,28.82225151141621,23.983332195541507,,1,macd_sell_like,False,False,True,False,False,False,False,False,False,2327.T,2026-09-16,True,,3858.0,22.875778,2.554642,168.65,1510.192,705942257664.0,1793601000.0,1793601000.0,1793601000.0,True,,,True,1793601000.0,2026-11-02,33.0
6,True,43.069306930693074,False,False,False,True,0.42608535679840764,3906.0,3906.0,769757020.0,769.75702,4160.31201171875,0.9388718896557746,-0.19201906376752953,0.015353255832483592,55.30174006009443,1.4158151577085107,-0.0300471815247082,-0.032928942807625705,21.8314815250731,24.568434929134035,22.179265535972586,,0,,False,False,False,False,False,False,False,False,False,6436.T,2026-09-16,True,,3906.0,13.637792,2.0659637,286.41,1890.643,270532460544.0,1785220200.0,1793255400.0,1793255400.0,True,,,True,1793255400.0,2026-10-29,31.0
6,True,46.59400544959128,False,False,True,False,0.30180962844308346,3591.0,3591.0,764863550.0,764.86355,3888.0244140625,0.9236053114820474,-0.25365794204308756,0.08996513824839569,79.67235950224475,2.21866776670133,-0.02682926829268295,-0.02682926829268295,20.32288890187376,31.82266586034138,20.855974529148295,,0,,False,False,False,False,False,False,False,False,False,4544.T,2026-09-16,True,,3591.0,29.604286,1.4687663,121.3,2444.909,196054138880.0,1794378600.0,1794378600.0,1794378600.0,True,,,True,1794378600.0,2026-11-11,40.0
6,True,50.91911764705881,False,False,True,True,0.426237586973319,3095.0,3095.0,751101905.0,751.101905,3165.0,0.9778830963665087,-0.2102713187598404,0.3173917690797139,100.6797929797707,3.252982002577405,-0.02211690363349128,-0.02211690363349128,21.27993421845538,23.309399273942017,15.305345099712264,,0,ext_dev200,False,False,False,False,False,True,False,False,False,8386.T,2026-09-16,True,,3095.0,18.623262,0.9000437,166.19,3438.722,350009196544.0,,1754287200.0,1754632800.0,True,,,True,1754287200.0,2025-08-04,-292.0
6,True,44.44444444444444,False,False,True,True,0.2458612794175893,3030.0,3030.0,718726830.0,718.72683,3195.0,0.9483568075117371,-0.20745274520927315,0.020140182203508106,48.012073539318614,1.5845568824857628,-0.021633839199225013,-0.05164319248826288,12.807232456713706,22.83297862831612,19.482337878754894,,0,,False,False,False,False,False,False,False,False,False,2229.T,2026-09-16,True,,3030.0,21.644402,1.7752582,139.99,1706.794,368411213824.0,1793946600.0,1793946600.0,1793946600.0,True,,,True,1793946600.0,2026-11-06,37.0
6,True,42.261904761904766,False,False,True,True,0.4604980375328678,2708.0,2708.0,688713525.0,688.713525,2937.409423828125,0.9219007667207824,-0.15904118615363072,0.0026244049727428553,40.928704843842745,1.511399735740131,-0.019905899384726755,-0.05463431663466578,18.50319632036217,22.721759505083465,19.677717700870865,,1,macd_sell_like,False,False,True,False,False,False,False,False,False,2811.T,2026-09-16,True,,2708.0,18.531445,1.2693008,146.13,2133.458,244912816128.0,1793255400.0,1793255400.0,1793255400.0,True,,,True,1793255400.0,2026-10-29,31.0
6,True,46.952224052718286,False,False,False,True,0.461802219175304,2998.0,2998.0,677042960.0,677.04296,3290.0,0.9112462006079027,-0.21458966565349546,0.06274699874819412,83.72113829394709,2.792566320678689,-0.04370015948963313,-0.04370015948963313,20.0206659297599,25.473350519219302,21.20943750898401,,0,,False,False,False,False,False,False,False,False,False,5703.T,2026-09-16,True,,2998.0,11.83904,0.7286679,253.23,4114.357,184650268672.0,1793601000.0,1793601000.0,1793601000.0,True,,,True,1793601000.0,2026-11-02,33.0
6,True,36.36363636363636,False,False,True,True,0.4484515149439113,486.0,486.0,671827795.0,671.827795,579.408203125,0.8387868818197447,-0.45537063224937646,0.09754576430864526,17.85772465454549,3.6744289412645044,-0.11151736745886653,-0.13214285714285712,27.96751205091128,25.405343812214724,25.032712433852772,,1,trailing_stop,False,False,False,False,True,False,False,False,False,3660.T,2026-09-16,True,,486.0,16.135458,2.0566988,30.12,236.301,47371534336.0,,1754978400.0,1755496800.0,True,,,True,1754978400.0,2025-08-12,-286.0
6,True,49.519230769230774,False,False,True,False,0.3627386234385265,5120.0,5120.0,636848525.0,636.848525,5200.0,0.9846153846153847,-0.20752057002158475,0.262297604726655,126.48213487194862,2.4703541967177465,-0.01538461538461533,-0.01538461538461533,24.852941988678364,23.089953287462002,15.132148083621622,,0,ext_dev200,False,False,False,False,False,True,False,False,False,4634.T,2026-09-16,True,,5120.0,13.014081,6.667778,393.42,767.872,240116187136.0,1794551400.0,1794551400.0,1794551400.0,True,,,True,1794551400.0,2026-11-13,42.0
6,True,40.87301587301587,False,False,True,True,0.38461109009013894,1367.0,1367.0,606407072.5,606.4070725,1428.5,0.9569478473923696,-0.13633144160549904,0.0453859808351984,21.719857942217676,1.5888703688527925,-0.027738264580369876,-0.0430521526076304,16.217919635311763,25.207282199940156,21.933804505027968,,0,,False,False,False,False,False,False,False,False,False,4927.T,2026-09-16,True,,1367.0,26.652369,1.8699617,51.29,731.031,302494187520.0,1794205800.0,1794205800.0,1794205800.0,True,,,True,1794205800.0,2026-11-09,38.0
6,True,54.1871921182266,True,False,True,True,0.4249895394855301,7160.0,7160.0,599412700.0,599.4127,8810.0,0.8127128263337117,-0.3301282139113635,0.14803958726210276,301.3768312423846,4.209173620703695,0.0,-0.09823677581863977,14.13965832909992,24.585125298567103,21.989905838734195,,0,,False,False,False,False,False,False,False,False,False,5310.T,2026-09-16,True,,7160.0,33.646618,1.5391138,212.8,4652.028,150160556032.0,,1754375400.0,1754980200.0,True,,,True,1754375400.0,2025-08-05,-291.0
6,True,51.834862385321095,False,False,True,True,0.17287433088960902,2684.0,2684.0,592238275.0,592.238275,2782.0,0.9647735442127966,-0.1392433181243078,0.05846793820751639,62.08033024255255,2.3129780269207356,-0.0352264557872034,-0.0352264557872034,20.563511042407,24.411096000612638,19.138578658856428,,1,macd_sell_like,False,False,True,False,False,False,False,False,False,8194.T,2026-09-16,True,,2684.0,12.34023,1.473388,217.5,1821.652,232213364736.0,,1751868000.0,1752213600.0,True,,,True,1751868000.0,2025-07-07,-312.0
6,True,44.53280318091451,True,False,True,True,0.5160748757641445,3045.0,3045.0,579001145.0,579.001145,3715.0,0.819650067294751,-0.2134589502018842,0.03545732724979178,69.12322217812338,2.2700565575738385,-0.019323671497584516,-0.18034993270524902,36.30435368473922,21.16724477518743,27.742690255350023,,1,di_bear,False,False,False,False,False,False,True,False,False,6013.T,2026-09-16,True,,3045.0,16.450567,1.9968103,185.1,1524.932,218784907264.0,1785911400.0,1793860200.0,1793860200.0,True,,,True,1793860200.0,2026-11-05,36.0
6,True,45.59471365638767,False,False,True,True,0.5446719332271313,3060.0,3060.0,577776205.0,577.776205,3180.0,0.9622641509433962,-0.19752059506749042,0.24590311547409227,76.21551165062986,2.4907029951186233,-0.037735849056603765,-0.037735849056603765,32.42678248219636,30.46051490310982,19.27220187008923,,0,ext_dev200,False,False,False,False,False,True,False,False,False,6379.T,2026-09-16,True,,3060.0,15.787844,1.8709772,193.82,1635.509,165115609088.0,,1754546400.0,1754978400.0,True,,,True,1754546400.0,2025-08-07,-289.0
6,True,53.67847411444142,True,False,True,True,0.4507950139425594,2812.0,2812.0,573334930.0,573.33493,3390.0,0.8294985250737463,-0.2126843657817109,0.01244482891059695,76.86981111857665,2.7336348192950446,-0.005657708628005631,-0.17050147492625367,16.385551250364855,23.149499488323304,27.062994146086417,,0,,False,False,False,False,False,False,False,False,False,3433.T,2026-09-16,True,,2812.0,16.630198,2.503646,169.09,1123.162,167225966592.0,1793860200.0,1793860200.0,1793860200.0,True,,,True,1793860200.0,2026-11-05,36.0
6,True,46.2962962962963,False,False,True,True,0.4487943542325952,2208.0,2208.0,541075580.0,541.07558,2250.0,0.9813333333333333,-0.20976032142156198,0.10414985781464092,33.89517011897806,1.5351073423450208,-0.01866666666666672,-0.01866666666666672,24.48423401308722,31.068981875931946,23.2996720373959,,0,,False,False,False,False,False,False,False,False,False,6412.T,2026-09-16,True,,2208.0,18.667568,0.8621104,118.28,2561.157,217768263680.0,1794465000.0,1794465000.0,1794465000.0,True,,,True,1794465000.0,2026-11-12,41.0
6,True,45.29702970297029,False,False,True,True,0.36764482350785577,1824.0,1824.0,535579945.0,535.579945,1963.528076171875,0.9289401165865165,-0.13551749549990666,0.012026230929411907,23.17617524101881,1.2706236425997155,-0.026161238654564878,-0.03492063492063491,17.18716730573454,20.354251335081912,23.00713687443354,,0,,False,False,False,False,False,False,False,False,False,7313.T,2026-09-16,True,,1824.0,30.223696,0.6836838,60.35,2667.9,213029076992.0,1786084200.0,1794551400.0,1794551400.0,True,,,True,1794551400.0,2026-11-13,42.0
6,True,52.55474452554745,True,False,True,True,0.2737921830767656,1445.0,1445.0,524879855.0,524.879855,1471.213134765625,0.9821826395195955,-0.20410381910350084,0.13214323994208432,36.78508002840956,2.5456802787826684,-0.0178173604804045,-0.0178173604804045,12.69873906540535,25.289922086374396,21.213119582337264,,0,,False,False,False,False,False,False,False,False,False,7513.T,2026-09-16,True,,1445.0,22.271887,1.5154884,64.88,953.488,111308496896.0,,1752040800.0,1752472800.0,True,,,True,1752040800.0,2025-07-09,-310.0
6,True,42.857142857142854,False,False,True,False,0.4029531234649342,266.0,266.0,524878300.0,524.8783,292.8246154785156,0.9083935773818723,-0.22772276402234137,0.036884919829613505,6.502711962666468,2.444628557393409,-0.02564102564102566,-0.02564102564102566,22.320394688747765,29.220014488728374,18.204538313462084,,0,,False,False,False,False,False,False,False,False,False,2353.T,2026-09-16,True,,266.0,14.575342,4.0239625,18.25,66.104,82455937024.0,,1749191400.0,1749191400.0,True,,,True,1749191400.0,2025-06-06,-333.0
6,True,45.22727272727273,False,False,True,True,0.31188663369489983,2477.0,2477.0,491327050.0,491.32705,2554.0,0.9698512137823023,-0.14291988735389083,0.1107086105657582,46.51028626546403,1.8776861633211155,-0.030148786217697676,-0.030148786217697676,13.153730729764726,19.651171856739406,21.15249142157874,,0,,False,False,False,False,False,False,False,False,False,8511.T,2026-09-16,True,,2477.0,19.10823,1.4256271,129.63,1737.481,200055619584.0,,1753941600.0,1754287200.0,True,,,True,1753941600.0,2025-07-31,-294.0
6,True,54.929577464788736,True,False,True,True,0.3259745020947634,3400.0,3400.0,483997200.0,483.9972,3425.0,0.9927007299270073,-0.18012418829656518,0.09603255845998104,57.89938714941533,1.7029231514533922,-0.007299270072992692,-0.007299270072992692,14.02415606614173,23.514076024448833,16.592110871760276,,0,,False,False,False,False,False,False,False,False,False,2659.T,2026-09-16,True,,3400.0,19.696444,1.3919588,172.62,2442.601,202096345088.0,1791268200.0,1791268200.0,1791268200.0,True,,,True,1791268200.0,2026-10-06,14.0
6,True,42.99424184261037,False,False,True,False,0.4273958731450887,1824.5,1824.5,470712812.5,470.7128125,1903.0,0.9587493431424067,-0.1362809052325188,0.05741771902171622,32.89852773445099,1.80315306848183,-0.041250656857593326,-0.041250656857593326,23.068272376659475,17.066258946329857,24.535860931047484,,1,di_bear,False,False,False,False,False,False,True,False,False,4045.T,2026-09-16,True,,1824.5,14.984395,0.8788269,121.76,2076.063,192861732864.0,1793341800.0,1793341800.0,1793341800.0,True,,,True,1793341800.0,2026-10-30,32.0
6,True,47.8021978021978,False,False,True,True,0.49462704539710445,3725.0,3725.0,469918150.0,469.91815,3917.160888671875,0.9509438355652969,-0.19444444271316907,0.06799876366487512,72.90717739470728,1.95723966160288,-0.015852047556142668,-0.015852047556142668,25.91490923551584,23.540010931445508,15.056779693198171,,1,macd_sell_like,False,False,True,False,False,False,False,False,False,9948.T,2026-09-16,True,,3725.0,16.099058,1.0130224,231.38,3677.115,198469304320.0,1791873000.0,1791873000.0,1791873000.0,True,,,True,1791873000.0,2026-10-13,19.0
6,True,36.99136868064118,False,False,True,True,0.44573512508104807,2854.0,2854.0,469531935.0,469.531935,3485.0,0.8189383070301292,-0.35281976950181015,0.06494051397668787,108.24451566901706,3.7927300514722164,-0.09968454258675075,-0.1338391502276176,13.234918877519087,21.8756953573721,25.26475056901245,,1,trailing_stop,False,False,False,False,True,False,False,False,False,6363.T,2026-09-16,True,,2854.0,12.728003,1.2178802,224.23,2343.416,75107500032.0,,1754463600.0,1754982000.0,True,,,True,1754463600.0,2025-08-06,-290.0
6,True,36.496350364963504,False,False,True,True,0.20393819181927503,3265.0,3265.0,469039175.0,469.039175,3610.697021484375,0.9042575382461037,-0.16359639647680457,0.0008974554536504975,78.80391640123982,2.4135962144330723,-0.08028169014084507,-0.0828651685393258,24.59580534458973,17.468640399757195,27.793670848709006,,2,trailing_stop;di_bear,False,False,False,False,True,False,True,False,False,3569.T,2026-09-16,True,,3265.0,12.372579,1.1584218,263.89,2818.49,190543577088.0,,,,True,,,True,,,
6,True,55.55555555555556,True,False,True,False,0.4697846398429711,3885.0,3885.0,454616425.0,454.616425,4239.23388671875,0.916439173637354,-0.12955970380390303,0.028126531385735287,69.88634926362131,1.7988764289220416,-0.0012853470437017567,-0.05243902439024395,18.43016977326459,27.279201069787163,15.611775418780708,,0,,False,False,False,False,False,False,False,False,False,1926.T,2026-09-16,True,,3885.0,13.470407,1.8887233,288.41,2056.945,159490129920.0,,1754377200.0,1754982000.0,True,,,True,1754377200.0,2025-08-05,-291.0
6,True,48.38709677419355,False,False,True,True,0.41907682232916893,3190.0,3190.0,446761225.0,446.761225,3416.501708984375,0.9337036160734989,-0.220547733666543,0.057360270060098584,76.16719996976734,2.3876865194284433,-0.0520059435364042,-0.0520059435364042,13.869667607168104,22.307038477233128,24.086029143899573,,0,,False,False,False,False,False,False,False,False,False,5482.T,2026-09-16,True,,3190.0,18.71846,0.86596984,170.42,3683.731,204947292160.0,,1753762800.0,1754281200.0,True,,,True,1753762800.0,2025-07-29,-296.0
6,True,50.0,False,False,True,True,0.42710431502139545,4675.0,4675.0,443323975.0,443.323975,5202.873046875,0.898542008978663,-0.2677122878697955,0.05911443326529109,95.07833334296544,2.0337611410259986,-0.04004106776180694,-0.04004106776180694,23.014912251413147,21.376345734153787,20.68579435312933,,0,,False,False,False,False,False,False,False,False,False,7242.T,2026-09-16,True,,4675.0,7.3978543,0.8214423,631.94,5691.209,188078309376.0,1785997800.0,1794465000.0,1794465000.0,True,,,True,1794465000.0,2026-11-12,41.0
6,True,46.493506493506494,False,False,True,False,0.363432644979726,1355.0,1355.0,434971300.0,434.9713,1464.6236572265625,0.9251523374720385,-0.20013473691088757,0.06726685633242879,43.661702274821685,3.222265850540346,-0.06422651933701662,-0.06422651933701662,18.937058646609234,19.6674286880625,19.502949891389388,,0,,False,False,False,False,False,False,False,False,False,6395.T,2026-09-16,True,,1355.0,6.808019,0.7896772,199.03,1715.891,171672748032.0,1785825000.0,1793946600.0,1793946600.0,True,,,True,1793946600.0,2026-11-06,37.0
6,True,35.64356435643565,False,False,True,True,0.42292463687020837,93500.0,93500.0,431030115.0,431.030115,98700.0,0.9473150962512664,-0.14117573215418144,0.003994185504582859,1123.3540638838003,1.2014481966671662,-0.0380658436213992,-0.05268490374873358,20.301092032711093,20.425952826641893,25.75673346604823,,1,di_bear,False,False,False,False,False,False,True,False,False,8975.T,2026-09-16,True,,93500.0,18.372131,1.3743869,5089.23,68030.336,142840233984.0,1781677800.0,1781677800.0,1781677800.0,True,,,True,1781677800.0,2026-06-17,-65.0
6,True,68.9922480620155,True,True,False,False,0.6077410129819852,2638.0,2638.0,430871865.0,430.871865,2638.0,1.0,-0.1781762685997711,0.13675141937121404,44.698853905120096,1.694422058571649,0.0,0.0,31.31604652420943,35.50994088082039,11.791609317352211,,0,,False,False,False,False,False,False,False,False,False,9536.T,2026-09-16,True,,2638.0,13.44752,0.77605015,196.17,3399.265,94945640448.0,,1753774200.0,1754292600.0,True,,,True,1753774200.0,2025-07-29,-296.0
6,True,32.69230769230769,False,False,True,True,0.41784586262372875,698.0,698.0,427881510.0,427.88151,743.656494140625,0.9386053984596934,-0.15686878963577677,0.02467902693544155,12.127153832923174,1.7374145892440078,-0.05675675675675673,-0.05675675675675673,21.826623458638394,29.630283433321086,27.727212024805386,,0,,False,False,False,False,False,False,False,False,False,4290.T,2026-09-16,True,,698.0,14.9017935,1.7853671,46.84,390.956,87064870912.0,1785220200.0,1793255400.0,1793255400.0,True,,,True,1793255400.0,2026-10-29,31.0
6,True,48.1203007518797,False,False,True,True,0.4233485720294817,4669.0,4669.0,425979950.0,425.97995,4719.0,0.9894045348590803,-0.11344956569989928,0.09377665317469619,67.75191573649687,1.4511012151744886,-0.010595465140919691,-0.010595465140919691,21.574301288508593,26.81700444008115,16.736783457691253,,0,,False,False,False,False,False,False,False,False,False,4665.T,2026-09-16,True,,4669.0,23.927637,1.4068125,195.13,3318.85,219810611200.0,1786343400.0,1793946600.0,1793946600.0,True,,,True,1793946600.0,2026-11-06,37.0
6,True,53.424657534246585,False,False,True,False,0.31973027398741166,2737.0,2737.0,421702185.0,421.702185,2798.0,0.9781987133666905,-0.14616823942759283,0.10308837226929324,51.79109017746973,1.8922575877774837,0.0,-0.008333333333333304,11.618720683217063,23.539531043986948,24.49577336817401,,0,,False,False,False,False,False,False,False,False,False,6371.T,2026-09-16,True,,2737.0,9.255063,0.9385035,295.73,2916.345,276451983360.0,1793341800.0,1793341800.0,1793341800.0,True,,,True,1793341800.0,2026-10-30,32.0
6,True,40.35087719298246,False,False,False,True,0.2332304227167771,1110.0,1110.0,407569160.0,407.56916,1163.0,0.9544282029234737,-0.17469225774520625,0.08467892068285088,23.61460135529068,2.1274415635397013,-0.019434628975265045,-0.045571797076526255,11.363360335822113,13.17618659733084,18.142905793087603,,1,cross_sma25_down,False,True,False,False,False,False,False,False,False,8818.T,2026-09-16,True,,1110.0,22.9671,1.2538973,48.33,885.24,105899180032.0,,1753684200.0,1754029800.0,True,,,True,1753684200.0,2025-07-28,-297.0
6,True,36.0,False,False,True,True,0.28127462851054785,450.0,450.0,400159210.0,400.15921,468.0,0.9615384615384616,-0.26267392865766326,0.11291524434917011,7.0512387457903705,1.566941943508971,-0.038461538461538436,-0.038461538461538436,23.96563152713074,25.843940778352458,21.2882317322806,,0,,False,False,False,False,False,False,False,False,False,8897.T,2026-09-16,True,,450.0,12.9683,0.724535,34.7,621.088,60128411648.0,,1754553600.0,1754985600.0,True,,,True,1754553600.0,2025-08-07,-289.0
6,True,42.30769230769231,False,False,True,False,0.3803808940410455,3880.0,3880.0,377204675.0,377.204675,4081.52490234375,0.9506250954813414,-0.16009557644889683,0.055594536901073965,66.56008499159086,1.7154661080306923,-0.0490196078431373,-0.0490196078431373,26.628199419097694,16.88719666907465,20.989035924342613,,1,di_bear,False,False,False,False,False,False,True,False,False,4041.T,2026-09-16,True,,3880.0,11.524981,0.98440754,336.66,3941.457,207981690880.0,1794465000.0,1794465000.0,1794465000.0,True,,,True,1794465000.0,2026-11-12,41.0
6,True,63.26530612244898,True,False,False,True,0.338713372783221,4575.0,4575.0,375885925.0,375.885925,4575.0,1.0,-0.12486181323396817,0.12944397686742382,84.75567022590528,1.8525829557574924,0.0,0.0,28.929580667246814,33.6167923644083,14.867378719754933,,0,,False,False,False,False,False,False,False,False,False,7516.T,2026-09-16,True,,4575.0,10.586357,0.72306556,432.16,6327.227,132149420032.0,,1752040800.0,1752472800.0,True,,,True,1752040800.0,2025-07-09,-310.0
6,True,37.38317757009346,False,False,False,True,0.3960035033560877,2355.0,2355.0,374756395.0,374.756395,2511.0,0.937873357228196,-0.09318996415770608,0.007506649296815215,27.26639961759107,1.1578089009592811,-0.028064382996285553,-0.02966625463535233,14.90895043528261,22.730257001896057,22.148050675327713,,0,,False,False,False,False,False,False,False,False,False,8803.T,2026-09-16,True,,2355.0,14.210717,1.2578865,165.72,1872.188,155595456512.0,1793341800.0,1793341800.0,1793341800.0,True,,,True,1793341800.0,2026-10-30,32.0
6,True,37.87878787878788,False,False,True,True,0.4874763735176698,4820.0,4820.0,369418550.0,369.41855,5040.0,0.9563492063492064,-0.15754900966144403,0.05374193160515284,63.671287138279475,1.320981060960155,-0.02429149797570851,-0.04365079365079361,19.79664997951746,25.28726170729449,20.18831959033201,,0,,False,False,False,False,False,False,False,False,False,4928.T,2026-09-16,True,,4820.0,20.325546,3.2270827,237.14,1493.609,164632920064.0,1794292200.0,1794292200.0,1794292200.0,True,,,True,1794292200.0,2026-11-10,39.0
6,True,42.857142857142854,False,False,True,True,0.3939014000912916,2076.0,2076.0,361697100.0,361.6971,2200.0,0.9436363636363636,-0.3368561535788299,0.08318454755888305,44.18168042148295,2.1282119663527435,-0.037998146431881374,-0.056363636363636394,11.9942527197382,26.578003634228036,26.95910399530276,,0,,False,False,False,False,False,False,False,False,False,7199.T,2026-09-16,True,,2076.0,13.233889,3.1397889,156.87,661.191,80417447936.0,1794292200.0,1794292200.0,1794292200.0,True,,,True,1794292200.0,2026-11-10,39.0
6,True,51.26903553299492,False,False,True,False,0.38629508498805365,2205.0,2205.0,360978365.0,360.978365,2454.0,0.8985330073349633,-0.19774722241833798,0.05296250123232271,63.08094738350405,2.8608139402949684,-0.04751619870410362,-0.04751619870410362,17.32051199411473,24.639071079426998,19.18995737831636,,0,,False,False,False,False,False,False,False,False,False,1946.T,2026-09-16,True,,2205.0,11.498149,1.3194649,191.77,1671.132,206091157504.0,,1753768800.0,1754287200.0,True,,,True,1753768800.0,2025-07-29,-296.0
6,True,53.57142857142858,False,False,True,True,0.5365590184134674,3335.0,3335.0,359105925.0,359.105925,3355.0,0.9940387481371088,-0.24879280674219406,0.14550063985733863,56.89878625638403,1.7061105324253083,-0.005961251862891204,-0.005961251862891204,22.723092497403837,25.95029421900548,20.206429803728597,,0,,False,False,False,False,False,False,False,False,False,7864.T,2026-09-16,True,,3335.0,8.608229,1.0811946,387.42,3084.551,177901780992.0,1794378600.0,1794378600.0,1794378600.0,True,,,True,1794378600.0,2026-11-11,40.0
6,True,43.87990762124711,False,False,True,False,0.4107347493114621,1226.0,1226.0,354066485.0,354.066485,1343.0,0.9128816083395384,-0.19583023082650786,0.04701002498928153,37.39649115466398,3.0502847597605203,-0.06980273141122917,-0.06980273141122917,13.501202422385866,24.92240904432572,26.4284202760472,,1,macd_sell_like,False,False,True,False,False,False,False,False,False,6118.T,2026-09-16,True,,1226.0,15.631774,0.7676293,78.43,1597.125,66670936064.0,,1754550000.0,1754982000.0,True,,,True,1754550000.0,2025-08-07,-289.0
6,True,55.0,False,True,False,True,0.40657599208174794,5470.0,5470.0,350720300.0,350.7203,5530.0,0.9891500904159132,-0.19938989792092598,0.4046138245743125,202.58494383462534,3.703563872662255,-0.010849909584086825,-0.010849909584086825,26.22296783546097,27.45682257776106,15.889139582595115,,0,ext_dev200,False,False,False,False,False,True,False,False,False,6340.T,2026-09-16,True,,5470.0,14.79298,1.2708429,369.77,4304.23,151334502400.0,,1754546400.0,1754978400.0,True,,,True,1754546400.0,2025-08-07,-289.0
6,True,44.376278118609406,False,False,True,False,0.36391037400789344,2710.0,2710.0,336097445.0,336.097445,2977.3173828125,0.9102153554889131,-0.20757826181221106,0.026317003894802626,63.04783985127659,2.32648855539766,-0.04644616467276563,-0.057063326374391043,19.935189044991766,23.702523404869087,26.50131650307094,,0,,False,False,False,False,False,False,False,False,False,5851.T,2026-09-16,True,,2710.0,8.077737,0.45917255,335.49,5901.921,85676572672.0,1793860200.0,1793860200.0,1793860200.0,True,,,True,1793860200.0,2026-11-05,36.0
6,True,42.213114754098356,False,False,True,True,0.4615732569906909,2959.0,2959.0,330686710.0,330.68671,3395.314453125,0.8714951268435763,-0.1838752968964008,0.005384477775734586,60.699882331884844,2.051364729026186,-0.03928571428571426,-0.04394184168012927,10.857654946755467,18.352108199354262,19.313067509345824,,0,,False,False,False,False,False,False,False,False,False,6486.T,2026-09-16,True,,2959.0,13.651672,0.9985354,216.75,2963.34,135225671680.0,,1753941600.0,1754287200.0,True,,,True,1753941600.0,2025-07-31,-294.0
6,True,37.49999999999999,False,False,True,True,0.4281211324958815,5400.0,5400.0,330147750.0,330.14775,5690.0,0.9490333919156415,-0.16370670458579517,0.13287229157044922,113.01611996443754,2.092891110452547,-0.032258064516129004,-0.05096660808435849,20.212138803448997,29.25511231449151,21.588869840854777,,0,,False,False,False,False,False,False,False,False,False,5480.T,2026-09-16,True,,5400.0,10.386213,0.7287292,519.92,7410.16,74810269696.0,,1753682400.0,1754028000.0,True,,,True,1753682400.0,2025-07-28,-297.0
6,True,45.50898203592815,False,False,True,False,0.4093465960193076,1096.0,1096.0,328224680.0,328.22468,1145.9669189453125,0.956397590437166,-0.19020350006780107,0.07377514473066404,19.395750465502065,1.7696852614509182,-0.038596491228070184,-0.038596491228070184,27.009086536181012,29.9040785538155,23.917099660551035,,0,,False,False,False,False,False,False,False,False,False,7241.T,2026-09-16,True,,1096.0,6.1123195,0.7029097,179.31,1559.233,97876131840.0,,1753687200.0,1754032800.0,True,,,True,1753687200.0,2025-07-28,-297.0
6,True,41.123595505617985,False,False,True,True,0.4810698353348266,1922.0,1922.0,326259600.0,326.2596,2338.0,0.8220701454234388,-0.21257485029940115,0.023326519573863225,66.01495457256426,3.4347010703727503,-0.05506391347099315,-0.10354477611940294,10.628626606335752,19.127422459447573,19.881136541097852,,0,,False,False,False,False,False,False,False,False,False,6745.T,2026-09-16,True,,1922.0,15.281864,2.1119835,125.77,910.045,143391145984.0,,1754285400.0,1754631000.0,True,,,True,1754285400.0,2025-08-04,-292.0
6,True,48.9795918367347,False,False,True,True,0.5004882759810421,1425.0,1425.0,325137015.0,325.137015,1573.0086669921875,0.9059072781364894,-0.24348795720531768,0.059889929573720746,21.532960314751843,1.5110849343685504,-0.021291208791208827,-0.025307797537619692,18.311136359044337,20.457640741277654,16.993423075443147,,0,,False,False,False,False,False,False,False,False,False,5451.T,2026-09-16,True,,1425.0,11.848342,1.0348245,120.27,1377.045,204130582528.0,,1754550000.0,1754982000.0,True,,,True,1754550000.0,2025-08-07,-289.0
6,True,44.827586206896555,False,False,True,True,0.35792779920836393,3085.0,3085.0,324402000.0,324.402,3280.0,0.9405487804878049,-0.12276266712563166,0.05208244990492217,54.755038991988116,1.7748797080060978,-0.029874213836478036,-0.05945121951219512,10.114186270635699,17.90059218250531,22.556670561219548,,0,,False,False,False,False,False,False,False,False,False,7981.T,2026-09-16,True,,3085.0,13.307738,0.99652135,231.82,3095.769,194920742912.0,1793255400.0,1793255400.0,1793255400.0,True,,,True,1793255400.0,2026-10-29,31.0
6,True,48.88888888888889,False,False,True,True,0.5131094990902432,3205.0,3205.0,319778625.0,319.778625,3272.587158203125,0.9793474841353851,-0.1367685982270006,0.0481506140809278,36.85413679221716,1.1498950637197243,-0.012326656394452962,-0.012326656394452962,32.43653140608812,22.273682810355925,11.495940194692489,,0,,False,False,False,False,False,False,False,False,False,8130.T,2026-09-16,True,,3205.0,12.867868,1.5502249,249.07,2067.442,188426715136.0,1794551400.0,1794551400.0,1794551400.0,True,,,True,1794551400.0,2026-11-13,42.0
6,True,43.13725490196078,False,False,False,True,0.2803551744905828,5070.0,5070.0,319668225.0,319.668225,5240.0,0.9675572519083969,-0.17529880478087645,0.18483994868814468,132.1701130883025,2.60690558359571,-0.03244274809160308,-0.03244274809160308,28.039360612474198,36.838091737255446,20.288673924845632,,0,ext_dev200,False,False,False,False,False,True,False,False,False,2384.T,2026-09-16,True,,5070.0,10.103224,1.925741,501.82,2632.753,201367060480.0,,1754452800.0,1754971200.0,True,,,True,1754452800.0,2025-08-06,-290.0
6,True,52.85451197053407,True,False,True,True,0.4589743717024987,2140.0,2140.0,312018455.0,312.018455,2643.0,0.8096859629209232,-0.27317442300416195,0.08252804907743383,60.29475909788251,2.8175121073776874,-0.01789811840293709,-0.03167420814479638,11.198984178075493,25.729168200493362,19.856423126929915,,0,,False,False,False,False,False,False,False,False,False,1945.T,2026-09-16,True,,2140.0,16.590433,0.98601645,128.99,2170.349,70908608512.0,,1754290800.0,1754636400.0,True,,,True,1754290800.0,2025-08-04,-292.0
6,True,38.46153846153846,False,False,True,True,0.3258965146281793,3865.0,3865.0,309584300.0,309.5843,4375.53173828125,0.8833212124106791,-0.17743702802192907,0.022537753485187384,69.5921623583931,1.8005734116013739,-0.04094292803970223,-0.06416464891041163,20.578304911329447,16.409850191740308,26.02421230493606,,1,di_bear,False,False,False,False,False,False,True,False,False,6209.T,2026-09-16,True,,3865.0,7.424411,0.6288597,520.58,6146.045,103987683328.0,,1747306740.0,1747306740.0,True,,,True,1747306740.0,2025-05-15,-349.0
6,True,38.24561403508771,False,False,True,True,0.4122295370463573,2287.0,2287.0,305752545.0,305.752545,2421.8271484375,0.9443283355195324,-0.14730289347255054,0.021085582549066118,38.93451449379254,1.7024273936944705,-0.030932203389830493,-0.055671664480467564,11.739404688439238,17.537055754773647,19.9999198537974,,2,cross_sma25_down;macd_sell_like,False,True,True,False,False,False,False,False,False,8200.T,2026-09-16,True,,2287.0,34.287857,3.8592186,66.7,592.607,59266236416.0,,1752129000.0,1752474600.0,True,,,True,1752129000.0,2025-07-10,-309.0
6,True,55.84756898817346,True,False,True,True,0.4540535185073257,2516.5,2516.5,299230435.0,299.230435,2581.0,0.9750096861681519,-0.22437064223928394,0.0916640802408446,53.749107855472204,2.1358675881371827,-0.003563650762225312,-0.024990313831848132,26.30284142317948,25.668643526499054,10.42605162573285,,0,,False,False,False,False,False,False,False,False,False,7476.T,2026-09-16,True,,2516.5,19.620304,2.4496658,128.26,1027.283,179480969216.0,1793341800.0,1793341800.0,1793341800.0,True,,,True,1793341800.0,2026-10-30,32.0
6,True,44.1860465116279,False,False,True,True,0.5435360113358472,4670.0,4670.0,293181850.0,293.18185,4865.0,0.959917780061665,-0.24152106885919833,0.07111320083945927,85.67697952542461,1.8346248292382146,-0.017875920084121977,-0.017875920084121977,35.9020524033289,21.31174124551362,15.236007463424272,,0,,False,False,False,False,False,False,False,False,False,9699.T,2026-09-16,True,,4670.0,11.244071,0.895005,415.33,5217.848,128549109760.0,,1753857000.0,1754289000.0,True,,,True,1753857000.0,2025-07-30,-295.0
6,True,41.44736842105264,False,False,True,True,0.37107813330786227,1757.0,1757.0,290666820.0,290.66682,1881.0,0.9340776182881446,-0.16666670236233194,0.055214655615152264,24.315440325636743,1.3839180606509245,-0.024430871737923354,-0.06592238171185538,13.816297266262787,24.431463022209392,23.370567983787016,,0,,False,False,False,False,False,False,False,False,False,9882.T,2026-09-16,True,,1757.0,12.791205,1.2000874,137.36,1464.06,147517734912.0,,1753768800.0,1754287200.0,True,,,True,1753768800.0,2025-07-29,-296.0
6,True,37.5,False,False,True,True,0.34826808798392395,1240.0,1240.0,290398330.0,290.39833,1505.0,0.8239202657807309,-0.2637873754152824,0.0830521809908813,21.412510705607207,1.726815379484452,-0.03125,-0.03125,14.739730842509799,23.748044919319756,18.66310036090647,,0,,False,False,False,False,False,False,False,False,False,3608.T,2026-09-16,True,,1240.0,20.509428,0.7510254,60.46,1651.076,70643253248.0,,1752127200.0,1752472800.0,True,,,True,1752127200.0,2025-07-10,-309.0
6,False,46.350364963503644,False,False,True,True,0.49978623446291054,2162.0,2162.0,290105460.0,290.10546,2465.037353515625,0.8770658168390696,-0.2746560219665789,0.02902341883278514,34.213110123729955,1.5824750288496743,-0.03825622775800708,-0.03825622775800708,31.538972586286206,32.400228489012655,19.81055880247738,,1,trend_break,True,False,False,False,False,False,False,False,False,1870.T,2026-09-16,True,,2162.0,10.986889,1.229473,196.78,1758.477,93358825472.0,,1754456400.0,1754974800.0,True,,,True,1754456400.0,2025-08-06,-290.0
6,True,52.71739130434783,False,False,True,False,0.23176664209945097,1451.0,1451.0,281684560.0,281.68456,1479.0,0.9810682893847193,-0.11732100355852704,0.05991613290473774,22.596033656490125,1.5572731672288165,-0.01893171061528065,-0.01893171061528065,19.001261876705257,22.1217021014391,20.413067450529297,,0,,False,False,False,False,False,False,False,False,False,6345.T,2026-09-16,True,,1451.0,14.406275,1.256746,100.72,1154.569,93675593728.0,,1753339200.0,1753684800.0,True,,,True,1753339200.0,2025-07-24,-299.0
6,True,48.24561403508772,False,False,True,True,0.5727573003650709,4105.0,4105.0,276249100.0,276.2491,4276.00537109375,0.9600081486684361,-0.25863361536522433,0.0749487962174391,73.60081272564291,1.7929552430120077,-0.019115890083632014,-0.019115890083632014,25.132125284329422,23.765827349413758,15.637904692085163,,0,,False,False,False,False,False,False,False,False,False,9746.T,2026-09-16,True,,4105.0,15.272145,1.8394833,268.79,2231.605,201157640192.0,1786084200.0,1794378600.0,1794378600.0,True,,,True,1794378600.0,2026-11-11,40.0
6,True,45.23809523809524,False,False,True,True,0.4252177050802738,6740.0,6740.0,269932700.0,269.9327,7070.0,0.9533239038189534,-0.10031678042115022,0.30043662137517413,171.64203615541376,2.546617747112964,-0.023188405797101463,-0.04667609618104662,10.638161359201384,28.234741804530984,24.689373352402644,,0,ext_dev200,False,False,False,False,False,True,False,False,False,5186.T,2026-09-16,True,,6740.0,13.742202,1.0973333,490.46,6142.163,184899567616.0,1793946600.0,1793946600.0,1793946600.0,True,,,True,1793946600.0,2026-11-06,37.0
6,True,59.227467811158796,True,False,False,True,0.4618573691040361,2949.0,2949.0,268055275.0,268.055275,3050.0,0.9668852459016394,-0.14524590163934425,0.0534323207984253,38.94760179539788,1.3207053847201722,-0.0030425963488843744,-0.0030425963488843744,31.98794259445956,29.457699402865433,11.743707690671332,,0,,False,False,False,False,False,False,False,False,False,9347.T,2026-09-16,True,,2949.0,15.036713,1.3978709,196.12,2109.637,107110473728.0,,1746701940.0,1746701940.0,True,,,True,1746701940.0,2025-05-08,-354.0
6,True,48.94736842105263,False,False,True,True,0.39651725321284287,3900.0,3900.0,260514075.0,260.514075,4682.0966796875,0.8329601601179025,-0.27169380871742366,0.020298783427350475,124.32468359326215,3.187812399827235,-0.02985074626865669,-0.16488222698072807,9.325606387478413,25.682456273809567,25.221739665298937,,0,,False,False,False,False,False,False,False,False,False,1975.T,2026-09-16,True,,3900.0,10.892334,1.9755988,358.05,1974.085,100915167232.0,,1754463600.0,1754982000.0,True,,,True,1754463600.0,2025-08-06,-290.0
6,True,60.810810810810814,True,False,True,True,0.28828466690119087,2286.0,2286.0,260469285.0,260.469285,2443.0,0.9357347523536635,-0.13221449038067945,0.02699638127566728,30.620338409109767,1.3394723713521333,-0.002182453077258839,-0.05066445182724255,13.831668854123148,24.198047498957852,14.10756915504057,,0,,False,False,False,False,False,False,False,False,False,2288.T,2026-09-16,True,,2286.0,5.718145,0.7386686,399.78,3094.757,54798135296.0,,1754373600.0,1754978400.0,True,,,True,1754373600.0,2025-08-05,-291.0
6,True,40.59405940594059,False,False,True,False,0.41446102136184215,3240.0,3240.0,253654975.0,253.654975,3486.11181640625,0.9294022024055554,-0.23499027476392687,0.04385528740566391,64.79839834533553,1.9999505662140598,-0.05401459854014601,-0.05401459854014601,15.331426234207417,23.683206756349414,29.112908803298915,,0,,False,False,False,False,False,False,False,False,False,4481.T,2026-09-16,True,,3240.0,14.616322,3.8768504,221.67,835.73,58804035584.0,,1754978400.0,1755496800.0,True,,,True,1754978400.0,2025-08-12,-286.0
6,True,44.147157190635454,False,False,True,False,0.3554976711575242,896.0,896.0,253194330.0,253.19433,963.0,0.9304257528556594,-0.26116293984043826,0.1445271927673426,29.17860817425817,3.2565410908770276,-0.06374085684430508,-0.06957424714434057,20.498563561209387,29.264143386990295,22.193028663119772,,0,,False,False,False,False,False,False,False,False,False,6071.T,2026-09-16,True,,896.0,15.30316,3.082406,58.55,290.682,33980434432.0,,1754548200.0,1754980200.0,True,,,True,1754548200.0,2025-08-07,-289.0
6,False,43.7037037037037,False,False,True,True,0.46842371552190665,2991.0,2991.0,251911715.0,251.911715,3165.827880859375,0.9447765679503974,-0.1382980684156857,0.014028489736634508,35.48056031460503,1.1862440760483126,-0.011239669421487575,-0.011239669421487575,15.348602076681575,22.42727815078572,16.993970550950028,,1,trend_break,True,False,False,False,False,False,False,False,False,5911.T,2026-09-16,True,,2991.0,13.701328,0.8917694,218.3,3354.006,118877872128.0,,1753682400.0,1754028000.0,True,,,True,1753682400.0,2025-07-28,-297.0
6,True,48.05194805194805,False,False,True,True,0.4313700272869412,1557.0,1557.0,249369500.0,249.3695,1611.0,0.9664804469273743,-0.19614263851519032,0.0932787080492814,28.87786459782722,1.854711920220117,-0.03351955307262566,-0.03351955307262566,27.510358464695873,30.38909439947387,20.08195871780113,,0,,False,False,False,False,False,False,False,False,False,7575.T,2026-09-16,True,,1557.0,11.678667,1.6947124,133.32,918.74,109230522368.0,1793341800.0,1793341800.0,1793341800.0,True,,,True,1793341800.0,2026-10-30,32.0
6,True,37.93103448275862,False,False,True,True,0.3322254412464289,4270.0,4270.0,247448325.0,247.448325,4590.0,0.9302832244008714,-0.09783343475586814,0.06381354065389755,72.00804096568342,1.6863709828028903,-0.045810055865921795,-0.06971677559912859,26.433949487324274,20.094373252397343,27.04281659859209,,1,di_bear,False,False,False,False,False,False,True,False,False,5192.T,2026-09-16,True,,4270.0,16.22402,1.1683831,263.19,3654.623,118760808448.0,,1754456400.0,1754888400.0,True,,,True,1754456400.0,2025-08-06,-290.0
6,True,57.5591985428051,True,False,True,False,0.3788179667617014,3105.0,3105.0,246915030.0,246.91503,3440.0,0.9026162790697675,-0.18662790697674414,0.09510407179404101,120.100278448793,3.8679638791881805,-0.028169014084507005,-0.09738372093023251,10.884746074795364,20.778158728699232,17.813785614113595,,0,,False,False,False,False,False,False,False,False,False,6785.T,2026-09-16,True,,3105.0,11.8878975,1.3982342,261.19,2220.658,44585574400.0,,1754461800.0,1754980200.0,True,,,True,1754461800.0,2025-08-06,-290.0
6,True,44.26229508196722,False,False,True,True,0.6167204529666943,523.0,523.0,241034795.0,241.034795,560.494140625,0.9331052050192875,-0.22746739240276959,0.04921120425916148,8.740642639214304,1.6712509826413584,-0.036832412523020275,-0.036832412523020275,36.9639896995175,24.053324646566317,21.493689538363824,,0,,False,False,False,False,False,False,False,False,False,7593.T,2026-09-16,True,,523.0,12.602409,0.8571312,41.5,610.175,59338702848.0,,1754550000.0,1754895600.0,True,,,True,1754550000.0,2025-08-07,-289.0
6,True,44.97816593886463,False,False,True,False,0.36952481619737443,4895.0,4895.0,240357375.0,240.357375,5180.0,0.944980694980695,-0.25830475790232676,0.05751339115035092,113.71616716566277,2.323108624426206,-0.055019305019304965,-0.055019305019304965,15.125570849014789,27.48549095035029,26.707976487269914,,0,,False,False,False,False,False,False,False,False,False,6947.T,2026-09-16,True,,4895.0,19.334835,2.5124402,253.17,1948.305,103165829120.0,,1754287200.0,1754632800.0,True,,,True,1754287200.0,2025-08-04,-292.0
6,True,54.03225806451613,False,False,True,True,0.3154500662183434,3020.0,3020.0,237945710.0,237.94571,3065.0,0.9853181076672104,-0.1198035723163624,0.056351059894641065,41.279146367786566,1.3668591512512107,-0.0033003300330033403,-0.014681892332789603,12.662263946219179,26.02125222745461,16.77840355949777,,0,,False,False,False,False,False,False,False,False,False,9039.T,2026-09-16,True,,3020.0,14.157134,1.2067059,213.32,2502.681,121584377856.0,,1754544000.0,1754976000.0,True,,,True,1754544000.0,2025-08-07,-289.0
6,True,39.75535168195719,False,False,True,False,0.36308827375587555,2248.0,2248.0,232742455.0,232.742455,2382.0,0.943744752308984,-0.13910133186605866,0.12138173995541868,42.72055504727681,1.9003805626012817,-0.05227655986509272,-0.056255247691015975,25.246887664706513,26.876875358124785,26.893401662254078,,1,di_bear,False,False,False,False,False,False,True,False,False,5970.T,2026-09-16,True,,2248.0,7.151264,0.42286265,314.35,5316.147,96242696192.0,,1754465400.0,1754983800.0,True,,,True,1754465400.0,2025-08-06,-290.0
6,True,48.24902723735409,False,False,True,True,0.35704947369395,2409.0,2409.0,228266120.0,228.26612,2679.690673828125,0.8989843579813545,-0.20522251568032945,0.035427512504593306,46.070544599701044,1.9124343960025338,-0.016734693877551,-0.016734693877551,17.172086084934588,19.60262366400444,21.478375206527968,,0,,False,False,False,False,False,False,False,False,False,9830.T,2026-09-16,True,,2409.0,9.717236,0.8216902,247.91,2931.762,158833131520.0,1793341800.0,1793341800.0,1793341800.0,True,,,True,1793341800.0,2026-10-30,32.0
6,True,45.0,False,False,False,True,0.37288175270189244,1064.0,1064.0,227887315.0,227.887315,1106.0,0.9620253164556962,-0.19229567842177075,0.11144235338573649,17.341456028329034,1.629836092888067,-0.02025782688766109,-0.03797468354430378,18.16228871079754,29.914827796377992,21.579413222553637,,0,,False,False,False,False,False,False,False,False,False,9997.T,2026-09-16,True,,1064.0,8.873322,0.67838323,119.91,1568.435,102329778176.0,,1753768800.0,1754287200.0,True,,,True,1753768800.0,2025-07-29,-296.0
6,True,52.72727272727273,False,False,True,True,0.3179314106424749,6850.0,6850.0,221292350.0,221.29235,6900.0,0.9927536231884058,-0.0776316766956393,0.11293963686028663,102.60073674242427,1.4978209743419604,-0.007246376811594235,-0.007246376811594235,25.306840372757108,23.402518316616685,12.596863274633026,,1,macd_sell_like,False,False,True,False,False,False,False,False,False,8566.T,2026-09-16,True,,6850.0,16.456852,0.87560225,416.24,7823.187,211147407360.0,1793773800.0,1793773800.0,1793773800.0,True,,,True,1793773800.0,2026-11-04,35.0
6,True,39.25233644859813,False,False,True,True,0.5518639537879075,3605.0,3605.0,220758725.0,220.758725,4381.59130859375,0.822760441607003,-0.29135335057149947,0.0030547385617116785,73.33167866904638,2.034165843801564,-0.03091397849462363,-0.051315789473684204,13.868632100091196,26.190679371994175,25.17487747104682,,0,,False,False,False,False,False,False,False,False,False,1814.T,2026-09-16,True,,3605.0,9.857537,1.4513057,365.71,2483.97,37114249216.0,,1754290800.0,1754636400.0,True,,,True,1754290800.0,2025-08-04,-292.0
6,True,37.00787401574803,False,False,False,True,0.5312296247724655,3345.0,3345.0,219777925.0,219.777925,3675.0,0.9102040816326531,-0.37188938815249284,0.10039596837097431,80.73819847234316,2.413698011131335,-0.06433566433566429,-0.0897959183673469,17.277127285184314,25.88362010686781,20.85808886507569,,2,cross_sma25_down;macd_sell_like,False,True,True,False,False,False,False,False,False,9828.T,2026-09-16,True,,3345.0,16.924711,2.9736266,197.64,1124.889,59071115264.0,,1753689600.0,1754035200.0,True,,,True,1753689600.0,2025-07-28,-297.0
6,True,42.22222222222222,False,False,True,False,0.3890411485917445,599.0,599.0,219763135.0,219.763135,623.0,0.9614767255216693,-0.151280636578757,0.09281763953561906,12.709628913902018,2.1218078320370646,-0.038523274478330705,-0.038523274478330705,33.596915871203635,26.332717436897596,13.515551253614847,,0,,False,False,False,False,False,False,False,False,False,3232.T,2026-09-16,True,,599.0,9.625583,0.8229933,62.23,727.831,60358082560.0,,1754375400.0,1754980200.0,True,,,True,1754375400.0,2025-08-05,-291.0
6,True,44.2495126705653,False,False,True,True,0.37913126731791497,2092.0,2092.0,218660155.0,218.660155,2164.0,0.966728280961183,-0.08881051768668513,0.13274148844899258,36.20937716688848,1.7308497689717248,-0.03327171903881698,-0.03327171903881698,18.400542508163653,21.057122129470528,22.02228197003957,,1,cross_sma25_down,False,True,False,False,False,False,False,False,False,8008.T,2026-09-16,True,,2092.0,25.041895,1.1193864,83.54,1868.881,44925239296.0,,1752040800.0,1752472800.0,True,,,True,1752040800.0,2025-07-09,-310.0
6,True,50.0,False,False,True,True,0.5080554197797615,6400.0,6400.0,216173950.0,216.17395,6530.0,0.9800918836140888,-0.20175254848695445,0.11810592596814673,151.49647180054535,2.367132371883521,-0.019908116385911168,-0.019908116385911168,43.12711753037149,29.61575580210977,11.182278135712245,,1,macd_sell_like,False,False,True,False,False,False,False,False,False,8074.T,2026-09-16,True,,6400.0,11.235955,1.0971053,569.6,5833.533,134770614272.0,,1754542800.0,1754888400.0,True,,,True,1754542800.0,2025-08-07,-289.0
6,True,39.43661971830985,False,False,True,True,0.22437661815097446,3325.0,3325.0,213953300.0,213.9533,3525.0,0.9432624113475178,-0.11468537748314778,0.01565598289274739,50.64906063411427,1.523280019071106,-0.03483309143686497,-0.05673758865248224,12.314352474037973,20.291671202850498,21.358485082118513,,1,macd_sell_like,False,False,True,False,False,False,False,False,False,3148.T,2026-09-16,True,,3325.0,12.646432,1.3919291,262.92,2388.771,214802530304.0,,1751846400.0,1752192000.0,True,,,True,1751846400.0,2025-07-07,-312.0
6,True,37.638376383763834,False,False,True,True,0.45992148792887044,1980.0,1980.0,213824100.0,213.8241,2184.977294921875,0.9061879062092478,-0.21678002097731686,0.033202452132520266,43.899991622146096,2.2171712940477826,-0.04069767441860461,-0.05308464849354377,16.111941382256557,25.776519763759808,26.13161790829738,,0,,False,False,False,False,False,False,False,False,False,7821.T,2026-09-16,True,,1980.0,13.909378,1.7333101,142.35,1142.323,132038311936.0,,1754546400.0,1754978400.0,True,,,True,1754546400.0,2025-08-07,-289.0
6,True,46.42857142857143,False,False,True,True,0.31921077898274725,507.0,507.0,204577445.0,204.577445,560.6857299804688,0.904249872772152,-0.2544031071502706,0.12189685586955878,11.872754353020452,2.341766144579971,-0.046992481203007475,-0.046992481203007475,13.350008291398128,24.314701186635563,23.534637265187737,,1,macd_sell_like,False,False,True,False,False,False,False,False,False,4293.T,2026-09-16,True,,507.0,18.369564,1.5877688,27.6,319.316,105174671360.0,,1754287200.0,1754632800.0,True,,,True,1754287200.0,2025-08-04,-292.0
6,True,46.47302904564316,False,False,True,True,0.3925004190942123,2104.0,2104.0,204355570.0,204.35557,2179.0,0.9655805415328133,-0.12946595090208735,0.0824239531249571,35.26221720891023,1.6759608939596116,-0.03441945846718675,-0.03441945846718675,31.229950796072533,30.907811371938504,18.33142014802928,,0,,False,False,False,False,False,False,False,False,False,1379.T,2026-09-16,True,,2104.0,10.969189,1.0231711,191.81,2056.352,65998639104.0,,1754546400.0,1754892000.0,True,,,True,1754546400.0,2025-08-07,-289.0
6,True,38.66171003717472,False,False,True,True,0.5543905621451162,1994.0,1994.0,202650740.0,202.65074,2188.709228515625,0.9110392435967037,-0.24567412679129497,0.0737081147817158,38.53173171338133,1.9323837368797059,-0.03671497584541061,-0.03671497584541061,29.748000010205793,15.103861983166636,22.516168266515297,,2,cross_sma25_down;di_bear,False,True,False,False,False,False,True,False,False,6309.T,2026-09-16,True,,1994.0,14.470246,1.3441567,137.8,1483.458,58606583808.0,,1749711600.0,1749711600.0,True,,,True,1749711600.0,2025-06-12,-329.0
