score,gc_multi,rsi,macd_buy_like,vol_surge,vol_quiet,vol_down,hurst,close,close_adj,adv20,adv20_m,hh252,pct_of_52w_high,max_dd_252,dev200,atr14,natr14,pullback_20d,pullback_60d,adx14,plus_di14,minus_di14,skip_reason,sell_score,sell_reason,sell_trend_break,sell_cross_sma25_down,sell_macd_sell_like,sell_rsi_reversal,sell_trailing_stop,sell_ext_dev200,sell_di_bear,sell_vol_distribution,sell_natr_spike,ticker,price_date,bar_is_current,skip_reason_yahoo,mkt_price,pe_ttm,pbr,eps_ttm,bps,market_cap,earn_ts,earn_start_ts,earn_end_ts,market_risk_on,market_close,market_ma200,fund_ok,earn_ts_pick,next_earn_date,days_to_earnings
8,True,44.34782608695652,True,False,True,True,0.47155534898863843,2023.5,2023.5,2013701015.0,2013.701015,2155.5,0.9387613082811412,-0.15943189067763042,0.13248245416157434,44.26450707371626,2.187521970532061,-0.053111839026672936,-0.06123869171885876,20.21721849563021,26.804263010453894,23.452363900901755,,0,,False,False,False,False,False,False,False,False,False,7956.T,2026-09-29,True,,2023.5,26.385447,2.8290255,76.69,715.264,241711841280.0,1785997800.0,1793860200.0,1793860200.0,True,,,True,1793860200.0,2026-11-05,27.0
7,True,48.08743169398907,True,False,True,True,0.3517420649862343,4587.0,4587.0,13793027780.0,13793.02778,4836.39306640625,0.9484340782517156,-0.1874619444674689,0.03710801658724394,75.33289223680124,1.6423128894005066,-0.03431578947368419,-0.03431578947368419,19.183749248343013,27.57378359417004,19.197529635778473,,0,,False,False,False,False,False,False,False,False,False,7751.T,2026-09-29,True,,4587.0,11.602965,1.1182805,395.33,4101.833,3828813398016.0,1793082600.0,1793082600.0,1793082600.0,True,,,True,1793082600.0,2026-10-27,20.0
7,True,66.8986593358072,True,False,True,True,0.48760309666044666,5890.0,5890.0,8984845850.0,8984.84585,7234.63916015625,0.8141387385895263,-0.3009575581777151,0.11797528543344615,207.18617762242374,3.517592149786481,0.0,-0.18586126141047365,20.4537096468766,23.67634289336365,19.9947806966307,,0,,False,False,False,False,False,False,False,False,False,7966.T,2026-09-29,True,,5890.0,21.900795,1.4807723,268.94,3977.654,353600339968.0,1794205800.0,1794205800.0,1794205800.0,True,,,True,1794205800.0,2026-11-09,29.0
7,True,47.191091402299634,False,False,True,False,0.183044126091204,2196.0,2196.0,3667430335.0,3667.430335,2331.841796875,0.9417448486183551,-0.16268752570351197,0.048421219875683486,62.02085526443771,2.8242648116774913,-0.04411791586025193,-0.04411791586025193,10.634656125847329,19.292997005676828,25.738083354949005,,0,,False,False,False,False,False,False,False,False,False,6770.T,2026-09-29,True,,2196.0,16.289593,0.9634778,134.81,2279.243,424330657792.0,1793341800.0,1793341800.0,1793341800.0,True,,,True,1793341800.0,2026-10-30,23.0
7,True,47.80651020197857,True,False,True,False,0.24140363580977117,1651.0,1651.0,3142048792.5,3142.0487925,1722.3946533203125,0.9585491901158176,-0.2908704641837929,0.1498450916086569,38.50646524815979,2.332311644346444,-0.04145080988418237,-0.04145080988418237,20.245725321087473,27.356128017702634,24.898182399371922,,0,,False,False,False,False,False,False,False,False,False,7752.T,2026-09-29,True,,1651.0,16.893482,0.7908494,97.73,2087.629,924041281536.0,1793946600.0,1793946600.0,1793946600.0,True,,,True,1793946600.0,2026-11-06,28.0
7,True,46.90157958687728,True,False,True,True,0.4032508719976181,4805.0,4805.0,3057832810.0,3057.83281,5675.0,0.8466960352422908,-0.22577854402642838,0.12998519884271653,139.84069989623939,2.9103163349893735,-0.09254013220018886,-0.15330396475770924,12.03662746765456,23.848519882099975,23.943155225149766,,1,trailing_stop,False,False,False,False,True,False,False,False,False,4631.T,2026-09-29,True,,4805.0,8.059647,0.89228594,596.18,5385.045,453049548800.0,1786343400.0,1794465000.0,1794465000.0,True,,,True,1794465000.0,2026-11-12,32.0
7,True,39.153303409155136,True,False,True,True,0.5839995127496416,1222.5,1222.5,2893261987.5,2893.2619875,1360.9718017578125,0.8982552014825258,-0.5064890800581328,0.14977033862101363,50.61752077662267,4.1404924970652495,-0.09109877205508454,-0.1017447985174742,14.184158417555008,18.00161911715347,17.195447245446964,,1,trailing_stop,False,False,False,False,True,False,False,False,False,4680.T,2026-09-29,True,,1222.5,19.303646,3.7458174,63.33,326.364,321361838080.0,1794378600.0,1794378600.0,1794378600.0,True,,,True,1794378600.0,2026-11-11,31.0
7,True,40.70247933884297,True,False,True,True,0.4106750038493133,1713.5,1713.5,1962776640.0,1962.77664,1843.9962158203125,0.9292318418548052,-0.21777189844285227,0.08938384062517502,35.183275964847,2.053298859926875,-0.040324838980677735,-0.04059350503919368,17.332220884447146,23.735519874428896,20.448096382016647,,0,,False,False,False,False,False,False,False,False,False,6592.T,2026-09-29,True,,1713.5,13.994609,1.2007632,122.44,1427.009,404199997440.0,1786689000.0,1793341800.0,1793341800.0,True,,,True,1793341800.0,2026-10-30,23.0
7,True,48.6280487804878,True,False,True,True,0.2515386075258329,2720.0,2720.0,1502112647.5,1502.1126475,3005.718994140625,0.9049415481960862,-0.25622119338439087,0.03692052291996761,48.60259007755936,1.7868599293220353,-0.005484460694698323,-0.06480556500588974,11.3222743554238,24.140933728853472,21.178558187432387,,0,,False,False,False,False,False,False,False,False,False,2670.T,2026-09-29,True,,2720.0,14.52681,1.6781256,187.24,1620.856,673517207552.0,1791354600.0,1791354600.0,1791354600.0,True,,,True,1791354600.0,2026-10-07,6.0
7,True,37.985865724381625,False,False,True,True,0.4619693363175236,2979.0,2979.0,1142109015.0,1142.109015,3135.0,0.9502392344497608,-0.38134426765081697,0.12408817686996243,81.92746837200286,2.7501667798591094,-0.04976076555023923,-0.04976076555023923,27.35525006468914,22.24381981745068,18.829434837303012,,1,macd_sell_like,False,False,True,False,False,False,False,False,False,4816.T,2026-09-29,True,,2979.0,24.292587,3.6134012,122.63,824.431,608648364032.0,1793341800.0,1793341800.0,1793341800.0,True,,,True,1793341800.0,2026-10-30,23.0
7,True,47.868359715608015,True,False,True,True,0.44261284368952963,2931.0,2931.0,548421745.0,548.421745,3445.17138671875,0.8507559337393495,-0.35281978714595497,0.09307784778050898,89.75503648987835,3.06226668338036,-0.03266414804633688,-0.1001868075103155,10.912165444485947,26.9596040979444,23.646213030631042,,0,,False,False,False,False,False,False,False,False,False,6363.T,2026-09-29,True,,2931.0,12.893718,1.2507383,227.32,2343.416,77133873152.0,,1754463600.0,1754982000.0,True,,,True,1754463600.0,2025-08-06,-299.0
7,True,51.66240409207161,True,False,False,True,0.565100481185325,2627.0,2627.0,513499090.0,513.49909,2809.0,0.9352082591669634,-0.259189100162731,0.11493698901364979,60.586991794156035,2.3063186826858026,-0.059097421203438416,-0.06479174083303663,15.657836103775043,23.529714413375814,19.557397744535145,,0,,False,False,False,False,False,False,False,False,False,9010.T,2026-09-29,True,,2627.0,3.9087026,3.3358052,672.09,787.516,140150472704.0,,1754373600.0,1754892000.0,True,,,True,1754373600.0,2025-08-05,-300.0
7,True,41.62195431860905,True,False,True,True,0.2038102354791942,3275.0,3275.0,500156825.0,500.156825,3569.119384765625,0.9175932903726786,-0.16359638235233565,0.014181706512163439,72.40424747564151,2.2108167168134814,-0.06671793743996268,-0.06933949425999952,20.750388802813205,18.00143376612079,27.384097327191466,,1,di_bear,False,False,False,False,False,False,True,False,False,3569.T,2026-09-29,True,,3275.0,12.414709,1.1619697,263.8,2818.49,191127158784.0,,1754460000.0,1754978400.0,True,,,True,1754460000.0,2025-08-06,-299.0
7,True,35.779816513761475,True,False,True,True,0.29029427757665804,889.0,889.0,347108840.0,347.10884,973.2916870117188,0.9133952461152544,-0.1512309278956412,0.07647396972747544,16.106866325376007,1.8117959871064127,-0.06322444678609063,-0.08660475388474564,29.259071914106723,16.397267227820738,27.93986526075975,,1,di_bear,False,False,False,False,False,False,True,False,False,7085.T,2026-09-29,True,,889.0,18.505411,3.4198096,48.04,259.956,79203311616.0,,1751869800.0,1752215400.0,True,,,True,1751869800.0,2025-07-07,-321.0
7,True,48.917444584103976,False,False,True,True,0.4553242006233487,2475.5,2475.5,336402567.5,336.4025675,2547.134033203125,0.9718766141595453,-0.22437068710168884,0.08679728837439371,51.18899252739665,2.067824380020063,-0.016308407139442926,-0.028123385840454707,29.328921824144913,21.428863514064993,15.78815379150005,,1,macd_sell_like,False,False,True,False,False,False,False,False,False,7476.T,2026-09-29,True,,2475.5,19.299133,2.4097548,128.27,1027.283,176556785664.0,1793341800.0,1793341800.0,1793341800.0,True,,,True,1793341800.0,2026-10-30,23.0
7,True,42.8136399284585,True,False,True,True,0.2933791483062724,1450.0,1450.0,302472505.0,302.472505,1657.2176513671875,0.874960509142396,-0.15380084173994157,0.005925054306003208,28.897276447217855,1.9929156170495073,-0.05726475349232041,-0.05905703547832797,14.495333277512106,20.836512113358264,30.1524006552727,,0,,False,False,False,False,False,False,False,False,False,5288.T,2026-09-29,True,,1450.0,7.2326417,1.0188859,200.48,1423.123,55228694528.0,,1754546400.0,1754978400.0,True,,,True,1754546400.0,2025-08-07,-298.0
7,True,47.16981132075472,False,False,True,True,0.458874333429812,1173.0,1173.0,299136635.0,299.136635,1255.08447265625,0.9345984477980775,-0.18897138319795304,0.05669880817280726,14.643228668431771,1.2483570902328875,-0.020050125313283207,-0.020050125313283207,22.44743363680097,21.63036913852716,20.623461814706932,,1,macd_sell_like,False,False,True,False,False,False,False,False,False,9757.T,2026-09-29,True,,1173.0,13.475014,3.9276745,87.05,298.65,109522411520.0,1793946600.0,1793946600.0,1793946600.0,True,,,True,1793946600.0,2026-11-06,28.0
7,True,46.666666666666664,False,False,False,True,0.4666772244404947,821.0,821.0,210717765.0,210.717765,868.1107177734375,0.9457319016930597,-0.17867619256132583,0.059308750903607876,11.8079083524955,1.438234878501279,-0.03525264394829608,-0.03525264394829608,27.376437328484883,25.711623170753693,21.99296129027151,,2,cross_sma25_down;macd_sell_like,False,True,True,False,False,False,False,False,False,1822.T,2026-09-29,True,,821.0,15.929375,1.005024,51.54,816.896,69359083520.0,,1754550000.0,1754982000.0,True,,,True,1754550000.0,2025-08-07,-298.0
6,True,54.033358117543095,False,False,True,False,0.5716046891000832,16700.0,16700.0,78407386650.0,78407.38665,18200.599609375,0.9175521883025188,-0.4358642769063077,0.6359745409794617,613.5073183092647,3.673696516821945,-0.08244781169748117,-0.08244781169748117,24.798567745876593,28.799726158183358,22.52922950996446,,1,trailing_stop;ext_dev200,False,False,False,False,True,True,False,False,False,6098.T,2026-09-29,True,,16700.0,47.99678,13.100525,347.94,1274.758,23194123632640.0,1794378600.0,1794378600.0,1794378600.0,True,,,True,1794378600.0,2026-11-11,31.0
6,True,48.07118958441768,False,False,True,True,0.2950731390537244,2923.5,2923.5,27211343492.5,27211.3434925,3065.2041015625,0.9537700926700882,-0.12050259853310419,0.08647687728462206,58.51321892776027,2.0014783282969137,-0.046229907329911835,-0.046229907329911835,22.43035637576487,17.587118855223878,24.80356698017177,,3,cross_sma25_down;macd_sell_like;di_bear,False,True,True,False,False,False,True,False,False,9433.T,2026-09-29,True,,2923.5,16.075552,2.1709652,181.86,1346.636,10805146812416.0,1786084200.0,1794465000.0,1794465000.0,True,,,True,1794465000.0,2026-11-12,32.0
6,True,38.51564414830286,False,False,True,False,0.5289196171261235,650.7999877929688,650.7999877929688,25470338484.588013,25470.338484588014,692.2186889648438,0.9401652948234996,-0.22365269167368196,0.08250462512505541,16.783422490173233,2.57889102719411,-0.05983470517650036,-0.05983470517650036,32.32638278019134,28.063828865218476,29.93250143187838,,2,macd_sell_like;di_bear,False,False,True,False,False,False,True,False,False,5401.T,2026-09-29,True,,650.8,198.41463,0.6034743,3.28,1078.422,3401272000512.0,1793860200.0,1793860200.0,1793860200.0,True,,,True,1793860200.0,2026-11-05,27.0
6,True,55.42328042328042,True,False,False,True,0.3689025605498041,6885.0,6885.0,25146609060.0,25146.60906,7135.0,0.9649614576033637,-0.0819773526384705,0.13924763658609907,118.42856105256308,1.7200952948810906,-0.023404255319148914,-0.035038542396636285,16.173903431252135,22.101489667507273,21.701201502027395,,0,,False,False,False,False,False,False,False,False,False,2914.T,2026-09-29,True,,6885.0,20.51244,2.78198,335.65,2474.856,12223336415232.0,1793255400.0,1793255400.0,1793255400.0,True,,,True,1793255400.0,2026-10-29,22.0
6,True,37.620786910167425,False,False,False,False,0.26943065666278676,4850.0,4850.0,24625382600.0,24625.3826,5171.84912109375,0.9377690428398103,-0.11456784188121882,0.14853987664993018,126.12394725221422,2.600493757777613,-0.06223095716018967,-0.06223095716018967,21.305664290252647,27.10918021188402,33.543153806608586,,2,macd_sell_like;di_bear,False,False,True,False,False,False,True,False,False,8725.T,2026-09-29,True,,4850.0,9.168069,1.0478585,529.01,4628.488,6925859160064.0,1795069800.0,1795069800.0,1795069800.0,True,,,True,1795069800.0,2026-11-19,37.0
6,True,41.76264562009036,False,False,True,False,0.41396646639795764,1734.5,1734.5,20237928950.0,20237.92895,1903.2203369140625,0.9113500766875838,-0.21340435981084438,0.10854112667214477,49.50232361906001,2.8539823360657253,-0.06271914814909607,-0.06271914814909607,18.67037379377642,20.558051651623828,26.0230761691205,,2,cross_sma25_down;macd_sell_like,False,True,True,False,False,False,False,False,False,8053.T,2026-09-29,True,,1734.5,13.918311,1.7358001,124.62,999.251,8198852968448.0,1785479400.0,1793255400.0,1793255400.0,True,,,True,1793255400.0,2026-10-29,22.0
6,True,62.433663315179864,True,False,False,True,0.23843262289821834,70570.0,70570.0,18653398400.0,18653.3984,83954.875,0.840570604148955,-0.3615349015774938,0.055373590367031156,2301.0176766575473,3.2606173680849477,0.0,-0.09269024309741436,15.854261858263348,25.11087734593136,24.505280187109086,,0,,False,False,False,False,False,False,False,False,False,6273.T,2026-09-29,True,,70570.0,26.720028,2.0591764,2641.09,34270.984,4409057607680.0,1794551400.0,1794551400.0,1794551400.0,True,,,True,1794551400.0,2026-11-13,33.0
6,True,35.98133002256395,False,False,False,True,0.39090395376571774,7104.0,7104.0,16810151795.0,16810.151795,7642.34033203125,0.9295581839276497,-0.1945383292193562,0.12116652329408262,221.33411060359333,3.1156265569199513,-0.07044181607235034,-0.07044181607235034,15.427063345742686,16.704850992520388,28.300584451701997,,1,macd_sell_like,False,False,True,False,False,False,False,False,False,8015.T,2026-09-29,True,,7104.0,20.237587,2.5744195,351.03,2759.457,6661282463744.0,1785479400.0,1793255400.0,1793255400.0,True,,,True,1793255400.0,2026-10-29,22.0
6,True,46.373034909968794,False,False,True,True,0.26838803948235834,6645.0,6645.0,15756580035.0,15756.580035,7254.4580078125,0.915988484990035,-0.13473193333205524,0.11032843880995524,155.69801092509508,2.3430851907463515,-0.03594636391888495,-0.08401151500996495,14.436711702398046,22.21747640697919,26.54041534513202,,0,,False,False,False,False,False,False,False,False,False,8630.T,2026-09-29,True,,6645.0,26.495214,1.1147382,250.8,5961.041,5892684120064.0,1795069800.0,1795069800.0,1795069800.0,True,,,True,1795069800.0,2026-11-19,37.0
6,True,38.02281368821293,False,False,False,True,0.27006604302886994,11400.0,11400.0,15532981025.0,15532.981025,12705.0,0.89728453364817,-0.17990413590471688,0.07503819607183537,318.4056874325461,2.793032345899527,-0.07990314769975781,-0.10271546635183004,29.725135523288323,17.679064051874036,28.448482491414683,,1,di_bear,False,False,False,False,False,False,True,False,False,4578.T,2026-09-29,True,,11400.0,14.846843,1.848772,767.84,6166.255,5980549545984.0,1793341800.0,1793341800.0,1793341800.0,True,,,True,1793341800.0,2026-10-30,23.0
6,True,36.445242369838425,False,False,True,True,0.4287226394196509,3810.0,3810.0,15187624750.0,15187.62475,4320.0,0.8819444444444444,-0.15352376077490815,0.0748216141286433,74.64064775096487,1.959072119447897,-0.08545367258761405,-0.11805555555555558,25.509363832036367,21.549536792154974,27.963444248710722,,2,trailing_stop;di_bear,False,False,False,False,True,False,True,False,False,5108.T,2026-09-29,True,,3810.0,19.305801,1.2540114,197.35,3038.25,4703320539136.0,1794465000.0,1794465000.0,1794465000.0,True,,,True,1794465000.0,2026-11-12,32.0
6,True,47.38590217877148,False,False,True,True,0.5332168354701505,2294.0,2294.0,14466314070.0,14466.31407,2612.3427734375,0.8781389729271237,-0.20714950324088732,0.023373132653760287,50.325928364913416,2.193806816256034,-0.034483112951171346,-0.035879292830831466,15.398174498343296,27.464037286965805,32.85623255858859,,0,,False,False,False,False,False,False,False,False,False,4503.T,2026-09-29,True,,2294.0,14.143905,2.1172616,162.19,1083.475,4113173577728.0,1785911400.0,1793255400.0,1793255400.0,True,,,True,1793255400.0,2026-10-29,22.0
6,True,38.644653434310584,True,False,True,True,0.45928864829325655,4978.0,4978.0,14423235405.0,14423.235405,6144.16162109375,0.8102000414360591,-0.2564218317155269,0.06744215639744766,139.5360394447446,2.8030542274958736,-0.07880960403414039,-0.18979995856394094,14.681393918689343,19.971193680548634,25.9374052983993,,0,,False,False,False,False,False,False,False,False,False,2802.T,2026-09-29,True,,4978.0,36.02808,6.1349087,138.17,811.422,4742824067072.0,1794205800.0,1794205800.0,1794205800.0,True,,,True,1794205800.0,2026-11-09,29.0
6,True,53.807143440354906,False,False,True,True,0.3582689754976141,3319.0,3319.0,12915324965.0,12915.324965,3834.654296875,0.8655278267730091,-0.23302386023537947,0.028199357550188875,76.88116473590222,2.3163954424797293,-0.0293472949349306,-0.1344721732269909,12.339590888869012,26.42045323393682,26.57534323364285,,0,,False,False,False,False,False,False,False,False,False,4901.T,2026-09-29,True,,3319.0,14.463135,1.0178887,229.48,3260.671,3969494286336.0,1794205800.0,1794205800.0,1794205800.0,True,,,True,1794205800.0,2026-11-09,29.0
6,True,32.02898140532312,False,False,True,False,0.4453887570444493,2929.5,2929.5,12751973162.5,12751.9731625,3393.55859375,0.8632531070467833,-0.4313208961266949,0.09157606424294462,112.48447877502836,3.839715950675145,-0.13166206176883077,-0.13166206176883077,30.28040196640635,27.02899518607565,24.702477946166738,,2,macd_sell_like;trailing_stop,False,False,True,False,True,False,False,False,False,9843.T,2026-09-29,True,,2929.5,18.547009,1.6415571,157.95,1784.586,1655336206336.0,1786084200.0,1794465000.0,1794465000.0,True,,,True,1794465000.0,2026-11-12,32.0
6,True,42.449286250939146,False,False,True,True,0.4864550011762785,5030.0,5030.0,11828288365.0,11828.288365,6103.0,0.8241848271341963,-0.35376044568245124,0.053258662947805124,205.0565397978537,4.076670771329099,-0.1696929679762298,-0.1696929679762298,16.795584783371808,21.625804092261482,25.708933955445556,,1,trailing_stop,False,False,False,False,True,False,False,False,False,5711.T,2026-09-29,True,,5030.0,16.203852,0.84830755,310.42,5929.453,657307533312.0,1794378600.0,1794378600.0,1794378600.0,True,,,True,1794378600.0,2026-11-11,31.0
6,True,35.65768621236133,False,False,True,True,0.29103949841103466,4057.0,4057.0,11226055550.0,11226.05555,4509.1474609375,0.8997266190883246,-0.28194474375588285,0.12398737457198394,111.60619333236171,2.750953742478721,-0.07268571428571424,-0.10027338091167537,22.21080460431251,19.512269821276245,24.253517688386424,,1,di_bear,False,False,False,False,False,False,True,False,False,7453.T,2026-09-29,True,,4057.0,36.184444,5.424109,112.12,747.957,2153570369536.0,1791959400.0,1791959400.0,1791959400.0,True,,,True,1791959400.0,2026-10-14,11.0
6,True,38.87362637362637,False,False,False,False,0.404264302852214,1786.0,1786.0,10090885337.5,10090.8853375,1879.0,0.9505055880787653,-0.14187572693431272,0.12906636026276508,41.79355679441352,2.3400647701239374,-0.04644954618259478,-0.049494411921234716,12.160674546420852,19.105731241608343,26.521422760594227,,1,macd_sell_like,False,False,True,False,False,False,False,False,False,8601.T,2026-09-29,True,,1786.0,14.383507,1.3750646,124.17,1298.848,2479983689728.0,1793341800.0,1793341800.0,1793341800.0,True,,,True,1793341800.0,2026-10-30,23.0
6,True,48.56396866840731,False,False,False,True,0.4109126745420152,3484.0,3484.0,9260029385.0,9260.029385,3738.0,0.9320492241840557,-0.15438818180830693,0.10042196417245153,62.500887404307534,1.7939405110306412,-0.04312002197198572,-0.06795077581594433,14.041245589904086,24.3098005282509,22.22906956516152,,0,,False,False,False,False,False,False,False,False,False,4452.T,2026-09-29,True,,3484.0,24.907063,2.815829,139.88,1237.291,3152177004544.0,1793860200.0,1793860200.0,1793860200.0,True,,,True,1793860200.0,2026-11-05,27.0
6,True,44.74885844748859,False,False,True,True,0.5208181543545529,2026.5,2026.5,8437407552.5,8437.4075525,2187.0,0.9266117969821673,-0.38067104991860845,0.1399539226900588,48.5744484931497,2.3969626692894006,-0.05700325732899025,-0.07338820301783266,20.414969618066895,26.964313791667944,17.703976241425057,,0,,False,False,False,False,False,False,False,False,False,7733.T,2026-09-29,True,,2026.5,33.107334,2.8797948,61.21,703.696,2153870917632.0,1794292200.0,1794292200.0,1794292200.0,True,,,True,1794292200.0,2026-11-10,30.0
6,True,38.81656804733728,False,False,True,True,0.24374930056176383,2817.5,2817.5,8356245195.0,8356.245195,3133.0,0.8992977976380466,-0.12837347879883398,0.07009099642883854,53.704105962743476,1.906090717399946,-0.0795491669389089,-0.10070220236195337,17.982762263906658,20.813732080672064,28.570528461699556,,1,macd_sell_like,False,False,True,False,False,False,False,False,False,2503.T,2026-09-29,True,,2817.5,11.587021,1.6485178,243.16,1709.111,2232617533440.0,1794378600.0,1794378600.0,1794378600.0,True,,,True,1794378600.0,2026-11-11,31.0
6,True,44.31113293861106,True,False,True,True,0.3982812044644905,2767.0,2767.0,8202622830.0,8202.62283,2828.820068359375,0.9781463412781751,-0.1930405650383994,0.21567925812213562,77.81899403597113,2.812395881314461,-0.021853658721824876,-0.021853658721824876,12.275764559468515,23.967984211548345,25.97382481965424,,0,ext_dev200,False,False,False,False,False,True,False,False,False,8331.T,2026-09-29,True,,2767.0,18.922247,1.4858235,146.23,1862.267,1912729632768.0,1785825000.0,1793946600.0,1793946600.0,True,,,True,1793946600.0,2026-11-06,28.0
6,True,49.721548327450826,False,False,True,True,0.38693799533611095,4760.0,4760.0,7688203675.0,7688.203675,5656.19873046875,0.8415545893673932,-0.40002296291532335,0.11802560005875096,232.3249292939701,4.880775825503574,-0.057080389514569285,-0.057080389514569285,23.079383795459215,26.52044820059325,19.238031730070837,,1,macd_sell_like,False,False,True,False,False,False,False,False,False,7014.T,2026-09-29,True,,4760.0,15.96137,2.3930132,298.22,1989.124,331034394624.0,1785997800.0,1793860200.0,1793860200.0,True,,,True,1793860200.0,2026-11-05,27.0
6,True,47.39511966454777,False,False,True,True,0.3706601574251597,2950.0,2950.0,7166246762.5,7166.2467625,3295.834716796875,0.8950691565222113,-0.21849844652552175,0.003443029014625898,48.12809421449035,1.6314608208301815,-0.02883007990499198,-0.0749614120679748,17.617083533136615,16.141426451510274,26.470801541230436,,0,,False,False,False,False,False,False,False,False,False,9202.T,2026-09-29,True,,2950.0,9.182593,0.92042303,321.26,3205.048,1266705629184.0,1793255400.0,1793255400.0,1793255400.0,True,,,True,1793255400.0,2026-10-29,22.0
6,True,54.550102249488745,True,False,True,True,0.4627180723076503,6526.0,6526.0,6576155885.0,6576.155885,8091.82763671875,0.8064927100506437,-0.2740824120690345,0.11892285136859271,241.7724206127037,3.7047566750337686,-0.016279770877298816,-0.16161356628982526,17.644470961873914,23.297420689793412,22.66421767951043,,0,,False,False,False,False,False,False,False,False,False,6481.T,2026-09-29,True,,6526.0,29.934408,2.6499856,218.01,2462.655,731393687552.0,1794551400.0,1794551400.0,1794551400.0,True,,,True,1794551400.0,2026-11-13,33.0
6,True,40.39724731668266,False,False,True,False,0.5202714520468734,1286.5,1286.5,6354751897.5,6354.7518975,1433.3482666015625,0.8975487883696706,-0.28971294005935044,0.131352265650712,39.393609630722445,3.062076146966377,-0.10245121163032944,-0.10245121163032944,42.77331436615422,23.99753780284687,29.5530706335262,,3,macd_sell_like;trailing_stop;di_bear,False,False,True,False,True,False,True,False,False,9506.T,2026-09-29,True,,1286.5,7.5729923,0.56609416,169.88,2272.59,644273405952.0,1785306600.0,1793255400.0,1793255400.0,True,,,True,1793255400.0,2026-10-29,22.0
6,True,64.36213991769547,True,False,True,True,0.5165259649339963,24295.0,24295.0,5349987025.0,5349.987025,28880.0,0.8412396121883656,-0.2558864265927978,0.11747359783349598,790.6059852775458,3.2541921600228263,0.0,-0.15876038781163437,22.695728435141046,26.560640541391244,20.427286939218465,,0,,False,False,False,False,False,False,False,False,False,6856.T,2026-09-29,True,,24295.0,23.809757,2.795331,1020.38,8691.278,1020913713152.0,1794551400.0,1794551400.0,1794551400.0,True,,,True,1794551400.0,2026-11-13,33.0
6,True,52.69824188724599,False,False,True,True,0.33596946856572846,1241.0,1241.0,5117833397.5,5117.8333975,1359.232666015625,0.9130151378996759,-0.2171641281555292,0.08190121349994439,28.804098602711036,2.321039371693073,-0.0474544449265657,-0.08698486210032408,12.175136582101945,19.701821750042132,23.83655572928511,,0,,False,False,False,False,False,False,False,False,False,3402.T,2026-09-29,True,,1241.0,23.499336,0.9948151,52.81,1247.468,1807717761024.0,1785997800.0,1794551400.0,1794551400.0,True,,,True,1794551400.0,2026-11-13,33.0
6,True,36.139332365747464,True,False,True,True,0.35572478922654494,3330.0,3330.0,4896873870.0,4896.87387,4124.0,0.8074684772065955,-0.22647914645974787,0.0034354695639819965,109.90198475399472,3.300359902522364,-0.12598425196850394,-0.19253152279340446,32.798397212791635,14.45585175257295,29.441373263345533,,2,trailing_stop;di_bear,False,False,False,False,True,False,True,False,False,7747.T,2026-09-29,True,,3330.0,27.625685,5.0951786,120.54,653.559,883530006528.0,1794551400.0,1794551400.0,1794551400.0,True,,,True,1794551400.0,2026-11-13,33.0
6,True,39.81192002295992,False,False,True,True,0.3518982610888037,942.9000244140625,942.9000244140625,4584744895.36438,4584.74489536438,1082.295654296875,0.8712037424068081,-0.45623484670088843,0.0001584116079216269,17.415456631030075,1.8470098822886762,-0.054357589508539306,-0.10242739227599951,10.688101916931352,24.362592229960658,28.979975816163694,,1,macd_sell_like,False,False,True,False,False,False,False,False,False,8113.T,2026-09-29,True,,942.9,25.333155,1.9992028,37.22,471.638,1622542647296.0,1793946600.0,1793946600.0,1793946600.0,True,,,True,1793946600.0,2026-11-06,28.0
6,True,44.02679774152494,False,False,True,True,0.21661526793198388,4782.0,4782.0,4239472310.0,4239.47231,5039.33544921875,0.9489346458849758,-0.12854636070642345,0.14394223844486143,132.1453071674231,2.763389944948204,-0.03205249975340585,-0.05106535411502422,11.116727998732609,20.34244362600916,24.436419816649796,,1,macd_sell_like,False,False,True,False,False,False,False,False,False,5844.T,2026-09-29,True,,4782.0,14.107026,0.9755316,338.98,4901.943,1340020359168.0,1794551400.0,1794551400.0,1794551400.0,True,,,True,1794551400.0,2026-11-13,33.0
6,True,67.19824185971117,True,False,True,True,0.41182115468485786,4018.0,4018.0,4017341260.0,4017.34126,4392.5126953125,0.9147383920569737,-0.2551958348839568,0.010754721286048152,80.01672821539465,1.9914566504578062,-0.020523636313427573,-0.05352421121400841,20.694662581234994,29.05992127619539,24.562448736754682,,0,,False,False,False,False,False,False,False,False,False,7701.T,2026-09-29,True,,4018.0,19.19549,2.0185366,209.32,1990.551,1160961458176.0,1793946600.0,1793946600.0,1793946600.0,True,,,True,1793946600.0,2026-11-06,28.0
6,True,40.09352579766263,False,False,True,True,0.44490771001628293,2333.5,2333.5,3461842007.5,3461.8420075,2588.828125,0.9013730874852883,-0.18025649198780824,0.003692534865027186,48.968766601131854,2.0985115320819308,-0.04703119506953635,-0.047604926698185945,12.188256870651712,23.945881354424774,31.472142720308486,,1,cross_sma25_down,False,True,False,False,False,False,False,False,False,4528.T,2026-09-29,True,,2333.5,15.71698,1.264985,148.47,1844.686,1096528691200.0,1793255400.0,1793255400.0,1793255400.0,True,,,True,1793255400.0,2026-10-29,22.0
6,True,36.83492496589359,False,False,True,True,0.2706488219101661,4481.0,4481.0,3284512730.0,3284.51273,4844.0,0.9250619322873658,-0.15630220576229126,0.030938306253434744,97.468593340392,2.1751527190446778,-0.05504006748207513,-0.07493806771263423,9.918811260330198,15.546340327544442,29.250806850819817,,1,macd_sell_like,False,False,True,False,False,False,False,False,False,8253.T,2026-09-29,True,,4481.0,10.549486,0.83528095,424.76,5364.662,643580231680.0,1794551400.0,1794551400.0,1794551400.0,True,,,True,1794551400.0,2026-11-13,33.0
6,True,43.5084297359743,False,True,False,True,0.5428745900057647,3176.0,3176.0,3206008570.0,3206.00857,3457.39599609375,0.9186104234482605,-0.3659533842102063,0.1324778771912125,77.75345197499094,2.448156548330949,-0.0723313500029309,-0.0813895765517395,15.52187181032246,23.97278212924229,26.202867095288262,,1,vol_distribution,False,False,False,False,False,False,False,True,False,9616.T,2026-09-29,True,,3176.0,15.43846,1.9673272,205.72,1614.373,288899760128.0,1786084200.0,1793946600.0,1793946600.0,True,,,True,1793946600.0,2026-11-06,28.0
6,True,53.12000636442069,False,True,False,True,0.3691677487143803,3424.0,3424.0,3030579255.0,3030.579255,3612.665771484375,0.947776577348074,-0.21299631093466553,0.03587329183515675,56.070535282498895,1.6375740444655051,-0.032334442210621206,-0.051963629244994314,21.852968009703574,22.383927748533992,24.78123126515783,,3,macd_sell_like;di_bear;vol_distribution,False,False,True,False,False,False,True,True,False,9041.T,2026-09-29,True,,3424.0,12.115637,1.0478164,282.61,3267.748,651067916288.0,1794551400.0,1794551400.0,1794551400.0,True,,,True,1794551400.0,2026-11-13,33.0
6,True,42.11409395973154,False,False,True,False,0.4347176967333059,1791.5,1791.5,2993493017.5,2993.4930175,1954.5,0.9166027116909695,-0.34620444773087944,0.06314441508063817,39.79465310712731,2.221303550495524,-0.05958005249343834,-0.08339728830903048,14.390433363673276,19.53091551915306,22.714016791592613,,0,,False,False,False,False,False,False,False,False,False,3405.T,2026-09-29,True,,1791.5,66.25369,0.7142504,27.04,2508.224,539773337600.0,1786084200.0,1794378600.0,1794378600.0,True,,,True,1794378600.0,2026-11-11,31.0
6,True,53.183720248407475,False,False,True,False,0.4727091588449276,5412.0,5412.0,2932906130.0,2932.90613,5833.4267578125,0.9277565699701127,-0.14144400750327069,0.054530908135650424,134.50321682835855,2.4852774728078075,-0.06670978996925148,-0.06670978996925148,20.057622191130985,24.290793656504235,20.048065638969447,,0,,False,False,False,False,False,False,False,False,False,1721.T,2026-09-29,True,,5412.0,17.461445,1.5700445,309.94,3447.036,619420450816.0,1793946600.0,1793946600.0,1793946600.0,True,,,True,1793946600.0,2026-11-06,28.0
6,True,43.52406490194255,False,False,False,True,0.1082038315730071,2735.0,2735.0,2895148185.0,2895.148185,3047.26025390625,0.8975275401876269,-0.3088608188612423,0.03774370691038409,53.234195673217265,1.946405691890942,-0.0402953021882092,-0.06852663779204782,9.978683413980422,18.692307549737208,32.16242577794038,,1,macd_sell_like,False,False,True,False,False,False,False,False,False,2267.T,2026-09-29,True,,2735.0,18.145027,1.3085786,150.73,2090.054,778717757440.0,1794551400.0,1794551400.0,1794551400.0,True,,,True,1794551400.0,2026-11-13,33.0
6,True,49.20093888908236,False,False,True,True,0.43747978816835403,646.0999755859375,646.0999755859375,2891008705.388489,2891.0087053884886,712.015380859375,0.9074241834581155,-0.3362952889077857,0.07616742062012505,24.737712508477497,3.828774716489235,-0.05893820954442741,-0.05893820954442741,16.62357314253989,26.216228658633796,21.353521601101797,,0,,False,False,False,False,False,False,False,False,False,4902.T,2026-09-29,True,,646.1,9.94,0.5803842,65.0,1113.228,319292047360.0,1793860200.0,1793860200.0,1793860200.0,True,,,True,1793860200.0,2026-11-05,27.0
6,True,47.65427097462063,False,False,True,False,0.349009914596176,1099.5,1099.5,2789490847.5,2789.4908475,1220.735595703125,0.9006864417406497,-0.2733297794278672,0.07325967161143887,31.276853789853174,2.8446433642431264,-0.04726936399750037,-0.04726936399750037,28.225941536022244,24.815701035033673,23.573613900820533,,1,macd_sell_like,False,False,True,False,False,False,False,False,False,9509.T,2026-09-29,True,,1099.5,5.3641996,0.47920358,204.97,2294.432,225782513664.0,1793341800.0,1793341800.0,1793341800.0,True,,,True,1793341800.0,2026-10-30,23.0
6,True,41.76848479114433,False,False,True,True,0.5557188866493262,1324.0,1324.0,2721702485.0,2721.702485,1388.5926513671875,0.9534833694362486,-0.3612857099235959,0.08651800058985182,28.201522874490784,2.130024386290845,-0.04651663056375144,-0.04651663056375144,25.006967694677442,19.211637201635686,24.15537372415298,,2,macd_sell_like;di_bear,False,False,True,False,False,False,True,False,False,9009.T,2026-09-29,True,,1324.0,13.28917,1.1347673,99.63,1166.759,638484742144.0,1793946600.0,1793946600.0,1793946600.0,True,,,True,1793946600.0,2026-11-06,28.0
6,True,38.9870075281662,False,False,True,False,0.3751467238540571,2058.5,2058.5,2717695942.5,2717.6959425,2179.44970703125,0.9445044743904633,-0.24429961795364985,0.08592398329591644,61.04733277212897,2.9656221895617665,-0.054215059215205086,-0.055495525609536744,13.059131632894145,24.35948738700254,28.724603576096563,,0,,False,False,False,False,False,False,False,False,False,6473.T,2026-09-29,True,,2058.5,54.80564,0.809648,37.56,2542.463,655286075392.0,1793255400.0,1793255400.0,1793255400.0,True,,,True,1793255400.0,2026-10-29,22.0
6,True,48.92244009568755,True,False,True,True,0.4540144733479565,2597.0,2597.0,2711730877.5,2711.7308775,2988.44140625,0.8690148632556948,-0.1696770790208203,0.030614613665361112,50.71625529815932,1.952878525150532,-0.028973124239596082,-0.0692618772814424,26.399982409233125,18.626067747184155,29.118429377117437,,1,di_bear,False,False,False,False,False,False,True,False,False,4042.T,2026-09-29,True,,2597.0,19.62963,0.95051193,132.3,2732.212,799591759872.0,1793860200.0,1793860200.0,1793860200.0,True,,,True,1793860200.0,2026-11-05,27.0
6,True,39.25641116540324,False,False,False,True,0.1608725473614669,1704.0,1704.0,2633462080.0,2633.46208,1823.6302490234375,0.9343999425939002,-0.1272862490011636,0.027272356045107804,32.6561654758806,1.916441635908486,-0.06256791918907556,-0.06560005740609975,21.679929057502527,15.807323991396924,33.10672572664925,,2,macd_sell_like;di_bear,False,False,True,False,False,False,True,False,False,9007.T,2026-09-29,True,,1704.0,15.747158,1.1473534,108.21,1485.157,583041548288.0,1794378600.0,1794378600.0,1794378600.0,True,,,True,1794378600.0,2026-11-11,31.0
6,True,36.10421836228287,False,False,True,True,0.360862318238144,3565.0,3565.0,2584070025.0,2584.070025,3889.0,0.9166880946258679,-0.17057040507026733,0.06115296482010257,89.8865528522008,2.521361931338031,-0.08331190537413213,-0.08331190537413213,26.82606620823552,22.23600002490019,28.87380155852946,,3,macd_sell_like;trailing_stop;di_bear,False,False,True,False,True,False,True,False,False,2212.T,2026-09-29,True,,3565.0,16.713549,1.4886222,213.3,2394.832,701965598720.0,1793082600.0,1793082600.0,1793082600.0,True,,,True,1793082600.0,2026-10-27,20.0
6,True,53.229868373714446,False,False,True,True,0.4802446969416929,2770.0,2770.0,2381051355.0,2381.051355,2967.54052734375,0.9334329133760579,-0.18127149103729312,0.10186676371760539,50.80368798868954,1.8340681584364453,-0.02369874844800479,-0.06656708662394206,14.46783165633719,17.892442377595607,31.566109679869765,,1,macd_sell_like,False,False,True,False,False,False,False,False,False,4613.T,2026-09-29,True,,2770.0,18.670801,1.6337441,148.36,1695.492,491021107200.0,1793946600.0,1793946600.0,1793946600.0,True,,,True,1793946600.0,2026-11-06,28.0
6,True,46.86283944845528,False,False,True,False,0.4366840482839763,3986.0,3986.0,2293779155.0,2293.779155,4396.26904296875,0.906677903704524,-0.19820223313913976,0.07833934073424254,94.78482875127364,2.3779435211057107,-0.0499843183303299,-0.0499843183303299,13.92789970926412,18.519824395852826,30.33866016797387,,1,macd_sell_like,False,False,True,False,False,False,False,False,False,9513.T,2026-09-29,True,,3986.0,12.246528,0.48986566,325.48,8136.925,701569040384.0,1793341800.0,1793341800.0,1793341800.0,True,,,True,1793341800.0,2026-10-30,23.0
6,True,43.31797235023041,False,True,False,True,0.3623190273724095,1835.0,1835.0,2282021160.0,2282.02116,1994.5,0.9200300827275006,-0.13736715205249883,0.029835291946344045,26.95892962177173,1.4691514780257073,-0.0450169138693729,-0.07996991727249936,12.675996424344753,17.037935679846093,26.333192861136123,,2,macd_sell_like;vol_distribution,False,False,True,False,False,False,False,True,False,9048.T,2026-09-29,True,,1835.0,17.647623,0.72449666,103.98,2532.793,359899037696.0,1786343400.0,1793946600.0,1793946600.0,True,,,True,1793946600.0,2026-11-06,28.0
6,True,35.60606060606061,False,True,False,True,0.4989803097869453,1129.0,1129.0,2233992250.0,2233.99225,1259.0,0.8967434471803019,-0.3420882871455292,0.1453072064729335,37.948226110907115,3.361224633384156,-0.10325655281969814,-0.10325655281969814,13.601803483090569,23.365321540367507,27.91179158039998,,3,macd_sell_like;trailing_stop;vol_distribution,False,False,True,False,True,False,False,True,False,4373.T,2026-09-29,True,,1129.0,25.011078,5.083685,45.14,222.083,252734357504.0,1793169000.0,1793169000.0,1793169000.0,True,,,True,1793169000.0,2026-10-28,21.0
6,True,44.596325474183274,False,False,True,False,0.3703530850526952,2623.0,2623.0,2103400007.5,2103.4000075,2878.982666015625,0.9110857216900535,-0.1543220570892242,0.030498487781906336,51.951427725850415,1.9806110455909423,-0.03886734611538556,-0.03886734611538556,13.459592250596558,21.507468416851996,25.98566503758073,,0,,False,False,False,False,False,False,False,False,False,7276.T,2026-09-29,True,,2623.0,43.47754,1.1017874,60.33,2380.677,675395272704.0,1785306600.0,1793169000.0,1793169000.0,True,,,True,1793169000.0,2026-10-28,21.0
6,True,48.90161050130268,False,True,False,True,0.37084328924289245,3079.0,3079.0,2015184645.0,2015.184645,3239.809814453125,0.9503644276476552,-0.1973683863489949,0.048270737242411155,68.8454559791821,2.2359680408958136,-0.04260451741295801,-0.04260451741295801,30.925388836008995,16.95339418037521,24.0138543960656,,3,macd_sell_like;di_bear;vol_distribution,False,False,True,False,False,False,True,True,False,9044.T,2026-09-29,True,,3079.0,13.526931,0.9683282,227.62,3179.707,333146816512.0,1793601000.0,1793601000.0,1793601000.0,True,,,True,1793601000.0,2026-11-02,24.0
6,True,50.693461338092874,False,False,True,True,0.4044451273063815,12190.0,12190.0,1911230025.0,1911.230025,13524.2861328125,0.9013414741665908,-0.14114228389336347,0.03509977740473902,284.68909825088747,2.3354314868817676,-0.019862403712200827,-0.09865852583340917,14.656992042856448,19.56367965651456,26.31821223724759,,0,,False,False,False,False,False,False,False,False,False,5444.T,2026-09-29,True,,12190.0,11.892102,1.3318886,1025.05,9152.417,728381849600.0,1793601000.0,1793601000.0,1793601000.0,True,,,True,1793601000.0,2026-11-02,24.0
6,True,57.439763053663874,True,False,True,True,0.25066378121611005,4725.0,4725.0,1886383450.0,1886.38345,5509.3671875,0.8576302575585047,-0.24265745982350218,0.11074456089116858,152.59984167858013,3.2296262789117485,-0.004042270155386829,-0.14236974244149525,25.36774075313006,24.697357732480217,27.095499720329048,,1,di_bear,False,False,False,False,False,False,True,False,False,6103.T,2026-09-29,True,,4725.0,22.706522,1.1017814,208.09,4288.51,275093028864.0,1793773800.0,1793773800.0,1793773800.0,True,,,True,1793773800.0,2026-11-04,26.0
6,True,48.59191802214385,False,False,True,True,0.43276463887772887,4037.0,4037.0,1863225280.0,1863.22528,4686.43798828125,0.8614218325506039,-0.309143686199738,0.018414590069667947,102.62643731167361,2.5421460815376173,-0.05138461097167446,-0.05466846697670147,9.258483614125387,18.735969779936383,27.12700698425164,,1,macd_sell_like,False,False,True,False,False,False,False,False,False,5233.T,2026-09-29,True,,4037.0,17.721685,0.65259814,227.8,6186.043,439884382208.0,1794292200.0,1794292200.0,1794292200.0,True,,,True,1794292200.0,2026-11-10,30.0
6,True,40.378798790148345,False,False,True,False,0.46734374691231606,3450.0,3450.0,1680818730.0,1680.81873,3727.828125,0.9254718523268827,-0.14924237926275385,0.07075890465483048,77.20240183589613,2.2377507778520616,-0.04994255766822853,-0.04994255766822853,12.214739857707082,22.594591315171556,25.554563840041745,,1,cross_sma25_down,False,True,False,False,False,False,False,False,False,6923.T,2026-09-29,True,,3450.0,14.349888,0.92012095,240.42,3749.507,424730558464.0,1792996200.0,1792996200.0,1792996200.0,True,,,True,1792996200.0,2026-10-26,19.0
6,True,36.039603960396036,False,False,True,False,0.2534847630043085,3046.0,3046.0,1620045555.0,1620.045555,3512.65625,0.867150037809706,-0.26040304520166035,0.025823473209765302,74.37047168634227,2.4415781906218736,-0.06935533150015272,-0.06935533150015272,29.248841490984088,27.882894682007418,23.69047558651246,,2,cross_sma25_down;macd_sell_like,False,True,True,False,False,False,False,False,False,2593.T,2026-09-29,True,,3046.0,100.79418,1.9467053,30.22,1564.695,350991548416.0,1788244200.0,1796020200.0,1796020200.0,True,,,True,1796020200.0,2026-11-30,44.0
6,True,44.389941175712124,False,False,True,False,0.4937026670076599,1169.0,1169.0,1618420360.0,1618.42036,1286.6375732421875,0.9085697668957751,-0.19317750673971446,0.0039495289097850605,25.420061998776937,2.174513430177668,-0.06711581211484774,-0.06711581211484774,16.972889642201057,18.968634798262364,28.278869822642612,,2,cross_sma25_down;macd_sell_like,False,True,True,False,False,False,False,False,False,2331.T,2026-09-29,True,,1169.0,17.252066,1.4729619,67.76,793.639,568206753792.0,1785825000.0,1794292200.0,1794292200.0,True,,,True,1794292200.0,2026-11-10,30.0
6,True,35.54376657824933,False,False,True,True,0.43614792354744236,5527.0,5527.0,1618288980.0,1618.28898,6174.7509765625,0.8950968259252611,-0.3837938812569527,0.0002960733555661399,132.0418358656219,2.389032673523103,-0.05763000852514921,-0.08478224871667495,14.750521080854911,19.201846985832216,25.37933498656266,,1,macd_sell_like,False,False,True,False,False,False,False,False,False,4922.T,2026-09-29,True,,5527.0,23.13811,1.1027735,238.87,5011.908,313659719680.0,1794292200.0,1794292200.0,1794292200.0,True,,,True,1794292200.0,2026-11-10,30.0
6,True,37.44814852635559,False,False,False,True,0.22840565804961452,2011.5,2011.5,1542308262.5,1542.3082625,2265.96044921875,0.8877030491390606,-0.2229516211438468,0.050644630870473106,52.15312803239788,2.5927481000446373,-0.11229695086093938,-0.11229695086093938,11.842888286372059,16.82744551589798,31.26786431099262,,2,macd_sell_like;trailing_stop,False,False,True,False,True,False,False,False,False,8088.T,2026-09-29,True,,2011.5,9.715045,0.97286993,207.05,2067.594,462997553152.0,1794292200.0,1794292200.0,1794292200.0,True,,,True,1794292200.0,2026-11-10,30.0
6,True,44.18391126569326,False,False,True,True,0.363932956520792,1489.0,1489.0,1472428105.0,1472.428105,1613.824951171875,0.9226527318955915,-0.15520240435481902,0.06951668398457733,30.779609362479853,2.067132932335786,-0.04677659756449892,-0.0773472681044085,11.972007701961417,20.413237407014066,28.870816226205797,,1,macd_sell_like,False,False,True,False,False,False,False,False,False,9301.T,2026-09-29,True,,1489.0,9.552833,1.3360406,155.87,1114.487,504233164800.0,1793341800.0,1793341800.0,1793341800.0,True,,,True,1793341800.0,2026-10-30,23.0
6,True,49.9158346618691,False,True,False,True,0.23486126701905793,1513.5,1513.5,1421282087.5,1421.2820875,1627.001708984375,0.9302387278651193,-0.11909152431087289,0.0058949435993653765,23.683220983969687,1.5647982149963453,-0.029507800473262624,-0.0697612721348807,11.468880032026837,14.24523433319689,28.3977297717671,,2,macd_sell_like;vol_distribution,False,False,True,False,False,False,False,True,False,9006.T,2026-09-29,True,,1513.5,15.037257,1.067292,100.65,1418.075,398817067008.0,1785911400.0,1794292200.0,1794292200.0,True,,,True,1794292200.0,2026-11-10,30.0
6,True,40.916441278200686,False,False,True,True,0.5368911611993843,1385.5,1385.5,1420419535.0,1420.419535,1575.2459716796875,0.879545178917448,-0.2940660231401423,0.030851955484552995,27.931392338170824,2.0159792376882586,-0.0655515872427801,-0.0655515872427801,14.84374905415554,18.568796138774736,28.581664897335312,,0,,False,False,False,False,False,False,False,False,False,4202.T,2026-09-29,True,,1385.5,35.717968,0.96190834,38.79,1440.366,354011873280.0,1793860200.0,1793860200.0,1793860200.0,True,,,True,1793860200.0,2026-11-05,27.0
6,True,50.2212389380531,False,True,False,True,0.40333343697789087,3651.0,3651.0,1398204145.0,1398.204145,3897.0,0.9368745188606621,-0.32878226838946345,0.0810899948765198,77.39953072069302,2.1199542788467003,-0.027955271565495154,-0.04698512137823019,7.738878544354548,19.936592388800335,19.916898949572055,,2,macd_sell_like;vol_distribution,False,False,True,False,False,False,False,True,False,9468.T,2026-09-29,True,,3651.0,474.77243,2.244816,7.69,1626.414,536571707392.0,1786602600.0,1793860200.0,1793860200.0,True,,,True,1793860200.0,2026-11-05,27.0
6,True,44.88429127164159,False,False,True,True,0.4453806642213825,2120.0,2120.0,1286622395.0,1286.622395,2282.622314453125,0.9287563634932368,-0.19508395641852716,0.06675337739678833,55.26900457397025,2.6070285176401065,-0.059461582394972345,-0.07124363650676324,14.831974879740836,23.382450173888255,21.57076156126502,,2,cross_sma25_down;macd_sell_like,False,True,True,False,False,False,False,False,False,8117.T,2026-09-29,True,,2120.0,12.142038,1.8484675,174.6,1146.896,117842042880.0,,1754284800.0,1754630400.0,True,,,True,1754284800.0,2025-08-04,-301.0
6,True,50.0,False,False,True,False,0.3507068743760392,3685.0,3685.0,1243409660.0,1243.40966,3805.304443359375,0.9683850674367677,-0.13762661816837063,0.05433997981342009,69.54211753921408,1.8871673687710742,-0.025132275132275117,-0.025132275132275117,13.605001720540162,22.88069308029336,20.589736816451605,,0,,False,False,False,False,False,False,False,False,False,8060.T,2026-09-29,True,,3685.0,17.450396,1.9493177,211.17,1890.405,758734585856.0,1792996200.0,1792996200.0,1792996200.0,True,,,True,1792996200.0,2026-10-26,19.0
6,True,52.7104037505127,True,False,True,True,0.42127189976935747,4531.0,4531.0,1220144845.0,1220.144845,4805.7158203125,0.9428356085577619,-0.25966459820692844,0.10289065715258161,109.0105363875045,2.4058825068970315,-0.03718846840916812,-0.03718846840916812,14.91622830802608,22.871166176681363,24.821658324698596,,0,,False,False,False,False,False,False,False,False,False,4401.T,2026-09-29,True,,4531.0,16.294458,1.3666459,278.07,3315.416,439398531072.0,1794378600.0,1794378600.0,1794378600.0,True,,,True,1794378600.0,2026-11-11,31.0
6,True,46.77187948350072,True,False,True,True,0.4318675582801615,3555.0,3555.0,1188022790.0,1188.02279,4101.0,0.866861741038771,-0.1753230919287978,0.14696316163679168,99.99142814800729,2.8126984007878284,-0.04255319148936165,-0.133138258961229,13.65613476906425,21.924031151475475,25.525038148836842,,0,,False,False,False,False,False,False,False,False,False,6136.T,2026-09-29,True,,3555.0,15.991183,1.5240066,222.31,2332.667,292121542656.0,1791527400.0,1791527400.0,1791527400.0,True,,,True,1791527400.0,2026-10-09,8.0
6,True,40.84912621412485,False,False,True,True,0.37195791480781015,1297.0,1297.0,1186532427.5,1186.5324275,1375.7606201171875,0.9427512177878165,-0.18994353386580098,0.12825434617664588,36.6332653675956,2.8244614778408326,-0.04698296117018208,-0.05724878221218355,14.223148719728199,18.72123455863602,28.87005781749697,,1,macd_sell_like,False,False,True,False,False,False,False,False,False,2433.T,2026-09-29,True,,1297.0,28.16504,1.2130883,46.05,1069.172,465664540672.0,1785911400.0,1794465000.0,1794465000.0,True,,,True,1794465000.0,2026-11-12,32.0
6,True,53.20088873554759,True,True,False,False,0.36980620765282124,1444.0,1444.0,1153459515.0,1153.459515,1575.093505859375,0.9167709692334424,-0.23404255978726463,0.306409857134476,52.71942924785256,3.650930003313889,-0.08322903076655763,-0.08322903076655763,28.577986070511333,35.61141452127543,20.785514457047423,,1,trailing_stop;ext_dev200,False,False,False,False,True,True,False,False,False,6523.T,2026-09-29,True,,1444.0,379.00262,1.0840524,3.81,1332.039,182688219136.0,1794378600.0,1794378600.0,1794378600.0,True,,,True,1794378600.0,2026-11-11,31.0
6,True,52.0,False,False,True,True,0.5038936176210874,2965.0,2965.0,1147193370.0,1147.19337,3231.342529296875,0.9175752719242581,-0.4979472016364006,0.23974142923959452,28.836441096103766,0.9725612511333479,-0.0016835016835017313,-0.07919254658385089,27.653502902388897,27.923131175245874,14.866650775401702,,0,ext_dev200,False,False,False,False,False,True,False,False,False,4413.T,2026-09-29,True,,2965.0,37.72265,11.458628,78.6,258.757,92493922304.0,,1744700400.0,1744700400.0,True,,,True,1744700400.0,2025-04-15,-380.0
6,True,40.2829728859463,False,True,False,False,0.47011959859807656,2927.5,2927.5,1140085582.5,1140.0855825,3197.834228515625,0.9154633388732257,-0.15780529355071793,0.0051635989670815174,69.49657047058052,2.373922133922477,-0.05662801379831328,-0.08453666112677427,21.144632948908697,18.186625291285907,27.62115765264319,,4,cross_sma25_down;macd_sell_like;di_bear;vol_distribution,False,True,True,False,False,False,True,True,False,9031.T,2026-09-29,True,,2927.5,6.9273543,0.759034,422.6,3856.876,221145317376.0,1793946600.0,1793946600.0,1793946600.0,True,,,True,1793946600.0,2026-11-06,28.0
6,True,36.3205566950043,False,False,True,True,0.27892867526192466,2784.5,2784.5,1121275242.5,1121.2752425,3020.349365234375,0.9219132170771002,-0.1305983485916734,0.12148003546788866,56.79278687311633,2.0396044845795056,-0.07808678292289983,-0.07808678292289983,13.64575848106148,22.354001291369123,27.076535499377346,,1,macd_sell_like,False,False,True,False,False,False,False,False,False,8242.T,2026-09-29,True,,2784.5,11.048288,1.0414835,252.03,2673.59,313773457408.0,1793773800.0,1793773800.0,1793773800.0,True,,,True,1793773800.0,2026-11-04,26.0
6,True,38.92529488859765,False,False,True,True,0.5754485089804209,3922.0,3922.0,1103483610.0,1103.48361,4343.0,0.9030623992631821,-0.32731704760192315,0.11022736601160243,100.58962745076892,2.564753377123124,-0.07912655552946701,-0.0969376007368179,12.444278579370122,21.573728304060563,24.34748864940037,,0,,False,False,False,False,False,False,False,False,False,9449.T,2026-09-29,True,,3922.0,21.832554,2.452602,179.64,1599.118,367846719488.0,1794551400.0,1794551400.0,1794551400.0,True,,,True,1794551400.0,2026-11-13,33.0
6,True,44.95412844036697,False,False,True,True,0.29946997188325203,766.0,766.0,1047427370.0,1047.42737,814.953125,0.9399313610828843,-0.16321071128215692,0.0252781615645139,13.820214959743009,1.8042056083215414,-0.016688061617458283,-0.053585452259552024,6.303381491269501,22.644202595009038,21.050284732228246,,0,,False,False,False,False,False,False,False,False,False,3387.T,2026-09-29,True,,766.0,69.071236,7.096272,11.09,107.944,345466765312.0,1791959400.0,1791959400.0,1791959400.0,True,,,True,1791959400.0,2026-10-14,11.0
6,True,46.60269956534762,False,False,False,False,0.2874070876198631,2626.0,2626.0,995944920.0,995.94492,2782.4150390625,0.9437844329955886,-0.10118575012513853,0.05043277216893438,49.70921034749201,1.8929630749235344,-0.053872823909324574,-0.05621556700441144,15.235103095758483,18.02983598652592,30.736076608111084,,1,macd_sell_like,False,False,True,False,False,False,False,False,False,9076.T,2026-09-29,True,,2626.0,18.070465,0.92888516,145.32,2827.045,427019567104.0,1785997800.0,1794465000.0,1794465000.0,True,,,True,1794465000.0,2026-11-12,32.0
6,True,39.781920703425264,False,False,True,False,0.3593032666534853,4354.0,4354.0,924307310.0,924.30731,4840.87744140625,0.8994237207408385,-0.13969544640233722,0.06114286832873672,109.24758347988985,2.509131453373676,-0.09172403705549237,-0.10057627925916146,25.320522594605663,17.922655886963273,32.337748617756155,,2,trailing_stop;di_bear,False,False,False,False,True,False,True,False,False,6457.T,2026-09-29,True,,4354.0,15.7816515,1.0631851,275.89,4095.242,222540464128.0,1786084200.0,1794292200.0,1794292200.0,True,,,True,1794292200.0,2026-11-10,30.0
6,True,47.99884667101519,False,True,False,True,0.2669452915334571,1824.5,1824.5,914465172.5,914.4651725,1875.9759521484375,0.9725604413588109,-0.17385135309968813,0.0875299180382314,34.87248010698669,1.9113444838030524,-0.027439558641189077,-0.027439558641189077,19.084573835007614,22.815968759647053,27.09620790298135,,2,macd_sell_like;vol_distribution,False,False,True,False,False,False,False,True,False,7458.T,2026-09-29,True,,1824.5,11.898396,1.5262265,153.34,1195.432,188611149824.0,1794205800.0,1794205800.0,1794205800.0,True,,,True,1794205800.0,2026-11-09,29.0
6,True,37.32110580196878,False,False,False,True,0.43670942427908604,3069.0,3069.0,913180250.0,913.18025,3325.8857421875,0.9227617055724406,-0.17630403375430959,0.013349530105961405,37.90754882525777,1.2351759148014914,-0.03233853383856555,-0.03622591000636888,14.81366555812925,16.924577007443943,30.951526038505012,,1,macd_sell_like,False,False,True,False,False,False,False,False,False,7164.T,2026-09-29,True,,3069.0,12.590769,1.678201,243.75,1828.744,408424087552.0,1793860200.0,1793860200.0,1793860200.0,True,,,True,1793860200.0,2026-11-05,27.0
6,True,40.6015037593985,False,False,True,False,0.4286441671220319,2452.0,2452.0,898756690.0,898.75669,2769.230712890625,0.8854444624588581,-0.30592006177943676,0.0023585075136807188,59.273162028851736,2.4173393975877544,-0.08164794007490639,-0.08164794007490639,16.319003108572154,21.508849410533728,25.60359751214284,,2,macd_sell_like;trailing_stop,False,False,True,False,True,False,False,False,False,3765.T,2026-09-29,True,,2452.0,54.380127,1.1097593,45.09,2209.488,128403603456.0,1786084200.0,1793946600.0,1793946600.0,True,,,True,1793946600.0,2026-11-06,28.0
6,True,41.84751484640595,False,True,False,False,0.38101527453031914,948.0,948.0,865324314.1836548,865.3243141836548,986.0371704101562,0.9614242023002701,-0.13543091920119776,0.03691642865688349,23.292789179613226,2.4570452721111,-0.03857579769972985,-0.03857579769972985,28.469202046857486,20.398860340801257,34.014861540802436,,3,macd_sell_like;di_bear;vol_distribution,False,False,True,False,False,False,True,True,False,8174.T,2026-09-29,True,,948.0,7.0646095,1.5715816,134.19,603.214,302880882688.0,1793255400.0,1793255400.0,1793255400.0,True,,,True,1793255400.0,2026-10-29,22.0
6,True,48.19869804285887,False,False,False,False,0.3512529761872308,4353.0,4353.0,864388315.0,864.388315,4503.841796875,0.9665081937425818,-0.10797260575833245,0.025017606950997973,71.25755048338303,1.6369756600823115,-0.030535549011221574,-0.03349180625741821,14.63189757144253,17.02075222409892,28.885750945227834,,1,macd_sell_like,False,False,True,False,False,False,False,False,False,8424.T,2026-09-29,True,,4353.0,18.219488,0.7682714,238.92,5665.967,392647049216.0,1793946600.0,1793946600.0,1793946600.0,True,,,True,1793946600.0,2026-11-06,28.0
6,True,42.53632760898282,False,True,False,True,0.277217509810205,2986.5,2986.5,813411085.0,813.411085,3195.0,0.9347417840375587,-0.20745274520927315,0.004017001131764175,45.2070152354999,1.513712212807631,-0.03567969002260252,-0.0652582159624413,12.840008733724584,20.91511386582289,23.48809906142041,,3,cross_sma25_down;macd_sell_like;vol_distribution,False,True,True,False,False,False,False,True,False,2229.T,2026-09-29,True,,2986.5,21.338238,1.7497718,139.96,1706.794,363122130944.0,1793946600.0,1793946600.0,1793946600.0,True,,,True,1793946600.0,2026-11-06,28.0
6,True,50.47923322683707,False,False,False,True,0.3565634086296286,1639.0,1639.0,798618205.0,798.618205,1915.0,0.8558746736292429,-0.2876489346397535,0.08091075326926922,50.60298591539158,3.0874305012441474,-0.0755781161872533,-0.10043907793633366,12.771854660568364,21.054468018441426,19.741244595502508,,0,,False,False,False,False,False,False,False,False,False,3101.T,2026-09-29,True,,1639.0,12.934028,0.67877674,126.72,2414.638,144633167872.0,1794205800.0,1794205800.0,1794205800.0,True,,,True,1794205800.0,2026-11-09,29.0
6,True,45.40545730292529,False,True,False,False,0.4366311080084709,2127.0,2127.0,784986635.0,784.986635,2209.18359375,0.9627991109555106,-0.20976026334459996,0.07971408165310478,36.668637375107096,1.7239603843491818,-0.03376544907012513,-0.03720088904448937,20.36246390486389,20.15746914764357,33.83347902556775,,4,cross_sma25_down;macd_sell_like;di_bear;vol_distribution,False,True,True,False,False,False,True,True,False,6412.T,2026-09-29,True,,2127.0,17.963009,0.83048403,118.41,2561.157,209779474432.0,1794465000.0,1794465000.0,1794465000.0,True,,,True,1794465000.0,2026-11-12,32.0
6,True,51.388888888888886,False,False,True,True,0.385258178820723,1365.0,1365.0,742965875.0,742.965875,1428.5,0.9555477773888694,-0.13533942295719525,0.04158633104161624,22.343327237457626,1.6368737902899362,-0.024651661307609873,-0.044452222611130576,12.806668319180869,19.845905495837286,22.991988308565894,,0,,False,False,False,False,False,False,False,False,False,4927.T,2026-09-29,True,,1365.0,26.613375,1.8672259,51.29,731.031,302051622912.0,1794205800.0,1794205800.0,1794205800.0,True,,,True,1794205800.0,2026-11-09,29.0
6,True,41.04285291911658,False,False,True,True,0.4622041321906272,2877.0,2877.0,707574435.0,707.574435,3234.687255859375,0.8894213790803258,-0.21458963917961116,0.030415854141136123,74.68038599024807,2.5957728880864814,-0.06660405052707419,-0.06660405052707419,17.72314676646561,21.079815955466866,28.482835939413654,,1,macd_sell_like,False,False,True,False,False,False,False,False,False,5703.T,2026-09-29,True,,2877.0,11.354487,0.69925874,253.38,4114.357,177197744128.0,1793601000.0,1793601000.0,1793601000.0,True,,,True,1793601000.0,2026-11-02,24.0
6,True,54.3076488503227,False,False,True,False,0.38851506251750884,3057.0,3057.0,706711430.0,706.71143,3120.304931640625,0.9797119406508326,-0.115632068118797,0.13505394791856573,59.58701829258949,1.9491991590640985,-0.020288059349167442,-0.020288059349167442,27.829682124453463,21.474423946829234,19.37750342125494,,1,macd_sell_like,False,False,True,False,False,False,False,False,False,9934.T,2026-09-29,True,,3057.0,14.840526,1.6535469,205.99,1848.753,343159406592.0,1793341800.0,1793341800.0,1793341800.0,True,,,True,1793341800.0,2026-10-30,23.0
6,True,49.84782590857246,False,False,True,False,0.25303712356997393,1680.0,1680.0,694426045.0,694.426045,1879.531005859375,0.8938400030447257,-0.306938674526796,0.030962133697497007,39.736977568543644,2.365296283841883,-0.06537453377587588,-0.06537453377587588,13.709247536431235,21.695479990022438,25.59283212867296,,1,macd_sell_like,False,False,True,False,False,False,False,False,False,5423.T,2026-09-29,True,,1680.0,14.922721,0.78797734,112.58,2132.041,170681516032.0,1792737000.0,1792737000.0,1792737000.0,True,,,True,1792737000.0,2026-10-23,18.0
6,True,51.60980974939304,False,False,True,True,0.33566473735727465,1306.0,1306.0,693689820.0,693.68982,1584.0225830078125,0.8244831948797783,-0.21324507642644897,0.02246417230302411,31.871893409979076,2.4404206286354575,-0.07420322000258905,-0.17551680512022172,11.69610710416847,20.20902129444204,24.122715195619897,,0,,False,False,False,False,False,False,False,False,False,3863.T,2026-09-29,True,,1306.0,12.835381,0.29226598,101.75,4468.532,150592913408.0,1785911400.0,1793860200.0,1793860200.0,True,,,True,1793860200.0,2026-11-05,27.0
6,True,43.63861712364752,False,True,False,True,0.2484014811872187,2452.0,2452.0,687038870.0,687.03887,2639.830078125,0.9288476634608199,-0.17810270917354554,0.092849255155812,45.06692948498315,1.8379661290776161,-0.028915397979279223,-0.04941027973013501,16.96400349826812,16.040357864128815,24.4203968160854,,1,macd_sell_like,False,False,True,False,False,False,False,False,False,2730.T,2026-09-29,True,,2452.0,16.786472,1.0809891,146.07,2268.293,259273768960.0,1793860200.0,1793860200.0,1793860200.0,True,,,True,1793860200.0,2026-11-05,27.0
6,True,37.71876309835479,False,False,True,True,0.2685306789231955,3460.0,3460.0,682279150.0,682.27915,3806.27099609375,0.9090261843024008,-0.15333332629998386,0.05669267530265243,99.477490483163,2.8750719792821675,-0.09097381569759921,-0.09097381569759921,15.469295991309426,20.476415897722493,26.53542784456495,,2,macd_sell_like;trailing_stop,False,False,True,False,True,False,False,False,False,8919.T,2026-09-29,True,,3460.0,21.694149,5.0579987,159.49,684.065,270785085440.0,1793946600.0,1793946600.0,1793946600.0,True,,,True,1793946600.0,2026-11-06,28.0
6,True,53.146853146853154,False,False,True,True,0.5008663173548752,2434.5,2434.5,656837747.5,656.8377475,2748.146728515625,0.8858697298578969,-0.2786047486369765,0.014689115562204647,50.09189588952646,2.057584550812342,-0.021896343913218153,-0.05785603715170273,21.106909211122577,19.69325378147393,15.685380087300974,,0,,False,False,False,False,False,False,False,False,False,3360.T,2026-09-29,True,,2434.5,16.886314,1.5196353,144.17,1602.029,220811182080.0,1794292200.0,1794292200.0,1794292200.0,True,,,True,1794292200.0,2026-11-10,30.0
6,True,48.28473413379074,False,False,True,True,0.48188222513164497,3035.0,3035.0,653304110.0,653.30411,3520.0,0.8622159090909091,-0.49951690821256034,0.12363294410342607,171.761633635317,5.6593618990219765,-0.09267563527653211,-0.09267563527653211,33.09970634037182,28.2314446059182,21.49028275962785,,2,macd_sell_like;trailing_stop,False,False,True,False,True,False,False,False,False,5574.T,2026-09-29,True,,3035.0,58.38784,5.707194,51.98,531.785,30156191744.0,,1744612200.0,1744612200.0,True,,,True,1744612200.0,2025-04-14,-381.0
6,True,35.71428571428572,False,False,True,True,0.1832758825620064,2642.0,2642.0,632897845.0,632.897845,2782.0,0.9496764917325665,-0.1392433181243078,0.03918668433317851,56.49781961833039,2.138448887900469,-0.05032350826743348,-0.05032350826743348,16.94751469431526,19.943055467457782,21.85777477012934,,2,cross_sma25_down;macd_sell_like,False,True,True,False,False,False,False,False,False,8194.T,2026-09-29,True,,2642.0,12.14266,1.4503319,217.58,1821.652,228579622912.0,,1751868000.0,1752213600.0,True,,,True,1751868000.0,2025-07-07,-321.0
6,True,48.60288898017133,False,True,False,False,0.34396676378153096,2222.0,2222.0,631037525.0,631.037525,2319.858154296875,0.9578171820050201,-0.12857791021391463,0.08074755179788307,48.62075046603258,2.1881525862300895,-0.042182817994979915,-0.042182817994979915,15.119049980045459,21.18950665263651,27.457050793736883,,3,cross_sma25_down;macd_sell_like;vol_distribution,False,True,True,False,False,False,False,True,False,1879.T,2026-09-29,True,,2222.0,8.534338,0.95958674,260.36,2315.58,129963687936.0,,1754542800.0,1754974800.0,True,,,True,1754542800.0,2025-08-07,-298.0
6,True,36.514627977855554,False,True,False,True,0.2307162868321932,1060.0,1060.0,623915755.0,623.915755,1146.832275390625,0.9242851136526927,-0.17469227931167264,0.0452784420333503,24.3187927321324,2.294225729446453,-0.05124126659955208,-0.07571488634730728,16.40243933591583,11.243578894278775,31.74028348656851,,2,macd_sell_like;vol_distribution,False,False,True,False,False,False,False,True,False,8818.T,2026-09-29,True,,1060.0,21.928009,1.1974154,48.34,885.24,101128945664.0,,1753684200.0,1754029800.0,True,,,True,1753684200.0,2025-07-28,-306.0
6,True,41.219344134247756,False,False,True,False,0.3644605238171904,1766.5,1766.5,613141215.0,613.141215,1914.0771484375,0.9228990594459736,-0.13551752154957997,0.0037778482830292948,25.47895577349345,1.442341113699035,-0.03249426981309522,-0.04119672313188916,16.459946963428056,19.521985548510752,35.327682225936854,,2,cross_sma25_down;macd_sell_like,False,True,True,False,False,False,False,False,False,7313.T,2026-09-29,True,,1766.5,29.285477,0.6621313,60.32,2667.9,206313521152.0,1786084200.0,1794551400.0,1794551400.0,True,,,True,1794551400.0,2026-11-13,33.0
6,True,50.2577448066445,False,True,False,False,0.6020507648484261,2472.0,2472.0,589584435.0,589.584435,2628.507080078125,0.9404578053967146,-0.17817627674005476,0.06976964557331322,55.440594655357096,2.2427425022393646,-0.05954219460328536,-0.05954219460328536,32.36428488220894,23.58244127411314,30.423366370488143,,3,macd_sell_like;di_bear;vol_distribution,False,False,True,False,False,False,True,True,False,9536.T,2026-09-29,True,,2472.0,12.87567,0.72721606,191.99,3399.265,88971051008.0,,1753774200.0,1754292600.0,True,,,True,1753774200.0,2025-07-29,-305.0
6,True,53.81017553810175,False,False,False,True,0.4180463925307609,4642.0,4642.0,573844995.0,573.844995,4711.4287109375,0.9852637670657475,-0.11344961858041847,0.09526959482631292,68.01496833857554,1.4652082795901669,-0.014736232934252524,-0.014736232934252524,24.173005138539555,24.24724079533306,22.352218547469445,,0,,False,False,False,False,False,False,False,False,False,4665.T,2026-09-29,True,,4642.0,23.784393,1.3986772,195.17,3318.85,218539491328.0,1793946600.0,1793946600.0,1793946600.0,True,,,True,1793946600.0,2026-11-06,28.0
6,True,43.7736723469709,False,False,True,True,0.5052411677838067,2005.0,2005.0,560221685.0,560.221685,2090.156494140625,0.9592583166000509,-0.14737452362147607,0.08557941768215649,37.8568092499843,1.88812016209398,-0.0407416833999491,-0.0407416833999491,27.10989622515522,20.564809411568376,27.189842467693303,,3,cross_sma25_down;macd_sell_like;di_bear,False,True,True,False,False,False,True,False,False,2602.T,2026-09-29,True,,2005.0,7.882219,0.86520416,254.37,2317.372,183463067648.0,1794205800.0,1794205800.0,1794205800.0,True,,,True,1794205800.0,2026-11-09,29.0
6,True,35.13513513513513,False,False,True,False,0.2886543382793506,5290.0,5290.0,558156500.0,558.1565,5750.0,0.92,-0.1007194244604317,0.13593557973894765,125.16914487403443,2.3661464059363784,-0.07999999999999996,-0.07999999999999996,20.389269789942833,17.253984311792717,22.34788607219203,,3,cross_sma25_down;macd_sell_like;di_bear,False,True,True,False,False,False,True,False,False,9678.T,2026-09-29,True,,5290.0,14.385164,1.1687896,367.74,4526.05,179470057472.0,,1756965600.0,1757311200.0,True,,,True,1756965600.0,2025-09-04,-278.0
6,True,51.86227429946033,False,True,False,False,0.410041219740768,683.0,683.0,550765585.0,550.765585,728.8468627929688,0.9370967138182061,-0.1568687728861886,0.020930177493283297,13.290052436848445,1.945834910226712,-0.04011287106155614,-0.05827289258546364,18.838197005772376,26.216826668515104,31.95910052850719,,2,cross_sma25_down;vol_distribution,False,True,False,False,False,False,False,True,False,4290.T,2026-09-29,True,,683.0,14.587783,1.7469997,46.82,390.956,84320706560.0,1785220200.0,1793255400.0,1793255400.0,True,,,True,1793255400.0,2026-10-29,22.0
6,True,50.5,False,False,True,True,0.2235610347615667,1870.0,1870.0,540720455.0,540.720455,2002.6407470703125,0.9337670786613355,-0.127926304337053,0.0070698597948959385,26.64481111092244,1.4248562091402375,-0.01475237091675452,-0.052225698506103924,9.033145779511841,18.865734107477316,23.100967589329905,,0,,False,False,False,False,False,False,False,False,False,9842.T,2026-09-29,True,,1870.0,14.455782,0.9199827,129.36,2032.647,117479038976.0,,1751522400.0,1751868000.0,True,,,True,1751522400.0,2025-07-03,-323.0
6,True,47.482997763332776,False,False,True,True,0.4306415943386585,1512.0,1512.0,538283657.6403809,538.2836576403809,1645.0045166015625,0.9191464125117794,-0.26771229805674246,0.08059075114715797,32.40613866234394,2.1432631390439116,-0.0180283228373449,-0.0180283228373449,19.90017011806578,18.356849339700236,31.1246137970817,,0,,False,False,False,False,False,False,False,False,False,7242.T,2026-09-29,True,,1512.0,7.1771016,0.7970265,210.67,1897.051,182486253568.0,1785997800.0,1794465000.0,1794465000.0,True,,,True,1794465000.0,2026-11-12,32.0
6,True,40.25695003348864,False,True,False,False,0.378372369286767,3690.0,3690.0,523010625.0,523.010625,3996.4931640625,0.923309473710961,-0.1600955574088514,0.021516199624590282,69.97413748711418,1.896318089081685,-0.07634543178973718,-0.07634543178973718,21.499951479944244,15.155435890046004,32.60546590783848,,3,macd_sell_like;di_bear;vol_distribution,False,False,True,False,False,False,True,True,False,4041.T,2026-09-29,True,,3690.0,10.969736,0.936202,336.38,3941.457,197797019648.0,1794465000.0,1794465000.0,1794465000.0,True,,,True,1794465000.0,2026-11-12,32.0
6,True,53.0392390368373,False,True,False,False,0.3398539706366917,2861.0,2861.0,522718475.0,522.718475,2943.5078125,0.9719695622516714,-0.148628718351979,0.11306565821230552,52.23413061544445,1.8257298362616026,-0.028030437748328585,-0.028030437748328585,11.790356273780345,20.979177085278454,31.615321988178422,,1,vol_distribution,False,False,False,False,False,False,False,True,False,6282.T,2026-09-29,True,,2861.0,16.664726,1.0397282,171.68,2751.681,82233597952.0,,1754373600.0,1754978400.0,True,,,True,1754373600.0,2025-08-05,-300.0
6,True,47.685134263722375,False,False,True,False,0.29402317829042973,2435.0,2435.0,518012730.0,518.01273,2506.66650390625,0.971409637542701,-0.14291980204811405,0.1029585524026635,49.07405241687113,2.0153614955593895,-0.028590362457298957,-0.028590362457298957,13.305839747441768,20.27260201074424,25.82295018969893,,0,,False,False,False,False,False,False,False,False,False,8511.T,2026-09-29,True,,2435.0,18.75385,1.4014542,129.84,1737.481,196240064512.0,,1753941600.0,1754287200.0,True,,,True,1753941600.0,2025-07-31,-303.0
6,True,36.68059904049443,False,False,True,True,0.41765481968991475,3080.0,3080.0,517123100.0,517.1231,3336.55224609375,0.9231085782055093,-0.22054769181147682,0.040915646852147214,79.24103840115417,2.57276098705046,-0.06276317736690984,-0.06276317736690984,13.352522491742612,21.510260134291766,28.99440790662101,,2,cross_sma25_down;macd_sell_like,False,True,True,False,False,False,False,False,False,5482.T,2026-09-29,True,,3080.0,18.06028,0.83610886,170.54,3683.731,197880152064.0,,1753762800.0,1754281200.0,True,,,True,1753762800.0,2025-07-29,-305.0
6,True,42.27176941958115,False,False,True,False,0.4283393406059949,1609.0,1609.0,514793640.0,514.79364,1918.3218994140625,0.8387539132464981,-0.31304266596024544,0.03661284587045688,41.67551873894912,2.5901503256028047,-0.08307723215670793,-0.08307723215670793,22.71631905566997,19.774344185606797,32.176578696148425,,2,trailing_stop;di_bear,False,False,False,False,True,False,True,False,False,5602.T,2026-09-29,True,,1609.0,14.562404,1.0326263,110.49,1558.163,95958556672.0,,1753941600.0,1754287200.0,True,,,True,1753941600.0,2025-07-31,-303.0
6,True,63.399183106378025,True,False,True,False,0.46666013363643555,948.0,948.0,514031265.0,514.031265,1016.1050415039062,0.93297440843015,-0.12955973633856355,0.04104182621194341,16.689218186976955,1.7604660534785816,-0.0012381611888456767,-0.03534222549046395,22.07674096659846,25.35048075864611,21.104250432663164,,0,,False,False,False,False,False,False,False,False,False,1926.T,2026-09-29,True,,948.0,3.2861896,0.46087766,288.48,2056.945,155672215552.0,,1754377200.0,1754982000.0,True,,,True,1754377200.0,2025-08-05,-300.0
6,True,37.244897959183675,False,False,True,True,0.2842675072366986,1562.0,1562.0,512485400.0,512.4854,1673.817138671875,0.9331963234881209,-0.14449125598683765,0.020927700848003772,25.64156283619822,1.6415853288219089,-0.05676328502415462,-0.06680367651187913,15.049275455851935,17.96966700152823,27.31180598351304,,1,macd_sell_like,False,False,True,False,False,False,False,False,False,3612.T,2026-09-29,True,,1562.0,9.111591,1.1985025,171.43,1303.293,119025664000.0,,1751349600.0,1751868000.0,True,,,True,1751349600.0,2025-07-01,-325.0
6,True,42.585551330798474,False,False,True,True,0.3261156376810786,1841.0,1841.0,511534665.0,511.534665,1940.0,0.9489690721649484,-0.12125532369618186,0.07879049741954813,42.49939807468526,2.3084952783642185,-0.04561949196474857,-0.05103092783505159,18.395287172065554,19.84542721289629,24.894784637782987,,1,macd_sell_like,False,False,True,False,False,False,False,False,False,6454.T,2026-09-29,True,,1841.0,24.046501,2.9246736,76.56,629.472,324985323520.0,1793255400.0,1793255400.0,1793255400.0,True,,,True,1793255400.0,2026-10-29,22.0
6,True,41.84397163120568,False,False,True,False,0.42180855702607234,3420.0,3420.0,508386975.0,508.386975,3788.788818359375,0.9026631369443631,-0.4028950032963774,0.1137218737786645,108.090156562976,3.160530893654269,-0.0681198910081744,-0.0681198910081744,34.79634183204935,27.631672949502832,21.905853057177964,,1,macd_sell_like,False,False,True,False,False,False,False,False,False,6036.T,2026-09-29,True,,3420.0,9.491827,3.7199388,360.31,919.37,93335609344.0,,1754548200.0,1754980200.0,True,,,True,1754548200.0,2025-08-07,-298.0
6,True,44.12470023980815,False,False,True,False,0.4262503961408629,1809.0,1809.0,500326775.0,500.326775,1903.0,0.9506043089858118,-0.1362809052325188,0.043334293308946226,28.75588678444431,1.5896012595049371,-0.04939569101418817,-0.04939569101418817,19.57143753956503,17.709386815525033,25.235877798098517,,1,macd_sell_like,False,False,True,False,False,False,False,False,False,4045.T,2026-09-29,True,,1809.0,14.84125,0.87136084,121.89,2076.063,191223283712.0,1793341800.0,1793341800.0,1793341800.0,True,,,True,1793341800.0,2026-10-30,23.0
6,True,48.3708504403514,False,False,False,False,0.31567141786677827,2650.0,2650.0,493633270.0,493.63327,2756.532958984375,0.9613525538894241,-0.14616820954170318,0.07679576304279312,50.77277739138541,1.9159538638258644,-0.021511617791677984,-0.02541136782433484,10.422209595084572,19.354812226295767,30.384488487771243,,1,macd_sell_like,False,False,True,False,False,False,False,False,False,6371.T,2026-09-29,True,,2650.0,8.958453,0.9086717,295.81,2916.345,267664506880.0,1793341800.0,1793341800.0,1793341800.0,True,,,True,1793341800.0,2026-10-30,23.0
6,True,39.086029067533836,False,True,False,True,0.4636844179095024,3525.0,3525.0,482461025.0,482.461025,3754.302490234375,0.9389227450822536,-0.17844183135872005,0.10439246102439226,83.65507329698546,2.3731935687088073,-0.061077254917746404,-0.061077254917746404,12.23714452465703,18.206427149306055,28.5676476761966,,3,cross_sma25_down;macd_sell_like;vol_distribution,False,True,True,False,False,False,False,True,False,8059.T,2026-09-29,True,,3525.0,11.330399,1.2144217,311.11,2902.616,110870306816.0,,1753851600.0,1754283600.0,True,,,True,1753851600.0,2025-07-30,-304.0
6,True,47.58575615033965,False,False,True,False,0.6135921800892393,1692.0,1692.0,472002675.0,472.002675,1879.4625244140625,0.9002573757236764,-0.27396547163109264,0.09298366179556639,41.95271337864563,2.479474785971964,-0.04149951580071842,-0.04149951580071842,33.97820342612804,23.708923129084873,20.432302021287494,,1,macd_sell_like,False,False,True,False,False,False,False,False,False,9119.T,2026-09-29,True,,1692.0,11.626469,1.0672998,145.53,1585.309,179018334208.0,1793860200.0,1793860200.0,1793860200.0,True,,,True,1793860200.0,2026-11-05,27.0
6,True,40.94525839666241,False,False,True,True,0.4521831522725335,2840.0,2840.0,470174540.0,470.17454,2984.90771484375,0.9514532010074772,-0.10485577154570236,0.0637658266337442,53.843054234679364,1.8958821913619492,-0.04854679899252279,-0.04854679899252279,21.048874294573732,16.204146086497204,28.845762820369288,,3,cross_sma25_down;macd_sell_like;di_bear,False,True,True,False,False,False,True,False,False,2001.T,2026-09-29,True,,2840.0,11.054886,0.8346924,256.9,3402.451,234767286272.0,1793946600.0,1793946600.0,1793946600.0,True,,,True,1793946600.0,2026-11-06,28.0
6,True,46.0164789487863,False,False,True,True,0.36014582628264996,6020.0,6020.0,463299000.0,463.299,6814.95166015625,0.8833518270123689,-0.19941776973753922,0.09452365638389226,155.1078087576047,2.5765416737143636,-0.05177703359453578,-0.06348347752068206,16.09044645931678,20.47006025660647,29.146518819099065,,2,cross_sma25_down;macd_sell_like,False,True,True,False,False,False,False,False,False,9075.T,2026-09-29,True,,6020.0,16.296255,0.74658227,369.41,8063.411,212038336512.0,1794378600.0,1794378600.0,1794378600.0,True,,,True,1794378600.0,2026-11-11,31.0
6,True,53.23839838535241,False,False,True,False,0.27807401339130877,4440.0,4440.0,447889625.0,447.889625,4589.0810546875,0.967513963490529,-0.12698415075128588,0.12214247537995537,136.9753661642397,3.0850307694648578,-0.024136447813399076,-0.03248603650947102,24.726158355768423,28.858578052683775,23.581418736464858,,0,,False,False,False,False,False,False,False,False,False,4044.T,2026-09-29,True,,4440.0,13.168821,0.861738,337.16,5152.378,110079959040.0,1794465000.0,1794465000.0,1794465000.0,True,,,True,1794465000.0,2026-11-12,32.0
6,True,40.645305456483825,False,False,False,True,0.39228615242815235,2300.0,2300.0,443211985.0,443.211985,2464.1650390625,0.9333790405836789,-0.09318998297867276,0.0006719653306592743,30.586299085599055,1.3298390906782198,-0.028310582913601556,-0.03272192244053718,14.643073748440727,18.22312162682985,28.796286327869453,,2,cross_sma25_down;macd_sell_like,False,True,True,False,False,False,False,False,False,8803.T,2026-09-29,True,,2300.0,13.885535,1.2285091,165.64,1872.188,151961583616.0,1793341800.0,1793341800.0,1793341800.0,True,,,True,1793341800.0,2026-10-30,23.0
6,True,37.450199203187246,False,False,True,False,0.44732526516246623,3750.0,3750.0,440539175.0,440.539175,4170.0,0.8992805755395683,-0.3499374096680783,0.09926481984709223,150.97787963000337,4.026076790133423,-0.1007194244604317,-0.1007194244604317,20.375357939937235,18.999917459771765,24.39381287977275,,3,macd_sell_like;trailing_stop;di_bear,False,False,True,False,True,False,True,False,False,3399.T,2026-09-29,True,,3750.0,18.034048,48.989513,207.94,76.547,73873858560.0,,1749812340.0,1749812340.0,True,,,True,1749812340.0,2025-06-13,-337.0
6,True,46.23129768237947,False,False,True,False,0.40447995113121704,3065.0,3065.0,425246675.0,425.246675,3281.687744140625,0.933970639184817,-0.17323093019046676,0.0247062997123928,69.80161862800455,2.2773774430017797,-0.04314492449304763,-0.06602936081518296,14.159640475042835,19.32300155855539,25.060154135581918,,1,macd_sell_like,False,False,True,False,False,False,False,False,False,6995.T,2026-09-29,True,,3065.0,8.854287,0.747565,346.16,4099.978,265761816576.0,1785393000.0,1793860200.0,1793860200.0,True,,,True,1793860200.0,2026-11-05,27.0
6,True,49.38360740030785,False,False,True,True,0.4351304168160396,1499.0,1499.0,421535960.0,421.53596,1584.88134765625,0.9458121279657604,-0.19614255733335173,0.06776766990751004,30.576483695884292,2.0397921077974845,-0.05418787203423958,-0.05418787203423958,23.760561539797106,22.76055417138893,27.99932856902792,,3,cross_sma25_down;macd_sell_like;di_bear,False,True,True,False,False,False,True,False,False,7575.T,2026-09-29,True,,1499.0,11.25122,1.6315824,133.23,918.74,105161564160.0,1793341800.0,1793341800.0,1793341800.0,True,,,True,1793341800.0,2026-10-30,23.0
6,True,43.57693821531352,False,True,False,True,0.2751793455355522,437.0,437.0,419239250.0,419.23925,456.58538818359375,0.9571046540461815,-0.26267390557339454,0.1010164113341907,7.4632676753693294,1.7078415733110592,-0.0428953459538185,-0.0428953459538185,21.542488976971672,20.277681979971906,30.436991606307295,,3,macd_sell_like;di_bear;vol_distribution,False,False,True,False,False,False,True,True,False,8897.T,2026-09-29,True,,437.0,12.600923,0.703604,34.68,621.088,58391367680.0,,1754553600.0,1754985600.0,True,,,True,1754553600.0,2025-08-07,-298.0
6,True,49.393757282148776,False,True,False,False,0.4573043050044938,2856.0,2856.0,418115895.0,418.115895,3018.98291015625,0.9460139672841624,-0.14524589442746472,0.028367689751224168,42.530485261567605,1.489162649214552,-0.03821915529813813,-0.03821915529813813,31.854284698770037,20.236223939123096,27.1669375471898,,3,macd_sell_like;di_bear;vol_distribution,False,False,True,False,False,False,True,True,False,9347.T,2026-09-29,True,,2856.0,14.55806,1.3537874,196.18,2109.637,103732625408.0,,1746701940.0,1746701940.0,True,,,True,1746701940.0,2025-05-08,-363.0
6,True,39.48717948717949,False,False,True,False,0.4063153919424119,1209.0,1209.0,411630460.0,411.63046,1343.0,0.9002233804914371,-0.19583023082650786,0.02977105707589378,34.480805599940346,2.8520103887460997,-0.08270106221547802,-0.08270106221547802,13.059205662531802,19.724410600576768,27.337910453267966,,1,trailing_stop,False,False,False,False,True,False,False,False,False,6118.T,2026-09-29,True,,1209.0,15.418951,0.7569852,78.41,1597.125,65746460672.0,,1754550000.0,1754982000.0,True,,,True,1754550000.0,2025-08-07,-298.0
6,True,49.11428735806354,False,False,True,True,0.32655513271341935,5060.0,5060.0,403537400.0,403.5374,5603.39111328125,0.9030245966601732,-0.12840466165300335,0.058600852666738756,97.9063304344347,1.9349077160955475,-0.019277296569607416,-0.060589803777663875,10.258462226328302,18.659013921416452,25.44817836785417,,1,macd_sell_like,False,False,True,False,False,False,False,False,False,1941.T,2026-09-29,True,,5060.0,14.800514,1.0589904,341.88,4778.136,267889065984.0,1793341800.0,1793341800.0,1793341800.0,True,,,True,1793341800.0,2026-10-30,23.0
6,True,47.70342553419139,False,False,True,True,0.36810030889893325,2067.0,2067.0,399652190.0,399.65219,2166.619140625,0.9540209265407564,-0.33685610594309445,0.08931329607571681,46.49269393141061,2.2492836928597293,-0.02741155680765106,-0.04597907345924357,11.58632042505822,25.3556978553283,29.665904623203605,,0,,False,False,False,False,False,False,False,False,False,7199.T,2026-09-29,True,,2067.0,13.173157,3.1261768,156.91,661.191,80068812800.0,1794292200.0,1794292200.0,1794292200.0,True,,,True,1794292200.0,2026-11-10,30.0
6,True,42.857142857142854,False,False,False,True,0.3059233239177724,4295.0,4295.0,396877925.0,396.877925,4565.0654296875,0.9408408414190051,-0.12770564368023374,0.016215896842741495,59.28255378292603,1.3802690054231905,-0.030474040632054167,-0.05082872928176796,20.135604600703598,19.654440692002918,26.203820349215867,,2,macd_sell_like;di_bear,False,False,True,False,False,False,True,False,False,1377.T,2026-09-29,True,,4295.0,15.091356,1.0170474,284.6,4223.009,180994359296.0,1791268200.0,1791268200.0,1791268200.0,True,,,True,1791268200.0,2026-10-06,5.0
6,True,48.72604475704522,False,False,True,True,0.424274956663591,4075.0,4075.0,396763000.0,396.763,4222.580078125,0.9650497858194482,-0.12816801179634207,0.06479594003040456,71.31657642138556,1.750100034880627,-0.034950214180551775,-0.034950214180551775,21.326000827493797,20.856920492544788,28.791655171612284,,2,macd_sell_like;di_bear,False,False,True,False,False,False,True,False,False,9303.T,2026-09-29,True,,4075.0,17.640692,0.9835749,231.0,4143.05,307829768192.0,1786084200.0,1793860200.0,1793860200.0,True,,,True,1793860200.0,2026-11-05,27.0
6,True,43.38235294117648,False,False,True,True,0.49555341960737415,3645.0,3645.0,388780975.0,388.780975,3917.160888671875,0.9305208807075188,-0.19444444271316907,0.041112161857854046,71.93207788811553,1.9734452095504946,-0.042049934296977676,-0.042049934296977676,21.340489645121245,16.408519683393692,21.11998559070678,,3,cross_sma25_down;macd_sell_like;di_bear,False,True,True,False,False,False,True,False,False,9948.T,2026-09-29,True,,3645.0,15.765572,0.99126625,231.2,3677.115,194206875648.0,1791873000.0,1791873000.0,1791873000.0,True,,,True,1791873000.0,2026-10-13,10.0
6,True,50.0,True,False,False,True,0.4697058709846224,3300.0,3300.0,388280800.0,388.2808,3525.0,0.9361702127659575,-0.19297632666240216,0.16644956917123288,82.08171249101464,2.4873246209398374,-0.04899135446685876,-0.06382978723404253,21.322962226009746,23.301999504122524,23.56876840471739,,1,di_bear,False,False,False,False,False,False,True,False,False,4189.T,2026-09-29,True,,3300.0,12.642225,1.5479498,261.03,2131.852,115528433664.0,1793860200.0,1793860200.0,1793860200.0,True,,,True,1793860200.0,2026-11-05,27.0
6,True,41.2745840552495,False,True,False,False,0.3773144552118279,1227.0,1227.0,380999660.0,380.99966,1324.819091796875,0.9261641892069948,-0.17228887198816023,0.018173012239637965,23.963136811797376,1.95298588523206,-0.05654205160098824,-0.05654205160098824,21.96869625468939,17.31608882056662,34.4256794406779,,3,macd_sell_like;di_bear;vol_distribution,False,False,True,False,False,False,True,True,False,3284.T,2026-09-29,True,,1227.0,7.0407987,0.9819087,174.27,1249.607,50186342400.0,,1754463600.0,1754982000.0,True,,,True,1754463600.0,2025-08-06,-299.0
6,True,38.61003861003861,False,True,False,False,0.6241029008856371,1069.0,1069.0,377372725.0,377.372725,1175.0,0.9097872340425532,-0.24206650560276555,0.1380411146483198,33.02619734858974,3.089447834292773,-0.09021276595744676,-0.09021276595744676,31.399505061052878,18.062962229368583,30.994111688612218,,4,macd_sell_like;trailing_stop;di_bear;vol_distribution,False,False,True,False,True,False,True,True,False,9900.T,2026-09-29,True,,1069.0,39.873184,3.2574878,26.81,328.167,64406282240.0,,1754543400.0,1754975400.0,True,,,True,1754543400.0,2025-08-07,-298.0
6,True,47.868611532105795,False,False,False,True,0.1762878529394091,5970.0,5970.0,376525600.0,376.5256,6393.62158203125,0.9337430943329827,-0.18279552972080304,0.03964101862000802,124.30302171933324,2.0821276669905067,-0.021938500140270878,-0.06625690566701725,19.10229358056635,22.74036522182162,20.31259521057193,,1,macd_sell_like,False,False,True,False,False,False,False,False,False,9605.T,2026-09-29,True,,5970.0,15.9438095,1.2632565,374.44,4725.881,373046968320.0,1786343400.0,1794292200.0,1794292200.0,True,,,True,1794292200.0,2026-11-10,30.0
6,True,46.728971962616825,False,False,True,True,0.3292799195293099,4460.0,4460.0,375055075.0,375.055075,4605.0,0.9685124864277959,-0.12486181323396817,0.09495581398697261,85.41504972516657,1.9151356440620306,-0.03148751357220414,-0.03148751357220414,26.68022746556669,25.42253658764625,24.08476839905646,,1,macd_sell_like,False,False,True,False,False,False,False,False,False,7516.T,2026-09-29,True,,4460.0,10.315717,0.70489013,432.35,6327.227,128827637760.0,,1752040800.0,1752472800.0,True,,,True,1752040800.0,2025-07-09,-319.0
6,True,41.03939604589687,False,True,False,True,0.4733334176515833,3160.0,3160.0,374131550.0,374.13155,3378.0947265625,0.935438540296817,-0.17065975588746318,0.06668693164378547,59.07775794632069,1.869549302098756,-0.06319789562304179,-0.06456145970318306,22.131596678637216,17.630768477806917,30.811544525142036,,4,cross_sma25_down;macd_sell_like;di_bear;vol_distribution,False,True,True,False,False,False,True,True,False,4526.T,2026-09-29,True,,3160.0,13.27508,1.0876243,238.04,2905.415,90838540288.0,,1754550000.0,1754982000.0,True,,,True,1754550000.0,2025-08-07,-298.0
6,True,42.87530291573137,False,False,True,True,0.45527124675778297,1977.0,1977.0,373812675.0,373.812675,2019.9432373046875,0.9787403742285408,-0.19805453423886665,0.1450856471419455,43.513123052230114,2.2009672762888273,-0.021259625771459234,-0.021259625771459234,23.35238898298311,27.392686425240093,26.575529544956773,,1,macd_sell_like,False,False,True,False,False,False,False,False,False,6750.T,2026-09-29,True,,1977.0,7.6334996,1.4525956,258.99,1361.012,159224840192.0,1794465000.0,1794465000.0,1794465000.0,True,,,True,1794465000.0,2026-11-12,32.0
6,True,44.592030360531304,False,False,True,False,0.36435154118779206,2694.0,2694.0,373109825.0,373.109825,2977.3173828125,0.9048413902904545,-0.20757826181221106,0.0183269803391366,60.685110453645564,2.2526024667277493,-0.05207600281491909,-0.06263048016701467,15.411768651708247,24.269525159067378,26.879849481568762,,2,cross_sma25_down;macd_sell_like,False,True,True,False,False,False,False,False,False,5851.T,2026-09-29,True,,2694.0,8.030764,0.45646155,335.46,5901.921,85170733056.0,1793860200.0,1793860200.0,1793860200.0,True,,,True,1793860200.0,2026-11-05,27.0
6,True,45.32073213565584,False,False,True,False,0.3764660777438068,2153.0,2153.0,372685750.0,372.68575,2419.992919921875,0.8896720243584455,-0.1977471953624974,0.03696047890182408,59.89055680977207,2.781725815595544,-0.056909237108934696,-0.056909237108934696,17.559340925557745,22.779326066612775,27.01450759655941,,1,macd_sell_like,False,False,True,False,False,False,False,False,False,1946.T,2026-09-29,True,,2153.0,11.217632,1.2883483,191.93,1671.132,201230958592.0,,1753768800.0,1754287200.0,True,,,True,1753768800.0,2025-07-29,-305.0
6,True,39.71703271059194,False,False,False,True,0.4259631270226927,1680.0,1680.0,360345375.0,360.345375,1800.37451171875,0.9331391824671896,-0.19112892093035116,0.016214198175336536,25.207732737722804,1.5004602820073096,-0.03950454353372157,-0.03950454353372157,14.102913163061967,20.02161679187293,31.92684407758413,,2,cross_sma25_down;macd_sell_like,False,True,True,False,False,False,False,False,False,8214.T,2026-09-29,True,,1680.0,14.814815,1.0098666,113.4,1663.586,141498777600.0,1786084200.0,1793946600.0,1793946600.0,True,,,True,1793946600.0,2026-11-06,28.0
6,True,50.37338862707017,False,False,True,True,0.5006627306874307,1401.0,1401.0,360149140.0,360.14914,1551.0545654296875,0.9032564238717689,-0.24348794320648304,0.052334520557513864,22.041199702596156,1.5732476590004394,-0.0241550904925244,-0.028159926188538242,18.38653581915765,18.952833936551077,25.01719167799619,,1,macd_sell_like,False,False,True,False,False,False,False,False,False,5451.T,2026-09-29,True,,1401.0,11.652665,1.0173959,120.23,1377.045,200692596736.0,,1754550000.0,1754982000.0,True,,,True,1754550000.0,2025-08-07,-298.0
6,True,35.292627687090985,False,False,True,True,0.25463543184003423,3750.0,3750.0,358968750.0,358.96875,4034.538818359375,0.9294742643038737,-0.16548226696024548,0.060595375350372294,71.473462614658,1.9059590030575466,-0.04828385627946152,-0.0705257356961263,17.187492853687456,19.6231585113714,31.804109257887596,,2,cross_sma25_down;macd_sell_like,False,True,True,False,False,False,False,False,False,8218.T,2026-09-29,True,,3750.0,12.112403,0.6700286,309.6,5596.776,173833601024.0,1793082600.0,1793082600.0,1793082600.0,True,,,True,1793082600.0,2026-10-27,20.0
6,True,44.3609022556391,False,False,False,True,0.3106153096100224,1721.0,1721.0,352976655.0,352.976655,1864.0,0.9232832618025751,-0.1774104683195592,0.026779188778812912,36.02495890867914,2.0932573450714203,-0.06670281995661609,-0.07671673819742486,19.128836727069157,24.55164266654851,21.555931533749884,,0,,False,False,False,False,False,False,False,False,False,8923.T,2026-09-29,True,,1721.0,10.314035,1.5014282,166.86,1146.242,166947487744.0,,1751868000.0,1751868000.0,True,,,True,1751868000.0,2025-07-07,-321.0
6,True,53.99061032863849,False,False,True,True,0.36830656275063106,2636.0,2636.0,335108830.0,335.10883,2699.0,0.9766580214894406,-0.19770456917530044,0.09923006673578239,53.878790082874225,2.0439601700635137,-0.022617723396366363,-0.023341978510559414,16.49614633280463,22.752903596150524,19.478348689285987,,0,,False,False,False,False,False,False,False,False,False,4633.T,2026-09-29,True,,2636.0,10.710658,1.0192008,246.11,2586.34,128176635904.0,,1754546400.0,1754978400.0,True,,,True,1754546400.0,2025-08-07,-298.0
6,True,45.87723362978893,True,False,True,False,0.5060538307427521,1852.0,1852.0,333935595.0,333.935595,2008.7393798828125,0.9219712714090583,-0.22301395895839804,0.18275279132020983,53.190485524412345,2.8720564538019624,-0.07802872859094168,-0.07802872859094168,25.328391223326943,28.949956844514762,26.673201151331323,,0,ext_dev200,False,False,False,False,False,True,False,False,False,4674.T,2026-09-29,True,,1852.0,14.249442,2.2241838,129.97,832.665,73388466176.0,,1754290800.0,1754636400.0,True,,,True,1754290800.0,2025-08-04,-301.0
6,True,40.16753691290044,False,False,False,True,0.5490408115524086,4455.0,4455.0,330718675.0,330.718675,4726.89697265625,0.942478760542255,-0.24152108037809306,0.04977583593558732,95.1686061220951,2.1362201149740763,-0.035718362256653036,-0.035718362256653036,29.66002033127067,20.537318565472958,27.41069400566387,,3,cross_sma25_down;macd_sell_like;di_bear,False,True,True,False,False,False,True,False,False,9699.T,2026-09-29,True,,4455.0,10.83968,0.85380024,410.99,5217.848,122630897664.0,,1753857000.0,1754289000.0,True,,,True,1753857000.0,2025-07-30,-304.0
6,True,43.321299638989174,True,False,True,False,0.3401629880521363,1597.0,1597.0,329928705.0,329.928705,1676.0,0.9528639618138425,-0.19157893413903015,0.17825795792835497,40.11548820937061,2.5119278778566443,-0.029179331306990908,-0.047136038186157525,21.177053218893196,26.61853231126518,25.06290159992039,,0,,False,False,False,False,False,False,False,False,False,7613.T,2026-09-29,True,,1597.0,19.220123,0.68418765,83.09,2334.155,75278827520.0,,1754546400.0,1754978400.0,True,,,True,1754546400.0,2025-08-07,-298.0
6,True,52.23946082805241,False,False,False,True,0.2993444929746209,2956.0,2956.0,328767775.0,328.767775,3049.605224609375,0.9693057895317041,-0.11980354362979717,0.04152374670484016,47.52031017586603,1.6075883009426937,-0.0306942104682959,-0.0306942104682959,17.586294589899428,21.042643955007122,28.411272992024024,,0,,False,False,False,False,False,False,False,False,False,9039.T,2026-09-29,True,,2956.0,13.851272,1.1811334,213.41,2502.681,119007756288.0,,1754544000.0,1754976000.0,True,,,True,1754544000.0,2025-08-07,-298.0
6,True,52.35551965925488,False,False,True,True,0.483653486403862,1897.0,1897.0,327682035.0,327.682035,2313.683837890625,0.8199045906503312,-0.21257487588965485,0.011344156776857961,63.19362253735746,3.3312399861548476,-0.05008080309436913,-0.10590623841765401,10.220110080490862,20.00421176537805,21.343063732676455,,0,,False,False,False,False,False,False,False,False,False,6745.T,2026-09-29,True,,1897.0,15.084288,2.0845122,125.76,910.045,141526024192.0,,1754285400.0,1754631000.0,True,,,True,1754285400.0,2025-08-04,-301.0
6,True,46.47414291217257,False,False,True,True,0.35629642356067454,3030.0,3030.0,325601600.0,325.6016,3215.235595703125,0.942388173373461,-0.12276268137391322,0.04924600420140224,58.25393623217677,1.9225721528771211,-0.027977004866740818,-0.057611826626538964,10.74620518378548,17.14644965872613,28.91843143674787,,0,,False,False,False,False,False,False,False,False,False,7981.T,2026-09-29,True,,3030.0,13.05753,0.9787552,232.05,3095.769,191445647360.0,1793255400.0,1793255400.0,1793255400.0,True,,,True,1793255400.0,2026-10-29,22.0
6,True,47.97480934478708,False,False,True,True,0.42282654765274086,5270.0,5270.0,325380300.0,325.3803,5574.94482421875,0.9453008354640562,-0.16370678913795544,0.11948718405741121,115.66215301838346,2.194727761259648,-0.03606417641100168,-0.05469916453594381,20.48740790200069,25.833232542686822,26.90112230697138,,2,macd_sell_like;di_bear,False,False,True,False,False,False,True,False,False,5480.T,2026-09-29,True,,5270.0,10.13949,0.7111857,519.75,7410.16,73009274880.0,,1753682400.0,1754028000.0,True,,,True,1753682400.0,2025-07-28,-306.0
6,True,44.817927170868344,False,False,True,True,0.34475046379044044,2968.0,2968.0,315765785.0,315.765785,3030.0,0.9795379537953796,-0.09564333559684646,0.07829944618959273,49.81093496867877,1.6782660029878291,-0.020462046204620443,-0.020462046204620443,14.092830871090634,23.00702214911649,21.517904100177738,,1,macd_sell_like,False,False,True,False,False,False,False,False,False,3076.T,2026-09-29,True,,2968.0,13.449948,1.3439248,220.67,2208.457,158299127808.0,,1755496800.0,1755842400.0,True,,,True,1755496800.0,2025-08-18,-291.0
6,True,46.13180515759312,True,True,False,True,0.4477430350079284,2912.0,2912.0,314736665.0,314.736665,3100.0,0.9393548387096774,-0.19999997639869027,0.42559683601088927,105.5085649545897,3.623233686627394,-0.0606451612903226,-0.0606451612903226,20.64758751500236,29.864124770710156,17.10719112720989,,0,ext_dev200,False,False,False,False,False,True,False,False,False,9278.T,2026-09-29,True,,2912.0,18.481848,2.4169142,157.56,1204.842,51112890368.0,,1745562600.0,1745562600.0,True,,,True,1745562600.0,2025-04-25,-372.0
6,True,53.06122448979592,True,False,True,True,0.4286755659986378,5530.0,5530.0,313133400.0,313.1334,6590.0,0.8391502276176024,-0.23216995447647948,0.05390545343662767,163.9297674352143,2.96437192468742,-0.016014234875444844,-0.16084977238239762,9.730407304690305,25.24642311404799,24.093777335494718,,0,,False,False,False,False,False,False,False,False,False,6474.T,2026-09-29,True,,5530.0,18.050661,0.67760605,306.36,8161.084,120533188608.0,,1752040800.0,1752472800.0,True,,,True,1752040800.0,2025-07-09,-319.0
6,True,48.97483312102601,False,True,False,True,0.30629123906339445,6590.0,6590.0,305677400.0,305.6774,6810.8837890625,0.9675689975187635,-0.07763161422283615,0.0846628724723284,110.42099666101129,1.675584167845391,-0.03243100248123654,-0.03243100248123654,26.75755819761671,14.497460823922612,26.8171505529398,,3,macd_sell_like;di_bear;vol_distribution,False,False,True,False,False,False,True,True,False,8566.T,2026-09-29,True,,6590.0,15.832212,0.8423677,416.24,7823.187,203133059072.0,1793773800.0,1793773800.0,1793773800.0,True,,,True,1793773800.0,2026-11-04,26.0
6,True,54.58015267175573,False,False,True,False,0.39768557678950534,2012.0,2012.0,304714675.0,304.714675,2082.0,0.9663784822286263,-0.16352747964568415,0.08725269494863852,33.50136726474963,1.6650778958623078,-0.03362151777137368,-0.03362151777137368,15.896956703663152,19.60562538803616,27.309534245340362,,0,,False,False,False,False,False,False,False,False,False,2154.T,2026-09-29,True,,2012.0,14.489413,2.1305435,138.86,944.36,170939875328.0,1786084200.0,1793946600.0,1793946600.0,True,,,True,1793946600.0,2026-11-06,28.0
6,True,42.607183132404174,False,False,True,True,0.3316016900775111,4180.0,4180.0,296174400.0,296.1744,4491.45166015625,0.9306567934551888,-0.09783342944860396,0.05981864642275192,72.0081589629865,1.7226832287795812,-0.045426815635854934,-0.06934320654481119,19.542738246146744,22.432671621886705,29.239182006046022,,1,macd_sell_like,False,False,True,False,False,False,False,False,False,5192.T,2026-09-29,True,,4180.0,15.877839,1.1437569,263.26,3654.623,116257652736.0,,1754456400.0,1754888400.0,True,,,True,1754456400.0,2025-08-06,-299.0
6,True,39.156626506024104,False,False,True,True,0.32603125745007405,1210.0,1210.0,289994340.0,289.99434,1505.0,0.8039867109634552,-0.2637873754152824,0.049157927010965885,21.85545156918318,1.806235666874643,-0.050980392156862786,-0.0546875,12.457312483578018,20.609195724987618,25.670683942917528,,1,macd_sell_like,False,False,True,False,False,False,False,False,False,3608.T,2026-09-29,True,,1210.0,19.996695,0.7328554,60.51,1651.076,68934139904.0,,1752127200.0,1752472800.0,True,,,True,1752127200.0,2025-07-10,-318.0
6,True,52.62023005914208,False,False,True,False,0.49731895148849986,2402.0,2402.0,286532735.0,286.532735,2513.473388671875,0.9556496642557343,-0.20584798508273816,0.09110845761299369,45.26792423926776,1.884593015789665,-0.018325418613417743,-0.018325418613417743,31.414946720148777,25.448310112439316,24.74295446946071,,1,macd_sell_like,False,False,True,False,False,False,False,False,False,8097.T,2026-09-29,True,,2402.0,16.273712,1.2814139,147.6,1874.492,148641431552.0,,1754287200.0,1754632800.0,True,,,True,1754287200.0,2025-08-04,-301.0
6,True,51.85967279330653,True,False,True,True,0.4317206607287743,8460.0,8460.0,280348550.0,280.34855,9943.177734375,0.8508346351642252,-0.2116630786719692,0.06346920252401222,214.98897364496727,2.5412408232265635,-0.02748173716128588,-0.1491653648357748,27.474744374323507,17.71603257863941,35.860323559915884,,1,di_bear,False,False,False,False,False,False,True,False,False,6284.T,2026-09-29,True,,8460.0,14.884408,1.9524957,568.38,4332.916,126824349696.0,,1754377200.0,1754982000.0,True,,,True,1754377200.0,2025-08-05,-300.0
6,True,52.33078765889629,False,False,True,False,0.4663348943438039,2935.0,2935.0,280155490.0,280.15549,3097.689208984375,0.9474804610764308,-0.13829810291268185,0.015412821990823833,39.64613288940758,1.350805209179134,-0.013302623795771407,-0.013302623795771407,18.69816717464969,20.648807602783954,27.586321451230088,,0,,False,False,False,False,False,False,False,False,False,5911.T,2026-09-29,True,,2935.0,13.441722,0.87507296,218.35,3354.006,116652138496.0,,1753682400.0,1754028000.0,True,,,True,1753682400.0,2025-07-28,-306.0
6,True,43.11470739783091,False,True,False,True,0.512662768037428,3265.0,3265.0,280123450.0,280.12345,3636.547119140625,0.8978296975213049,-0.3718893750029917,0.08215216830182803,75.15179528062451,2.30173951854899,-0.07705619806455255,-0.10217030247869507,15.548886252851803,22.645633581384295,26.278118094200593,,2,macd_sell_like;vol_distribution,False,False,True,False,False,False,False,True,False,9828.T,2026-09-29,True,,3265.0,16.515757,2.9025085,197.69,1124.889,57658351616.0,,1753689600.0,1754035200.0,True,,,True,1753689600.0,2025-07-28,-306.0
6,True,51.51256376418833,False,False,True,False,0.5389376880655926,1285.0,1285.0,279302340.0,279.30234,1336.7347412109375,0.9612976758843932,-0.23698448832248642,0.10274920667880227,28.96191120619674,2.253845230054221,-0.03870232411560681,-0.03870232411560681,31.351058853883025,24.66792045022811,23.452616922437006,,1,macd_sell_like,False,False,True,False,False,False,False,False,False,8255.T,2026-09-29,True,,1285.0,12.93277,1.1922181,99.36,1077.823,112113631232.0,,1754274600.0,1754620200.0,True,,,True,1754274600.0,2025-08-04,-301.0
6,True,46.83408285605367,False,False,True,False,0.22385048305231667,1430.0,1430.0,277010375.0,277.010375,1453.8663330078125,0.983584231599588,-0.11732098089801812,0.06415786682247648,23.52581149986526,1.645161643347221,-0.016415768400412034,-0.016415768400412034,17.453569410945356,22.85376847252703,27.7415842880398,,0,,False,False,False,False,False,False,False,False,False,6345.T,2026-09-29,True,,1430.0,14.204828,1.2385575,100.67,1154.569,92319842304.0,,1753339200.0,1753684800.0,True,,,True,1753339200.0,2025-07-24,-308.0
6,True,35.684647302904565,False,True,False,False,0.5771651993732222,1460.0,1460.0,258545655.0,258.545655,1602.0,0.9113607990012484,-0.1344537988872283,0.13707747726589092,33.30677922475033,2.2812862482705705,-0.08863920099875156,-0.08863920099875156,22.034440630634307,19.023019223654032,34.25993979993116,,4,macd_sell_like;trailing_stop;di_bear;vol_distribution,False,False,True,False,True,False,True,True,False,8163.T,2026-09-29,True,,1460.0,39.673912,3.4150608,36.8,427.518,60377751552.0,,1753938000.0,1754283600.0,True,,,True,1753938000.0,2025-07-31,-303.0
6,True,36.18194915687712,False,False,True,True,0.6199500030514955,4440.0,4440.0,258494000.0,258.494,4904.60498046875,0.9052716819562611,-0.1896306091480915,0.32126146342341944,167.88692877443464,3.7812371345593383,-0.07991816610976465,-0.09472831804373893,24.13522117590092,22.25561483730098,21.867666546940836,,0,ext_dev200,False,False,False,False,False,True,False,False,False,7504.T,2026-09-29,True,,4440.0,23.018301,2.0384796,192.89,2178.094,85845229568.0,,1753768800.0,1754287200.0,True,,,True,1753768800.0,2025-07-29,-305.0
6,True,38.79974123798644,False,False,True,True,0.4522307927384053,1773.0,1773.0,256653210.0,256.65321,1872.2681884765625,0.9469797173890266,-0.12298664745151255,0.1260739269711333,47.00897409507374,2.6513803776127323,-0.043914744967744945,-0.05302028261097336,15.712102426345618,23.23843979760288,29.176523880390903,,2,cross_sma25_down;macd_sell_like,False,True,True,False,False,False,False,False,False,6741.T,2026-09-29,True,,1773.0,9.534308,0.97725797,185.96,1814.26,110583693312.0,,1754287200.0,1754632800.0,True,,,True,1754287200.0,2025-08-04,-301.0
6,True,51.299910340705324,False,True,False,True,0.529320295260953,3525.0,3525.0,256535750.0,256.53575,4268.8701171875,0.8257454322181179,-0.29135338431866054,0.006149891212098746,74.03004601941755,2.100143149487023,-0.026089068088572365,-0.047873905543636575,13.389619440763022,24.113721368284402,28.812340648034258,,1,cross_sma25_down,False,True,False,False,False,False,False,False,False,1814.T,2026-09-29,True,,3525.0,9.638257,1.4190993,365.73,2483.97,36290633728.0,,1754290800.0,1754636400.0,True,,,True,1754290800.0,2025-08-04,-301.0
6,True,54.254514506036976,True,True,False,True,0.3383678148667547,2940.0,2940.0,250564060.0,250.56406,3022.013916015625,0.9728611719552382,-0.13854876274512007,0.0644915128679091,47.80871834731011,1.6261468825615684,-0.006644428109736089,-0.006644428109736089,17.2434515791551,30.02748460630855,23.525251334968004,,0,,False,False,False,False,False,False,False,False,False,8052.T,2026-09-29,True,,2940.0,10.792952,1.0545584,272.4,2787.897,54027616256.0,,1753340400.0,1753686000.0,True,,,True,1753340400.0,2025-07-24,-308.0
6,True,51.67785234899329,True,False,True,False,0.37781491072905093,3220.0,3220.0,245062405.0,245.062405,3440.0,0.936046511627907,-0.18662790697674414,0.12410409488653862,110.52622697057828,3.4324915208254128,-0.004636785162287493,-0.06395348837209303,13.91742568600579,22.12463069996903,17.69419002802911,,0,,False,False,False,False,False,False,False,False,False,6785.T,2026-09-29,True,,3220.0,12.33433,1.4500207,261.06,2220.658,46236758016.0,,1754461800.0,1754980200.0,True,,,True,1754461800.0,2025-08-06,-299.0
6,True,67.1500771162352,True,False,False,False,0.47605627327149774,5860.0,5860.0,239054350.0,239.05435,6578.6171875,0.8907647052536449,-0.22580633976399755,0.1266730405354144,177.84262802816917,3.0348571335865047,0.0,-0.05849555163059805,21.806731748623562,36.528814221361245,22.62936568084532,,0,,False,False,False,False,False,False,False,False,False,6877.T,2026-09-29,True,,5860.0,13.029171,1.0970746,449.76,5341.478,84465967104.0,,1754380800.0,1754380800.0,True,,,True,1754380800.0,2025-08-05,-300.0
6,True,54.46153846153845,False,False,False,True,0.3552642595200143,2392.0,2392.0,237168175.0,237.168175,2679.690673828125,0.8926403421716064,-0.20522251568032945,0.026408455963479183,43.9369682685279,1.8368297771123703,-0.023673469387755053,-0.023673469387755053,12.909326041293777,18.778505333734135,25.216662510588566,,0,,False,False,False,False,False,False,False,False,False,9830.T,2026-09-29,True,,2392.0,9.718837,0.8158916,246.12,2931.762,157712269312.0,1793341800.0,1793341800.0,1793341800.0,True,,,True,1793341800.0,2026-10-30,23.0
6,True,35.38461538461537,False,False,False,True,0.45928894662110586,1919.0,1919.0,234013225.0,234.013225,2184.977294921875,0.8782699959674477,-0.21678002097731686,0.001728797631285861,40.85263921464742,2.1288504020139354,-0.07025193798449614,-0.08225729316116692,13.80777799425267,17.75662810372125,29.092524451444252,,1,macd_sell_like,False,False,True,False,False,False,False,False,False,7821.T,2026-09-29,True,,1919.0,13.453449,1.6799102,142.64,1142.323,127970500608.0,,1754546400.0,1754978400.0,True,,,True,1754546400.0,2025-08-07,-298.0
6,True,49.853231878087904,False,False,False,False,0.35947091735529235,2215.0,2215.0,232359355.0,232.359355,2331.319091796875,0.9501058897487853,-0.1391013536367922,0.12175557784570135,42.380743194161134,1.9133518372081777,-0.042254680845336456,-0.04989411025121471,21.10094137074378,26.772820848970007,32.20978050990699,,1,di_bear,False,False,False,False,False,False,True,False,False,5970.T,2026-09-29,True,,2215.0,7.046062,0.41665515,314.36,5316.147,94829879296.0,,1754465400.0,1754983800.0,True,,,True,1754465400.0,2025-08-06,-299.0
6,True,37.96732322106903,False,False,True,False,0.37478056455938685,1520.0,1520.0,232064250.0,232.06425,1611.9805908203125,0.9429393931018084,-0.18448637895882347,0.13448239615363788,33.29518089534975,2.1904724273256413,-0.05706060689819159,-0.05706060689819159,17.060853511246158,24.56644672283639,34.3664688355025,,1,macd_sell_like,False,False,True,False,False,False,False,False,False,6463.T,2026-09-29,True,,1520.0,10.61675,0.5531064,143.17,2748.115,96661954560.0,,1754546400.0,1754978400.0,True,,,True,1754546400.0,2025-08-07,-298.0
6,True,36.758893280632414,False,False,True,False,0.3468545507221218,868.0,868.0,229282890.0,229.28289,963.0,0.90134994807892,-0.26116293984043826,0.10296839499365373,26.34804436063297,3.035488981639743,-0.09299895506792055,-0.09865005192108,17.733868660713906,26.37426689610594,29.663738279232415,,2,macd_sell_like;trailing_stop,False,False,True,False,True,False,False,False,False,6071.T,2026-09-29,True,,868.0,14.817344,2.986081,58.58,290.682,32918546432.0,,1754548200.0,1754980200.0,True,,,True,1754548200.0,2025-08-07,-298.0
6,True,54.90196078431373,False,False,True,False,0.3528230492869492,423.0,423.0,227440010.0,227.44001,437.4857177734375,0.966888707025313,-0.3706174128776877,0.10741805240724212,7.96235388841775,1.8823531651105792,-0.016279069767441867,-0.016279069767441867,17.320866748765972,20.57725854311816,16.22199532695801,,0,,False,False,False,False,False,False,False,False,False,3632.T,2026-09-29,True,,423.0,17.765646,0.76042074,23.81,556.271,72688582656.0,1786084200.0,1793860200.0,1793860200.0,True,,,True,1793860200.0,2026-11-05,27.0
6,True,36.22291021671826,False,False,False,True,0.5499572040112386,1963.0,1963.0,222937560.0,222.93756,2188.709228515625,0.8968756445237359,-0.24567412679129497,0.051206891419903755,34.86710474851763,1.7762152189769553,-0.05169082125603863,-0.05169082125603863,23.542757754140258,19.79911386442153,27.40511563071274,,2,macd_sell_like;di_bear,False,False,True,False,False,False,True,False,False,6309.T,2026-09-29,True,,1963.0,14.235985,1.3232596,137.89,1483.458,57695449088.0,,1749711600.0,1749711600.0,True,,,True,1749711600.0,2025-06-12,-338.0
6,True,53.00291834636028,False,False,True,True,0.48077625486748277,3805.0,3805.0,220591450.0,220.59145,3840.0,0.9908854166666666,-0.13485345670496718,0.14230457871609348,61.88620553873714,1.6264442979957199,-0.00911458333333337,-0.00911458333333337,39.5369853508104,23.239727729264818,20.24934339481121,,1,macd_sell_like,False,False,True,False,False,False,False,False,False,2109.T,2026-09-29,True,,3805.0,30.036312,1.0471829,126.68,3633.558,118398844928.0,,1753768800.0,1754287200.0,True,,,True,1753768800.0,2025-07-29,-305.0
6,True,38.35616438356164,False,False,True,True,0.31812400688077797,504.0,504.0,216337440.0,216.33744,560.6857299804688,0.8988992818090031,-0.2544031071502706,0.10695195546630853,11.12438715558944,2.2072196737280634,-0.052631578947368474,-0.052631578947368474,10.321606489090996,19.0204195024045,21.458105522318,,0,,False,False,False,False,False,False,False,False,False,4293.T,2026-09-29,True,,504.0,18.241043,1.5783737,27.63,319.316,102949404672.0,,1754287200.0,1754632800.0,True,,,True,1754287200.0,2025-08-04,-301.0
6,True,45.375173760952265,False,True,False,False,0.4101564895647393,3340.0,3340.0,214764425.0,214.764425,3668.662841796875,0.9104134514481851,-0.12296070218035793,0.1404610443551535,94.9875796010843,2.8439395090145,-0.05915492957746482,-0.08958654855181492,17.02364759398819,24.708128558113764,25.173322691788307,,2,macd_sell_like;vol_distribution,False,False,True,False,False,False,False,True,False,2207.T,2026-09-29,True,,3340.0,18.238409,0.8342621,183.13,4003.538,53933477888.0,,1754550000.0,1754982000.0,True,,,True,1754550000.0,2025-08-07,-298.0
6,True,46.612466124661246,False,False,False,False,0.39023006094890106,1886.0,1886.0,212649645.0,212.649645,2125.788330078125,0.8872002792162696,-0.24334084931038336,0.042316779286384776,40.46319298028458,2.14545031708826,-0.04020356234096689,-0.04699343102577058,14.890489171049598,20.03679405990958,21.737628064396077,,1,macd_sell_like,False,False,True,False,False,False,False,False,False,3771.T,2026-09-29,True,,1886.0,11.973083,2.4645379,157.52,765.255,31279220736.0,,1753337700.0,1753683300.0,True,,,True,1753337700.0,2025-07-24,-308.0
6,True,47.490347490347496,False,True,False,False,0.5222465593975011,1488.0,1488.0,207808315.0,207.808315,1818.0,0.8184818481848185,-0.2967879480341913,0.03133512153535856,29.93672721550283,2.0118768289988465,-0.0424710424710425,-0.06883604505632035,19.158722487101336,22.31909001018123,21.916043544525156,,1,vol_distribution,False,False,False,False,False,False,False,True,False,3475.T,2026-09-29,True,,1488.0,22.073875,3.0537422,67.41,487.271,42715746304.0,,1749794400.0,1749794400.0,True,,,True,1749794400.0,2025-06-13,-337.0
6,True,38.94736842105262,False,True,False,True,0.29429685449647014,4395.0,4395.0,207801950.0,207.80195,4585.0,0.9585605234460196,-0.1208354659662948,0.055248301733724636,64.72935344464865,1.472795300219537,-0.0319383259911894,-0.04143947655398039,18.245673936089872,18.27266840201495,26.66861294994777,,2,macd_sell_like;vol_distribution,False,False,True,False,False,False,False,True,False,8079.T,2026-09-29,True,,4395.0,18.934988,1.2266291,232.11,3582.99,72860549120.0,,1749794400.0,1749794400.0,True,,,True,1749794400.0,2025-06-13,-337.0
6,True,36.19116783141371,False,True,False,True,0.39980722396450613,3035.0,3035.0,206089375.0,206.089375,3178.93701171875,0.9547216534369368,-0.14523007042663483,0.013606071719669321,51.348307707940236,1.6918717531446537,-0.039126017242052336,-0.039126017242052336,15.67158799904288,13.041473358894825,32.3486357524903,,2,macd_sell_like;vol_distribution,False,False,True,False,False,False,False,True,False,6419.T,2026-09-29,True,,3035.0,8.429385,0.63823646,360.05,4755.291,52784562176.0,,1753686000.0,1754031600.0,True,,,True,1753686000.0,2025-07-28,-306.0
6,True,53.03721267561675,False,True,False,True,0.5540001723592504,2013.0,2013.0,205795695.0,205.795695,2395.263916015625,0.8404084353879895,-0.24467834627679685,0.005059928982346529,34.121164518892805,1.695040462935559,-0.015057519746935366,-0.04563730470153882,12.226939203029843,19.164004256874982,29.088577323449922,,1,vol_distribution,False,False,False,False,False,False,False,True,False,5351.T,2026-09-29,True,,2013.0,3.5224948,0.83383524,571.47,2414.146,91859468288.0,,1754289000.0,1754634600.0,True,,,True,1754289000.0,2025-08-04,-301.0
6,True,52.38063230868105,False,True,False,True,0.3516494543549866,1986.0,1986.0,201127840.0,201.12784,2039.5372314453125,0.9737503044220608,-0.14125482470196338,0.10695914251131033,40.26907466351823,2.0276472640240804,-0.026249695577939214,-0.026249695577939214,25.55765326060681,21.011663467625848,24.7638835437025,,3,macd_sell_like;di_bear;vol_distribution,False,False,True,False,False,False,True,True,False,2053.T,2026-09-29,True,,1986.0,10.424102,0.7605043,190.52,2611.425,56990797824.0,,1753765200.0,1754283600.0,True,,,True,1753765200.0,2025-07-29,-305.0
