score,gc_multi,rsi,macd_buy_like,vol_surge,vol_quiet,vol_down,hurst,close,close_adj,adv20,adv20_m,hh252,pct_of_52w_high,max_dd_252,dev200,atr14,natr14,pullback_20d,pullback_60d,adx14,plus_di14,minus_di14,skip_reason,sell_score,sell_reason,sell_trend_break,sell_cross_sma25_down,sell_macd_sell_like,sell_rsi_reversal,sell_trailing_stop,sell_ext_dev200,sell_di_bear,sell_vol_distribution,sell_natr_spike,ticker,skip_reason_yahoo,mkt_price,pe_ttm,pbr,eps_ttm,bps,market_cap,earn_ts,earn_start_ts,earn_end_ts,market_risk_on,market_close,market_ma200,fund_ok,earn_ts_pick,next_earn_date,days_to_earnings
2,False,41.37273593898951,False,False,True,False,0.4162157912312802,1880.0,1880.0,2749532445.0,2749.532445,2499.77392578125,0.7520680092750575,-0.32836817079356984,-0.04242196103974172,58.62674191526639,3.1184437188971486,-0.13761467889908252,-0.13761467889908252,40.449722143262804,24.184040735747047,31.933298905594143,,6,trend_break;cross_sma25_down;macd_sell_like;trailing_stop;di_bear;natr_spike,True,True,True,False,True,False,True,False,True,9064.T,,1880.0,43.64987,1.0425892,43.07,1803.203,595351961600.0,1785738600.0,1793255400.0,1793255400.0,True,,,True,1793255400.0,2026-10-29,61.0
4,False,45.007613156375655,False,True,False,False,0.3155227198213819,753.4000244140625,753.4000244140625,1834392929.5239258,1834.392929523926,840.7999877929688,0.8960514216843366,-0.16132789137455072,-0.023688626177379768,19.493073549039774,2.5873470822090843,-0.1039485783156634,-0.1039485783156634,27.67191836075564,26.01934151536987,28.13123270937744,earnings_blackout,6,trend_break;cross_sma25_down;macd_sell_like;trailing_stop;di_bear;vol_distribution;before_earnings,True,True,True,False,True,False,True,True,False,9008.T,,753.4,10.323376,0.9826312,72.98,766.717,438548955136.0,1785997800.0,1785997800.0,1785997800.0,True,,,True,1785997800.0,2026-08-06,1.0
3,False,35.05154639175257,False,False,True,False,0.26786019855422283,742.0,742.0,1319627570.0,1319.62757,824.580322265625,0.8998516942064219,-0.16321068867596888,-0.0073307166363246745,21.280612343777374,2.868007054417436,-0.08620689655172409,-0.08620689655172409,22.775338186068197,23.22806996786259,26.456257168415764,,6,trend_break;cross_sma25_down;macd_sell_like;trailing_stop;di_bear;natr_spike,True,True,True,False,True,False,True,False,True,3387.T,,742.0,66.666664,6.8739347,11.13,107.944,334642741248.0,1784010600.0,1791959400.0,1791959400.0,True,,,True,1791959400.0,2026-10-14,50.0
3,False,39.321357285429144,False,True,False,False,0.48290600070835865,2310.0,2310.0,374122930.0,374.12293,2872.4140625,0.8042016052481988,-0.20345745765892687,-0.094117859114759,57.27653896392114,2.479503851251997,-0.09589041095890416,-0.09589041095890416,21.98786853327383,24.503373470005993,25.570695070132448,,6,trend_break;cross_sma25_down;macd_sell_like;trailing_stop;di_bear;vol_distribution,True,True,True,False,True,False,True,True,False,2281.T,,2310.0,25.312294,0.9522274,91.26,2425.891,116106027008.0,,1753765200.0,1754283600.0,True,,,True,1753765200.0,2025-07-29,-266.0
1,False,29.50450450450451,False,True,False,False,0.45313365370050085,1819.0,1819.0,123655855.0,123.655855,2334.44384765625,0.7792005799695081,-0.3163253844797499,-0.0670145884442297,54.19343529457775,2.979298256986133,-0.14117091595845133,-0.14117091595845133,54.262494589661856,23.02952029005119,35.33931171165614,fund_low_adv20,6,trend_break;cross_sma25_down;macd_sell_like;trailing_stop;di_bear;vol_distribution,True,True,True,False,True,False,True,True,False,3371.T,,1819.0,11.173905,1.7991819,162.79,1011.015,46334459904.0,,1753855200.0,1754287200.0,True,,,False,1753855200.0,2025-07-30,-265.0
2,False,39.80582524271844,False,True,False,False,0.46613240913966647,933.0,933.0,104090750.0,104.09075,1421.2943115234375,0.6564439134354578,-0.4040643143838877,-0.14834091562697593,38.9502460580584,4.1747316246579205,-0.17140319715808172,-0.17140319715808172,30.567305700338817,24.960554907431344,36.62614756443998,fund_low_adv20,6,trend_break;macd_sell_like;trailing_stop;di_bear;vol_distribution;natr_spike,True,False,True,False,True,False,True,True,True,4687.T,,933.0,11.362806,1.8835586,82.11,495.339,43488133120.0,,1754287200.0,1754632800.0,True,,,False,1754287200.0,2025-08-04,-262.0
1,False,13.85135135135134,False,True,False,False,0.1715164248157406,877.0,877.0,33458060.0,33.45806,1100.47265625,0.7969302962860418,-0.2321481181736541,-0.17193444501923383,26.662554002859668,3.040200000326074,-0.19688644688644685,-0.19688644688644685,25.627956689136965,5.691700733282154,69.26357758251932,"fund_low_adv20,fund_small_mcap",6,trend_break;cross_sma25_down;macd_sell_like;trailing_stop;di_bear;natr_spike,True,True,True,False,True,False,True,False,True,9625.T,,877.0,6.2633905,0.49176008,140.02,1783.39,4807514112.0,,1747206000.0,1747206000.0,True,,,False,1747206000.0,2025-05-14,-320.0
2,False,39.75206611570248,False,True,False,True,0.5162594115389566,4862.0,4862.0,25272328450.0,25272.32845,6238.0009765625,0.7794163576228299,-0.2614621226720737,-0.019908505638979945,175.63707313876859,3.61244494320791,-0.10788990825688072,-0.17565276364869442,16.228692653566224,16.00118036653272,28.176255863211914,,5,trend_break;cross_sma25_down;macd_sell_like;trailing_stop;vol_distribution,True,True,True,False,True,False,False,True,False,8002.T,,4862.0,14.720397,1.77272,330.29,2742.678,7909804081152.0,1785738600.0,1793687400.0,1793687400.0,True,,,True,1793687400.0,2026-11-03,64.0
2,False,48.58323494687131,False,True,False,False,0.5278820474690257,2475.5,2475.5,11360030415.0,11360.030415,3517.076171875,0.7038516878866112,-0.3494596397153842,-0.1337365614093936,87.92961314412375,3.5519940676277013,-0.13094611198876605,-0.13094611198876605,25.698250183810305,25.199689321993148,29.478930806317887,earnings_blackout,5,trend_break;macd_sell_like;trailing_stop;di_bear;vol_distribution;before_earnings,True,False,True,False,True,False,True,True,False,7270.T,,2475.5,19.712534,0.6369725,125.58,3886.353,1744177070080.0,1785911400.0,1785911400.0,1785911400.0,True,,,True,1785911400.0,2026-08-05,0.0
2,False,43.09576351120697,False,False,True,False,0.3469888968473985,340.8999938964844,340.8999938964844,6229599344.210815,6229.599344210816,450.9548645019531,0.7559514726002206,-0.34943554063213056,-0.052755539253948935,16.85120056706091,4.94315073885799,-0.12991320950060992,-0.1607582874154737,20.265339188444337,22.908192031842763,28.926545114482227,,5,trend_break;cross_sma25_down;macd_sell_like;trailing_stop;di_bear,True,True,True,False,True,False,True,False,False,7211.T,,340.9,45.574867,0.49802557,7.48,684.503,456244396032.0,1785738600.0,1785738600.0,1785738600.0,True,,,True,1785738600.0,2026-08-03,-2.0
4,False,47.90174002047083,False,False,False,False,0.5631200200904145,3156.0,3156.0,5847248605.0,5847.248605,3798.0,0.8309636650868878,-0.23091100579252233,-0.012347669625683233,89.42674498199928,2.833547052661574,-0.12357678422660368,-0.12357678422660368,22.838920160728538,29.158488267575354,30.44734865002681,,5,trend_break;cross_sma25_down;macd_sell_like;trailing_stop;di_bear,True,True,True,False,True,False,True,False,False,1878.T,,3156.0,10.561542,2.0804932,298.82,1516.948,1027027959808.0,1793341800.0,1793341800.0,1793341800.0,True,,,True,1793341800.0,2026-10-30,62.0
5,False,45.682166581502294,False,True,False,False,0.44150122929394986,2775.0,2775.0,4850617960.0,4850.61796,3277.98291015625,0.8465571896064966,-0.388811084255841,-0.03583542343987933,97.95824669393653,3.5300269078896043,-0.10397158540523088,-0.10397158540523088,24.631220760780295,29.70028933349277,25.19133029542187,earnings_blackout,5,trend_break;macd_sell_like;trailing_stop;vol_distribution;natr_spike,True,False,True,False,True,False,False,True,True,2897.T,,2775.0,17.77365,1.5402864,156.13,1801.613,796586803200.0,1785825000.0,1785825000.0,1785825000.0,True,,,True,1785825000.0,2026-08-04,-1.0
2,False,43.316966721222045,False,True,False,False,0.4463356790070105,5860.0,5860.0,3869966715.0,3869.966715,7411.0,0.7907165024962893,-0.21791930913506952,-0.08960724709492207,185.22124761487876,3.1607721435986136,-0.1214392803598201,-0.1214392803598201,23.37675412434884,22.046229981979952,33.59101945268944,,5,trend_break;cross_sma25_down;macd_sell_like;trailing_stop;di_bear,True,True,True,False,True,False,True,False,False,2282.T,,5860.0,16.217863,1.0273439,361.33,5704.03,550469500928.0,1785738600.0,1793687400.0,1793687400.0,True,,,True,1793687400.0,2026-11-03,64.0
4,False,43.060498220640575,False,False,True,True,0.17855321465927398,1661.0,1661.0,2756653467.5,2756.6534675,1855.0,0.8954177897574124,-0.1272862182918687,-0.0016706237080994502,42.75972093571465,2.574335998537908,-0.10458221024258763,-0.10458221024258763,26.050519642542092,26.454593893833657,28.356045663846714,earnings_blackout,5,trend_break;cross_sma25_down;macd_sell_like;trailing_stop;di_bear,True,True,True,False,True,False,True,False,False,9007.T,,1661.0,15.33986,1.1296545,108.28,1470.361,571721383936.0,1786084200.0,1786084200.0,1786084200.0,True,,,True,1786084200.0,2026-08-07,2.0
1,False,43.15561959654179,False,False,True,False,0.4083918094004596,2773.5,2773.5,1474911810.0,1474.91181,4091.12548828125,0.6779308060690149,-0.3404015575347984,-0.16327277817587882,85.9077644718135,3.097449593359059,-0.09214402618657935,-0.09214402618657935,20.027797782697732,22.74754201787867,25.032145958917884,,5,trend_break;cross_sma25_down;macd_sell_like;trailing_stop;di_bear,True,True,True,False,True,False,True,False,False,9404.T,,2773.5,12.271038,0.64198256,226.02,4320.211,679044055040.0,1785479400.0,1785479400.0,1785479400.0,True,,,True,1785479400.0,2026-07-31,-3.0
3,False,36.148007590132835,False,True,False,False,0.4822517246113191,2140.5,2140.5,1296136997.5,1296.1369975,2642.70361328125,0.8099659716824238,-0.19041242867809127,-0.08743487880064227,52.7976801064087,2.4666050038032563,-0.12899287894201428,-0.12899287894201428,26.092171472370183,22.388199298876817,37.68149919097862,earnings_blackout,5,trend_break;macd_sell_like;trailing_stop;di_bear;vol_distribution;before_earnings,True,False,True,False,True,False,True,True,False,2784.T,,2140.5,9.325172,0.7666542,229.54,2792.002,375465213952.0,1785911400.0,1785911400.0,1785911400.0,True,,,True,1785911400.0,2026-08-05,0.0
4,False,45.130111524163574,False,False,True,False,0.3683336794175887,2713.5,2713.5,1262557832.5,1262.5578325,3064.0,0.8856070496083551,-0.16313418149915282,-0.014571676476185291,76.9926298847278,2.8373919249945754,-0.11439295039164488,-0.11439295039164488,21.23145309896607,28.186304959030977,31.19309858308809,earnings_blackout,5,trend_break;cross_sma25_down;macd_sell_like;trailing_stop;di_bear;before_earnings,True,True,True,False,True,False,True,False,False,7459.T,,2713.5,13.128356,0.85169226,206.69,3186.01,555449778176.0,1785911400.0,1785911400.0,1785911400.0,True,,,True,1785911400.0,2026-08-05,0.0
6,True,46.55355249204666,False,True,False,False,0.35299112115597264,1189.5,1189.5,1136425550.0,1136.42555,1392.5,0.8542190305206463,-0.18994352802938053,0.05230163022852641,48.255963504030376,4.056827532915543,-0.1457809694793537,-0.1457809694793537,27.60427619439215,27.424529623487746,31.6995012824923,earnings_blackout,5,macd_sell_like;trailing_stop;di_bear;vol_distribution;natr_spike;before_earnings,False,False,True,False,True,False,True,True,True,2433.T,,1189.5,25.780235,1.0974989,46.14,1083.828,427068588032.0,1785911400.0,1785911400.0,1785911400.0,True,,,True,1785911400.0,2026-08-05,0.0
2,False,37.04,False,False,True,False,0.4725882073915017,2545.0,2545.0,884127017.5,884.1270175,2937.409423828125,0.8664096939824192,-0.1739215266194316,-0.05686037969042901,58.590689043279774,2.302188174588596,-0.11153779019026011,-0.11153779019026011,28.525955878360268,25.041568868298782,36.889871798071404,,5,trend_break;macd_sell_like;trailing_stop;di_bear;natr_spike,True,False,True,False,True,False,True,False,True,2811.T,,2545.0,17.68835,1.192899,143.88,2133.458,230089752576.0,1793255400.0,1793255400.0,1793255400.0,True,,,True,1793255400.0,2026-10-29,61.0
3,False,36.12132352941176,False,True,False,True,0.31500836377523306,2513.5,2513.5,815266192.5,815.2661925,2862.0,0.8782320055904962,-0.17324897636058068,-0.05123890147942023,59.549909923371985,2.3692027023422315,-0.10232142857142856,-0.10232142857142856,28.019916929494624,24.24601819240865,30.117138037215142,earnings_blackout,5,trend_break;macd_sell_like;trailing_stop;di_bear;vol_distribution;before_earnings,True,False,True,False,True,False,True,True,False,2201.T,,2513.5,11.91458,1.4867793,210.96,1690.567,211057246208.0,1785997800.0,1785997800.0,1785997800.0,True,,,True,1785997800.0,2026-08-06,1.0
2,False,40.879265091863516,False,False,True,False,0.4850728910431045,2430.5,2430.5,804225797.5,804.2257975,3130.0,0.776517571884984,-0.2504792332268371,-0.0969521383135683,71.03361091018672,2.9225925081335826,-0.1378148279531749,-0.1378148279531749,22.62783333406866,27.217136606543534,29.95466497132815,,5,trend_break;macd_sell_like;trailing_stop;di_bear;natr_spike,True,False,True,False,True,False,True,False,True,9003.T,,2430.5,9.402685,1.1139971,258.49,2181.783,233252831232.0,1785393000.0,1793255400.0,1793255400.0,True,,,True,1793255400.0,2026-10-29,61.0
3,False,35.74766355140187,False,True,False,True,0.5885845859152078,1256.0,1256.0,707174710.0,707.17471,1555.943359375,0.8072273276737509,-0.23326257809332407,-0.043222644699810964,26.475956086879968,2.107958287171972,-0.08886470801595936,-0.08886470801595936,24.486466927308882,20.297090820093572,35.2467461151256,earnings_blackout,5,trend_break;macd_sell_like;trailing_stop;di_bear;vol_distribution,True,False,True,False,True,False,True,True,False,1333.T,,1256.0,8.559357,0.7680365,146.74,1635.339,189886218240.0,1785825000.0,1785825000.0,1785825000.0,True,,,True,1785825000.0,2026-08-04,-1.0
2,False,46.28975265017668,False,False,True,False,0.3883159799095049,1044.0,1044.0,689426985.0,689.426985,1329.492431640625,0.7852620858560883,-0.27566342080515993,-0.06401598116436513,31.10772364916273,2.9796670162033267,-0.11073253833049401,-0.11073253833049401,28.9366709738823,26.93658934795894,33.39355940363602,,5,trend_break;cross_sma25_down;macd_sell_like;trailing_stop;di_bear,True,True,True,False,True,False,True,False,False,9682.T,,1044.0,14.320988,2.7638936,72.9,377.728,163587784704.0,1785479400.0,1793341800.0,1793341800.0,True,,,True,1793341800.0,2026-10-30,62.0
2,False,41.61490683229814,False,False,True,False,0.23206333096223736,10830.0,10830.0,648927400.0,648.9274,15247.3779296875,0.7102860603273552,-0.3441495287836055,-0.052477217779225094,344.5990900583996,3.181893721684207,-0.09523809523809523,-0.09523809523809523,22.04286662616277,24.349751866324834,28.705754329304263,,5,trend_break;cross_sma25_down;macd_sell_like;trailing_stop;di_bear,True,True,True,False,True,False,True,False,False,9601.T,,10830.0,28.39092,1.4102379,381.46,7679.555,148844101632.0,1784010600.0,1791959400.0,1791959400.0,True,,,True,1791959400.0,2026-10-14,50.0
3,False,46.7741935483871,False,False,True,False,0.285176705955297,2046.0,2046.0,572745425.0,572.745425,2462.671630859375,0.8308050388699313,-0.24489796525325458,0.018818294077725284,54.74663020330464,2.67578837748312,-0.08127525819488102,-0.08127525819488102,20.839758987371027,24.712296657781064,30.00145794854247,,5,trend_break;cross_sma25_down;macd_sell_like;trailing_stop;di_bear,True,True,True,False,True,False,True,False,False,8057.T,,2046.0,8.420446,1.2332239,242.98,1659.066,100909768704.0,,1756706400.0,1757052000.0,True,,,True,1756706400.0,2025-09-01,-242.0
3,False,45.21739130434783,False,False,False,False,0.5827270891846534,2651.0,2651.0,537784200.0,537.7842,3220.0,0.8232919254658385,-0.2003105590062112,-0.045841584135360325,54.67071091596869,2.0622674807985173,-0.08079056865464629,-0.08079056865464629,20.18800570625159,23.534009590596373,33.483772871014864,,5,trend_break;cross_sma25_down;macd_sell_like;trailing_stop;di_bear,True,True,True,False,True,False,True,False,False,2292.T,,2651.0,9.088104,0.6419213,291.7,4129.79,83965878272.0,,1752127200.0,1752472800.0,True,,,True,1752127200.0,2025-07-10,-279.0
2,False,48.412698412698404,False,False,True,False,0.38600119520164317,418.0,418.0,524633645.0,524.633645,527.7279052734375,0.7920748473276528,-0.2685624615586747,-0.07371851847752187,12.172490788654189,2.912079136041672,-0.10683760683760679,-0.10683760683760679,21.91413006367403,25.694241154223725,29.04063004912193,,5,trend_break;cross_sma25_down;macd_sell_like;trailing_stop;di_bear,True,True,True,False,True,False,True,False,False,2317.T,,418.0,13.20278,3.7651553,31.66,111.018,149416542208.0,1793255400.0,1793255400.0,1793255400.0,True,,,True,1793255400.0,2026-10-29,61.0
3,False,43.19526627218935,False,False,False,False,0.5331999669590305,3670.0,3670.0,337355275.0,337.355275,4375.0,0.8388571428571429,-0.2114285714285714,-0.08474831905014257,82.74316901158507,2.2545822618960507,-0.09494451294697903,-0.09494451294697903,23.388793555286313,30.103362886614764,33.03595645732382,,5,trend_break;cross_sma25_down;macd_sell_like;trailing_stop;di_bear,True,True,True,False,True,False,True,False,False,8153.T,,3670.0,24.700499,1.917243,148.58,1914.207,112816889856.0,,1754546400.0,1754978400.0,True,,,True,1754546400.0,2025-08-07,-259.0
0,False,32.631578947368425,False,True,False,False,0.3663664844897305,510.0,510.0,270956175.0,270.956175,1175.190185546875,0.4339723104160127,-0.5925463960971487,-0.24628658275024062,20.68267565739019,4.055426599488273,-0.1826923076923077,-0.1826923076923077,25.694516973706513,22.445824591398242,42.62273609149381,,5,trend_break;macd_sell_like;trailing_stop;di_bear;vol_distribution,True,False,True,False,True,False,True,True,False,6088.T,,510.0,10.696309,2.917203,47.68,174.825,41167073280.0,,1754290800.0,1754636400.0,True,,,True,1754290800.0,2025-08-04,-262.0
4,False,47.38805970149254,False,True,False,False,0.5269232379924843,1180.0,1180.0,270387995.0,270.387995,1288.309326171875,0.9159290987252969,-0.23698448809579087,0.030502092133597447,33.32304819573488,2.823987135231769,-0.08385093167701863,-0.08385093167701863,39.35455982692018,29.59367111304831,29.664165114511086,,5,trend_break;macd_sell_like;trailing_stop;di_bear;vol_distribution,True,False,True,False,True,False,True,True,False,8255.T,,1180.0,11.881986,1.0978408,99.31,1074.837,103687380992.0,,1754274600.0,1754620200.0,True,,,True,1754274600.0,2025-08-04,-262.0
0,False,29.885057471264375,False,True,False,False,0.4500443724276027,1789.0,1789.0,214895860.0,214.89586,2644.08203125,0.6766053317771852,-0.33058052697282403,-0.08517119599997713,48.30618877456085,2.700178243407538,-0.09279918864097358,-0.09279918864097358,26.193133532385932,12.480248022471475,29.565202199494163,,5,trend_break;macd_sell_like;trailing_stop;di_bear;vol_distribution,True,False,True,False,True,False,True,True,False,5930.T,,1789.0,9.984931,1.049988,179.17,1703.829,125835796480.0,,1754283600.0,1754629200.0,True,,,True,1754283600.0,2025-08-04,-262.0
0,False,26.31578947368422,False,True,False,True,0.6789239922671364,1062.0,1062.0,190702155.0,190.702155,1711.0,0.6206896551724138,-0.3793103448275862,-0.26090410119329155,28.48748067707257,2.682436975242238,-0.1280788177339901,-0.25786163522012584,21.90345520252354,16.8594748669383,40.36032777425243,fund_low_adv20,5,trend_break;macd_sell_like;trailing_stop;di_bear;vol_distribution,True,False,True,False,True,False,True,True,False,4569.T,,1062.0,17.685263,0.43482676,60.05,2442.352,61007966208.0,1785393000.0,1785393000.0,1785393000.0,True,,,False,1785393000.0,2026-07-30,-4.0
0,False,17.90697674418604,False,True,False,True,0.564617378022079,1976.0,1976.0,180930455.0,180.930455,2995.0,0.6597662771285476,-0.34023372287145237,-0.14802443154229883,71.62217539466332,3.624604017948548,-0.14754098360655743,-0.34023372287145237,46.164557334244726,5.274123304434243,41.00223406467168,fund_low_adv20,5,trend_break;macd_sell_like;trailing_stop;di_bear;vol_distribution,True,False,True,False,True,False,True,True,False,4886.T,,1976.0,10.337432,0.79748034,191.15,2477.804,56110723072.0,,1747047540.0,1747047540.0,True,,,False,1747047540.0,2025-05-12,-322.0
3,False,38.274932614555254,False,True,False,False,0.4451094883841415,2673.0,2673.0,149395930.0,149.39593,3050.0,0.8763934426229508,-0.14524590163934425,-0.032391791458904584,44.547094822755795,1.6665579806493005,-0.06961364427427774,-0.06961364427427774,25.18208537317567,24.695768726770044,31.997919616196096,fund_low_adv20,5,trend_break;cross_sma25_down;macd_sell_like;di_bear;vol_distribution,True,True,True,False,False,False,True,True,False,9347.T,,2673.0,13.642628,1.2976276,195.93,2059.913,97085890560.0,,1746701940.0,1746701940.0,True,,,False,1746701940.0,2025-05-08,-324.0
3,False,47.540983606557376,False,False,True,False,0.3708358209671665,1082.0,1082.0,137037565.0,137.037565,1189.96435546875,0.9092709332236925,-0.2129629362077008,-0.027711093391140973,21.066628701541134,1.9470081979243195,-0.08922558922558921,-0.08922558922558921,26.046146019703414,27.51603166743734,23.692207869969188,fund_low_adv20,5,trend_break;cross_sma25_down;macd_sell_like;trailing_stop;natr_spike,True,True,True,False,True,False,False,False,True,2752.T,,1082.0,614.7727,6.330891,1.76,170.908,55471394816.0,,1754978400.0,1755496800.0,True,,,False,1754978400.0,2025-08-12,-256.0
0,False,22.5609756097561,False,True,False,False,0.33939547836475553,330.0,330.0,111244985.0,111.244985,1262.250732421875,0.2614377567972018,-0.7385622432027982,-0.4484971547466847,34.010946553884004,10.30634744057091,-0.37969924812030076,-0.4086021505376344,21.710212653922195,17.257587016766514,48.443933575223724,"fund_low_adv20,fund_small_mcap",5,trend_break;macd_sell_like;trailing_stop;di_bear;natr_spike,True,False,True,False,True,False,True,False,True,3856.T,,330.0,0.9271746,0.16810156,355.92,1963.099,6253714944.0,,1747306740.0,1747306740.0,True,,,False,1747306740.0,2025-05-15,-319.0
2,False,25.72944297082229,False,False,False,False,0.1561000596664532,841.0,841.0,89889520.0,89.88952,1024.0,0.8212890625,-0.2060546875,-0.03139390860407498,42.25844866113214,5.024785809884916,-0.1787109375,-0.1787109375,30.302372382330862,19.911566670204657,37.65005083367691,"fund_low_adv20,fund_small_mcap",5,trend_break;macd_sell_like;trailing_stop;di_bear;natr_spike,True,False,True,False,True,False,True,False,True,6157.T,,841.0,14.129704,1.0958554,59.52,767.437,19748421632.0,,1753770600.0,1754289000.0,True,,,False,1753770600.0,2025-07-29,-266.0
5,True,43.6426116838488,False,True,False,False,0.38299273031347575,1607.0,1607.0,63114355.0,63.114355,1877.0,0.8561534363345764,-0.17524172088832723,0.21636942178507113,73.63706750776998,4.582269291087118,-0.1438465636654236,-0.1438465636654236,29.29527383469047,17.947964008102723,33.85293646943379,fund_low_adv20,5,cross_sma25_down;macd_sell_like;trailing_stop;ext_dev200;di_bear;natr_spike,False,True,True,False,True,True,True,False,True,7460.T,,1607.0,10.869123,0.8375877,147.85,1918.605,39152709632.0,,1747033200.0,1747033200.0,True,,,False,1747033200.0,2025-05-12,-322.0
3,False,35.46511627906976,False,True,False,False,0.30181026498788666,1690.0,1690.0,53057285.0,53.057285,1900.0,0.8894736842105263,-0.1247094170266354,-0.03268268914174688,41.409628195350116,2.4502738577130247,-0.1105263157894737,-0.1105263157894737,39.671556438601655,21.60655238608728,29.366308937917136,fund_low_adv20,5,trend_break;macd_sell_like;trailing_stop;di_bear;vol_distribution,True,False,True,False,True,False,True,True,False,2003.T,,1690.0,18.700895,1.2301555,90.37,1373.81,61548359680.0,,1753776000.0,1754294400.0,True,,,False,1753776000.0,2025-07-29,-266.0
3,False,49.397590361445786,False,False,True,False,0.3048892830147413,241.0,241.0,51684880.0,51.68488,325.09521484375,0.7413212775704233,-0.3060821555433729,-0.09029726983397657,10.589801337738967,4.394108438895837,-0.12681159420289856,-0.12681159420289856,51.031609985956194,39.66525663568842,7.825892753991572,"fund_low_adv20,fund_small_mcap",5,trend_break;cross_sma25_down;macd_sell_like;trailing_stop;natr_spike,True,True,True,False,True,False,False,False,True,3054.T,,241.0,9.702093,0.74640274,24.84,322.882,2327286784.0,,1754548200.0,1754980200.0,True,,,False,1754548200.0,2025-08-07,-259.0
0,False,26.92307692307692,False,True,False,False,0.28130693376172716,1024.0,1024.0,43782200.0,43.7822,1286.9202880859375,0.7956980781793531,-0.24241293922030238,-0.1118307447599467,21.5330775321929,2.102839602753213,-0.08977777777777773,-0.09700176366843039,21.34425695943625,15.83647462619964,31.31862571618938,"fund_low_adv20,fund_small_mcap",5,trend_break;macd_sell_like;trailing_stop;di_bear;vol_distribution,True,False,True,False,True,False,True,True,False,2266.T,,1024.0,13.418949,0.5953222,76.31,1720.077,18824624128.0,,1754633700.0,1754633700.0,True,,,False,1754633700.0,2025-08-08,-258.0
1,False,40.47619047619048,False,True,False,False,0.2975836297124567,2280.0,2280.0,43128660.0,43.12866,4060.0,0.5615763546798029,-0.5409736308316431,-0.1288649454107803,83.79987928509098,3.6754333019776744,-0.0984578884934757,-0.17867435158501443,11.5707204873544,17.220397871357175,21.81987881452733,"fund_low_adv20,fund_small_mcap",5,trend_break;cross_sma25_down;macd_sell_like;trailing_stop;vol_distribution,True,True,True,False,True,False,False,True,False,3914.T,,2280.0,35.97917,4.0745573,63.37,559.57,14996615168.0,,1754287200.0,1754632800.0,True,,,False,1754287200.0,2025-08-04,-262.0
1,False,44.047619047619044,False,False,True,False,0.4358001370462972,128.0,128.0,39592915.0,39.592915,235.0,0.5446808510638298,-0.625,-0.1871983743967487,8.596426961106502,6.715958563364454,-0.1578947368421053,-0.1578947368421053,34.333369372793754,31.11878650973951,34.565613160204734,"fund_neg_eps,fund_low_adv20,fund_small_mcap",5,trend_break;macd_sell_like;trailing_stop;di_bear;natr_spike,True,False,True,False,True,False,True,False,True,2721.T,,128.0,-4.306864064602961,9.082523,-29.72,14.093,1316925440.0,,1754982000.0,1755500400.0,True,,,False,1754982000.0,2025-08-12,-256.0
3,False,45.09345794392523,False,False,True,False,0.4301425373360128,1851.0,1851.0,38363745.0,38.363745,2133.851806640625,0.8674454309524308,-0.1873849933703322,-0.03557560232987589,40.45421689301724,2.1855330574293483,-0.08727810650887569,-0.08727810650887569,29.583525618184606,22.655205782382286,28.88897932687884,fund_low_adv20,5,trend_break;cross_sma25_down;macd_sell_like;trailing_stop;di_bear,True,True,True,False,True,False,True,False,False,4301.T,,1851.0,11.150602,0.82858235,166.0,2233.936,30014437376.0,,1754980200.0,1755498600.0,True,,,False,1754980200.0,2025-08-12,-256.0
1,False,30.86419753086419,False,True,False,True,0.2783703125318344,6120.0,6120.0,35854850.0,35.85485,8770.0,0.6978335233751425,-0.3021664766248575,-0.10941337762358794,261.34050061719233,4.270269617927979,-0.13437057991513435,-0.3021664766248575,25.75471120184713,12.952349212654916,37.00672553292898,fund_low_adv20,5,trend_break;macd_sell_like;trailing_stop;di_bear;vol_distribution,True,False,True,False,True,False,True,True,False,8132.T,,6120.0,15.016562,1.1055399,407.55,5535.757,66340458496.0,,1754546400.0,1754978400.0,True,,,False,1754546400.0,2025-08-07,-259.0
4,False,40.79207920792079,False,False,True,False,0.5263389034131712,1427.0,1427.0,20831640.0,20.83164,1709.4791259765625,0.8347571949349235,-0.2687831158593873,-0.00022293092097858125,60.10228891253793,4.211793196393688,-0.12130541871921185,-0.12130541871921185,27.77549637804474,21.974805249645406,28.124152379531107,fund_low_adv20,5,trend_break;cross_sma25_down;macd_sell_like;trailing_stop;di_bear,True,True,True,False,True,False,True,False,False,9845.T,,1427.0,7.607826,0.7022745,187.57,2031.969,35715551232.0,,1747033200.0,1747033200.0,True,,,False,1747033200.0,2025-05-12,-322.0
1,False,9.774436090225564,False,False,True,False,0.3526362530781893,1455.0,1455.0,16667190.0,16.66719,2209.228759765625,0.6586008775996378,-0.37282850338949014,-0.11984943873658016,41.81472764334539,2.8738644428416076,-0.23541776142932214,-0.26884422110552764,36.85987052689705,7.298052283665927,65.02143761015294,"fund_neg_eps,fund_low_adv20,fund_small_mcap",5,trend_break;macd_sell_like;trailing_stop;di_bear;natr_spike,True,False,True,False,True,False,True,False,True,3931.T,,1455.0,-334.4827586206897,2.5253665,-4.35,576.154,2628907008.0,,1749812340.0,1749812340.0,True,,,False,1749812340.0,2025-06-13,-298.0
0,False,18.181818181818173,False,True,False,True,0.4454441676165548,79.0,79.0,9385790.0,9.38579,106.0,0.7452830188679245,-0.3666666666666667,-0.18160157464000826,1.3839037938095557,1.751776954189311,-0.08139534883720934,-0.23300970873786409,79.11394044641429,1.0914702016436333,31.92150494979378,"fund_neg_eps,fund_low_adv20,fund_small_mcap",5,trend_break;macd_sell_like;trailing_stop;di_bear;vol_distribution,True,False,True,False,True,False,True,True,False,2762.T,,79.0,-3.373185311699402,16.887558,-23.42,4.678,3203469568.0,,1747290600.0,1747290600.0,True,,,False,1747290600.0,2025-05-15,-319.0
2,False,12.21374045801528,False,True,False,True,0.48446916481425745,2027.0,2027.0,8540005.0,8.540005,2477.836669921875,0.8180523053054625,-0.19284429668923297,-0.056370999815557266,41.2713896266903,2.0360823693483128,-0.09265890778871977,-0.12251082251082246,36.35342301121546,10.941409897847093,36.45305348959787,fund_low_adv20,5,trend_break;macd_sell_like;trailing_stop;di_bear;vol_distribution,True,False,True,False,True,False,True,True,False,9640.T,,2027.0,30.23568,2.424763,67.04,835.958,32836136960.0,,1747117800.0,1747117800.0,True,,,False,1747117800.0,2025-05-13,-321.0
3,False,28.289473684210535,False,False,True,True,0.29691617256972763,772.0,772.0,7669785.0,7.669785,853.0,0.9050410316529894,-0.19501646113352344,-0.0003731638087596245,25.511467019080282,3.304594173455995,-0.09495896834701056,-0.09495896834701056,26.53822814786431,15.478237224276576,27.65148103292092,"fund_low_adv20,fund_small_mcap",5,trend_break;cross_sma25_down;macd_sell_like;trailing_stop;di_bear,True,True,True,False,True,False,True,False,False,4496.T,,772.0,18.037384,2.070016,42.8,372.944,5362196992.0,,1754980200.0,1755498600.0,True,,,False,1754980200.0,2025-08-12,-256.0
4,True,32.7683615819209,False,True,False,False,0.390826876037345,4395.0,4395.0,3514100.0,3.5141,5090.0,0.8634577603143418,-0.13654223968565815,0.031520642148003875,83.60983316174335,1.9023852824059921,-0.11569416498993967,-0.13654223968565815,35.19352926617552,22.003532164436198,67.15924930081685,"fund_low_adv20,fund_small_mcap",5,macd_sell_like;trailing_stop;di_bear;vol_distribution;natr_spike,False,False,True,False,True,False,True,True,True,7446.T,,4395.0,7.1232924,0.46913397,616.99,9368.326,3959490560.0,,1753855200.0,1754287200.0,True,,,False,1753855200.0,2025-07-30,-265.0
4,False,50.909090909090914,False,True,False,True,0.3892031468926452,799.0,799.0,2059210.0,2.05921,935.0057983398438,0.8545401551719467,-0.3242680344343106,-0.013292414449628476,10.882526637831951,1.3620183526698313,-0.019631901840490795,-0.019631901840490795,20.27383899452357,13.278033890937301,29.566464210904492,"fund_low_adv20,fund_small_mcap",5,trend_break;cross_sma25_down;macd_sell_like;di_bear;vol_distribution,True,True,True,False,False,False,True,True,False,9376.T,,799.0,52.22222,1.7051991,15.3,468.567,2948289280.0,,1753772400.0,1754290800.0,True,,,False,1753772400.0,2025-07-29,-266.0
2,False,41.38528138528139,False,True,False,False,0.48519838136167914,1926.0,1926.0,16728995457.5,16728.9954575,2421.062255859375,0.7955185767481849,-0.2796550374616643,-0.07520637945374409,74.5025990236787,3.868255401021739,-0.10564197817506382,-0.10564197817506382,22.647432613385703,18.973522845536525,35.422966698536236,earnings_blackout,4,trend_break;macd_sell_like;trailing_stop;di_bear;before_earnings,True,False,True,False,True,False,True,False,False,7269.T,,1926.0,8.457755,1.0986667,227.72,1753.034,3715781361664.0,1785911400.0,1785911400.0,1785911400.0,True,,,True,1785911400.0,2026-08-05,0.0
3,False,45.09582863585119,False,False,True,False,0.46249383857470516,4513.0,4513.0,9526125845.0,9526.125845,5596.70654296875,0.8063670956037116,-0.251881447087804,-0.08543282691406218,95.6116423212972,2.1185828123487083,-0.08066816052149117,-0.08066816052149117,24.122990429657364,26.417599601846803,27.591387586454353,earnings_blackout,4,trend_break;macd_sell_like;trailing_stop;di_bear;before_earnings,True,False,True,False,True,False,True,False,False,1925.T,,4513.0,7.9644923,0.96491605,566.64,4677.091,2795113283584.0,1785997800.0,1785997800.0,1785997800.0,True,,,True,1785997800.0,2026-08-06,1.0
3,False,44.660846205507056,False,False,True,False,0.5191960769034984,2894.0,2894.0,9043882362.5,9043.8823625,3457.7080078125,0.8369706156393678,-0.2857985710706915,-0.036298678076578494,75.78922967943443,2.6188400027447973,-0.10096303199751477,-0.10096303199751477,28.73134634903653,29.608396347545764,26.79672497936548,earnings_blackout,4,trend_break;cross_sma25_down;macd_sell_like;trailing_stop;before_earnings,True,True,True,False,True,False,False,False,False,9021.T,,2894.0,10.416817,1.0905083,277.82,2653.808,1317012504576.0,1785911400.0,1785911400.0,1785911400.0,True,,,True,1785911400.0,2026-08-05,0.0
1,False,26.82682682682683,False,True,False,True,0.46493844784419774,5252.0,5252.0,8794682320.0,8794.68232,7582.04150390625,0.6926894290006435,-0.30731057099935655,-0.10436923697692113,203.66999319684604,3.877951127129589,-0.10068493150684932,-0.18913077041840354,22.214750331299353,11.496601619334042,31.79234463664194,earnings_blackout,4,trend_break;trailing_stop;di_bear;vol_distribution;before_earnings,True,False,False,False,True,False,True,True,False,1812.T,,5252.0,13.8232355,1.7294053,379.94,3036.882,2422745333760.0,1785911400.0,1785911400.0,1785911400.0,True,,,True,1785911400.0,2026-08-05,0.0
2,False,35.54964539007092,False,False,True,False,0.4567408000112908,1735.0,1735.0,6830787210.0,6830.78721,2700.4384765625,0.6424882533182364,-0.5135975096636867,-0.05648462976816926,68.82991560984772,3.967142110077678,-0.1255040322580645,-0.1255040322580645,31.078974654687006,22.96372335930282,32.57105325413099,earnings_blackout,4,trend_break;macd_sell_like;trailing_stop;di_bear;before_earnings,True,False,True,False,True,False,True,False,False,2413.T,,1735.0,23.914541,2.8366823,72.55,611.63,1157990449152.0,1785997800.0,1785997800.0,1785997800.0,True,,,True,1785997800.0,2026-08-06,1.0
4,False,40.01947419668939,False,False,True,False,0.3799913696182936,4455.0,4455.0,5229267685.0,5229.267685,5175.298828125,0.8608198575489866,-0.20762623912492972,-0.03035698386481256,113.20116895149404,2.5409914467226495,-0.09999999999999998,-0.09999999999999998,29.470813773708684,25.71404993944158,28.602217318449924,earnings_blackout,4,trend_break;macd_sell_like;trailing_stop;di_bear;before_earnings,True,False,True,False,True,False,True,False,False,2587.T,,4455.0,15.520485,1.0467563,287.04,4256.005,1376593379328.0,1785997800.0,1785997800.0,1785997800.0,True,,,True,1785997800.0,2026-08-06,1.0
3,False,59.35142569524133,False,True,False,True,0.579425066752534,852.2999877929688,852.2999877929688,3230956219.5578003,3230.9562195578,967.4888305664062,0.8809403900756132,-0.2062957213009855,0.01752426468801782,18.015092434506414,2.1137032374195504,-0.04930285801118939,-0.04930285801118939,31.217616858291823,23.98689172193837,24.272583143345777,earnings_blackout,4,trend_break;macd_sell_like;di_bear;vol_distribution;before_earnings,True,False,True,False,False,False,True,True,False,3861.T,,852.3,13.953831,0.6777766,61.08,1257.494,723802390528.0,1785911400.0,1785911400.0,1785911400.0,True,,,True,1785911400.0,2026-08-05,0.0
3,False,37.96992481203008,False,True,False,True,0.45388841399028557,2667.5,2667.5,1769969540.0,1769.96954,3318.0,0.8039481615430982,-0.23040988547317665,-0.08775018433953208,73.7477772058562,2.7646776834435314,-0.05591930631746589,-0.0836482308485057,13.613079913032571,15.969925753774156,41.31798449879929,earnings_blackout,4,trend_break;cross_sma25_down;macd_sell_like;vol_distribution;before_earnings,True,True,True,False,False,False,False,True,False,4403.T,,2667.5,15.137328,2.0451145,176.22,1304.328,599479025664.0,1785911400.0,1785911400.0,1785911400.0,True,,,True,1785911400.0,2026-08-05,0.0
2,False,35.60864618885097,False,False,True,False,0.5308328006677644,4915.0,4915.0,1481943855.0,1481.943855,6238.2255859375,0.7878843001573433,-0.21211569984265666,-0.09738598729935855,104.96214199047336,2.1355471412100377,-0.08336441626258861,-0.10899094236862295,24.26186551849267,18.455427125422677,33.916668380587794,earnings_blackout,4,trend_break;macd_sell_like;trailing_stop;di_bear;before_earnings,True,False,True,False,True,False,True,False,False,2206.T,,4915.0,62.089436,1.496381,79.16,3284.591,301332332544.0,1785911400.0,1785911400.0,1785911400.0,True,,,True,1785911400.0,2026-08-05,0.0
4,False,40.32921810699589,False,False,True,False,0.35580403779924535,3714.0,3714.0,1454114920.0,1454.11492,4149.595703125,0.8950269533976625,-0.3056340201037834,-0.024486758221483718,78.6985450161391,2.118969978894429,-0.08182941903584673,-0.08182941903584673,24.4539302787579,23.728218905582235,27.053801514343046,earnings_blackout,4,trend_break;macd_sell_like;trailing_stop;di_bear;before_earnings,True,False,True,False,True,False,True,False,False,4540.T,,3714.0,9.868473,0.86054635,376.35,4315.863,276861812736.0,1785997800.0,1785997800.0,1785997800.0,True,,,True,1785997800.0,2026-08-06,1.0
5,True,39.583333333333336,False,True,False,False,0.35068541633428646,1303.0,1303.0,1354072990.0,1354.07299,1590.0,0.819496855345912,-0.2132450331125828,0.049987571638577366,57.27157217204792,4.395362407678275,-0.180503144654088,-0.180503144654088,30.68508793294778,20.16848996242537,30.705642789300686,earnings_blackout,4,macd_sell_like;trailing_stop;di_bear;vol_distribution;before_earnings,False,False,True,False,True,False,True,True,False,3863.T,,1303.0,12.814713,0.29549074,101.68,4409.614,150246981632.0,1785911400.0,1785911400.0,1785911400.0,True,,,True,1785911400.0,2026-08-05,0.0
3,False,46.16541353383458,False,False,True,False,0.4182646788448752,1523.0,1523.0,1067474010.0,1067.47401,1839.051025390625,0.8281445044062907,-0.3352848261314447,-0.033226944007075265,35.41644595075905,2.3254396553354595,-0.08197709463532243,-0.08197709463532243,30.27998382729095,30.916389678163743,29.978854470356158,earnings_blackout,4,trend_break;cross_sma25_down;macd_sell_like;trailing_stop;before_earnings,True,True,True,False,True,False,False,False,False,6849.T,,1523.0,17.070164,1.355631,89.22,1123.462,243638091776.0,1785997800.0,1785997800.0,1785997800.0,True,,,True,1785997800.0,2026-08-06,1.0
0,False,33.30515638207946,False,True,False,False,0.37664023258209234,3613.0,3613.0,728309770.0,728.30977,5508.720703125,0.6558691563270596,-0.34413084367294045,-0.1897300623542657,134.4609484680855,3.721587281153764,-0.16327003242241778,-0.17056932966023874,19.538753862733518,22.575838279050508,40.20983152655644,earnings_blackout,4,trend_break;macd_sell_like;trailing_stop;vol_distribution;before_earnings,True,False,True,False,True,False,False,True,False,8129.T,,3613.0,13.845564,0.8612359,260.95,4195.134,233766961152.0,1785911400.0,1785911400.0,1785911400.0,True,,,True,1785911400.0,2026-08-05,0.0
6,True,36.46960865945046,False,False,True,False,0.4726893821679647,2915.5,2915.5,607312030.0,607.31203,3245.0,0.8984591679506934,-0.15780525502318388,0.031191866048412287,70.77138487161652,2.4274184486920434,-0.10154083204930664,-0.10154083204930664,28.59227547164438,23.00866258127509,31.479571588215784,earnings_blackout,4,cross_sma25_down;macd_sell_like;trailing_stop;di_bear;before_earnings,False,True,True,False,True,False,True,False,False,9031.T,,2915.5,6.8973265,0.77497905,422.7,3762.037,220159950848.0,1785997800.0,1785997800.0,1785997800.0,True,,,True,1785997800.0,2026-08-06,1.0
2,False,43.541442411194836,False,True,False,True,0.5421182376854528,2691.5,2691.5,37569805667.5,37569.8056675,4487.14306640625,0.5998248685562015,-0.4744985918426442,-0.13736519733484231,143.199012568862,5.320416591820992,-0.06932918395573995,-0.12357538261152723,9.89633955633486,22.06321493069176,27.974832994400927,earnings_blackout,3,trend_break;macd_sell_like;vol_distribution;before_earnings,True,False,True,False,False,False,False,True,False,7013.T,,2691.5,17.0564,4.374787,157.8,615.23,2853425905664.0,1785911400.0,1785911400.0,1785911400.0,True,,,True,1785911400.0,2026-08-05,0.0
3,False,52.35457063711911,False,False,True,True,0.5482896329799671,2159.0,2159.0,14881266490.0,14881.26649,2657.5,0.81241768579492,-0.2071495766698025,-0.006134942586777048,54.502019789044155,2.524410365402694,-0.05946416902635587,-0.09171224232225494,13.73174958915477,22.140195724125768,21.081052893676542,earnings_blackout,3,trend_break;cross_sma25_down;macd_sell_like;before_earnings,True,True,True,False,False,False,False,False,False,4503.T,,2159.0,13.310728,2.1146743,162.2,1020.961,3867831697408.0,1785911400.0,1785911400.0,1785911400.0,True,,,True,1785911400.0,2026-08-05,0.0
1,False,27.715355805243448,False,False,True,True,0.5471842601012655,3513.0,3513.0,9300502955.0,9300.502955,5313.5859375,0.6611354443724003,-0.3571196476014462,-0.1368885841377856,105.45138496641358,3.0017473659667973,-0.09224806201550384,-0.2786447638603696,16.015411527115575,16.112002287030542,29.885410862952266,earnings_blackout,3,trend_break;macd_sell_like;trailing_stop;before_earnings,True,False,True,False,True,False,False,False,False,8830.T,,3513.0,15.375525,1.3132514,228.48,2675.04,3244664029184.0,1785997800.0,1785997800.0,1785997800.0,True,,,True,1785997800.0,2026-08-06,1.0
4,False,40.0,False,False,True,False,0.44010385683476233,1285.0,1285.0,3875725207.5,3875.7252075,1551.80029296875,0.8280704713244162,-0.18836205553844187,-0.05316297688067051,28.197480855749156,2.194356486828728,-0.08345221112696144,-0.08345221112696144,13.665752744897373,21.67044811757979,33.44862362954246,earnings_blackout,3,trend_break;macd_sell_like;trailing_stop;before_earnings,True,False,True,False,True,False,False,False,False,3289.T,,1285.0,9.487596,1.0198025,135.44,1260.048,915863437312.0,1785997800.0,1785997800.0,1785997800.0,True,,,True,1785997800.0,2026-08-06,1.0
5,True,50.538638673407696,False,False,True,False,0.4794543710779843,684.2000122070312,684.2000122070312,3653132019.6401978,3653.1320196401975,764.7999877929688,0.89461300095136,-0.1061715657728437,0.24409514241616082,20.246310192443918,2.9591215772030144,-0.10538699904864002,-0.10538699904864002,35.360816854486714,25.124752493850433,23.136585098020472,earnings_blackout,3,cross_sma25_down;macd_sell_like;trailing_stop;ext_dev200;before_earnings,False,True,True,False,True,True,False,False,False,9831.T,,684.2,31.428572,0.71489996,21.77,957.057,454976208896.0,1785997800.0,1785997800.0,1785997800.0,True,,,True,1785997800.0,2026-08-06,1.0
2,False,38.648052902277726,False,True,False,True,0.213302075353177,4440.0,4440.0,2728420270.0,2728.42027,5593.69921875,0.7937502225928028,-0.25845136862275986,-0.02926288165254709,173.82256551563353,3.9149226467485034,-0.09072291624001638,-0.14384882375626684,28.263663572263376,21.665008929358457,32.231066752562704,earnings_blackout,3,trend_break;trailing_stop;di_bear;before_earnings,True,False,False,False,True,False,True,False,False,1969.T,,4440.0,15.54513,2.7794766,285.62,1597.423,581030969344.0,1785911400.0,1785911400.0,1785911400.0,True,,,True,1785911400.0,2026-08-05,0.0
1,False,34.93975903614458,False,False,True,True,0.5620073812958776,2659.5,2659.5,2584081300.0,2584.0813,3438.560791015625,0.7734340503587493,-0.23878036216806675,-0.0733246713520086,63.75394465829157,2.3972154411841164,-0.08372093023255811,-0.08372093023255811,12.871941616683026,17.921294523844356,31.211042327556797,earnings_blackout,3,trend_break;macd_sell_like;trailing_stop;before_earnings,True,False,True,False,True,False,False,False,False,1808.T,,2659.5,13.004254,1.250716,204.51,2126.382,703821840384.0,1785997800.0,1785997800.0,1785997800.0,True,,,True,1785997800.0,2026-08-06,1.0
2,False,36.22963537626067,False,False,False,False,0.2678475438988472,2305.5,2305.5,2507725847.5,2507.7258475,2661.12890625,0.8663616386959834,-0.42085212151592977,-0.05402956199190745,68.3472455873567,2.96453027921738,-0.08674985145573377,-0.10081903276131043,12.203823599445872,26.488869046768652,31.490973608446964,earnings_blackout,3,trend_break;macd_sell_like;trailing_stop;before_earnings,True,False,True,False,True,False,False,False,False,4527.T,,2305.5,15.863895,1.7260238,145.33,1335.729,520960671744.0,1785997800.0,1785997800.0,1785997800.0,True,,,True,1785997800.0,2026-08-06,1.0
3,False,40.625,False,False,True,True,0.598393199857064,3753.0,3753.0,2339788770.0,2339.78877,4843.03173828125,0.7749278143966711,-0.2851585149370436,-0.07069676395789004,88.03900098751006,2.345830028977087,-0.058926780341023055,-0.058926780341023055,26.411980340059912,15.049133098055908,23.836740937504953,earnings_blackout,3,trend_break;macd_sell_like;di_bear;before_earnings,True,False,True,False,False,False,True,False,False,5021.T,,3753.0,8.281478,0.98303765,453.18,3817.758,595937067008.0,1785997800.0,1785997800.0,1785997800.0,True,,,True,1785997800.0,2026-08-06,1.0
2,False,32.12435233160622,False,False,True,False,0.26734281396797366,699.0,699.0,2184896965.0,2184.896965,840.2625732421875,0.8318828212267981,-0.3818351533239255,0.0009814313623952575,21.477229729585886,3.0725650543041323,-0.08984375,-0.08984375,25.108351289046354,20.40288777114237,25.414592244915685,earnings_blackout,3,trend_break;trailing_stop;di_bear;before_earnings,True,False,False,False,True,False,True,False,False,8698.T,,699.0,16.102282,1.3900903,43.41,502.845,175703212032.0,1785997800.0,1785997800.0,1785997800.0,True,,,True,1785997800.0,2026-08-06,1.0
1,False,21.518987341772146,False,False,True,False,0.5738362729208554,3473.0,3473.0,2043797975.0,2043.797975,5975.16748046875,0.5812389378795361,-0.43097829289075074,-0.22943048083029405,114.50349687679413,3.296962190520994,-0.1531333821019264,-0.18531550551254983,35.00877517545992,10.032479430909659,36.567376535962005,earnings_blackout,3,trend_break;trailing_stop;di_bear;before_earnings,True,False,False,False,True,False,True,False,False,4516.T,,3473.0,7.8740335,0.8028901,441.07,4325.623,234083418112.0,1785997800.0,1785997800.0,1785997800.0,True,,,True,1785997800.0,2026-08-06,1.0
2,False,44.88330341113106,False,False,False,True,0.464415899303559,1213.5,1213.5,1989347302.5,1989.3473025,1539.71826171875,0.7881311991749708,-0.23005394592342154,-0.03483496782531159,32.85493130871084,2.7074521061978443,-0.09474076837001122,-0.1090308370044053,11.127417249138219,19.890294692546977,27.378485772106703,earnings_blackout,3,trend_break;macd_sell_like;trailing_stop;before_earnings,True,False,True,False,True,False,False,False,False,1332.T,,1213.5,13.457913,1.2262393,90.17,989.611,368020389888.0,1785997800.0,1785997800.0,1785997800.0,True,,,True,1785997800.0,2026-08-06,1.0
6,True,40.87237479806139,False,False,True,False,0.31279167810406927,1516.5,1516.5,1396439195.0,1396.439195,1651.5,0.9182561307901907,-0.11909146715776553,0.004340929889665945,35.76643907121227,2.358485926225669,-0.08174386920980925,-0.08174386920980925,25.655223840222085,23.386395626616906,26.033860984745736,earnings_blackout,3,macd_sell_like;trailing_stop;di_bear;before_earnings,False,False,True,False,True,False,True,False,False,9006.T,,1516.5,14.880776,1.0478711,101.91,1447.22,402559533056.0,1785911400.0,1785911400.0,1785911400.0,True,,,True,1785911400.0,2026-08-05,0.0
3,False,46.46840148698884,False,False,False,True,0.43335750988817623,2239.5,2239.5,947998095.0,947.998095,3114.91455078125,0.7189603321344119,-0.33176337069087813,-0.07300803715920601,51.39295836478604,2.2948407396644805,-0.07687551525144265,-0.07687551525144265,21.156778243858106,26.993480588390124,20.867821799171406,earnings_blackout,3,trend_break;cross_sma25_down;macd_sell_like;before_earnings,True,True,True,False,False,False,False,False,False,8111.T,,2239.5,12.741807,2.366911,175.76,946.17,306294915072.0,1785997800.0,1785997800.0,1785997800.0,True,,,True,1785997800.0,2026-08-06,1.0
5,False,43.17180616740088,False,False,True,False,0.3224650519206379,1296.5,1296.5,820429597.5,820.4295975,1399.0,0.9267333809864189,-0.16113047948100123,0.003524630861742706,27.621822130830736,2.130491487144677,-0.07326661901358111,-0.07326661901358111,20.00456281152793,23.62689886105429,29.07339503829244,earnings_blackout,3,trend_break;macd_sell_like;di_bear;before_earnings,True,False,True,False,False,False,True,False,False,4927.T,,1296.5,30.277908,1.8168901,42.82,713.582,286892195840.0,1785997800.0,1785997800.0,1785997800.0,True,,,True,1785997800.0,2026-08-06,1.0
6,True,43.18181818181818,False,False,True,False,0.26636489517416184,1731.5,1731.5,484001217.5,484.0012175,1878.0,0.9219914802981896,-0.17385138633785524,0.04341935657842266,38.55315159122719,2.226575315693167,-0.07800851970181044,-0.07800851970181044,29.94138352549611,29.650916586991222,31.50758317028045,earnings_blackout,3,cross_sma25_down;macd_sell_like;di_bear;before_earnings,False,True,True,False,False,False,True,False,False,7458.T,,1731.5,11.286013,1.4423506,153.42,1200.471,178997100544.0,1785997800.0,1785997800.0,1785997800.0,True,,,True,1785997800.0,2026-08-06,1.0
3,False,40.15748031496063,False,False,True,True,0.4616606369649983,3620.0,3620.0,417009750.0,417.00975,4323.6376953125,0.8372579422935106,-0.22056373880410762,-0.08252743563112519,69.05658389767963,1.9076404391624207,-0.06095979247730221,-0.10727496917385948,22.606588702514752,23.33844416805708,23.824621281151977,earnings_blackout,3,trend_break;macd_sell_like;di_bear;before_earnings,True,False,True,False,False,False,True,False,False,8584.T,,3620.0,9.529827,0.5462447,379.86,6627.067,162093760512.0,1785997800.0,1785997800.0,1785997800.0,True,,,True,1785997800.0,2026-08-06,1.0
1,False,43.790849673202615,False,False,True,True,0.36550248565755605,1176.0,1176.0,184828430.0,184.82843,1663.6636962890625,0.7068736323471888,-0.3538357527438537,-0.09829291580786925,23.378653375918095,1.987980729244736,-0.0360655737704918,-0.0360655737704918,22.727343241646903,18.057815271533237,20.292589289253506,"fund_low_adv20,earnings_blackout",3,trend_break;macd_sell_like;di_bear;before_earnings,True,False,True,False,False,False,True,False,False,4914.T,,1176.0,12.036848,0.747359,97.7,1573.541,114655354880.0,1785997800.0,1785997800.0,1785997800.0,True,,,False,1785997800.0,2026-08-06,1.0
3,True,42.94394355154841,False,False,True,False,0.5410634793184569,11165.0,11165.0,273525962890.0,273525.96289,22655.0,0.49282719046568085,-0.6149635841977488,0.5783238843655667,1547.9662410585138,13.864453569713515,-0.25392582692950216,-0.5071728095343191,22.762891953891238,23.91298937492087,32.316354079517964,earnings_blackout,2,trailing_stop;ext_dev200;di_bear;before_earnings,False,False,False,False,True,True,True,False,False,6976.T,,11165.0,103.33179,4.0538354,108.05,2754.182,1397265137664.0,1785911400.0,1785911400.0,1785911400.0,True,,,True,1785911400.0,2026-08-05,0.0
1,False,58.22081016679905,False,False,True,False,0.3564938135695555,7428.0,7428.0,70961994925.0,70961.994925,14327.0712890625,0.5184590660668134,-0.5401014019501571,-0.20520127300792346,262.33766378287714,3.5317402232482116,-0.08802946593001837,-0.08802946593001837,23.027954278098928,32.766222729836144,23.39584967940694,earnings_blackout,2,trend_break;trailing_stop;before_earnings,True,False,False,False,True,False,False,False,False,7974.T,,7428.0,20.38979,2.898829,364.3,2562.414,8563542458368.0,1785997800.0,1785997800.0,1785997800.0,True,,,True,1785997800.0,2026-08-06,1.0
5,False,51.95312220603628,False,False,True,False,0.17611310298568633,151.0,151.0,37882542959.44061,37882.542959440616,160.3000030517578,0.9419837624784385,-0.10767298706219697,-0.005491814534434369,2.7318895102470218,1.8091983511569683,-0.05801623752156149,-0.05801623752156149,26.917080441390247,30.739681870500274,24.327365340398153,earnings_blackout,2,trend_break;macd_sell_like;before_earnings,True,False,True,False,False,False,False,False,False,9432.T,,151.0,11.974624,1.2644131,12.61,119.423,12261654528000.0,1785997800.0,1785997800.0,1785997800.0,True,,,True,1785997800.0,2026-08-06,1.0
4,True,41.2232204561161,False,False,True,False,0.4001662384945246,4749.0,4749.0,25080634155.0,25080.634155,5950.0,0.7981512605042017,-0.3460504201680672,0.4036538091755111,348.7166648014843,7.34294935357937,-0.15196428571428566,-0.2018487394957983,21.607871318101488,26.701170707162134,32.89804273927815,"fund_neg_eps,earnings_blackout",2,trailing_stop;ext_dev200;di_bear;before_earnings,False,False,False,False,True,True,True,False,False,6963.T,,4749.0,-11.574739818177386,2.4186907,-410.29,1963.459,1833280602112.0,1785911400.0,1785911400.0,1785911400.0,True,,,False,1785911400.0,2026-08-05,0.0
5,True,38.968120805369125,False,False,False,False,0.3052069335333259,6248.0,6248.0,10765752015.0,10765.752015,7710.05517578125,0.8103703355620796,-0.2645967025228887,0.05956136640724141,266.87836781537186,4.2714207396826485,-0.09014125527886996,-0.1896296644379204,29.23983999525827,23.814028285922287,35.39286883255649,earnings_blackout,2,trailing_stop;di_bear;before_earnings,False,False,False,False,True,False,True,False,False,6383.T,,6248.0,30.857368,5.0127325,202.48,1246.426,2297451249664.0,1785997800.0,1785997800.0,1785997800.0,True,,,True,1785997800.0,2026-08-06,1.0
6,True,41.41048824593128,False,False,True,False,0.4166515283308449,3188.0,3188.0,9994327330.0,9994.32733,3419.0,0.9324363849078678,-0.1543882426383768,0.028956644000694087,75.5701852109141,2.370457503479112,-0.06756361509213216,-0.06756361509213216,22.606151039331944,26.67438950116766,27.206436082918778,earnings_blackout,2,macd_sell_like;di_bear;before_earnings,False,False,True,False,False,False,True,False,False,4452.T,,3188.0,24.476007,2.6891336,130.25,1185.512,2883997925376.0,1785911400.0,1785911400.0,1785911400.0,True,,,True,1785911400.0,2026-08-05,0.0
4,True,36.37650389242746,False,False,True,False,0.31905338157215496,9705.0,9705.0,9809106890.0,9809.10689,11578.5185546875,0.8381901323698259,-0.27831872786375433,0.19768258882298761,669.7175092962864,6.900747133398108,-0.13694975544686527,-0.16180986763017413,20.17841090417006,25.573438744804918,32.72435337250824,earnings_blackout,2,trailing_stop;ext_dev200;di_bear;before_earnings,False,False,False,False,True,True,True,False,False,4186.T,,9705.0,34.88372,2.836777,278.21,3421.136,1163634409472.0,1785997800.0,1785997800.0,1785997800.0,True,,,True,1785997800.0,2026-08-06,1.0
1,False,28.78228782287823,False,False,True,True,0.4930092865471391,12995.0,12995.0,8312674750.0,8312.67475,20163.443359375,0.6444831752389143,-0.3632040038424271,-0.12020765463115612,532.3791029632456,4.096799561086923,-0.08130081300813008,-0.27219266311957435,17.368133174319215,15.258938015454273,26.800336605495406,earnings_blackout,2,trend_break;trailing_stop;before_earnings,True,False,False,False,True,False,False,False,False,1801.T,,12995.0,12.664581,2.2343228,1026.09,5816.08,2118303481856.0,1785997800.0,1785997800.0,1785997800.0,True,,,True,1785997800.0,2026-08-06,1.0
6,True,46.99205448354143,False,False,False,False,0.25176973494344507,1594.0,1594.0,5998945192.5,5998.9451925,1748.0,0.9118993135011442,-0.33179600788092023,0.10337843882125486,54.979709218459675,3.449166199401485,-0.08810068649885583,-0.08810068649885583,18.55050978153978,25.620321854554167,26.913570494446432,earnings_blackout,2,macd_sell_like;trailing_stop;before_earnings,False,False,True,False,True,False,False,False,False,2801.T,,1594.0,24.12958,2.6329832,66.06,605.397,1476901076992.0,1785911400.0,1785911400.0,1785911400.0,True,,,True,1785911400.0,2026-08-05,0.0
4,False,50.20850708924103,False,False,True,True,0.5617463027743363,2218.0,2218.0,4753365465.0,4753.365465,2738.58837890625,0.8099063068710731,-0.3170993749096258,0.024464316049752854,68.44571471971028,3.085920411168182,-0.04478897502153312,-0.04478897502153312,11.720769711080385,22.909410584715946,27.749576713106077,earnings_blackout,2,trend_break;macd_sell_like;before_earnings,True,False,True,False,False,False,False,False,False,5110.T,,2218.0,11.579827,0.80329716,191.54,2761.12,582969720832.0,1785997800.0,1785997800.0,1785997800.0,True,,,True,1785997800.0,2026-08-06,1.0
5,False,54.80378890392422,False,True,False,False,0.5481376193990579,1972.0,1972.0,4727101447.5,4727.1014475,2301.673095703125,0.8567680630587485,-0.19819195721352922,0.0012061703938570645,53.76459380901001,2.726399280375761,-0.050553683196918664,-0.050553683196918664,17.968034957557713,20.76793208786825,33.51508467222569,earnings_blackout,2,trend_break;vol_distribution;before_earnings,True,False,False,False,False,False,False,True,False,5406.T,,1972.0,8.290591,0.61826575,237.86,3189.567,779833376768.0,1785911400.0,1785911400.0,1785911400.0,True,,,True,1785911400.0,2026-08-05,0.0
5,True,41.604010025062664,False,False,False,False,0.4920587393546131,3610.0,3610.0,4207980210.0,4207.98021,4022.0,0.8975634012928891,-0.1881221466096259,0.00642133204626627,88.3385049157722,2.44704999766682,-0.09136672539642587,-0.09136672539642587,14.905297555013165,26.111324654174084,32.761834876123416,earnings_blackout,2,macd_sell_like;trailing_stop;before_earnings,False,False,True,False,True,False,False,False,False,2269.T,,3610.0,27.930368,1.2667559,129.25,2849.799,978912083968.0,1785911400.0,1785911400.0,1785911400.0,True,,,True,1785911400.0,2026-08-05,0.0
5,True,32.26744186046513,False,False,True,True,0.21463474656898762,1976.0,1976.0,3765002487.5,3765.0024875,2326.5,0.8493445089189771,-0.2873501888214327,0.028198747279005065,97.25646813249497,4.921886039093875,-0.13993471164309035,-0.15065549108102294,24.8385905783313,20.94950974058949,29.920300274402756,"fund_neg_eps,earnings_blackout",2,trailing_stop;di_bear;before_earnings,False,False,False,False,True,False,True,False,False,7731.T,,1976.0,-7.554383147914517,1.109286,-261.57,1781.326,650927538176.0,1785997800.0,1785997800.0,1785997800.0,True,,,False,1785997800.0,2026-08-06,1.0
3,False,38.8268156424581,False,False,True,True,0.5393986547238321,3270.0,3270.0,3396220085.0,3396.220085,4293.5859375,0.7616011528824791,-0.29012349680391714,-0.04352438503942091,85.43621377471698,2.612728249991345,-0.0731292517006803,-0.0731292517006803,15.389954320619717,15.58449462485644,24.727177057793295,earnings_blackout,2,trend_break;macd_sell_like;before_earnings,True,False,True,False,False,False,False,False,False,8804.T,,3270.0,11.551505,1.1482975,283.08,2847.694,678914752512.0,1785997800.0,1785997800.0,1785997800.0,True,,,True,1785997800.0,2026-08-06,1.0
3,False,51.10081112398609,False,False,True,True,0.24058917540289956,2461.5,2461.5,2509757627.5,2509.7576275,2760.5,0.8916862887158123,-0.4397477618978006,-0.024333206589664425,61.2197930021101,2.4870929515380906,-0.03885201093322921,-0.10831371128418765,13.254009960185234,22.6769995016886,23.071004360454232,earnings_blackout,2,trend_break;cross_sma25_down;before_earnings,True,True,False,False,False,False,False,False,False,2432.T,,2461.5,14.408218,1.1363164,170.84,2166.21,230497255424.0,1785911400.0,1785911400.0,1785911400.0,True,,,True,1785911400.0,2026-08-05,0.0
2,False,47.96511627906977,False,False,True,True,0.6802065049181247,1691.0,1691.0,2429261335.0,2429.261335,2694.0,0.6276911655530809,-0.41759465478841873,-0.07627393606533817,51.01489076719129,3.016847472926747,-0.05688789737869493,-0.16328550222662053,18.61004516859726,21.760993622782294,26.496253916374098,earnings_blackout,2,trend_break;macd_sell_like;before_earnings,True,False,True,False,False,False,False,False,False,1662.T,,1691.0,8.102151,0.6898329,208.71,2451.318,432895000576.0,1785997800.0,1785997800.0,1785997800.0,True,,,True,1785997800.0,2026-08-06,1.0
4,True,18.56594110115236,False,False,True,True,0.2667763987597069,1855.5,1855.5,2289466520.0,2289.46652,2236.0,0.8298300536672629,-0.1955134472614164,0.06224952438299036,54.11205287180175,2.9163057327837105,-0.14650413983440658,-0.17016994633273708,25.823752357793296,15.481486799667202,32.0232799903248,earnings_blackout,2,trailing_stop;di_bear;before_earnings,False,False,False,False,True,False,True,False,False,4536.T,,1855.5,16.293467,2.0097547,113.88,923.247,596890812416.0,1785997800.0,1785997800.0,1785997800.0,True,,,True,1785997800.0,2026-08-06,1.0
5,True,29.199372056514918,False,False,True,True,0.2975583814315493,5871.0,5871.0,1933222155.0,1933.222155,6556.0,0.8955155582672362,-0.1301812495881961,0.013073774160653473,152.24031778071355,2.5930900660997027,-0.09565619223659894,-0.10448444173276383,18.6925867237143,16.595387387951124,33.68237125504455,earnings_blackout,2,macd_sell_like;trailing_stop;before_earnings,False,False,True,False,True,False,False,False,False,9401.T,,5871.0,17.703465,0.816305,331.63,7192.165,921089277952.0,1785997800.0,1785997800.0,1785997800.0,True,,,True,1785997800.0,2026-08-06,1.0
1,False,57.05128205128205,False,True,False,True,0.3032095250724518,4736.0,4736.0,1821349655.0,1821.349655,6380.328125,0.7422815734888243,-0.3514440137042325,-0.0462223647494181,139.82445671257668,2.9523745082892034,-0.0684500393391031,-0.0684500393391031,26.143055881118844,31.936525334605225,25.060761547212202,earnings_blackout,2,trend_break;macd_sell_like;before_earnings,True,False,True,False,False,False,False,False,False,8056.T,,4736.0,14.8064785,2.5554085,319.86,1853.324,457572581376.0,1785911400.0,1785911400.0,1785911400.0,True,,,True,1785911400.0,2026-08-05,0.0
3,False,55.33101045296167,False,False,True,False,0.40830560826436363,5572.0,5572.0,1624156500.0,1624.1565,6174.7509765625,0.9023845692157689,-0.4334363136347664,0.018256866346165523,155.67361215459817,2.793855207368955,-0.07733068388806097,-0.07733068388806097,26.752463793475123,29.086865036373453,21.657096741225264,earnings_blackout,2,trend_break;macd_sell_like;before_earnings,True,False,True,False,False,False,False,False,False,4922.T,,5572.0,21.04309,1.1341157,264.79,4913.079,316133736448.0,1785997800.0,1785997800.0,1785997800.0,True,,,True,1785997800.0,2026-08-06,1.0
3,False,44.75524475524475,False,False,True,False,0.4051323591296447,3038.0,3038.0,1443088020.0,1443.08802,3402.954833984375,0.8927535474935866,-0.17630408373122997,-0.00866587677551911,59.857493575968576,1.9702927444360954,-0.06118665018541414,-0.06118665018541414,19.577795036293452,25.390770466539664,28.477569780739643,earnings_blackout,2,trend_break;macd_sell_like;before_earnings,True,False,True,False,False,False,False,False,False,7164.T,,3038.0,12.471777,1.6464902,243.59,1845.137,403633864704.0,1785911400.0,1785911400.0,1785911400.0,True,,,True,1785911400.0,2026-08-05,0.0
4,False,42.81250000000001,False,False,True,False,0.48701289025655187,3500.0,3500.0,1185309085.0,1185.309085,4252.54833984375,0.8230359117160793,-0.21411828086996088,-0.0554722905924937,70.81065577989678,2.0231615937113365,-0.07431896323723886,-0.07431896323723886,16.126351937680322,23.89637622056541,32.53358036473764,earnings_blackout,2,trend_break;macd_sell_like;before_earnings,True,False,True,False,False,False,False,False,False,5947.T,,3500.0,13.458433,1.1052058,260.06,3166.831,483253354496.0,1785997800.0,1785997800.0,1785997800.0,True,,,True,1785997800.0,2026-08-06,1.0
5,True,37.94326241134752,True,False,True,True,0.49908000295964394,9450.0,9450.0,1120156700.0,1120.1567,13110.0,0.7208237986270023,-0.33943554538520215,0.04205332155283692,444.1079535735572,4.699555064270447,-0.103415559772296,-0.2791762013729977,28.70579514686653,18.193769528600637,27.21205980936514,earnings_blackout,2,trailing_stop;di_bear;before_earnings,False,False,False,False,True,False,True,False,False,6875.T,,9450.0,16.328293,0.76519006,578.75,12349.873,133085700096.0,1785997800.0,1785997800.0,1785997800.0,True,,,True,1785997800.0,2026-08-06,1.0
1,False,29.411764705882348,False,False,True,True,0.19859228300427129,1651.5,1651.5,905259185.0,905.259185,2063.48046875,0.8003468048333084,-0.25819630018060347,-0.035614461416605514,48.99228065188598,2.9665322828874343,-0.11233539371136791,-0.126883425852498,15.082039267444088,17.988617590979064,23.653707204726633,earnings_blackout,2,trend_break;trailing_stop;before_earnings,True,False,False,False,True,False,False,False,False,6544.T,,1651.5,40.280487,12.0075035,41.0,137.539,295228604416.0,1785997800.0,1785997800.0,1785997800.0,True,,,True,1785997800.0,2026-08-06,1.0
6,True,42.14876033057851,False,False,True,True,0.34372627191439276,5780.0,5780.0,688059500.0,688.0595,6870.0,0.8413391557496361,-0.19941775836972342,0.12743896711973024,184.94283357095006,3.1997030029576137,-0.09262166405023553,-0.15866084425036386,18.982202963503163,19.859791076183047,25.046721837958113,earnings_blackout,2,macd_sell_like;trailing_stop;before_earnings,False,False,True,False,True,False,False,False,False,9075.T,,5780.0,15.65208,0.72169596,369.28,8008.913,203579162624.0,1785997800.0,1785997800.0,1785997800.0,True,,,True,1785997800.0,2026-08-06,1.0
5,False,54.67032967032967,False,False,True,False,0.443254574389471,3025.0,3025.0,592857800.0,592.8578,3272.587158203125,0.9243451293321497,-0.1367685982270006,-0.0004949737587822689,43.7967451290236,1.4478262852569785,-0.03968253968253965,-0.03968253968253965,26.982530426437982,23.484915847807315,23.139549015199908,earnings_blackout,2,trend_break;macd_sell_like;before_earnings,True,False,True,False,False,False,False,False,False,8130.T,,3025.0,12.146644,1.4631056,249.04,2067.52,177844912128.0,1785997800.0,1785997800.0,1785997800.0,True,,,True,1785997800.0,2026-08-06,1.0
6,True,35.05747126436782,False,False,True,True,0.42441042350254143,3855.0,3855.0,465277600.0,465.2776,4405.0,0.8751418842224744,-0.2633371169125993,0.04067556181496723,118.34894616859877,3.070011573763911,-0.09613130128956626,-0.09613130128956626,19.13934234278508,21.493076603475817,24.70194494786268,earnings_blackout,2,macd_sell_like;trailing_stop;before_earnings,False,False,True,False,True,False,False,False,False,4553.T,,3855.0,36.09213,1.0655265,106.81,3617.93,189773430784.0,1785997800.0,1785997800.0,1785997800.0,True,,,True,1785997800.0,2026-08-06,1.0
1,False,61.413043478260875,False,False,False,False,0.35412471714417787,884.0,884.0,440721025.0,440.721025,1222.82763671875,0.722914639361655,-0.38912077420457436,-0.03757740900765383,24.04549152064581,2.7200782263173995,-0.06947368421052635,-0.06947368421052635,33.73170193616684,28.43795690891493,23.642895274660297,earnings_blackout,2,trend_break;macd_sell_like;before_earnings,True,False,True,False,False,False,False,False,False,9090.T,,884.0,16.954353,1.9082898,52.14,463.242,119059988480.0,1785911400.0,1785911400.0,1785911400.0,True,,,True,1785911400.0,2026-08-05,0.0
3,False,49.189189189189186,False,False,True,True,0.472863932520006,1914.0,1914.0,390748135.0,390.748135,2780.0,0.6884892086330935,-0.36798561151079134,-0.11961282105985982,61.819410641675574,3.229854265500291,-0.05153617443012881,-0.06997084548104959,24.981621475123237,23.982578834085285,15.726912459510528,earnings_blackout,2,trend_break;macd_sell_like;before_earnings,True,False,True,False,False,False,False,False,False,9722.T,,1914.0,12.414866,2.8985507,154.17,660.33,114684035072.0,1785997800.0,1785997800.0,1785997800.0,True,,,True,1785997800.0,2026-08-06,1.0
6,True,47.11729622266401,False,False,True,True,0.30577347688790507,1775.5,1775.5,351879525.0,351.879525,1858.0,0.9555974165769645,-0.12357646706283498,0.10869201346667423,34.02124552820941,1.9161501283136813,-0.04440258342303549,-0.04440258342303549,33.51577937394182,24.082033667145804,18.864524091891134,earnings_blackout,2,cross_sma25_down;macd_sell_like;before_earnings,False,True,True,False,False,False,False,False,False,7846.T,,1775.5,16.807081,1.3637718,105.64,1301.904,186854424576.0,1785997800.0,1785997800.0,1785997800.0,True,,,True,1785997800.0,2026-08-06,1.0
3,False,37.984496124031004,False,False,True,False,0.19428340823659798,4560.0,4560.0,331942500.0,331.9425,5376.001953125,0.8482139775543295,-0.15550625918932992,-0.055659777530272736,87.36944596824821,1.9159966221107063,-0.0626927029804728,-0.0626927029804728,13.394387877351377,20.352947871240946,29.433296992852455,earnings_blackout,2,trend_break;macd_sell_like;before_earnings,True,False,True,False,False,False,False,False,False,4985.T,,4560.0,18.985762,1.3034745,240.18,3498.342,99624583168.0,1785997800.0,1785997800.0,1785997800.0,True,,,True,1785997800.0,2026-08-06,1.0
2,False,33.33333333333333,False,False,True,False,0.34883641938924015,305.0,305.0,274385745.0,274.385745,398.8636474609375,0.7646723433974263,-0.468131885255026,0.00953187531057087,8.39073828669376,2.7510617333422163,-0.049844236760124616,-0.049844236760124616,27.96930637242424,27.404254834130263,18.940643338662355,earnings_blackout,2,trend_break;macd_sell_like;before_earnings,True,False,True,False,False,False,False,False,False,4477.T,,305.0,19.476374,2.3481047,15.66,129.892,35122995200.0,1785911400.0,1785911400.0,1785911400.0,True,,,True,1785911400.0,2026-08-05,0.0
4,False,38.04347826086957,False,False,True,False,0.438176814244098,1106.0,1106.0,269659685.0,269.659685,1200.0,0.9216666666666666,-0.1106852453134195,-0.004012438341641111,22.46435255424235,2.0311349506548235,-0.07756463719766471,-0.07756463719766471,18.487248395836687,21.759477755107216,28.655684321324415,earnings_blackout,2,trend_break;macd_sell_like;before_earnings,True,False,True,False,False,False,False,False,False,3167.T,,1106.0,13.417445,1.3987217,82.43,790.722,142559117312.0,1785997800.0,1785997800.0,1785997800.0,True,,,True,1785997800.0,2026-08-06,1.0
1,False,58.50622406639005,False,False,True,True,0.4480480573080488,1272.0,1272.0,220223810.0,220.22381,1762.2392578125,0.7218089112252312,-0.41879390689683504,-0.017362695428101205,34.90128877962258,2.7438120109766184,-0.043609022556390986,-0.043609022556390986,24.69411781554623,27.152104298675976,20.289297705077892,earnings_blackout,2,trend_break;macd_sell_like;before_earnings,True,False,True,False,False,False,False,False,False,4849.T,,1272.0,19.542173,1.5093498,65.09,842.747,48027529216.0,1785997800.0,1785997800.0,1785997800.0,True,,,True,1785997800.0,2026-08-06,1.0
5,False,53.79746835443037,False,False,True,True,0.48816283784184344,970.0,970.0,217540235.0,217.540235,1189.9520263671875,0.8151589127179517,-0.24786883826539508,0.007016772437513641,20.37261358888574,2.1002694421531696,-0.047151277013752435,-0.047151277013752435,21.50653709426388,21.473041124250344,18.708877159029434,earnings_blackout,2,trend_break;macd_sell_like;before_earnings,True,False,True,False,False,False,False,False,False,3880.T,,970.0,18.063314,0.6592518,53.7,1471.365,149590163456.0,1785997800.0,1785997800.0,1785997800.0,True,,,True,1785997800.0,2026-08-06,1.0
3,False,46.25,False,False,False,True,0.31123492480972204,387.0,387.0,191055515.0,191.055515,522.8327026367188,0.7401985339637415,-0.33056980132478164,-0.08315565031982952,10.51881175192879,2.7180392123847,-0.03249999999999997,-0.03249999999999997,21.99756651134489,23.109230301876917,12.552206376590092,"fund_low_adv20,earnings_blackout",2,trend_break;macd_sell_like;before_earnings,True,False,True,False,False,False,False,False,False,3668.T,,387.0,146.5909,0.7478116,2.64,517.51,49755684864.0,1785911400.0,1785911400.0,1785911400.0,True,,,False,1785911400.0,2026-08-05,0.0
6,False,44.19889502762431,False,False,True,False,0.47563841281759056,1854.0,1854.0,83617610.0,83.61761,2067.676513671875,0.8966586348207736,-0.18199431134258803,0.008204923443432932,24.168327772834427,1.3035775497753197,-0.015923566878980888,-0.015923566878980888,21.659760979294038,20.984401871475008,15.46779760779075,"fund_low_adv20,fund_small_mcap,earnings_blackout",2,trend_break;macd_sell_like;before_earnings,True,False,True,False,False,False,False,False,False,5185.T,,1854.0,25.162867,0.64519,73.68,2873.572,26368270336.0,1785997800.0,1785997800.0,1785997800.0,True,,,False,1785997800.0,2026-08-06,1.0
4,True,45.52139037433155,True,False,True,False,0.49134701796439617,5958.0,5958.0,298638938530.0,298638.93853,8632.0,0.6902224281742354,-0.4864359953363172,0.16372156347450262,479.49755825518287,8.047961702839592,-0.09370246425311834,-0.3097775718257646,18.467546931997177,25.43898052808688,28.053838126391216,earnings_blackout,1,trailing_stop;before_earnings,False,False,False,False,True,False,False,False,False,9984.T,,5958.0,6.828262,1.9268259,872.55,3092.132,33954186919936.0,1785997800.0,1785997800.0,1785997800.0,True,,,True,1785997800.0,2026-08-06,1.0
3,True,30.589101620029453,False,False,True,False,0.42163586221725813,3756.0,3756.0,86783059137.5,86783.0591375,5307.0,0.7077444884115319,-0.5409176976722939,0.6056273402950452,413.8871406881043,11.019359443240264,-0.2922555115884681,-0.2922555115884681,16.755227607132344,29.67207494109797,29.999612030015815,"fund_neg_eps,earnings_blackout",1,trailing_stop;ext_dev200;before_earnings,False,False,False,False,True,True,False,False,False,3436.T,,3756.0,-111.52019002375297,2.307053,-33.68,1628.051,1313522843648.0,1785997800.0,1785997800.0,1785997800.0,True,,,False,1785997800.0,2026-08-06,1.0
4,True,35.89345437171524,False,False,True,False,0.3236652739341259,8488.0,8488.0,73788371745.0,73788.371745,12000.0,0.7073333333333334,-0.4959166666666667,0.29706841507811355,868.2884817463103,10.2296003975767,-0.21769585253456225,-0.29266666666666663,17.415456652043925,29.228352377924487,30.911536243568722,earnings_blackout,1,trailing_stop;ext_dev200;before_earnings,False,False,False,False,True,True,False,False,False,6525.T,,8488.0,65.90574,9.043314,128.79,938.594,1982433329152.0,1785997800.0,1785997800.0,1785997800.0,True,,,True,1785997800.0,2026-08-06,1.0
5,True,58.0,False,True,False,False,0.4303676040028556,5798.0,5798.0,17474270305.0,17474.270305,6309.0,0.9190045966080203,-0.19480107782532885,0.09040303760877766,156.6289389205399,2.7014304746557416,-0.05585409542419806,-0.05585409542419806,28.4256980666905,27.46176649236256,23.115803230808424,earnings_blackout,1,vol_distribution;before_earnings,False,False,False,False,False,False,False,True,False,9101.T,,5798.0,11.478688,0.7653141,505.11,7575.974,2339818438656.0,1785911400.0,1785911400.0,1785911400.0,True,,,True,1785911400.0,2026-08-05,0.0
7,True,41.263440860215056,True,False,True,False,0.2783931564331545,3010.0,3010.0,13255539605.0,13255.539605,3540.0,0.8502824858757062,-0.4436591054152601,0.14055599524655538,231.46079008020325,7.689727245189477,-0.11470588235294121,-0.1497175141242938,12.903743423653506,31.639448842796263,29.80467049991248,earnings_blackout,1,trailing_stop;before_earnings,False,False,False,False,True,False,False,False,False,6315.T,,3010.0,49.191044,3.1982896,61.19,941.128,225834336256.0,1785997800.0,1785997800.0,1785997800.0,True,,,True,1785997800.0,2026-08-06,1.0
5,True,47.217010631644776,True,False,False,True,0.5618697396611905,4096.0,4096.0,12553129245.0,12553.129245,5246.0,0.7807853602744949,-0.3566286671907133,0.19531092550330897,206.80512252566277,5.048953186661689,-0.06505364072129649,-0.21921463972550514,29.06047890682233,27.82262278854466,31.27223719925187,earnings_blackout,1,ext_dev200;di_bear;before_earnings,False,False,False,False,False,True,True,False,False,6479.T,,4096.0,16.60922,1.8297975,246.61,2238.499,1644935249920.0,1785911400.0,1785911400.0,1785911400.0,True,,,True,1785911400.0,2026-08-05,0.0
6,True,41.59891598915989,False,False,True,False,0.39037765880062936,5040.0,5040.0,11948764075.0,11948.764075,5980.0,0.842809364548495,-0.33287910792372644,0.1264301045150371,450.40712977257795,8.936649400249562,-0.1295336787564767,-0.15719063545150502,14.418688764207687,26.638955299176363,24.70327281224798,earnings_blackout,1,trailing_stop;before_earnings,False,False,False,False,True,False,False,False,False,6590.T,,5040.0,29.57226,5.950863,170.43,846.936,330820550656.0,1785997800.0,1785997800.0,1785997800.0,True,,,True,1785997800.0,2026-08-06,1.0
2,False,63.392107472712006,False,False,True,False,0.38390792455533573,4407.0,4407.0,10544642235.0,10544.642235,5555.701171875,0.7932392084566846,-0.35399693234603113,0.0750927171454463,140.97450207756813,3.198876834072342,-0.07162418369496526,-0.07162418369496526,45.78154004330285,36.00561598429965,18.20968588824482,earnings_blackout,1,trend_break;before_earnings,True,False,False,False,False,False,False,False,False,7832.T,,4407.0,20.280718,3.2836502,217.3,1342.104,2826499784704.0,1785997800.0,1785997800.0,1785997800.0,True,,,True,1785997800.0,2026-08-06,1.0
2,False,71.01449275362319,False,True,False,False,0.5555554758476636,1838.5,1838.5,10351760432.5,10351.7604325,2309.126953125,0.7961883592029929,-0.3304828918532352,0.0057266319193618465,46.5489620910606,2.5318989443057167,-0.015528781793841984,-0.015528781793841984,36.50745877706519,32.5668404642859,14.534279536625577,earnings_blackout,1,trend_break;before_earnings,True,False,False,False,False,False,False,False,False,5411.T,,1838.5,17.434803,0.44646728,105.45,4117.883,1169536581632.0,1785911400.0,1785911400.0,1785911400.0,True,,,True,1785911400.0,2026-08-05,0.0
4,True,44.19618528610354,True,True,False,True,0.5689156251246473,24800.0,24800.0,10172361650.0,10172.36165,43450.0,0.570771001150748,-0.5753739930955121,0.17098518447805344,2260.783629418309,9.11606302184802,-0.07909394727070185,-0.42922899884925203,24.751945590708132,26.46064881218268,28.414110461347477,earnings_blackout,1,di_bear;before_earnings,False,False,False,False,False,False,True,False,False,6787.T,,24800.0,32.70991,4.671229,758.18,5309.095,636534456320.0,1785997800.0,1785997800.0,1785997800.0,True,,,True,1785997800.0,2026-08-06,1.0
4,True,38.13914501257334,False,False,True,True,0.282516886288105,4410.0,4410.0,7674524525.0,7674.524525,4785.0,0.9216300940438872,-0.27064380685794265,0.2674125528447806,185.3762950747124,4.203544106002549,-0.07836990595611282,-0.07836990595611282,20.418580323277574,17.70470124701212,25.28571251049147,earnings_blackout,1,ext_dev200;di_bear;before_earnings,False,False,False,False,False,True,True,False,False,4385.T,,4410.0,25.372534,6.057767,173.81,727.991,728621907968.0,1785911400.0,1785911400.0,1785911400.0,True,,,True,1785911400.0,2026-08-05,0.0
4,True,42.736644798500464,False,False,True,False,0.3442564848116431,1855.0,1855.0,6960090502.5,6960.0905025,1982.5,0.935687263556116,-0.21726365088326738,0.25710875947267064,59.80926385643099,3.224219075818382,-0.06431273644388402,-0.06431273644388402,20.34884710479784,20.528446371402865,30.104697365676337,earnings_blackout,1,ext_dev200;di_bear;before_earnings,False,False,False,False,False,True,True,False,False,7186.T,,1855.0,19.736143,1.4686625,93.99,1263.054,2061790740480.0,1785911400.0,1785911400.0,1785911400.0,True,,,True,1785911400.0,2026-08-05,0.0
5,True,54.38047559449312,True,False,True,True,0.5455863094252912,4382.0,4382.0,6264198395.0,6264.198395,6100.0,0.7183606557377049,-0.35344262295081963,0.0076178896054655,191.26435892925366,4.364773138504191,0.0,-0.2816393442622951,21.630150367179255,26.983257018412083,29.307324761794806,earnings_blackout,1,di_bear;before_earnings,False,False,False,False,False,False,True,False,False,5711.T,,4382.0,14.1177225,0.7779106,310.39,5633.038,572628533248.0,1785997800.0,1785997800.0,1785997800.0,True,,,True,1785997800.0,2026-08-06,1.0
5,True,45.35809018567639,True,True,False,False,0.4058102263204874,19100.0,19100.0,6210925550.0,6210.92555,26353.23828125,0.7247686146256042,-0.4835549295782998,0.34288848133886285,1701.681867658523,8.909329150044623,-0.089175011921793,-0.27523138537439584,27.034742280238117,30.03781917192819,28.307935223410034,earnings_blackout,1,trailing_stop;ext_dev200;before_earnings,False,False,False,False,True,True,False,False,False,6278.T,,19100.0,54.083134,4.034843,353.16,4733.765,366978301952.0,1785997800.0,1785997800.0,1785997800.0,True,,,True,1785997800.0,2026-08-06,1.0
4,False,53.59116022099448,True,True,False,True,0.5930097566912564,2500.0,2500.0,5964894270.0,5964.89427,4570.0,0.5470459518599562,-0.5536105032822758,-0.03743584128005484,132.25187990626068,5.290075196250427,-0.029503105590062084,-0.4529540481400438,35.440359553640505,29.956196648601303,27.568303026238517,earnings_blackout,1,trend_break;before_earnings,True,False,False,False,False,False,False,False,False,9412.T,,2500.0,30.43584,2.3343585,82.14,1070.958,708722294784.0,1785911400.0,1785911400.0,1785911400.0,True,,,True,1785911400.0,2026-08-05,0.0
2,False,46.91714836223507,False,False,True,True,0.2406231745787871,5552.0,5552.0,5883714695.0,5883.714695,9087.0,0.6109827225707054,-0.5050071530758227,-0.15496923597925472,232.47423529591367,4.187216053600751,-0.044241693923222636,-0.17954780552682137,13.942713981156164,25.726049742669545,19.34572202535057,earnings_blackout,1,trend_break;before_earnings,True,False,False,False,False,False,False,False,False,5838.T,,5552.0,13.286111,2.6038404,417.88,2132.235,968882454528.0,1785997800.0,1785997800.0,1785997800.0,True,,,True,1785997800.0,2026-08-06,1.0
3,False,57.8082191780822,True,False,True,True,0.4146408005959209,4300.0,4300.0,5399256200.0,5399.2562,5691.884765625,0.7554615346341849,-0.4000229905172695,0.013775632461511034,240.71621288840012,5.598051462520933,-0.0358744394618834,-0.0358744394618834,16.194655870204016,29.68285048842198,21.487229586743236,earnings_blackout,1,trend_break;before_earnings,True,False,False,False,False,False,False,False,False,7014.T,,4300.0,13.947454,2.1807575,308.3,1971.792,299044765696.0,1785997800.0,1785997800.0,1785997800.0,True,,,True,1785997800.0,2026-08-06,1.0
5,True,53.49397590361445,False,False,True,False,0.3432230115172778,975.9000244140625,975.9000244140625,4703385204.07196,4703.38520407196,1082.295654296875,0.9016944866586075,-0.4562348075067315,0.04259003138831785,26.946339212650447,2.7611782496705257,-0.07101377971055445,-0.07101377971055445,16.4816823440233,25.759065876021392,21.39704531985936,earnings_blackout,1,macd_sell_like;before_earnings,False,False,True,False,False,False,False,False,False,8113.T,,975.9,28.610378,2.1432855,34.11,455.329,1679329067008.0,1785911400.0,1785911400.0,1785911400.0,True,,,True,1785911400.0,2026-08-05,0.0
5,False,40.433673469387756,False,False,True,True,0.46782841095293487,4111.0,4111.0,3812137125.0,3812.137125,4422.28857421875,0.9296091675171282,-0.32376369614552514,0.021193030124641243,104.08373667077622,2.5318349956403847,-0.03813757604117918,-0.03813757604117918,23.60341635604319,27.138375708340494,23.46745197523949,earnings_blackout,1,trend_break;before_earnings,True,False,False,False,False,False,False,False,False,7701.T,,4111.0,19.639786,2.101779,209.32,1955.962,1187833315328.0,1785997800.0,1785997800.0,1785997800.0,True,,,True,1785997800.0,2026-08-06,1.0
5,True,43.96551724137931,False,False,False,True,0.6688854157067089,1622.0,1622.0,2795942322.5,2795.9423225,1877.52783203125,0.8639019738233117,-0.20263157666668763,0.3397824603572832,45.22317408446456,2.7881118424454105,-0.03452380952380951,-0.1360980261766883,25.79378080270785,23.374172048654867,24.84143440536688,earnings_blackout,1,ext_dev200;di_bear;before_earnings,False,False,False,False,False,True,True,False,False,5301.T,,1622.0,17.236982,1.0932167,94.1,1483.695,346307035136.0,1785911400.0,1785911400.0,1785911400.0,True,,,True,1785911400.0,2026-08-05,0.0
5,True,49.70008568980291,True,False,True,False,0.420850398891732,2518.0,2518.0,1878553510.0,1878.55351,3575.0,0.7043356643356643,-0.39132867132867133,0.03251450187793714,124.92164025813031,4.9611453637065255,-0.0027722772277227747,-0.2956643356643357,30.051235984786043,24.269772161483345,27.57922829512125,"fund_neg_eps,earnings_blackout",1,di_bear;before_earnings,False,False,False,False,False,False,True,False,False,5741.T,,2518.0,,1.3140289,,1916.244,455932542976.0,1785997800.0,1785997800.0,1785997800.0,True,,,False,1785997800.0,2026-08-06,1.0
6,True,43.520782396088016,False,False,True,True,0.5170051367860578,1982.0,1982.0,1860634957.5,1860.6349575,2106.0,0.9411206077872745,-0.15943194804299632,0.1579660183349474,46.709719962979506,2.356696264529743,-0.057312722948870354,-0.058879392212725534,20.448621848172134,23.908481696413826,23.814658159999237,earnings_blackout,1,macd_sell_like;before_earnings,False,False,True,False,False,False,False,False,False,7956.T,,1982.0,27.658386,2.9059708,71.66,682.044,237136068608.0,1785997800.0,1785997800.0,1785997800.0,True,,,True,1785997800.0,2026-08-06,1.0
4,True,76.31578947368422,False,False,True,True,0.6418536035252942,3700.0,3700.0,1815939525.0,1815.939525,3700.0,1.0,-0.4611285022124587,0.4297562015012495,38.33636879999861,1.036118075675638,0.0,0.0,70.71614059838657,34.36619124351677,4.191412450766379,earnings_blackout,1,macd_sell_like;ext_dev200;before_earnings,False,False,True,False,False,True,False,False,False,2371.T,,3700.0,38.910507,11.263524,95.09,328.494,731994193920.0,1785911400.0,1785911400.0,1785911400.0,True,,,True,1785911400.0,2026-08-05,0.0
1,False,72.50996015936255,False,False,True,False,0.3973596773350431,1821.5,1821.5,1713139930.0,1713.13993,2901.81396484375,0.6277108119500279,-0.47291590069856293,-0.137278181234455,49.3076412987325,2.706980032870299,-0.05278211128445143,-0.05278211128445143,37.85874015502769,37.880547664090884,14.145884735406247,earnings_blackout,1,trend_break;before_earnings,True,False,False,False,False,False,False,False,False,6417.T,,1821.5,8.103119,1.4381928,224.79,1266.52,359771242496.0,1785997800.0,1785997800.0,1785997800.0,True,,,True,1785997800.0,2026-08-06,1.0
4,False,50.45592705167174,False,True,False,True,0.4872129835965841,1825.5,1825.5,1332793430.0,1332.79343,2143.932861328125,0.8514725591122932,-0.19796928765073218,-0.01724684150208511,35.566800945612044,1.9483320156456885,-0.007070981778623864,-0.07335025380710658,16.171640659319895,24.242283576988235,16.33840386589523,earnings_blackout,1,trend_break;before_earnings,True,False,False,False,False,False,False,False,False,1719.T,,1825.5,9.731848,1.375136,187.58,1327.505,286390059008.0,1785911400.0,1785911400.0,1785911400.0,True,,,True,1785911400.0,2026-08-05,0.0
6,True,48.90590809628009,False,False,True,False,0.35895149244125024,5506.0,5506.0,1258113615.0,1258.113615,6067.66943359375,0.9074324269407199,-0.19181966141966145,0.003809830590315366,117.83042310722168,2.1400367436836483,-0.06264896152536603,-0.06897615670524393,16.755500227476023,25.599217519630134,22.73327455551946,earnings_blackout,1,macd_sell_like;before_earnings,False,False,True,False,False,False,False,False,False,4967.T,,5506.0,112.43618,1.9592144,48.97,2810.31,409309249536.0,1785997800.0,1785997800.0,1785997800.0,True,,,True,1785997800.0,2026-08-06,1.0
7,True,47.99643811219946,False,False,True,True,0.4466122222994263,2980.5,2980.5,1169890812.5,1169.8908125,3253.59375,0.916063967727993,-0.15570282860298712,0.042166626059330525,69.49849383209934,2.331772985475569,-0.02978515625,-0.02978515625,8.815025843818168,21.057919105129084,21.06039696635624,earnings_blackout,1,macd_sell_like;before_earnings,False,False,True,False,False,False,False,False,False,7240.T,,2980.5,10.463035,0.7576752,284.86,3933.744,473437798400.0,1785997800.0,1785997800.0,1785997800.0,True,,,True,1785997800.0,2026-08-06,1.0
5,True,45.91549295774648,False,False,True,True,0.3531951587226594,1999.5,1999.5,1107658985.0,1107.658985,2179.0,0.9176227627351996,-0.17732285278061588,0.10355912624047403,49.31700110668744,2.4664666720023725,-0.0823772372648004,-0.0823772372648004,18.31827081450747,20.053923701954073,24.689943604338627,earnings_blackout,1,trailing_stop;before_earnings,False,False,False,False,True,False,False,False,False,8876.T,,1999.5,15.313624,3.581036,130.57,558.358,302840905728.0,1785997800.0,1785997800.0,1785997800.0,True,,,True,1785997800.0,2026-08-06,1.0
5,True,30.094043887147336,False,False,True,False,0.4251889448310839,2584.5,2584.5,1090443562.5,1090.4435625,2762.5,0.9355656108597286,-0.10118579396351013,0.061223920557726075,58.6487563279673,2.2692496160946916,-0.05155963302752298,-0.06443438914027144,10.955796767512908,17.31102413895983,19.818297228386207,earnings_blackout,1,macd_sell_like;before_earnings,False,False,True,False,False,False,False,False,False,9076.T,,2584.5,17.777548,0.94584095,145.38,2732.489,419587424256.0,1785997800.0,1785997800.0,1785997800.0,True,,,True,1785997800.0,2026-08-06,1.0
6,True,43.290734824281145,True,False,True,True,0.31256670123958996,1691.0,1691.0,1070471065.0,1070.471065,1915.0,0.8830287206266318,-0.2876489346397535,0.18491121901074425,77.18994685683825,4.5647514403807365,-0.04732394366197179,-0.11697127937336815,21.441008406748285,25.90646039705805,26.07916350073746,earnings_blackout,1,ext_dev200;di_bear;before_earnings,False,False,False,False,False,True,True,False,False,3101.T,,1691.0,13.352811,0.6995411,126.64,2417.299,149221900288.0,1785997800.0,1785997800.0,1785997800.0,True,,,True,1785997800.0,2026-08-06,1.0
4,True,43.31797235023041,False,True,False,False,0.24832644257750344,6490.0,6490.0,1009893400.0,1009.8934,6990.0,0.9284692417739628,-0.1573770414225516,0.24011583640414735,262.69839179447996,4.047741013782434,-0.07153075822603716,-0.07153075822603716,17.584223577601506,26.157844536979212,26.209390767234897,earnings_blackout,1,cross_sma25_down;ext_dev200;before_earnings,False,True,False,False,False,True,False,False,False,8522.T,,6490.0,15.746312,1.0171988,412.16,6380.267,319288049664.0,1785911400.0,1785911400.0,1785911400.0,True,,,True,1785911400.0,2026-08-05,0.0
6,True,50.814332247557005,True,False,True,True,0.4085587590844996,1233.0,1233.0,962865085.0,962.865085,1453.0,0.848589125946318,-0.23446557533084833,0.10632787199616911,43.01590496546655,3.488718975301423,-0.03671875000000002,-0.15141087405368203,20.316435896098902,20.89929098732165,25.987705787610267,earnings_blackout,1,di_bear;before_earnings,False,False,False,False,False,False,True,False,False,7004.T,,1233.0,18.614132,1.0539471,66.24,1169.888,207428304896.0,1785997800.0,1785997800.0,1785997800.0,True,,,True,1785997800.0,2026-08-06,1.0
2,False,44.38202247191011,False,False,False,True,0.3695557753312177,3070.0,3070.0,954215700.0,954.2157,4873.31298828125,0.6299615902738779,-0.49644112621104364,-0.1372346211652009,110.26227026115394,3.5916048945001284,-0.06828528072837636,-0.06828528072837636,22.709929776984918,26.17919747058713,23.237538420532807,earnings_blackout,1,trend_break;before_earnings,True,False,False,False,False,False,False,False,False,4483.T,,3070.0,29.922028,2.400872,102.6,1278.702,200909979648.0,1785911400.0,1785911400.0,1785911400.0,True,,,True,1785911400.0,2026-08-05,0.0
5,True,58.154859967051074,False,True,False,True,0.2378173195574031,2444.0,2444.0,760233100.0,760.2331,2667.0,0.9163854518185227,-0.1781027371578553,0.1218345681390609,68.88910940489217,2.818703330805735,-0.062164236377590165,-0.08361454818147729,30.63179904111848,32.07337844620081,15.545498589638102,earnings_blackout,1,macd_sell_like;before_earnings,False,False,True,False,False,False,False,False,False,2730.T,,2444.0,16.755793,1.1023623,145.86,2217.057,258427863040.0,1785911400.0,1785911400.0,1785911400.0,True,,,True,1785911400.0,2026-08-05,0.0
1,False,55.35353535353536,True,True,False,True,0.6075776679284833,2131.0,2131.0,754946505.0,754.946505,4532.8037109375,0.47012845379957,-0.5620811915569468,-0.2246369327760105,72.33736253925585,3.3945266325319494,0.0,-0.24136703453186192,13.846389180236315,27.739107120875406,23.961164321587543,earnings_blackout,1,trend_break;before_earnings,True,False,False,False,False,False,False,False,False,1885.T,,2131.0,8.575798,1.4138293,248.49,1507.254,164762058752.0,1785997800.0,1785997800.0,1785997800.0,True,,,True,1785997800.0,2026-08-06,1.0
3,True,31.86440677966101,False,False,True,True,0.5574428081367236,928.0,928.0,742788050.0,742.78805,1375.0,0.6749090909090909,-0.40581818181818186,0.06596215145162665,43.49775559541469,4.6872581460576175,-0.10338164251207727,-0.3250909090909091,14.178059031188836,21.838979953587575,26.721955924591462,earnings_blackout,1,trailing_stop;before_earnings,False,False,False,False,True,False,False,False,False,9519.T,,928.0,25.369053,0.6828374,36.58,1359.035,83886563328.0,1785997800.0,1785997800.0,1785997800.0,True,,,True,1785997800.0,2026-08-06,1.0
6,True,47.64957264957265,False,False,True,False,0.48228338883187977,2764.0,2764.0,740105880.0,740.10588,2956.0,0.9350473612990527,-0.10485573539760729,0.0713666517190592,62.514665288141686,2.26174621158255,-0.06495263870094725,-0.06495263870094725,19.567473803275483,20.087972418809308,22.101826369858973,earnings_blackout,1,macd_sell_like;before_earnings,False,False,True,False,False,False,False,False,False,2001.T,,2764.0,10.754864,0.8089708,257.0,3416.687,228475224064.0,1785997800.0,1785997800.0,1785997800.0,True,,,True,1785997800.0,2026-08-06,1.0
6,True,50.39370078740157,False,False,True,True,0.37704875904225477,3470.0,3470.0,690476950.0,690.47695,3715.0,0.9340511440107672,-0.114098364670016,0.22730758954997032,91.78499810076734,2.6451008098203843,-0.04011065006915626,-0.06594885598923284,22.76275951536929,24.020983357972426,25.21379431070272,earnings_blackout,1,ext_dev200;di_bear;before_earnings,False,False,False,False,False,True,True,False,False,6013.T,,3470.0,18.501732,2.2459388,187.55,1545.011,251723350016.0,1785911400.0,1785911400.0,1785911400.0,True,,,True,1785911400.0,2026-08-05,0.0
3,False,60.24096385542169,False,False,True,True,0.5769141588512797,4080.0,4080.0,668700150.0,668.70015,4501.83984375,0.9062961237202498,-0.20365892070169223,0.03503919179069537,63.19160186808848,1.5488137712766785,0.0,0.0,18.57477881806706,24.20392476206203,16.39179465445834,earnings_blackout,1,trend_break;before_earnings,True,False,False,False,False,False,False,False,False,3002.T,,4080.0,255.0,1.1433731,16.0,3568.389,127887417344.0,1785911400.0,1785911400.0,1785911400.0,True,,,True,1785911400.0,2026-08-05,0.0
3,False,75.1503006012024,True,True,False,True,0.5045688231164176,2546.0,2546.0,504045715.0,504.045715,3714.35791015625,0.6854482151648382,-0.4322033441544997,0.035010705380553286,80.6167437818103,3.166407846889643,0.0,0.0,19.028068559653853,30.329203419262058,11.226531431838765,earnings_blackout,1,trend_break;before_earnings,True,False,False,False,False,False,False,False,False,5541.T,,2546.0,17.43358,0.703375,146.04,3619.691,44269006848.0,1785997800.0,1785997800.0,1785997800.0,True,,,True,1785997800.0,2026-08-06,1.0
4,False,62.96296296296296,False,False,True,True,0.40069985472914327,4435.0,4435.0,430482675.0,430.482675,5202.873046875,0.8524136491594375,-0.2677122878697955,0.027491540782456747,105.55940293882463,2.380144372916001,-0.02634467618002201,-0.054371002132196145,25.776915565063778,24.901983104587618,17.428967521779068,earnings_blackout,1,trend_break;before_earnings,True,False,False,False,False,False,False,False,False,7242.T,,4435.0,7.020516,0.7664888,631.72,5786.125,178423267328.0,1785997800.0,1785997800.0,1785997800.0,True,,,True,1785997800.0,2026-08-06,1.0
4,False,69.02654867256638,True,False,True,True,0.4027275150995268,2695.0,2695.0,342495940.0,342.49594,2977.3173828125,0.9051772631153582,-0.20757826181221106,0.027890198728820037,59.97143534016173,2.2252851703214,0.0,-0.029938906306804958,20.285599613508232,30.47524593553411,17.42753093917615,earnings_blackout,1,trend_break;before_earnings,True,False,False,False,False,False,False,False,False,5851.T,,2695.0,7.781146,0.46860203,346.35,5751.149,85726527488.0,1785911400.0,1785911400.0,1785911400.0,True,,,True,1785911400.0,2026-08-05,0.0
4,True,41.94961664841183,False,False,False,False,0.3884949762630926,2604.0,2604.0,340032215.0,340.032215,2790.0,0.9333333333333333,-0.2206732712626488,0.2618501792789405,100.00460750633466,3.8404227152970303,-0.06666666666666665,-0.06666666666666665,20.270157403358983,18.123838092770395,25.878117393653227,earnings_blackout,1,ext_dev200;di_bear;before_earnings,False,False,False,False,False,True,True,False,False,8337.T,,2604.0,24.668436,0.7753979,105.56,3358.276,149505228800.0,1785997800.0,1785997800.0,1785997800.0,True,,,True,1785997800.0,2026-08-06,1.0
2,False,52.17391304347826,True,False,True,True,0.5665936847505246,4175.0,4175.0,299968575.0,299.968575,5740.0,0.7273519163763066,-0.2987804878048781,-0.10094451349586075,93.6246449847827,2.242506466701382,-0.01648998822143699,-0.24502712477396027,17.7267490363128,16.795059167927725,18.353071936120536,earnings_blackout,1,trend_break;before_earnings,True,False,False,False,False,False,False,False,False,1835.T,,4175.0,11.17625,1.0838987,373.56,3851.836,143794339840.0,1785997800.0,1785997800.0,1785997800.0,True,,,True,1785997800.0,2026-08-06,1.0
6,True,51.470588235294116,False,False,True,True,0.2533542642183699,1076.0,1076.0,266306810.0,266.30681,1160.111083984375,0.9274973878402253,-0.19039732005430698,0.02461498175616339,25.86417147726862,2.4037334086680873,-0.036705461056401045,-0.036705461056401045,18.808609443143137,21.32610306203225,23.088200364051133,earnings_blackout,1,macd_sell_like;before_earnings,False,False,True,False,False,False,False,False,False,6523.T,,1076.0,275.1918,0.8420156,3.91,1277.886,136130560000.0,1785997800.0,1785997800.0,1785997800.0,True,,,True,1785997800.0,2026-08-06,1.0
5,True,45.864248419895574,True,False,True,False,0.25105360868864984,46680.0,46680.0,162877519650.0,162877.51965,57263.48828125,0.8151791202577613,-0.5096480439997336,0.3036378147138843,3659.654911744555,7.8398777029660565,-0.06057556852485413,-0.1848208797422387,12.920536582262415,34.78133506566155,27.748728179051206,earnings_blackout,0,ext_dev200;before_earnings,False,False,False,False,False,True,False,False,False,6920.T,,46680.0,48.33349,18.555132,965.79,2515.746,4183959797760.0,1785997800.0,1785997800.0,1785997800.0,True,,,True,1785997800.0,2026-08-06,1.0
4,True,54.1002277904328,True,False,True,False,0.48703189664222635,4350.0,4350.0,84446010750.0,84446.01075,5720.0,0.7604895104895105,,0.3440179068299585,303.5214072465069,6.977503614862228,0.0,-0.18462980318650424,17.220812009343053,32.88878870731591,25.743960594403553,earnings_blackout,0,ext_dev200;before_earnings,False,False,False,False,False,True,False,False,False,5016.T,,4350.0,38.570667,5.5453715,112.78,784.438,4038813286400.0,1785997800.0,1785997800.0,1785997800.0,True,,,True,1785997800.0,2026-08-06,1.0
5,True,52.86946736684171,True,True,False,True,0.6003350422870769,3919.0,3919.0,64651180542.5,64651.1805425,6014.0,0.6516461589624211,-0.5389923511805786,0.43022899612546284,340.22419564163005,8.681403308028326,0.0,-0.34835384103757894,22.220597498604057,33.68953397766336,32.30945566529545,earnings_blackout,0,ext_dev200;before_earnings,False,False,False,False,False,True,False,False,False,5801.T,,3919.0,38.026394,6.6107755,103.06,592.82,2757008818176.0,1785997800.0,1785997800.0,1785997800.0,True,,,True,1785997800.0,2026-08-06,1.0
7,True,51.037344398340245,True,False,False,False,0.44346563458584365,16175.0,16175.0,36368027700.0,36368.0277,19450.0,0.8316195372750642,-0.37660668380462725,0.4348483073380969,1214.3853760745951,7.5077921241087795,0.0,-0.1683804627249358,22.26924916631427,31.10137672550362,28.550030145096578,earnings_blackout,0,ext_dev200;before_earnings,False,False,False,False,False,True,False,False,False,4004.T,,16175.0,100.917145,4.123185,160.28,3922.938,2927408447488.0,1785997800.0,1785997800.0,1785997800.0,True,,,True,1785997800.0,2026-08-06,1.0
5,True,63.119072708113805,False,False,False,True,0.4678232537881062,1636.0,1636.0,26419181090.0,26419.18109,1688.5,0.9689073141841872,-0.24113474756989983,0.11950011551671147,46.997938364291095,2.872734618844199,-0.031092685815812815,-0.031092685815812815,29.161869941946247,32.58178901399156,20.930439917264387,"fund_neg_eps,earnings_blackout",0,before_earnings,False,False,False,False,False,False,False,False,False,7267.T,,1636.0,-15.433962264150944,0.53888345,-106.0,3035.907,6368261570560.0,1785911400.0,1785911400.0,1785911400.0,True,,,False,1785911400.0,2026-08-05,0.0
5,True,48.83248730964467,False,False,True,False,0.43118552110483527,6547.0,6547.0,20982256545.0,20982.256545,6673.0,0.981117937958939,-0.18796721276828077,0.28868729996571907,177.51367695145086,2.711374323376369,-0.01888206204106102,-0.01888206204106102,15.034861746437121,26.627952469761713,25.287695578028526,earnings_blackout,0,ext_dev200;before_earnings,False,False,False,False,False,True,False,False,False,8591.T,,6547.0,16.396605,1.6045617,399.29,4080.242,7150847393792.0,1785997800.0,1785997800.0,1785997800.0,True,,,True,1785997800.0,2026-08-06,1.0
6,True,41.00197758734344,False,True,False,True,0.4607791757164326,5333.0,5333.0,20898058915.0,20898.058915,6175.0,0.8636437246963563,-0.2564217824169577,0.19448121224083992,223.5788992978296,4.192366384733351,-0.06944686791135923,-0.1363562753036437,20.386311273670916,32.30194476446584,27.950086815395814,earnings_blackout,0,ext_dev200;before_earnings,False,False,False,False,False,True,False,False,False,2802.T,,5333.0,38.591793,6.631113,138.19,804.239,5090677620736.0,1785997800.0,1785997800.0,1785997800.0,True,,,True,1785997800.0,2026-08-06,1.0
5,True,50.0,True,True,False,True,0.46183842540911674,3555.0,3555.0,16899980490.0,16899.98049,6390.0,0.5563380281690141,-0.5934272300469483,0.0069789268535604965,306.66322938393165,8.626251178169667,0.0,-0.35504354136429606,14.685415593965448,34.79105779648603,26.930871560588116,earnings_blackout,0,before_earnings,False,False,False,False,False,False,False,False,False,3110.T,,3555.0,15.489522,3.7276692,229.51,953.679,647101022208.0,1785911400.0,1785911400.0,1785911400.0,True,,,True,1785911400.0,2026-08-05,0.0
5,True,64.68085106382978,True,False,True,True,0.41960631823111,3828.0,3828.0,14150975225.0,14150.975225,3866.0,0.9901707190894982,-0.23302382928281262,0.16624888626102763,91.5056285573716,2.390429168165402,-0.009829280910501836,-0.009829280910501836,34.32613874635633,27.010259511325557,15.056793556839022,earnings_blackout,0,before_earnings,False,False,False,False,False,False,False,False,False,4901.T,,3828.0,16.679012,1.2017038,229.51,3185.477,4578239578112.0,1785997800.0,1785997800.0,1785997800.0,True,,,True,1785997800.0,2026-08-06,1.0
4,True,59.40495867768595,False,False,True,False,0.47408756648198414,3269.0,3269.0,12739696712.5,12739.6967125,3481.0,0.9390979603562195,-0.48974212398712746,0.18432568960709772,139.44724914347051,4.265746379427058,-0.06090203964378049,-0.06090203964378049,31.791576677284827,36.49631694480889,20.627467556348492,"fund_neg_eps,earnings_blackout",0,ext_dev200;before_earnings,False,False,False,False,False,True,False,False,False,4911.T,,3269.0,-32.05530496175721,2.152669,-101.98,1518.58,1306353205248.0,1785911400.0,1785911400.0,1785911400.0,True,,,False,1785911400.0,2026-08-05,0.0
5,True,50.26881720430107,True,False,True,False,0.4375392388631909,7456.0,7456.0,8638036670.0,8638.03667,8096.16796875,0.9209295099581737,-0.24581604240818022,0.3897279623873766,416.7259972834972,5.589136229660638,-0.030176899063475537,-0.07907049004182631,19.026911704402984,30.80309478816093,29.129659964911532,earnings_blackout,0,ext_dev200;before_earnings,False,False,False,False,False,True,False,False,False,6481.T,,7456.0,83.21429,3.3054028,89.6,2255.701,835622338560.0,1785911400.0,1785911400.0,1785911400.0,True,,,True,1785911400.0,2026-08-05,0.0
4,True,55.24538496172895,True,True,False,False,0.32955582737706934,5931.0,5931.0,7423610600.0,7423.6106,6272.0,0.9456313775510204,-0.4435615064497226,0.23845962108643692,272.2127823494359,4.589660805082379,-0.013144758735440965,-0.05436862244897955,12.845173279069934,32.86066812443499,26.337623538389472,earnings_blackout,0,ext_dev200;before_earnings,False,False,False,False,False,True,False,False,False,6645.T,,5931.0,34.10777,1.3951788,173.89,4251.068,1166208925696.0,1785911400.0,1785911400.0,1785911400.0,True,,,True,1785911400.0,2026-08-05,0.0
7,True,51.99212985735367,True,False,False,True,0.3601713222745677,2550.0,2550.0,7304323460.0,7304.32346,2973.5,0.8575752480242139,-0.27804760777204496,0.2626680626598785,121.59201312891213,4.768314240349495,0.0,-0.14242475197578608,21.19742586423381,29.702618652024253,27.617375985222893,earnings_blackout,0,ext_dev200;before_earnings,False,False,False,False,False,True,False,False,False,6965.T,,2550.0,55.774277,2.3104482,45.72,1103.682,737180844032.0,1785997800.0,1785997800.0,1785997800.0,True,,,True,1785997800.0,2026-08-06,1.0
6,True,50.291666666666664,True,False,False,False,0.36137958607008563,2948.5,2948.5,6569824307.5,6569.8243075,3200.0,0.92140625,-0.18109375000000005,0.2558681054227889,134.55685544294528,4.5635697962674335,-0.02140723531364086,-0.07859375000000002,19.138824954221224,28.80802211387379,30.842585338604263,earnings_blackout,0,ext_dev200;before_earnings,False,False,False,False,False,True,False,False,False,6113.T,,2948.5,29.906685,1.7099206,98.59,1724.349,914985975808.0,1785997800.0,1785997800.0,1785997800.0,True,,,True,1785997800.0,2026-08-06,1.0
4,True,41.43007360672976,False,False,True,False,0.27582525753243103,3221.0,3221.0,5762825005.0,5762.825005,3463.0,0.9301183944556742,-0.20165389920839083,0.20547674121625148,107.48958694901278,3.3371495482462827,-0.06988160554432576,-0.06988160554432576,19.429591114837862,21.29557113266377,27.874497285859995,earnings_blackout,0,ext_dev200;before_earnings,False,False,False,False,False,True,False,False,False,5831.T,,3221.0,19.21379,1.3872242,167.64,2321.903,1708903366656.0,1785997800.0,1785997800.0,1785997800.0,True,,,True,1785997800.0,2026-08-06,1.0
5,True,48.66412213740458,True,True,False,False,0.43474759421427184,6010.0,6010.0,5703934670.0,5703.93467,7517.0,0.7995210855394439,-0.3111613675668484,0.17757681817083437,341.9166861492266,5.689129553231724,-0.02954949136121432,-0.2004789144605561,20.08706804064978,30.66836548271578,29.30141755138343,earnings_blackout,0,before_earnings,False,False,False,False,False,False,False,False,False,6674.T,,6010.0,19.156599,1.5276835,313.73,3934.061,602919272448.0,1785911400.0,1785911400.0,1785911400.0,True,,,True,1785911400.0,2026-08-05,0.0
4,True,60.61036195883605,True,False,True,True,0.4838281068605324,3037.0,3037.0,5157519075.0,5157.519075,3102.0,0.9790457769181173,-0.3489798054337069,0.35969071981903955,96.0609255080418,3.163020266975364,-0.02000645369474019,-0.02095422308188266,19.1568605586353,25.865657551380455,14.333682462482173,earnings_blackout,0,ext_dev200;before_earnings,False,False,False,False,False,True,False,False,False,6724.T,,3037.0,53.505993,1.1401708,56.76,2663.636,973139083264.0,1785911400.0,1785911400.0,1785911400.0,True,,,True,1785911400.0,2026-08-05,0.0
5,True,48.82860665844637,False,False,True,False,0.21748834709682782,1522.0,1522.0,4707726145.0,4707.726145,1565.5,0.9722133503672948,-0.13998516184570875,0.24939523838436206,46.1371881870331,3.0313527061125556,-0.027786649632705163,-0.027786649632705163,14.741405185574859,23.890978239710954,22.541361600831664,earnings_blackout,0,ext_dev200;before_earnings,False,False,False,False,False,True,False,False,False,7167.T,,1522.0,17.104967,1.3261582,88.98,1147.676,1428476788736.0,1785911400.0,1785911400.0,1785911400.0,True,,,True,1785911400.0,2026-08-05,0.0
6,True,53.38809034907597,False,False,False,True,0.39495437254053944,1188.5,1188.5,4649508477.5,4649.5084775,1327.9820556640625,0.8949669123395542,-0.21716418191700593,0.0781286269921988,30.811863263781447,2.5925000642643203,0.0,-0.007515657620041805,11.161214489945381,22.55462187078759,22.79575951142433,earnings_blackout,0,before_earnings,False,False,False,False,False,False,False,False,False,3402.T,,1188.5,22.488174,0.9614241,52.85,1236.187,1732044390400.0,1785997800.0,1785997800.0,1785997800.0,True,,,True,1785997800.0,2026-08-06,1.0
4,True,53.44827586206896,True,False,True,True,0.5222514612142193,3570.0,3570.0,4582075200.0,4582.0752,9740.0,0.3665297741273101,-0.6899383983572895,0.00038607172231897025,322.47899829067603,9.03302516220381,-0.019230769230769273,-0.6334702258726899,19.77180813569213,26.382820269979884,24.559690743290886,earnings_blackout,0,before_earnings,False,False,False,False,False,False,False,False,False,7220.T,,3570.0,184.21054,1.917421,19.38,1861.876,233980919808.0,1785911400.0,1785911400.0,1785911400.0,True,,,True,1785911400.0,2026-08-05,0.0
6,True,42.57990867579909,False,True,False,True,0.45414935370651144,2139.5,2139.5,4486737452.5,4486.7374525,2353.532470703125,0.9090590534154891,-0.24546779696286403,0.059515066992581245,66.60752835405926,3.1132287148426854,-0.03146220009053868,-0.03712871287128716,9.624695705368971,28.861999884664574,25.981129840795514,earnings_blackout,0,before_earnings,False,False,False,False,False,False,False,False,False,4183.T,,2139.5,23.288342,0.91075027,91.87,2349.162,773522980864.0,1785911400.0,1785911400.0,1785911400.0,True,,,True,1785911400.0,2026-08-05,0.0
5,True,48.66412213740458,True,False,False,False,0.3143462071571121,9186.0,9186.0,4322976215.0,4322.976215,9563.0,0.9605772247202761,-0.23837206322845872,0.20416661061485297,382.2733116018383,4.161477374285198,-0.009061488673139162,-0.03942277527972393,15.62490117270849,27.349848485629707,28.852338232026355,earnings_blackout,0,ext_dev200;before_earnings,False,False,False,False,False,True,False,False,False,6370.T,,9186.0,25.405167,2.946516,361.58,3117.58,993419984896.0,1785997800.0,1785997800.0,1785997800.0,True,,,True,1785997800.0,2026-08-06,1.0
5,True,69.15077989601386,True,False,True,True,0.4839683963357548,4080.0,4080.0,3239185340.0,3239.18534,4082.0,0.9995100440960314,-0.18864104010674887,0.2701010019623995,91.44359523597198,2.2412645891169607,-0.0004899559039686086,-0.0004899559039686086,31.319219998943908,27.965090534070118,11.665507029973668,earnings_blackout,0,ext_dev200;before_earnings,False,False,False,False,False,True,False,False,False,6448.T,,4080.0,16.484182,1.3304355,247.51,3066.665,1009092198400.0,1785997800.0,1785997800.0,1785997800.0,True,,,True,1785997800.0,2026-08-06,1.0
6,True,47.382198952879584,True,False,True,True,0.4938816770105834,3763.0,3763.0,3154227920.0,3154.22792,4243.0,0.8868724958755597,-0.23908449533067977,0.2629052094305253,194.90684336550294,5.179560015027981,-0.020817069997397852,-0.11312750412444028,15.104845696028756,30.383777539842594,25.676323918430015,earnings_blackout,0,ext_dev200;before_earnings,False,False,False,False,False,True,False,False,False,5991.T,,3763.0,27.39716,1.74202,137.35,2160.136,762342735872.0,1785997800.0,1785997800.0,1785997800.0,True,,,True,1785997800.0,2026-08-06,1.0
4,True,65.60509554140128,False,False,True,True,0.19987172034583764,5604.0,5604.0,2807031915.0,2807.031915,5968.04931640625,0.9390002834920493,-0.2330277595957606,0.07638469879022125,135.37776487189606,2.4157345623107793,-0.04106776180698157,-0.04106776180698157,18.114467866500227,26.743802062985615,24.227646814932253,earnings_blackout,0,before_earnings,False,False,False,False,False,False,False,False,False,6465.T,,5604.0,20.760939,1.9989334,269.93,2803.495,787942670336.0,1785997800.0,1785997800.0,1785997800.0,True,,,True,1785997800.0,2026-08-06,1.0
4,True,58.38926174496645,True,False,False,True,0.2422883004533715,5280.0,5280.0,2532828975.0,2532.828975,5280.0,1.0,-0.242657477188034,0.2975098995501553,204.67501736783294,3.8764207834816844,0.0,0.0,12.261873508177862,30.018378688750285,22.05375612806518,earnings_blackout,0,ext_dev200;before_earnings,False,False,False,False,False,True,False,False,False,6103.T,,5280.0,25.405378,1.2773138,207.83,4133.675,309994422272.0,1785911400.0,1785911400.0,1785911400.0,True,,,True,1785911400.0,2026-08-05,0.0
6,True,55.723542116630675,False,False,True,True,0.4369990480096337,4090.0,4090.0,2388436195.0,2388.436195,4755.0703125,0.8601344945937642,-0.3091436936559495,0.03159247680552513,119.25807816198419,2.915845431833354,-0.03172348484848486,-0.09713024282560712,14.353084749705873,25.04585349615505,25.241232415924248,earnings_blackout,0,before_earnings,False,False,False,False,False,False,False,False,False,5233.T,,4090.0,17.93545,0.6706971,228.04,6098.133,445634019328.0,1785997800.0,1785997800.0,1785997800.0,True,,,True,1785997800.0,2026-08-06,1.0
5,True,53.09446254071662,True,True,False,True,0.5512781973713412,1009.0,1009.0,2346983170.0,2346.98317,3745.0,0.26942590120160215,-0.7965287049399199,0.020723003697465492,79.34862801950452,7.864086027701142,0.0,-0.56414686825054,18.128642208905696,31.701577340151673,24.20747369923339,"fund_small_mcap,earnings_blackout",0,before_earnings,False,False,False,False,False,False,False,False,False,3103.T,,1009.0,3.2515872,1.0815991,310.31,932.878,,1785997800.0,1785997800.0,1785997800.0,True,,,False,1785997800.0,2026-08-06,1.0
5,True,52.54237288135593,False,False,False,False,0.31996215127474403,6920.0,6920.0,2308050450.0,2308.05045,7310.0,0.9466484268125855,-0.19972640218878246,0.38224206784523673,302.48692970918466,4.37119840620209,0.0,-0.05335157318741446,17.650966544927545,33.71351773508244,23.321663892260908,earnings_blackout,0,ext_dev200;before_earnings,False,False,False,False,False,True,False,False,False,7966.T,,6920.0,26.14478,1.7598708,264.68,3932.107,453131501568.0,1785997800.0,1785997800.0,1785997800.0,True,,,True,1785997800.0,2026-08-06,1.0
5,True,54.23728813559322,True,False,True,True,0.35344625663134355,1714.0,1714.0,2296617585.0,2296.617585,1742.0,0.983926521239954,-0.17602623123693217,0.1646395803309908,40.53131108958972,2.3647206003261214,0.0,-0.016073478760045945,19.06105481727132,22.27975176007357,18.503855037011267,earnings_blackout,0,before_earnings,False,False,False,False,False,False,False,False,False,6845.T,,1714.0,22.452188,3.4437861,76.34,497.708,861177577472.0,1785997800.0,1785997800.0,1785997800.0,True,,,True,1785997800.0,2026-08-06,1.0
5,True,48.296593186372746,False,False,False,False,0.33737255867789984,1216.0,1216.0,2288661280.0,2288.66128,1263.0,0.9627870150435471,-0.17850633736741184,0.29427496065707004,47.77438300717012,3.9288143920370167,-0.037212984956452866,-0.037212984956452866,18.22419068147341,28.533784172375988,22.608295858102228,earnings_blackout,0,ext_dev200;before_earnings,False,False,False,False,False,True,False,False,False,8524.T,,1216.0,17.86134,1.1739888,68.08,1035.785,454926368768.0,1785911400.0,1785911400.0,1785911400.0,True,,,True,1785911400.0,2026-08-05,0.0
5,True,55.69735642661805,True,True,False,False,0.38549361986125924,2846.0,2846.0,2021778995.0,2021.778995,3597.48046875,0.7911092290068461,-0.34481923655336033,0.07996807822855123,142.6387854508455,5.011903916052195,0.0,-0.04142809026608285,21.591550463485913,36.75628020375205,28.14644847031222,earnings_blackout,0,before_earnings,False,False,False,False,False,False,False,False,False,1980.T,,2846.0,13.7235985,2.8221388,207.38,1008.455,368209985536.0,1785911400.0,1785911400.0,1785911400.0,True,,,True,1785911400.0,2026-08-05,0.0
6,True,48.40598568640208,False,False,True,False,0.37308573085661423,2297.5,2297.5,1966363572.5,1966.3635725,2484.5,0.9247333467498491,-0.1883281574719201,0.34667023402376773,110.36071212207368,4.8035130412219225,-0.020882164926486202,-0.07526665325015092,16.088733150873747,27.31656142696128,24.710992897549108,earnings_blackout,0,ext_dev200;before_earnings,False,False,False,False,False,True,False,False,False,3105.T,,2297.5,25.803009,1.5758514,89.04,1457.942,358865895424.0,1785997800.0,1785997800.0,1785997800.0,True,,,True,1785997800.0,2026-08-06,1.0
3,True,74.80862908837857,True,False,False,True,0.5968722359814088,3430.0,3430.0,1767693810.0,1767.69381,4418.4287109375,0.7762940684115336,-0.5097804804141743,0.34756970775130847,166.71563410664652,4.8605141138964,0.0,0.0,17.942572229376605,42.616075013199165,16.112673264871226,earnings_blackout,0,ext_dev200;before_earnings,False,False,False,False,False,True,False,False,False,1515.T,,3430.0,19.213533,1.7156332,178.52,1999.262,269879345152.0,1785997800.0,1785997800.0,1785997800.0,True,,,True,1785997800.0,2026-08-06,1.0
6,True,52.69709543568464,True,True,False,False,0.36307355104934563,4490.0,4490.0,1739788850.0,1739.78885,5090.0,0.8821218074656189,-0.32474107901968996,0.4541440676363466,274.3074032531963,6.109296286262724,0.0,-0.11787819253438114,21.2376485904841,30.983015871181557,25.16651414343324,earnings_blackout,0,ext_dev200;before_earnings,False,False,False,False,False,True,False,False,False,5384.T,,4490.0,36.749058,3.9714165,122.18,1130.579,333082820608.0,1785911400.0,1785911400.0,1785911400.0,True,,,True,1785911400.0,2026-08-05,0.0
5,True,75.0,True,True,False,False,0.5159666899329671,1614.5,1614.5,1642049457.5,1642.0494575,1614.5,1.0,-0.21787888074662443,0.2733168830656856,40.57606127093328,2.5132277033715256,0.0,0.0,25.5786931000648,36.47436647331549,14.598990084339661,earnings_blackout,0,ext_dev200;before_earnings,False,False,False,False,False,True,False,False,False,3941.T,,1614.5,19.065895,0.8184484,84.68,1972.635,394862526464.0,1785911400.0,1785911400.0,1785911400.0,True,,,True,1785911400.0,2026-08-05,0.0
5,True,50.0,False,False,True,True,0.2122144765261319,2020.0,2020.0,1564563190.0,1564.56319,2113.0,0.9559867486985328,-0.36858527911872785,0.09763567076713686,50.90932693441189,2.5202637096243508,-0.01535461857177678,-0.04401325130146716,12.689186048093852,23.599455218183643,20.69984907275289,earnings_blackout,0,before_earnings,False,False,False,False,False,False,False,False,False,8088.T,,2020.0,9.750917,1.0637356,207.16,1898.968,464955604992.0,1785997800.0,1785997800.0,1785997800.0,True,,,True,1785997800.0,2026-08-06,1.0
4,True,57.09969788519638,True,False,True,False,0.36843893965383945,11300.0,11300.0,1445498000.0,1445.498,11300.0,1.0,-0.2889159185148191,0.5257352391330987,682.4964559648897,6.0397916457069885,0.0,0.0,12.392504075512297,36.217329216131944,24.90795490748081,earnings_blackout,0,ext_dev200;before_earnings,False,False,False,False,False,True,False,False,False,6490.T,,11300.0,29.090721,3.2528358,388.44,3473.892,258333687808.0,1785997800.0,1785997800.0,1785997800.0,True,,,True,1785997800.0,2026-08-06,1.0
5,True,63.71308016877637,False,False,True,True,0.43762410464994816,1878.5,1878.5,1434508630.0,1434.50863,2138.5,0.878419452887538,-0.1716156184241291,0.09247435213777289,49.5614824672938,2.6383541371995634,-0.05269793242561771,-0.12158054711246202,19.731486174974297,21.38914391529843,19.75821097603064,earnings_blackout,0,before_earnings,False,False,False,False,False,False,False,False,False,8282.T,,1878.5,20.611147,1.1662443,91.14,1610.726,290247901184.0,1785997800.0,1785997800.0,1785997800.0,True,,,True,1785997800.0,2026-08-06,1.0
6,True,51.474926253687315,True,False,True,False,0.3745664534624482,3190.0,3190.0,1099236480.0,1099.23648,3390.0,0.9410029498525073,-0.2126843657817109,0.1907999950931667,143.3966655040774,4.4951932759898865,0.0,-0.05899705014749268,21.40126304829294,32.90729578588537,28.822831008000165,earnings_blackout,0,ext_dev200;before_earnings,False,False,False,False,False,True,False,False,False,3433.T,,3190.0,18.853428,2.8416836,169.2,1122.574,189705142272.0,1785911400.0,1785911400.0,1785911400.0,True,,,True,1785911400.0,2026-08-05,0.0
4,True,71.12068965517241,True,False,False,False,0.33531115786268323,3748.0,3748.0,1027256765.0,1027.256765,3748.0,1.0,-0.13705909761016877,0.1958439152569007,88.93974334568684,2.372992084996981,0.0,0.0,14.245193330716525,31.86200568705793,15.96614806177286,earnings_blackout,0,ext_dev200;before_earnings,False,False,False,False,False,True,False,False,False,3107.T,,3748.0,10.355308,1.9181294,361.94,1953.987,323547561984.0,1785997800.0,1785997800.0,1785997800.0,True,,,True,1785997800.0,2026-08-06,1.0
5,True,64.80446927374302,False,True,False,True,0.4057069499585554,4239.0,4239.0,922096625.0,922.096625,4344.0,0.975828729281768,-0.2218283591198107,0.1333129614618347,107.09936722789692,2.5265243507406683,0.0,-0.024171270718231996,17.355475057257674,29.83266286321061,15.963361153393052,earnings_blackout,0,before_earnings,False,False,False,False,False,False,False,False,False,5901.T,,4239.0,11.72452,0.91360354,361.55,4639.868,638331060224.0,1785911400.0,1785911400.0,1785911400.0,True,,,True,1785911400.0,2026-08-05,0.0
6,True,54.794520547945204,False,False,True,True,0.49283752239726913,3055.0,3055.0,466049600.0,466.0496,3296.028076171875,0.9268731726181734,-0.24879280674219406,0.0787886520266694,65.79656792658889,2.1537338110176396,-0.030158730158730163,-0.030158730158730163,30.315828366398627,21.697098511528555,19.519238793281257,earnings_blackout,0,before_earnings,False,False,False,False,False,False,False,False,False,7864.T,,3055.0,7.8852954,1.0105574,387.43,3023.084,162965504000.0,1785997800.0,1785997800.0,1785997800.0,True,,,True,1785997800.0,2026-08-06,1.0
5,True,56.16438356164384,False,True,False,True,0.4198324072519333,4010.0,4010.0,356242625.0,356.242625,4285.4482421875,0.9357247534864875,-0.1331128530667578,0.048334899328224656,67.5375297578066,1.6842276747582694,-0.00987654320987652,-0.00987654320987652,10.864064746464956,22.4008136884284,19.384261623569298,earnings_blackout,0,before_earnings,False,False,False,False,False,False,False,False,False,8098.T,,4010.0,10.422352,0.90789425,384.75,4416.814,214061465600.0,1785911400.0,1785911400.0,1785911400.0,True,,,True,1785911400.0,2026-08-05,0.0
5,True,69.8529411764706,True,False,True,True,0.32530675318285707,4620.0,4620.0,339684575.0,339.684575,4940.0,0.9352226720647774,-0.1749717121531098,0.13304251061465822,115.51946964913662,2.5004214209769833,0.0,-0.06477732793522262,19.258117625479958,31.924341697385184,14.466819486943649,earnings_blackout,0,before_earnings,False,False,False,False,False,False,False,False,False,6744.T,,4620.0,19.9413,1.9627628,231.68,2353.825,271946711040.0,1785997800.0,1785997800.0,1785997800.0,True,,,True,1785997800.0,2026-08-06,1.0
