score,gc_multi,rsi,macd_buy_like,vol_surge,vol_quiet,vol_down,hurst,close,close_adj,adv20,adv20_m,hh252,pct_of_52w_high,max_dd_252,dev200,atr14,natr14,pullback_20d,pullback_60d,adx14,plus_di14,minus_di14,skip_reason,sell_score,sell_reason,sell_trend_break,sell_cross_sma25_down,sell_macd_sell_like,sell_rsi_reversal,sell_trailing_stop,sell_ext_dev200,sell_di_bear,sell_vol_distribution,sell_natr_spike,ticker,skip_reason_yahoo,mkt_price,pe_ttm,pbr,eps_ttm,bps,market_cap,earn_ts,earn_start_ts,earn_end_ts,market_risk_on,market_close,market_ma200,fund_ok,earn_ts_pick,next_earn_date,days_to_earnings
2,False,41.94805194805195,False,True,False,False,0.49483496023887164,2434.0,2434.0,796896445.0,796.896445,3130.0,0.7776357827476038,-0.2504792332268371,-0.09589596198030426,73.80542713404724,3.03226898660835,-0.13657325292656974,-0.13657325292656974,24.000109032234924,28.209975603536254,30.21357158736384,,7,trend_break;cross_sma25_down;macd_sell_like;trailing_stop;di_bear;vol_distribution;natr_spike,True,True,True,False,True,False,True,True,True,9003.T,,2434.0,9.409672,1.1156024,258.67,2181.781,233588719616.0,1785393000.0,1793255400.0,1793255400.0,True,,,True,1793255400.0,2026-10-29,62.0
2,False,36.3707776904949,False,True,False,False,0.48118108366743645,2546.5,2546.5,875110822.5,875.1108225,2937.409423828125,0.8669203480260237,-0.1739215266194316,-0.05678943127286851,61.21304973891668,2.403811103040121,-0.1110141385931227,-0.1110141385931227,29.24862007294829,25.812543785336732,35.763668826181636,,6,trend_break;macd_sell_like;trailing_stop;di_bear;vol_distribution;natr_spike,True,False,True,False,True,False,True,True,True,2811.T,,2546.5,17.419111,1.1936021,146.19,2133.458,230225362944.0,1793255400.0,1793255400.0,1793255400.0,True,,,True,1793255400.0,2026-10-29,62.0
0,False,24.17910447761193,False,True,False,False,0.3480358088430866,330.0,330.0,97862765.0,97.862765,1262.250732421875,0.2614377567972018,-0.7385622432027982,-0.45096538586319046,33.39640398110585,10.120122418516923,-0.37969924812030076,-0.4086021505376344,19.728944058918643,18.927086558173297,47.602399420258315,"fund_low_adv20,fund_small_mcap",6,trend_break;cross_sma25_down;macd_sell_like;trailing_stop;vol_distribution;natr_spike,True,True,True,False,True,False,False,True,True,3856.T,,330.0,0.9271746,0.16810156,355.92,1963.099,6253714944.0,,1747306740.0,1747306740.0,True,,,False,1747306740.0,2025-05-15,-318.0
2,False,28.753180661577602,False,True,False,False,0.16185070249469533,829.0,829.0,85055195.0,85.055195,1024.0,0.8095703125,-0.2060546875,-0.0448110036996876,42.893713942757685,5.174151259681265,-0.1904296875,-0.1904296875,30.262822994149225,17.359629653347554,39.945710376011164,"fund_low_adv20,fund_small_mcap",6,trend_break;cross_sma25_down;macd_sell_like;trailing_stop;di_bear;natr_spike,True,True,True,False,True,False,True,False,True,6157.T,,829.0,16.79838,1.0802189,49.35,767.437,19466637312.0,,1753770600.0,1754289000.0,True,,,False,1753770600.0,2025-07-29,-265.0
3,False,36.986301369863014,False,True,False,False,0.37093052777385327,1364.0,1364.0,58157900.0,58.1579,1612.7117919921875,0.8457803847983568,-0.2079027592593784,-0.033351583626127335,33.99998343494838,2.4926674072542805,-0.10322156476002631,-0.10322156476002631,29.552820465610004,22.638949152028896,32.106140914599706,fund_low_adv20,6,trend_break;cross_sma25_down;macd_sell_like;trailing_stop;di_bear;vol_distribution,True,True,True,False,True,False,True,True,False,9628.T,,1364.0,6.3905544,0.7226345,213.44,1887.538,32263165952.0,,1754463600.0,1754982000.0,True,,,False,1754463600.0,2025-08-06,-259.0
3,False,39.65014577259475,False,True,False,False,0.31603644091940913,1705.0,1705.0,50525010.0,50.52501,1900.0,0.8973684210526316,-0.1247094170266354,-0.024194040472680034,42.287291902684736,2.4801930734712454,-0.10263157894736841,-0.10263157894736841,41.55219080167203,22.78566016276567,28.96791550537463,fund_low_adv20,6,trend_break;cross_sma25_down;macd_sell_like;trailing_stop;di_bear;vol_distribution,True,True,True,False,True,False,True,True,False,2003.T,,1705.0,18.703379,1.2410741,91.16,1373.81,62094647296.0,,1753776000.0,1754294400.0,True,,,False,1753776000.0,2025-07-29,-265.0
3,True,33.33333333333333,False,True,False,False,0.21282965672077575,2169.0,2169.0,29199425.0,29.199425,2849.0,0.7613197613197613,-0.2386802386802387,0.06705002150538308,134.50788207765615,6.201377689149661,-0.19666666666666666,-0.2386802386802387,25.078515803633543,21.71359475786293,35.49268183167367,"fund_low_adv20,fund_small_mcap",6,cross_sma25_down;macd_sell_like;trailing_stop;di_bear;vol_distribution;natr_spike,False,True,True,False,True,False,True,True,True,6870.T,,2169.0,9.750505,0.78135467,222.45,2775.948,12162565120.0,,1753682400.0,1754028000.0,True,,,False,1753682400.0,2025-07-28,-266.0
0,False,24.725274725274716,False,True,False,False,0.5170302980956891,2107.0,2107.0,29121135.0,29.121135,3046.34130859375,0.691649354606504,-0.308350645393496,-0.14435774307551752,61.52924430604159,2.9202299148572184,-0.09957264957264955,-0.09957264957264955,42.413370797901614,18.97912716501646,32.42537283312926,"fund_low_adv20,fund_small_mcap",6,trend_break;cross_sma25_down;macd_sell_like;trailing_stop;di_bear;vol_distribution,True,True,True,False,True,False,True,True,False,5280.T,,2107.0,5.579092,0.5192131,377.66,4058.064,14474470400.0,,1745994600.0,1745994600.0,True,,,False,1745994600.0,2025-04-30,-329.0
1,False,5.904059040590411,False,True,False,False,0.20752620432301142,845.0,845.0,21944595.0,21.944595,1100.47265625,0.7678518818263459,-0.2321481181736541,-0.20274340786402245,24.55967354154118,2.9064702416025066,-0.22619047619047616,-0.22619047619047616,21.075255235987793,6.654353968871693,74.71414235774715,"fund_low_adv20,fund_small_mcap",6,trend_break;macd_sell_like;trailing_stop;di_bear;vol_distribution;natr_spike,True,False,True,False,True,False,True,True,True,9625.T,,845.0,6.037008,0.47381672,139.97,1783.39,4632097280.0,,1747206000.0,1747206000.0,True,,,False,1747206000.0,2025-05-14,-319.0
5,False,42.578125,False,True,False,False,0.5286953639236271,1432.0,1432.0,20320440.0,20.32044,1709.4791259765625,0.8376820624714859,-0.2687831158593873,0.004439813418133598,61.34092652119469,4.2835842542733715,-0.11822660098522164,-0.11822660098522164,28.967888303537798,23.187311615948467,28.7981442365434,fund_low_adv20,6,trend_break;macd_sell_like;trailing_stop;di_bear;vol_distribution;natr_spike,True,False,True,False,True,False,True,True,True,9845.T,,1432.0,7.634483,0.70473516,187.57,2031.969,35840692224.0,,1747033200.0,1747033200.0,True,,,False,1747033200.0,2025-05-12,-321.0
0,False,31.460674157303373,False,True,False,False,0.2513719255596039,363.0,363.0,6103090.0,6.10309,514.0,0.7062256809338522,-0.2996108949416343,-0.13376525754375923,10.579604079078209,2.9144914818397267,-0.09701492537313428,-0.11678832116788318,20.059030993815917,11.552090887856014,37.396496476679566,"fund_low_adv20,fund_small_mcap",6,trend_break;cross_sma25_down;macd_sell_like;trailing_stop;di_bear;vol_distribution,True,True,True,False,True,False,True,True,False,6185.T,,363.0,12.19758,1.2303791,29.76,295.031,5309613056.0,,1753768800.0,1754287200.0,True,,,False,1753768800.0,2025-07-29,-265.0
2,False,39.98226950354611,False,False,True,False,0.4920328074476209,1904.0,1904.0,16045941962.5,16045.9419625,2421.062255859375,0.7864316563491922,-0.2796550374616643,-0.0865015764001823,68.23356817934629,3.583695807738776,-0.11585790573485022,-0.11585790573485022,22.06339668724491,22.310330229667372,31.619270201955974,earnings_blackout,5,trend_break;cross_sma25_down;macd_sell_like;trailing_stop;di_bear;before_earnings,True,True,True,False,True,False,True,False,False,7269.T,,1904.0,8.364819,1.0861169,227.62,1753.034,3673337364480.0,1785911400.0,1785911400.0,1785911400.0,True,,,True,1785911400.0,2026-08-05,1.0
2,False,40.900632675846666,False,True,False,False,0.5015383626775058,4070.0,4070.0,14199685865.0,14199.685865,8073.55712890625,0.5041148449210733,-0.5170654102340873,-0.2790965643291903,288.00939572487636,7.076397929358142,-0.20538852010933228,-0.27321428571428574,17.178434214162856,25.439488431862227,35.152765346552094,earnings_blackout,5,trend_break;cross_sma25_down;macd_sell_like;trailing_stop;vol_distribution,True,True,True,False,True,False,False,True,False,7003.T,,4070.0,11.74671,1.79253,346.48,2270.534,410735771648.0,1785738600.0,1785738600.0,1785738600.0,True,,,True,1785738600.0,2026-08-03,-1.0
3,False,42.6829268292683,False,False,False,False,0.3822489714341649,3408.0,3408.0,12478376200.0,12478.3762,4155.3798828125,0.8201416226940368,-0.2106618185339083,-0.077585115163472,111.9352968087461,3.2844864087073384,-0.1339263024142313,-0.1339263024142313,22.58214238678149,26.605381206428568,32.32104296971831,,5,trend_break;cross_sma25_down;macd_sell_like;trailing_stop;di_bear,True,True,True,False,True,False,True,False,False,9020.T,,3408.0,15.536813,1.256898,219.35,2711.437,3847865499648.0,1785479400.0,1793255400.0,1793255400.0,True,,,True,1793255400.0,2026-10-29,62.0
4,False,43.111175815281925,False,False,True,False,0.3764799983919886,3351.0,3351.0,10818467325.0,10818.467325,3752.540771484375,0.8929949610312856,-0.20010301769238437,-0.005889741235357127,73.42054027643292,2.19100388768824,-0.08890701468189233,-0.08890701468189233,25.490376685357326,27.435695851084986,37.123514532445284,,5,trend_break;cross_sma25_down;macd_sell_like;trailing_stop;di_bear,True,True,True,False,True,False,True,False,False,1928.T,,3351.0,8.448255,1.005827,396.65,3331.587,2172246294528.0,1780554600.0,1788417000.0,1788417000.0,True,,,True,1788417000.0,2026-09-03,22.0
1,False,26.711185308848087,False,True,False,True,0.43024918973599,5585.0,5585.0,9769565075.0,9769.565075,8100.2041015625,0.6894887992912023,-0.3105112007087977,-0.03505849619785317,238.41094390460458,4.268772496053797,-0.1509577379142597,-0.3105112007087977,32.12275137747506,11.037857697888793,35.213012018122804,earnings_blackout,5,trend_break;macd_sell_like;trailing_stop;di_bear;vol_distribution;before_earnings,True,False,True,False,True,False,True,True,False,5201.T,,5585.0,17.154003,0.7935267,325.58,7038.2,1186219294720.0,1785825000.0,1785825000.0,1785825000.0,True,,,True,1785825000.0,2026-08-04,0.0
3,False,39.74706413730804,False,True,False,True,0.4898044620301544,2216.5,2216.5,7048461200.0,7048.4612,2860.73291015625,0.7748014476048857,-0.27186491524431444,-0.041378811397809634,87.59613991072592,3.952002702942744,-0.10281319570937053,-0.10281319570937053,17.20228051194431,19.023215592408725,27.064479092538374,earnings_blackout,5,trend_break;cross_sma25_down;macd_sell_like;trailing_stop;vol_distribution,True,True,True,False,True,False,False,True,False,7202.T,,2216.5,11.483861,1.0295721,193.01,2152.836,1523261112320.0,1785738600.0,1785738600.0,1785738600.0,True,,,True,1785738600.0,2026-08-03,-1.0
1,False,35.159817351598164,False,False,True,True,0.5107813173761011,3339.0,3339.0,6841566040.0,6841.56604,5742.01318359375,0.5815033670665002,-0.5384893912170633,-0.1949242648519961,150.38233315733436,4.503813511750056,-0.11220420101036954,-0.11596505162827642,25.838152803678952,18.70610886341729,21.20898895119221,,5,trend_break;cross_sma25_down;macd_sell_like;trailing_stop;di_bear,True,True,True,False,True,False,True,False,False,9024.T,,3339.0,22.121372,1.4785864,150.94,2258.238,848699654144.0,1785479400.0,1785479400.0,1785479400.0,True,,,True,1785479400.0,2026-07-31,-2.0
0,False,32.71604938271605,False,True,False,True,0.43445221017552726,1230.0,1230.0,5712769585.0,5712.769585,3184.0,0.3863065326633166,-0.6136934673366834,-0.3754577754872255,58.73481577677003,4.775188274534148,-0.1934426229508197,-0.2906574394463668,31.174359340561203,10.70736048715287,30.198614328013917,,5,trend_break;macd_sell_like;trailing_stop;di_bear;vol_distribution,True,False,True,False,True,False,True,True,False,4506.T,,1230.0,4.5731707,1.3505397,268.96,910.747,551769866240.0,1793341800.0,1793341800.0,1793341800.0,True,,,True,1793341800.0,2026-10-30,63.0
6,True,35.90308370044053,False,True,False,False,0.5132915450861381,3845.0,3845.0,4399377610.0,4399.37761,4591.0,0.837508168155086,-0.21947149665276522,0.11830916765270927,179.5440820374276,4.6695469970722385,-0.162491831844914,-0.162491831844914,20.270207044812352,20.69048675369735,35.4152850657701,,5,macd_sell_like;trailing_stop;di_bear;vol_distribution;natr_spike,False,False,True,False,True,False,True,True,True,2579.T,,3845.0,34.875282,1.7098845,110.25,2248.69,622423310336.0,1785393000.0,1793341800.0,1793341800.0,True,,,True,1793341800.0,2026-10-30,63.0
3,False,33.07943416757345,False,False,True,False,0.4385585257815817,1720.0,1720.0,4259384412.5,4259.3844125,1931.0,0.8907301916105644,-0.16071595538636207,-0.01428217626560957,45.89936504678039,2.6685677352779296,-0.10926980838943556,-0.10926980838943556,27.711380158579804,21.047458012450452,39.492248955797,,5,trend_break;macd_sell_like;trailing_stop;di_bear;natr_spike,True,False,True,False,True,False,True,False,True,5938.T,,1720.0,60.6488,0.7571699,28.36,2271.617,494660059136.0,1785479400.0,1793255400.0,1793255400.0,True,,,True,1793255400.0,2026-10-29,62.0
3,False,42.067988668555245,False,False,True,False,0.4348589319919023,1678.0,1678.0,4162681922.5,4162.6819225,1982.0638427734375,0.8465923063568069,-0.19427418757340842,-0.04946675290459179,39.31751540727499,2.3431177239138847,-0.09125372326022207,-0.09125372326022207,23.020565198972296,27.01399147703546,28.835866562172217,earnings_blackout,5,trend_break;cross_sma25_down;macd_sell_like;trailing_stop;di_bear,True,True,True,False,True,False,True,False,False,9005.T,,1678.0,19.801746,1.0476598,84.74,1601.665,951969644544.0,1786084200.0,1786084200.0,1786084200.0,True,,,True,1786084200.0,2026-08-07,3.0
3,False,42.99820466786356,False,True,False,True,0.2688908635566907,2042.5,2042.5,3970205635.0,3970.205635,2366.5,0.8630889499260511,-0.1626875132051553,-0.016173768366960717,75.87247727580841,3.7146867699294197,-0.08918617614269786,-0.08918617614269786,15.038126984177428,15.572214718135049,28.11351469719231,,5,trend_break;cross_sma25_down;macd_sell_like;trailing_stop;vol_distribution,True,True,True,False,True,False,False,True,False,6770.T,,2042.5,15.146459,0.8961309,134.85,2279.243,398521597952.0,1785479400.0,1793255400.0,1793255400.0,True,,,True,1793255400.0,2026-10-29,62.0
2,False,39.52355170546832,False,True,False,False,0.4544388610953609,5796.0,5796.0,3773279715.0,3773.279715,7411.0,0.7820806908649305,-0.21791930913506952,-0.09954415084881185,184.6228820467925,3.1853499317942116,-0.13103448275862073,-0.13103448275862073,23.57880380896911,23.81904231386203,36.292187569637036,,5,trend_break;macd_sell_like;trailing_stop;di_bear;vol_distribution,True,False,True,False,True,False,True,True,False,2282.T,,5796.0,16.04074,1.0161238,361.33,5704.03,545596768256.0,1785738600.0,1793687400.0,1793687400.0,True,,,True,1793687400.0,2026-11-03,65.0
2,False,45.545545545545544,False,True,False,False,0.4223669004779976,1915.5,1915.5,2732686845.0,2732.686845,2499.77392578125,0.7662692934927514,-0.32836817079356984,-0.025168979502895872,56.55956821644073,2.9527313086108444,-0.1213302752293578,-0.1213302752293578,42.4990064416517,26.996236454772145,33.74255145169882,,5,trend_break;macd_sell_like;trailing_stop;di_bear;vol_distribution,True,False,True,False,True,False,True,True,False,9064.T,,1915.5,44.474113,1.0622764,43.07,1803.203,606594007040.0,1785738600.0,1793255400.0,1793255400.0,True,,,True,1793255400.0,2026-10-29,62.0
3,False,39.34288121314237,False,False,True,True,0.36401487675235156,2835.5,2835.5,2722447907.5,2722.4479075,3207.723388671875,0.883960259794723,-0.16560760524049511,-0.04995709975452989,66.61749364861798,2.3494090512649612,-0.08384491114701131,-0.08384491114701131,21.2542067263095,26.132205257609424,30.490344895174697,earnings_blackout,5,trend_break;cross_sma25_down;macd_sell_like;trailing_stop;di_bear;before_earnings,True,True,True,False,True,False,True,False,False,8252.T,,2835.5,17.92238,2.0864468,158.21,1359.009,506733101056.0,1785825000.0,1785825000.0,1785825000.0,True,,,True,1785825000.0,2026-08-04,0.0
5,True,33.27171903881701,False,True,False,False,0.39599305816735814,2448.0,2448.0,1882537985.0,1882.537985,2725.0,0.898348623853211,-0.12302108024596248,0.1358832209621652,66.54258518610591,2.718242858909555,-0.10165137614678899,-0.10165137614678899,29.337199772124656,15.901615911347832,30.91513359223972,earnings_blackout,5,cross_sma25_down;macd_sell_like;trailing_stop;di_bear;vol_distribution,False,True,True,False,True,False,True,True,False,8439.T,,2448.0,10.777968,1.0661255,227.13,2296.165,1196489048064.0,1785738600.0,1785738600.0,1785738600.0,True,,,True,1785738600.0,2026-08-03,-1.0
1,False,43.06254493170381,False,True,False,False,0.4189403402498446,2783.5,2783.5,1465448385.0,1465.448385,4091.12548828125,0.68037512121619,-0.3404015575347984,-0.16154256106470466,85.51605404656837,3.0722491125047013,-0.08887070376432082,-0.08887070376432082,21.20058699608371,24.609564253357863,25.731902361326526,,5,trend_break;macd_sell_like;trailing_stop;di_bear;vol_distribution,True,False,True,False,True,False,True,True,False,9404.T,,2783.5,12.315827,0.69208944,226.01,4021.879,681492414464.0,1785479400.0,1785479400.0,1785479400.0,True,,,True,1785479400.0,2026-07-31,-2.0
3,False,42.10526315789474,False,False,False,False,0.26943867752898365,747.0,747.0,1295010895.0,1295.010895,824.580322265625,0.9059153848681902,-0.16321068867596888,-0.0007470221137230171,21.99450560099102,2.944378259838155,-0.08004926108374388,-0.08004926108374388,24.027487628877605,24.202917765941034,26.167636436436602,,5,trend_break;macd_sell_like;trailing_stop;di_bear;natr_spike,True,False,True,False,True,False,True,False,True,3387.T,,747.0,67.17626,6.9202547,11.12,107.944,336897736704.0,1784010600.0,1791959400.0,1791959400.0,True,,,True,1791959400.0,2026-10-14,51.0
2,False,40.476190476190474,False,False,True,False,0.5020795620014568,2173.5,2173.5,1249974012.5,1249.9740125,2729.59521484375,0.7962719117400041,-0.24915606942206658,-0.07568884467853632,47.28047264593757,2.175315051572927,-0.08252427184466016,-0.08252427184466016,21.715616983528147,23.591463360460324,31.68257510640765,earnings_blackout,5,trend_break;cross_sma25_down;macd_sell_like;trailing_stop;di_bear,True,True,True,False,True,False,True,False,False,3291.T,,2173.5,9.490024,0.58827126,229.03,3694.724,600603754496.0,1786084200.0,1786084200.0,1786084200.0,True,,,True,1786084200.0,2026-08-07,3.0
4,False,53.29087048832271,False,False,True,False,0.4936616038485524,2257.0,2257.0,1169572277.5,1169.5722775,2642.70361328125,0.8540496136824249,-0.19041242867809127,-0.03766715830486178,47.89750165305552,2.1221755273839396,-0.08158697863682607,-0.08158697863682607,26.14085707623023,26.57699207881661,28.75200607891052,earnings_blackout,5,trend_break;cross_sma25_down;macd_sell_like;trailing_stop;di_bear;before_earnings,True,True,True,False,True,False,True,False,False,2784.T,,2257.0,9.829284,0.80838054,229.62,2792.002,395900485632.0,1785911400.0,1785911400.0,1785911400.0,True,,,True,1785911400.0,2026-08-05,1.0
1,False,45.80703336339044,False,False,True,False,0.46128954994346427,4900.0,4900.0,978968355.0,978.968355,6550.9501953125,0.7479830946518523,-0.25751229134967146,-0.14711711320964627,119.48406187635092,2.4384502423745085,-0.09006499535747448,-0.09393491124260356,21.03935144135798,23.2088353442399,34.00171058898474,earnings_blackout,5,trend_break;cross_sma25_down;macd_sell_like;trailing_stop;di_bear,True,True,True,False,True,False,True,False,False,9987.T,,4900.0,8.978305,0.7969333,545.76,6148.57,331425447936.0,1786084200.0,1786084200.0,1786084200.0,True,,,True,1786084200.0,2026-08-07,3.0
4,False,44.04481132075472,False,False,True,False,0.39057518921316586,2829.5,2829.5,849786632.5,849.7866325,3268.0,0.8658200734394125,-0.19736842105263153,-0.029287552283340457,86.4323509389171,3.054686373525962,-0.12290762554246748,-0.12290762554246748,23.951579672644254,26.71613525457949,28.51999080709145,,5,trend_break;cross_sma25_down;macd_sell_like;trailing_stop;di_bear,True,True,True,False,True,False,True,False,False,9044.T,,2829.5,12.437909,0.8898619,227.49,3179.707,306150998016.0,1785393000.0,1793341800.0,1793341800.0,True,,,True,1793341800.0,2026-10-30,63.0
1,False,21.653084982537834,False,False,False,False,0.44509350276540194,2064.0,2064.0,614676360.0,614.67636,3465.0,0.5956709956709957,-0.4043290043290043,-0.22208839417833315,102.86937111464154,4.983981158655113,-0.2101033295063146,-0.3131447587354409,27.95580347597635,7.393390394725344,40.54971354865381,,5,trend_break;macd_sell_like;trailing_stop;di_bear;natr_spike,True,False,True,False,True,False,True,False,True,4549.T,,2064.0,18.408848,1.5643035,112.12,1319.437,68040941568.0,,1753768800.0,1754287200.0,True,,,True,1753768800.0,2025-07-29,-265.0
1,False,37.93103448275862,False,False,True,True,0.46616689528316796,842.0,842.0,486984210.0,486.98421,1120.718505859375,0.7513037355926843,-0.26386510467462654,-0.13401132591276987,20.7374441815933,2.4628793564837648,-0.09462365591397848,-0.1655104063429138,24.058489677783747,20.552329890272215,34.07398898490091,,5,trend_break;cross_sma25_down;macd_sell_like;trailing_stop;di_bear,True,True,True,False,True,False,True,False,False,8585.T,,842.0,11.1760025,0.57548606,75.34,1463.111,144138485760.0,1785479400.0,1793341800.0,1793341800.0,True,,,True,1793341800.0,2026-10-30,63.0
0,False,26.060606060606062,False,True,False,False,0.41033739411890713,3275.0,3275.0,339379525.0,339.379525,4949.5908203125,0.6616708570251526,-0.3383291429748474,-0.21824178936081096,99.57246552186257,3.040380626621758,-0.14379084967320266,-0.16240409207161122,21.28928788593939,18.287439738628343,38.39468918231634,,5,trend_break;macd_sell_like;trailing_stop;di_bear;vol_distribution,True,False,True,False,True,False,True,True,False,9413.T,,3275.0,11.318864,0.8233643,289.34,3977.583,87502405632.0,,1753858200.0,1754290200.0,True,,,True,1753858200.0,2025-07-30,-264.0
3,False,47.31707317073171,False,False,True,False,0.18330490463941254,4600.0,4600.0,298781475.0,298.781475,5189.74365234375,0.8863636256720667,-0.15410080071731025,-0.03127460198999832,122.81471410635938,2.669885089268682,-0.08548707753479123,-0.08548707753479123,20.034887220899233,22.89444865149712,31.45075833261432,,5,trend_break;cross_sma25_down;macd_sell_like;trailing_stop;di_bear,True,True,True,False,True,False,True,False,False,3636.T,,4600.0,7.492955,0.93876195,613.91,4900.071,72493064192.0,,1753686000.0,1754031600.0,True,,,True,1753686000.0,2025-07-28,-266.0
2,False,45.8128078817734,False,True,False,True,0.5967874630329512,2906.0,2906.0,214709410.0,214.70941,3665.224365234375,0.79285732888938,-0.2311521153440217,-0.07154968064078027,57.97652752201018,1.9950628878874803,-0.05495934959349591,-0.09470404984423675,24.49455053423992,16.943561520493944,34.64421074977019,,5,trend_break;cross_sma25_down;macd_sell_like;di_bear;vol_distribution,True,True,True,False,False,False,True,True,False,7483.T,,2906.0,12.32714,1.0922381,235.74,2660.592,104305426432.0,,1753768800.0,1754287200.0,True,,,True,1753768800.0,2025-07-29,-265.0
0,False,27.649769585253452,False,True,False,True,0.6857885038645681,1084.0,1084.0,184697670.0,184.69767,1711.0,0.6335476329631794,-0.37521917007597894,-0.2465576078144316,28.063440729155076,2.5888782960475165,-0.11001642036124792,-0.2970168612191959,20.429014192382056,18.43070099049217,37.26912050525538,fund_low_adv20,5,trend_break;macd_sell_like;trailing_stop;di_bear;vol_distribution,True,False,True,False,True,False,True,True,False,4569.T,,1084.0,18.05463,0.44383445,60.04,2442.352,62271782912.0,1785393000.0,1785393000.0,1785393000.0,True,,,False,1785393000.0,2026-07-30,-3.0
2,False,46.20123203285421,False,True,False,False,0.5079650270167454,2341.0,2341.0,183758560.0,183.75856,2954.276611328125,0.79241056542352,-0.20758943457648005,-0.0997381490167858,65.01300318755226,2.7771466547437957,-0.08554687500000002,-0.08554687500000002,18.949395671800307,16.611620602631927,33.578028973416345,fund_low_adv20,5,trend_break;cross_sma25_down;macd_sell_like;trailing_stop;vol_distribution,True,True,True,False,True,False,False,True,False,6455.T,,2341.0,10.4169445,0.94109,224.73,2487.541,96156041216.0,1785479400.0,1793341800.0,1793341800.0,True,,,False,1793341800.0,2026-10-30,63.0
6,True,43.94299287410926,False,True,False,False,0.33743989890739623,2210.0,2210.0,168920445.0,168.920445,2443.0,0.904625460499386,-0.12074748858835749,0.016272397471821076,43.262738526612814,1.9575899785797652,-0.08222591362126241,-0.08222591362126241,24.993140998453462,27.624517188877544,30.210144374353764,fund_low_adv20,5,cross_sma25_down;macd_sell_like;trailing_stop;di_bear;vol_distribution,False,True,True,False,True,False,True,True,False,2288.T,,2210.0,5.52652,0.7051365,399.89,3134.145,53200642048.0,,1754373600.0,1754978400.0,True,,,False,1754373600.0,2025-08-05,-260.0
0,False,29.76190476190476,False,True,False,False,0.4716134029675865,1043.0,1043.0,150863025.0,150.863025,2376.894775390625,0.43880781379082745,-0.5654888200316339,-0.2231700883051082,46.86671447314579,4.493452969620881,-0.18003144654088055,-0.18003144654088055,38.85152341869553,20.131917629726484,33.47472234298384,fund_low_adv20,5,trend_break;macd_sell_like;trailing_stop;di_bear;vol_distribution,True,False,True,False,True,False,True,True,False,2216.T,,1043.0,13.013101,2.2300239,80.15,467.708,43996233728.0,,1753677000.0,1754022600.0,True,,,False,1753677000.0,2025-07-28,-266.0
2,False,35.24416135881104,False,True,False,False,0.46380684157079266,1827.0,1827.0,116508230.0,116.50823,2334.443603515625,0.7826276022468801,-0.316325312979737,-0.06379965322937697,53.43908416339143,2.9249635557411837,-0.13739376770538247,-0.13739376770538247,56.81425067398438,25.1511154046462,37.155493155657894,fund_low_adv20,5,trend_break;macd_sell_like;trailing_stop;di_bear;vol_distribution,True,False,True,False,True,False,True,True,False,3371.T,,1827.0,11.232709,1.8070948,162.65,1011.015,46538240000.0,,1753855200.0,1754287200.0,True,,,False,1753855200.0,2025-07-30,-264.0
0,False,20.3125,False,True,False,False,0.2491389604134303,2543.0,2543.0,103364580.0,103.36458,4037.548095703125,0.6298376984552416,-0.3701623015447584,-0.21075450072294843,90.72837111634331,3.5677692141700086,-0.1379661016949153,-0.15655058043117742,18.87133283892156,17.115193112748052,40.39391520548784,fund_low_adv20,5,trend_break;cross_sma25_down;macd_sell_like;trailing_stop;vol_distribution,True,True,True,False,True,False,False,True,False,4685.T,,2543.0,9.203097,1.4686425,276.32,1731.531,32434978816.0,,1745823600.0,1745823600.0,True,,,False,1745823600.0,2025-04-28,-331.0
6,True,41.12554112554113,False,True,False,False,0.46130363442490596,1367.0,1367.0,84697775.0,84.697775,1504.7679443359375,0.9084457209136421,-0.29683327851716357,0.015455322768975321,27.712043963120934,2.027216090937888,-0.08500669344042833,-0.08500669344042833,33.81842088002192,24.524077701413137,30.653328761199024,fund_low_adv20,5,cross_sma25_down;macd_sell_like;trailing_stop;di_bear;vol_distribution,False,True,True,False,True,False,True,True,False,7508.T,,1367.0,12.538984,1.7424979,109.02,784.506,59808296960.0,,1753768800.0,1754287200.0,True,,,False,1753768800.0,2025-07-29,-265.0
2,False,26.050420168067234,False,True,False,False,0.4344589381937273,2750.0,2750.0,74670305.0,74.670305,3264.669921875,0.8423516207790437,-0.15764837922095631,-0.03764651438277977,72.21358548920567,2.625948563243843,-0.1071428571428571,-0.1071428571428571,23.949740852322442,13.910099795313169,36.10496992400274,"fund_neg_eps,fund_low_adv20",5,trend_break;macd_sell_like;trailing_stop;di_bear;vol_distribution,True,False,True,False,True,False,True,True,False,7723.T,,2750.0,,0.82758516,,3322.921,42189545472.0,,1753769400.0,1754287800.0,True,,,False,1753769400.0,2025-07-29,-265.0
0,False,21.559633027522935,False,True,False,True,0.30605219718028714,700.0,700.0,69526635.0,69.526635,1311.0,0.5339435545385202,-0.5410299943406904,-0.22376606527018483,34.67547925464685,4.953639893520979,-0.15048543689320393,-0.16765755053507725,31.140152944922093,7.5789242177982565,43.41333010284302,"fund_low_adv20,fund_small_mcap",5,trend_break;macd_sell_like;trailing_stop;di_bear;vol_distribution,True,False,True,False,True,False,True,True,False,9158.T,,700.0,7.1883345,0.61439294,97.38,1139.336,20520716288.0,,1745821800.0,1745821800.0,True,,,False,1745821800.0,2025-04-28,-331.0
4,False,42.69662921348315,False,True,False,False,0.581070965886214,1002.0,1002.0,69255905.0,69.255905,1178.407958984375,0.8502997560060488,-0.22268006337171586,-0.03229766023656577,20.570941477586953,2.0529881714158633,-0.07649769585253452,-0.07649769585253452,23.237800042355556,23.728438185353763,28.371646131987987,fund_low_adv20,5,trend_break;cross_sma25_down;macd_sell_like;di_bear;vol_distribution,True,True,True,False,False,False,True,True,False,9658.T,,1002.0,10.885388,1.0587926,92.05,946.361,32520816640.0,,1754982000.0,1755500400.0,True,,,False,1754982000.0,2025-08-12,-255.0
5,True,41.84397163120568,False,True,False,False,0.39127199930824025,1583.0,1583.0,57016800.0,57.0168,1877.0,0.8433670751198722,-0.17524172088832723,0.20105235943560218,72.53222654682921,4.581947349768112,-0.1566329248801278,-0.1566329248801278,29.186906722732974,19.62299752069254,35.315478309815504,fund_low_adv20,5,macd_sell_like;trailing_stop;ext_dev200;di_bear;vol_distribution;natr_spike,False,False,True,False,True,True,True,True,True,7460.T,,1583.0,10.701008,0.82507867,147.93,1918.605,38567976960.0,,1747033200.0,1747033200.0,True,,,False,1747033200.0,2025-05-12,-321.0
3,False,29.58333333333333,False,False,False,True,0.32981632819741113,1026.0,1026.0,56943455.0,56.943455,1269.0,0.8085106382978723,-0.34751773049645385,-0.06215293488544271,43.14596439755148,4.205259687870515,-0.11245674740484424,-0.11245674740484424,22.698813217579172,19.100990005280266,23.489135089282005,"fund_neg_eps,fund_low_adv20,fund_small_mcap",5,trend_break;cross_sma25_down;macd_sell_like;trailing_stop;di_bear,True,True,True,False,True,False,True,False,False,3529.T,,1026.0,-14.43850267379679,0.51924837,-71.06,1975.933,16430369792.0,,1753680600.0,1754026200.0,True,,,False,1753680600.0,2025-07-28,-266.0
1,False,45.42124542124542,False,False,False,False,0.37724703167630247,702.0,702.0,53753620.0,53.75362,1496.37646484375,0.46913328062353754,-0.5515834311988694,-0.3070958257104296,32.34391078068985,4.607394698103968,-0.1470230862697448,-0.2923387096774194,28.60706866629446,21.350741614571213,27.80806688391639,"fund_low_adv20,fund_small_mcap",5,trend_break;cross_sma25_down;macd_sell_like;trailing_stop;di_bear,True,True,True,False,True,False,True,False,False,4113.T,,702.0,6.561974,0.5177411,106.98,1355.89,10058694656.0,,1753768800.0,1754287200.0,True,,,False,1753768800.0,2025-07-29,-265.0
4,False,36.50793650793651,False,True,False,True,0.4826092161610781,1440.0,1440.0,43832425.0,43.832425,1661.6485595703125,0.8666092427946203,-0.20380275818244264,-0.025018434292818137,25.79904037517439,1.791600026053777,-0.06916612798965738,-0.06916612798965738,35.847651518484426,17.15516272374162,29.15282931738074,"fund_low_adv20,fund_small_mcap",5,trend_break;cross_sma25_down;macd_sell_like;di_bear;vol_distribution,True,True,True,False,False,False,True,True,False,1780.T,,1440.0,8.615017,1.9768922,167.15,728.416,26823141376.0,,1754546400.0,1754978400.0,True,,,False,1754546400.0,2025-08-07,-258.0
1,False,31.067961165048544,False,True,False,False,0.28491448769568367,1034.0,1034.0,40452200.0,40.4522,1286.9202880859375,0.8034685672240734,-0.24241293922030238,-0.10388839066402411,21.72792965005389,2.101347161513916,-0.0808888888888889,-0.08818342151675485,20.460553660829657,16.90172185104563,28.4688865720176,"fund_low_adv20,fund_small_mcap",5,trend_break;macd_sell_like;trailing_stop;di_bear;vol_distribution,True,False,True,False,True,False,True,True,False,2266.T,,1034.0,13.5571,0.60113585,76.27,1720.077,19008458752.0,,1754633700.0,1754633700.0,True,,,False,1754633700.0,2025-08-08,-257.0
3,False,47.19101123595505,False,False,True,False,0.4364039934175092,126.0,126.0,38207475.0,38.207475,235.0,0.5361702127659574,-0.625,-0.2013690815744439,8.48845980426854,6.736872860530588,-0.17105263157894735,-0.17105263157894735,36.57073951577095,33.938794925444995,33.16693713002424,"fund_neg_eps,fund_low_adv20,fund_small_mcap",5,trend_break;cross_sma25_down;macd_sell_like;trailing_stop;natr_spike,True,True,True,False,True,False,False,False,True,2721.T,,126.0,-4.23956931359354,8.940609,-29.72,14.093,1296348416.0,,1754982000.0,1755500400.0,True,,,False,1754982000.0,2025-08-12,-255.0
1,False,34.91379310344827,False,True,False,True,0.2734303909256981,6290.0,6290.0,34407850.0,34.40785,8770.0,0.7172177879133409,-0.2827822120866591,-0.08472523992287773,262.98207758774555,4.180955128581011,-0.11032531824611036,-0.2827822120866591,24.032138051507186,13.861613811026348,34.04706614504922,fund_low_adv20,5,trend_break;macd_sell_like;trailing_stop;di_bear;vol_distribution,True,False,True,False,True,False,True,True,False,8132.T,,6290.0,15.433689,1.1362493,407.55,5535.757,68183248896.0,,1754546400.0,1754978400.0,True,,,False,1754546400.0,2025-08-07,-258.0
4,False,48.30508474576271,False,True,False,False,0.49025320111283943,900.0,900.0,31948562.1,31.9485621,996.022216796875,0.9035943022378813,-0.13350315353529063,-0.030956547398200418,15.785092210778249,1.7538991345309167,-0.054621848739495826,-0.054621848739495826,27.135235215643426,16.59900604275481,24.064185105361695,"fund_low_adv20,fund_small_mcap",5,trend_break;cross_sma25_down;macd_sell_like;di_bear;vol_distribution,True,True,True,False,False,False,True,True,False,2565.T,,900.0,21.466925,,41.92496,,,,,,True,,,False,,,
3,False,37.125748502994014,False,True,False,False,0.3554655993957951,1651.0,1651.0,30381675.0,30.381675,1820.599365234375,0.9068442137940976,-0.29360943357982494,-0.015477244446943206,21.633381911943854,1.310319921983274,-0.047866205305651666,-0.047866205305651666,30.18682185642509,14.935122680739813,25.708571444051753,fund_low_adv20,5,trend_break;cross_sma25_down;macd_sell_like;di_bear;vol_distribution,True,True,True,False,False,False,True,True,False,4792.T,,1651.0,10.906328,1.5951675,151.38,1035.001,31707131904.0,,1754287200.0,1754632800.0,True,,,False,1754287200.0,2025-08-04,-261.0
2,False,37.5,False,True,False,True,0.41255873129451137,433.0,433.0,25867435.0,25.867435,603.6799926757812,0.7172674351534316,-0.3407103020991552,-0.12512880609379107,10.35364751002265,2.3911426120144688,-0.0483516483516484,-0.05869565217391304,32.25764142428658,16.969513981220256,25.692336521638126,"fund_low_adv20,fund_small_mcap",5,trend_break;cross_sma25_down;macd_sell_like;di_bear;vol_distribution,True,True,True,False,False,False,True,True,False,3992.T,,433.0,20.443815,3.4556236,21.18,125.303,16396954624.0,,1754461800.0,1754980200.0,True,,,False,1754461800.0,2025-08-06,-259.0
1,False,30.909090909090907,False,True,False,False,0.5077183131049433,2015.0,2015.0,16751355.0,16.751355,2634.646728515625,0.7648084193569521,-0.2351915806430479,-0.11444576127000516,52.64419963223052,2.6126153663637974,-0.10998233215547704,-0.10998233215547704,23.455423975194115,12.587737845782115,36.58365018615648,"fund_low_adv20,fund_small_mcap",5,trend_break;macd_sell_like;trailing_stop;di_bear;vol_distribution,True,False,True,False,True,False,True,True,False,3004.T,,2015.0,5.8584094,0.69985884,343.95,2879.152,7893711872.0,,1753758000.0,1754276400.0,True,,,False,1753758000.0,2025-07-29,-265.0
1,False,9.594095940959406,False,False,True,False,0.35202926413304136,1462.0,1462.0,16739655.0,16.739655,2209.228759765625,0.6617694041585364,-0.37282850338949014,-0.11608186285011735,43.64662976975658,2.985405593006606,-0.24600309437854562,-0.26532663316582916,33.555461265296934,7.52957062822075,65.14548609357546,"fund_neg_eps,fund_low_adv20,fund_small_mcap",5,trend_break;macd_sell_like;trailing_stop;di_bear;natr_spike,True,False,True,False,True,False,True,False,True,3931.T,,1462.0,-336.09195402298855,2.537516,-4.35,576.154,2641554688.0,,1749812340.0,1749812340.0,True,,,False,1749812340.0,2025-06-13,-297.0
0,False,26.829268292682926,False,True,False,False,0.2762441081931152,1002.0,1002.0,16401645.0,16.401645,1521.5316162109375,0.6585469465927205,-0.3414530534072795,-0.1765089256711082,34.97594029510738,3.4906128039029314,-0.13020833333333337,-0.13020833333333337,34.67203236499192,13.476868053024507,31.302859579745114,"fund_low_adv20,fund_small_mcap",5,trend_break;macd_sell_like;trailing_stop;di_bear;vol_distribution,True,False,True,False,True,False,True,True,False,3648.T,,1002.0,8.665571,1.042627,115.63,961.034,16715396096.0,,1753686000.0,1754031600.0,True,,,False,1753686000.0,2025-07-28,-266.0
3,False,46.53846153846153,False,True,False,False,0.48125861911404383,1950.0,1950.0,16304355.85,16.30435585,2180.27783203125,0.8943814276106673,-0.13910054378193715,-0.04570970493346049,29.759784538418693,1.5261427968419843,-0.051094890510948954,-0.051094890510948954,20.846762050709863,19.54017093342169,26.47743051832511,"fund_neg_eps,fund_low_adv20,fund_small_mcap",5,trend_break;cross_sma25_down;macd_sell_like;di_bear;vol_distribution,True,True,True,False,False,False,True,True,False,2552.T,,1950.0,,,,,,,,,True,,,False,,,
1,False,35.840707964601776,False,True,False,True,0.4274741250258484,1056.0,1056.0,15392050.0,15.39205,1349.0,0.7828020756115641,-0.23712343610137077,-0.07036909131759628,26.969101499745108,2.5538921874758627,-0.08253692441355343,-0.20121028744326774,14.892410150991644,14.297891171362851,30.75050054620792,"fund_low_adv20,fund_small_mcap",5,trend_break;cross_sma25_down;macd_sell_like;trailing_stop;vol_distribution,True,True,True,False,True,False,False,True,False,9325.T,,1056.0,11.08545,2.440022,95.26,432.783,11353414656.0,,1753855200.0,1754287200.0,True,,,False,1753855200.0,2025-07-30,-264.0
0,False,29.099307159353344,False,True,False,True,0.39321106771678677,1656.0,1656.0,14797795.0,14.797795,2558.336181640625,0.6472956962747681,-0.3863243705222995,-0.13855636279718941,55.940592417760755,3.378055097690867,-0.10727762803234497,-0.10727762803234497,20.722695711292346,17.528648190959224,32.017650829324296,"fund_low_adv20,fund_small_mcap",5,trend_break;macd_sell_like;trailing_stop;di_bear;vol_distribution,True,False,True,False,True,False,True,True,False,6560.T,,1656.0,10.815047,1.4513482,153.12,1141.008,7291571712.0,,1754978400.0,1755496800.0,True,,,False,1754978400.0,2025-08-12,-255.0
4,False,45.16129032258065,False,True,False,False,0.44907804272458,957.0,957.0,14679969.9,14.6799699,1068.7659912109375,0.8954251986589656,-0.14663094976078006,-0.03769306668168626,14.656522372614697,1.531507039980637,-0.05247524752475252,-0.05247524752475252,26.390502967663387,24.18532138489348,27.82025640269652,"fund_low_adv20,fund_small_mcap",5,trend_break;cross_sma25_down;macd_sell_like;di_bear;vol_distribution,True,True,True,False,False,False,True,True,False,2855.T,,957.0,20.250483,,47.258133,,,,,,True,,,False,,,
3,False,41.23711340206185,False,True,False,False,0.3029234445589344,2410.0,2410.0,13536100.0,13.5361,2606.252685546875,0.9246992869742808,-0.16705130618309738,-0.010694620991095194,35.88119750539571,1.4888463695184941,-0.045544554455445585,-0.045544554455445585,22.885595622868593,15.112027228793885,22.592520752378007,"fund_low_adv20,fund_small_mcap",5,trend_break;cross_sma25_down;macd_sell_like;di_bear;vol_distribution,True,True,True,False,False,False,True,True,False,9046.T,,2410.0,13.032663,0.7540865,184.92,3195.92,19067074560.0,,1753855200.0,1754287200.0,True,,,False,1753855200.0,2025-07-30,-264.0
0,False,7.017543859649123,False,True,False,True,0.4583150049177842,233.0,233.0,12183960.0,12.18396,367.0,0.6348773841961853,-0.36512261580381467,-0.19336691419570373,10.431737490771095,4.477140553979011,-0.21812080536912748,-0.36512261580381467,33.32104881074613,11.58435508486876,40.3477691770716,"fund_low_adv20,fund_small_mcap",5,trend_break;macd_sell_like;trailing_stop;di_bear;vol_distribution,True,False,True,False,True,False,True,True,False,3929.T,,233.0,12.663044,1.5369799,18.4,151.596,2728137984.0,,1747117800.0,1747117800.0,True,,,False,1747117800.0,2025-05-13,-320.0
1,False,23.94366197183099,False,True,False,False,0.43497518671294433,1979.0,1979.0,10316885.0,10.316885,2425.08447265625,0.8160540477306988,-0.26394316563956677,-0.026346379368790807,36.619623740708164,1.8504104972566024,-0.05536992840095467,-0.07219878105954058,25.787180238039188,7.876214030374928,36.82849075302748,"fund_low_adv20,fund_small_mcap",5,trend_break;cross_sma25_down;macd_sell_like;di_bear;vol_distribution,True,True,True,False,False,False,True,True,False,2924.T,,1979.0,8.051261,1.2779796,245.8,1548.538,16128102400.0,,1754460000.0,1754978400.0,True,,,False,1754460000.0,2025-08-06,-259.0
2,False,12.5984251968504,False,True,False,True,0.4849002191666218,2044.0,2044.0,7747600.0,7.7476,2477.836669921875,0.8249131287836039,-0.19284429668923297,-0.048037182195248884,42.52303498258956,2.0803833161736573,-0.08504923903312445,-0.11515151515151512,35.009200137152064,11.436228127286507,37.73982454390578,fund_low_adv20,5,trend_break;macd_sell_like;trailing_stop;di_bear;vol_distribution,True,False,True,False,True,False,True,True,False,9640.T,,2044.0,30.48926,2.4450989,67.04,835.958,33111527424.0,,1747117800.0,1747117800.0,True,,,False,1747117800.0,2025-05-13,-320.0
1,False,21.980734753975312,False,True,False,False,0.31790586568088997,1811.0,1811.0,6554160.0,6.55416,2399.6552734375,0.7546917342863783,-0.3139917863364977,-0.05128121263269125,28.935353792434643,1.5977555931769545,-0.09526348187863443,-0.09526348187863443,39.060803496855186,13.419237178099102,52.994317309790894,"fund_low_adv20,fund_small_mcap",5,trend_break;macd_sell_like;trailing_stop;di_bear;vol_distribution,True,False,True,False,True,False,True,True,False,9242.T,,1811.0,10.629182,1.2642702,170.38,1432.447,2231436288.0,,1749207540.0,1749207540.0,True,,,False,1749207540.0,2025-06-06,-302.0
0,False,8.333333333333329,False,True,False,True,0.5529034671175235,65.0,65.0,3860655.0,3.860655,145.0,0.4482758620689655,-0.5517241379310345,-0.3933454664240048,3.0220241184196213,4.649267874491725,-0.1333333333333333,-0.375,23.564934356794712,14.2373561887483,29.688321553859975,"fund_neg_eps,fund_low_adv20,fund_small_mcap",5,trend_break;macd_sell_like;trailing_stop;di_bear;vol_distribution,True,False,True,False,True,False,True,True,False,7578.T,,65.0,-8.376288659793815,0.12146354,-7.76,535.14,1199363072.0,,1748331000.0,1748331000.0,True,,,False,1748331000.0,2025-05-27,-310.0
1,False,42.37288135593221,False,True,False,False,0.3698868528712563,234.0,234.0,1608960.0,1.60896,401.0,0.5835411471321695,-0.4214463840399002,-0.18204697986577179,8.521905110776933,3.6418397909303133,-0.0677290836653387,-0.15523465703971118,21.51421303553134,14.421449798084533,31.98290984869605,"fund_neg_eps,fund_low_adv20,fund_small_mcap",5,trend_break;cross_sma25_down;macd_sell_like;di_bear;vol_distribution,True,True,True,False,False,False,True,True,False,6664.T,,234.0,-4.609929078014185,0.4620853,-50.76,506.4,3510000128.0,,1750935540.0,1750935540.0,True,,,False,1750935540.0,2025-06-26,-288.0
4,True,1.6407599309153653,False,True,False,False,0.26419205529701667,47800.0,47800.0,1087024.0,1.087024,59000.0,0.8101694915254237,-0.18983050847457628,0.015767492627218882,1484.99175370878,3.106677309014184,-0.18983050847457628,-0.18983050847457628,35.55987985641151,15.956380243879034,61.618608076203316,"fund_low_adv20,fund_small_mcap",5,macd_sell_like;trailing_stop;di_bear;vol_distribution;natr_spike,False,False,True,False,True,False,True,True,True,1479.T,,47800.0,17.719597,,2697.5784,,,,,,True,,,False,,,
4,False,52.786377708978335,False,True,False,False,0.36913850947181975,1110.5,1110.5,8921621517.5,8921.6215175,1351.4073486328125,0.8217359489153786,-0.34712761667111125,-0.013609040716108467,39.726997509519755,3.577397344396196,-0.09012699713232286,-0.09012699713232286,16.4362963979275,29.46003900505911,25.237038924308113,earnings_blackout,4,trend_break;macd_sell_like;trailing_stop;vol_distribution;before_earnings,True,False,True,False,True,False,False,True,False,7261.T,,1110.5,20.557201,0.36753315,54.02,3021.496,700692430848.0,1785825000.0,1785825000.0,1785825000.0,True,,,True,1785825000.0,2026-08-04,0.0
1,False,33.24969396261079,False,True,False,True,0.3166567912908613,482.20001220703125,482.20001220703125,7226186071.485596,7226.186071485596,623.5999755859375,0.7732521345177312,-0.22674786548226877,-0.044640250312425356,19.510073683797966,4.046054166299226,-0.1277134174112503,-0.22674786548226877,18.07590927248741,14.46936193886757,38.42532973310206,earnings_blackout,4,trend_break;macd_sell_like;trailing_stop;vol_distribution;before_earnings,True,False,True,False,True,False,False,True,False,4005.T,,482.2,13.192887,0.7894875,36.55,610.776,796532867072.0,1785825000.0,1785825000.0,1785825000.0,True,,,True,1785825000.0,2026-08-04,0.0
2,False,37.602179836512256,False,False,False,False,0.31269163071179884,3415.0,3415.0,2646551825.0,2646.551825,4079.66943359375,0.8370776249368205,-0.16684426144648523,-0.09432737932401936,78.40233716030274,2.2958224644305343,-0.10390973497769618,-0.10390973497769618,25.47617229046732,25.449567661322554,33.2192240799046,earnings_blackout,4,trend_break;macd_sell_like;trailing_stop;di_bear;before_earnings,True,False,True,False,True,False,True,False,False,9142.T,,3415.0,11.557466,1.0636039,295.48,3210.782,525342670848.0,1785825000.0,1785825000.0,1785825000.0,True,,,True,1785825000.0,2026-08-04,0.0
1,False,34.058759521218704,False,False,True,False,0.5328220800903359,4917.0,4917.0,1476565590.0,1476.56559,6238.2255859375,0.7882049041451998,-0.21179509585480016,-0.09698126675145569,106.95922983589439,2.175294485171739,-0.08758582297272222,-0.10862837510203838,23.857246953871428,19.50397815898029,34.98063726519226,earnings_blackout,4,trend_break;macd_sell_like;trailing_stop;di_bear;before_earnings,True,False,True,False,True,False,True,False,False,2206.T,,4917.0,62.256264,1.49699,78.98,3284.591,301454950400.0,1785911400.0,1785911400.0,1785911400.0,True,,,True,1785911400.0,2026-08-05,1.0
3,False,42.287694974003465,False,False,True,False,0.40639990678738486,3026.0,3026.0,1462920420.0,1462.92042,3402.95458984375,0.8892272641636813,-0.17630402463621986,-0.012830574381265003,62.077300774120005,2.051464004432254,-0.0648949320148331,-0.0648949320148331,20.642989559233506,26.366122505476746,28.951922115439537,earnings_blackout,4,trend_break;cross_sma25_down;macd_sell_like;di_bear;before_earnings,True,True,True,False,False,False,True,False,False,7164.T,,3026.0,12.414359,1.6399866,243.75,1845.137,402039537664.0,1785911400.0,1785911400.0,1785911400.0,True,,,True,1785911400.0,2026-08-05,1.0
6,True,41.904761904761905,False,False,True,False,0.3158052519564338,1512.0,1512.0,1395212930.0,1395.21293,1651.5,0.9155313351498637,-0.11909146715776553,0.0015540877928337249,37.479242076690134,2.4787858516329453,-0.08446866485013627,-0.08446866485013627,27.21662221685175,24.034377577046776,26.755197965760274,earnings_blackout,4,cross_sma25_down;macd_sell_like;trailing_stop;di_bear;before_earnings,False,True,True,False,True,False,True,False,False,9006.T,,1512.0,14.83371,1.0447617,101.93,1447.22,401365008384.0,1785911400.0,1785911400.0,1785911400.0,True,,,True,1785911400.0,2026-08-05,1.0
4,False,56.392536281962684,False,False,True,False,0.37615872739405964,2767.0,2767.0,1271335720.0,1271.33572,3064.0,0.9030678851174935,-0.16313418149915282,0.005208582799572925,78.7997552604761,2.847840811726639,-0.09693211488250653,-0.09693211488250653,22.47512657401382,29.658358843075415,29.893632202567815,earnings_blackout,4,trend_break;macd_sell_like;trailing_stop;di_bear;before_earnings,True,False,True,False,True,False,True,False,False,7459.T,,2767.0,13.699376,0.8684844,201.98,3186.01,566401105920.0,1785911400.0,1785911400.0,1785911400.0,True,,,True,1785911400.0,2026-08-05,1.0
5,True,33.60277136258661,False,True,False,False,0.43114993398524376,3601.0,3601.0,1035915270.0,1035.91527,4109.0,0.8763689462156242,-0.12363105378437578,0.14148543404848168,97.2186664786104,2.6997685775787392,-0.12363105378437578,-0.12363105378437578,45.47764224403183,22.878157475415208,38.80324585558703,earnings_blackout,4,macd_sell_like;trailing_stop;di_bear;vol_distribution;before_earnings,False,False,True,False,True,False,True,True,False,2810.T,,3601.0,45.125313,1.1171143,79.8,3223.484,323944906752.0,1785825000.0,1785825000.0,1785825000.0,True,,,True,1785825000.0,2026-08-04,0.0
1,False,38.06818181818182,False,False,True,True,0.3701066718068442,3010.0,3010.0,955477850.0,955.47785,4873.31298828125,0.6176496373695024,-0.49644112621104364,-0.1559721612167272,108.3593679735504,3.5999790024435354,-0.08649468892261003,-0.08649468892261003,23.998942935968504,21.58919402444088,25.464506918921963,earnings_blackout,4,trend_break;macd_sell_like;trailing_stop;di_bear;before_earnings,True,False,True,False,True,False,True,False,False,4483.T,,3010.0,29.337233,2.3539495,102.6,1278.702,196983406592.0,1785911400.0,1785911400.0,1785911400.0,True,,,True,1785911400.0,2026-08-05,1.0
1,False,46.05263157894736,False,False,True,False,0.3942512118234979,3910.0,3910.0,693695575.0,693.695575,5508.720703125,0.7097836704231395,-0.3174458821506383,-0.1247469936938731,118.95794450409207,3.0424026727389277,-0.09448818897637801,-0.10238751147842062,18.881272162293193,27.480921262778057,31.616298963121885,earnings_blackout,4,trend_break;cross_sma25_down;macd_sell_like;trailing_stop;before_earnings,True,True,True,False,True,False,False,False,False,8129.T,,3910.0,14.983712,0.9320322,260.95,4195.134,252983345152.0,1785911400.0,1785911400.0,1785911400.0,True,,,True,1785911400.0,2026-08-05,1.0
4,False,54.809437386569876,False,True,False,False,0.4674615756489122,2918.5,2918.5,107031084225.0,107031.084225,3886.135986328125,0.7510030555460797,-0.30882501038315224,-0.07718721226537217,93.27876605503526,3.1961201320896095,-0.094758064516129,-0.094758064516129,21.864947115930985,30.610051609572526,23.314118107560844,earnings_blackout,3,trend_break;trailing_stop;vol_distribution;before_earnings,True,False,False,False,True,False,False,True,False,7203.T,,2918.5,9.887857,0.9528813,295.16,3062.816,34558112169984.0,1785825000.0,1785825000.0,1785825000.0,True,,,True,1785825000.0,2026-08-04,0.0
5,True,39.869281045751634,False,True,False,False,0.3453921692415612,2583.5,2583.5,10387163282.5,10387.1632825,3211.365234375,0.8044865069677458,-0.25154229758931135,0.029387863542783554,106.78130804273847,4.1332033304717815,-0.10372940156114485,-0.1203557208920022,9.211039617548277,22.07454151028504,21.044971950064507,earnings_blackout,3,macd_sell_like;trailing_stop;vol_distribution;before_earnings,False,False,True,False,True,False,False,True,False,6326.T,,2583.5,15.795427,1.0931702,163.56,2363.31,2909639016448.0,1785825000.0,1785825000.0,1785825000.0,True,,,True,1785825000.0,2026-08-04,0.0
3,False,43.98148148148148,False,False,True,False,0.5186239173521119,2900.0,2900.0,9252263202.5,9252.2632025,3457.7080078125,0.8387058691617715,-0.2857985710706915,-0.034678629406984074,79.11917042400631,2.728247256000218,-0.09909909909909909,-0.09909909909909909,30.558005276964867,30.543959631035456,26.622589959407826,earnings_blackout,3,trend_break;macd_sell_like;trailing_stop;before_earnings,True,False,True,False,True,False,False,False,False,9021.T,,2900.0,10.443676,1.0927693,277.68,2653.808,1319742996480.0,1785911400.0,1785911400.0,1785911400.0,True,,,True,1785911400.0,2026-08-05,1.0
2,False,38.65086599817685,False,False,True,True,0.46440681554307733,5310.0,5310.0,8478158435.0,8478.158435,7582.04150390625,0.700339083776355,-0.3069148992006129,-0.09396548523032033,192.2599926735265,3.6207154929101035,-0.1279356216127443,-0.1917808219178082,20.31708847299631,13.115724731552907,30.548398215377205,earnings_blackout,3,trend_break;trailing_stop;di_bear;before_earnings,True,False,False,False,True,False,True,False,False,1812.T,,5310.0,13.975891,1.7485038,379.94,3036.882,2449500798976.0,1785911400.0,1785911400.0,1785911400.0,True,,,True,1785911400.0,2026-08-05,1.0
4,True,41.47509578544061,False,False,True,False,0.34458106549897816,1821.5,1821.5,7130259902.5,7130.2599025,1982.5,0.9187894073139975,-0.21726365088326738,0.23751316852419913,60.9868995376949,3.348169066027719,-0.0812105926860025,-0.0812105926860025,20.45929619551026,19.47338480797574,31.794415905392682,earnings_blackout,3,macd_sell_like;trailing_stop;ext_dev200;di_bear;before_earnings,False,False,True,False,True,True,True,False,False,7186.T,,1821.5,19.369417,1.4421395,94.04,1263.054,2024556331008.0,1785911400.0,1785911400.0,1785911400.0,True,,,True,1785911400.0,2026-08-05,1.0
2,False,29.924812030075188,True,False,True,True,0.5938321729970352,2214.0,2214.0,5381501070.0,5381.50107,4570.0,0.48446389496717723,-0.5536105032822758,-0.1459099313490636,120.4251014375115,5.4392548074756775,-0.16766917293233086,-0.5155361050328228,37.84722645992504,19.14032753392922,32.604650592795984,earnings_blackout,3,trend_break;trailing_stop;di_bear;before_earnings,True,False,False,False,True,False,True,False,False,9412.T,,2214.0,26.953981,2.067308,82.14,1070.958,627644497920.0,1785911400.0,1785911400.0,1785911400.0,True,,,True,1785911400.0,2026-08-05,1.0
2,False,46.8503937007874,True,False,True,True,0.5198434619584377,3285.0,3285.0,4649247375.0,4649.247375,9740.0,0.3372689938398357,-0.6899383983572895,-0.07940835303586213,320.36199815918957,9.752267828285833,-0.11336032388663964,-0.6627310061601643,21.017424305805292,21.516687337197542,26.623676006486917,earnings_blackout,3,trend_break;trailing_stop;di_bear;before_earnings,True,False,False,False,True,False,True,False,False,7220.T,,3285.0,169.76744,1.7643496,19.35,1861.876,215301767168.0,1785911400.0,1785911400.0,1785911400.0,True,,,True,1785911400.0,2026-08-05,1.0
6,True,42.29299363057326,False,True,False,False,0.4966113864238043,3651.0,3651.0,4096238500.0,4096.2385,4022.0,0.9077573346593735,-0.1881221466096259,0.018752152624998297,91.05685144775467,2.494024964331818,-0.08104706770702241,-0.08104706770702241,15.182909942132351,27.280416933986906,32.370175291864456,earnings_blackout,3,macd_sell_like;trailing_stop;vol_distribution;before_earnings,False,False,True,False,True,False,False,True,False,2269.T,,3651.0,28.195227,1.281143,129.49,2849.799,990029938688.0,1785911400.0,1785911400.0,1785911400.0,True,,,True,1785911400.0,2026-08-05,1.0
2,False,35.22110162916991,False,False,True,True,0.21384385268654602,4244.0,4244.0,2430284270.0,2430.28427,5593.69921875,0.7587107983522197,-0.25845136862275986,-0.07183472338141905,168.88583978606687,3.9794024454775414,-0.16995892822217873,-0.1816428846895488,28.929752840022278,16.361595830189415,35.72500356575011,earnings_blackout,3,trend_break;trailing_stop;di_bear;before_earnings,True,False,False,False,True,False,True,False,False,1969.T,,4244.0,15.110732,2.656779,280.86,1597.423,555381817344.0,1785911400.0,1785911400.0,1785911400.0,True,,,True,1785911400.0,2026-08-05,1.0
1,False,32.686980609418285,False,False,True,True,0.3931277502588792,2417.0,2417.0,1645698525.0,1645.698525,3597.48046875,0.6718591027791803,-0.34481923655336033,-0.08154280775233846,115.99561510091054,4.799156603264813,-0.17339261285909713,-0.20362438220757828,22.23199688950918,19.09899538231769,37.27385801805113,earnings_blackout,3,trend_break;trailing_stop;di_bear;before_earnings,True,False,False,False,True,False,True,False,False,1980.T,,2417.0,11.656057,2.3967357,207.36,1008.455,312706793472.0,1785911400.0,1785911400.0,1785911400.0,True,,,True,1785911400.0,2026-08-05,1.0
4,False,54.35606060606061,False,False,True,False,0.47272217318289517,1121.5,1121.5,1532006590.0,1532.00659,1304.5,0.8597163664239172,-0.19317746262935986,-0.03773630233563108,30.38680997410792,2.709479266527679,-0.08709808709808708,-0.08709808709808708,19.727998339352865,25.45244540207854,26.350418501059814,earnings_blackout,3,trend_break;macd_sell_like;trailing_stop;before_earnings,True,False,True,False,True,False,False,False,False,2331.T,,1121.5,16.748806,1.4206687,66.96,789.417,545128284160.0,1785825000.0,1785825000.0,1785825000.0,True,,,True,1785825000.0,2026-08-04,0.0
6,True,47.74590163934426,False,False,True,False,0.35569253221536173,1338.0,1338.0,1297748190.0,1297.74819,1590.0,0.8415094339622642,-0.2132450331125828,0.07868863026738881,53.21553926220545,3.977245086861394,-0.1584905660377358,-0.1584905660377358,31.452233052252698,23.375381330891074,27.63774292598117,earnings_blackout,3,macd_sell_like;trailing_stop;di_bear;before_earnings,False,False,True,False,True,False,True,False,False,3863.T,,1338.0,13.15893,0.30342793,101.68,4409.614,154282770432.0,1785911400.0,1785911400.0,1785911400.0,True,,,True,1785911400.0,2026-08-05,1.0
4,False,41.78571428571429,False,False,True,True,0.48671931405203317,1786.5,1786.5,1238641250.0,1238.64125,2143.932861328125,0.8332816909636329,-0.19796928765073218,-0.03774960417258211,32.764247172197585,1.8339908856533773,-0.028283927114495566,-0.09314720812182742,15.917386187878368,20.7099257542643,19.10024426270123,earnings_blackout,3,trend_break;cross_sma25_down;macd_sell_like;before_earnings,True,True,True,False,False,False,False,False,False,1719.T,,1786.5,9.5062,1.3457576,187.93,1327.505,280271618048.0,1785911400.0,1785911400.0,1785911400.0,True,,,True,1785911400.0,2026-08-05,1.0
4,False,41.6,False,False,False,True,0.5939354070003657,1284.0,1284.0,676402327.5,676.4023275,1555.943359375,0.8252228413480066,-0.23326257809332407,-0.021430418168974508,24.358721939716887,1.897096724277016,-0.06855277475516863,-0.06855277475516863,24.299652316867533,23.758314805734738,25.151876107974324,earnings_blackout,3,trend_break;macd_sell_like;di_bear;before_earnings,True,False,True,False,False,False,True,False,False,1333.T,,1284.0,8.75017,0.78515834,146.74,1635.339,194119352320.0,1785825000.0,1785825000.0,1785825000.0,True,,,True,1785825000.0,2026-08-04,0.0
3,True,42.23633296954063,False,False,True,False,0.5388769257587587,10290.0,10290.0,278954534915.0,278954.534915,22655.0,0.45420436989627017,-0.6149635841977488,0.46249349531141815,1590.1174903707072,15.453036835478203,-0.3708346071537756,-0.5457956301037299,23.36428339859419,20.764358437065535,33.87968094422192,earnings_blackout,2,trailing_stop;ext_dev200;di_bear;before_earnings,False,False,False,False,True,True,True,False,False,6976.T,,10290.0,98.83777,3.7361367,104.11,2754.182,1287761690624.0,1785911400.0,1785911400.0,1785911400.0,True,,,True,1785911400.0,2026-08-05,1.0
3,True,45.27220630372493,False,False,False,False,0.432294609025009,16330.0,16330.0,143667489425.0,143667.489425,26425.0,0.6179754020813624,-0.4902554399243141,0.4407575454979873,1917.99680827768,11.745234588350765,-0.19556650246305418,-0.38202459791863763,24.703615065261367,21.08319942924531,34.98785202232032,earnings_blackout,2,trailing_stop;ext_dev200;di_bear;before_earnings,False,False,False,False,True,True,True,False,False,4062.T,,16330.0,76.17315,8.289968,214.38,1969.851,4563719946240.0,1785825000.0,1785825000.0,1785825000.0,True,,,True,1785825000.0,2026-08-04,0.0
5,True,31.177446102819232,False,False,False,True,0.3912773029335116,23765.0,23765.0,30785768950.0,30785.76895,26150.0,0.9087954110898662,-0.16910387245725722,0.13572966560463384,508.4075006140638,2.1393120160490797,-0.08525789068514245,-0.09120458891013383,21.33495964600953,15.81923277667392,26.76277947871159,earnings_blackout,2,trailing_stop;di_bear;before_earnings,False,False,False,False,True,False,True,False,False,6367.T,,23765.0,25.3145,2.1382866,938.79,11114.039,6614658056192.0,1785825000.0,1785825000.0,1785825000.0,True,,,True,1785825000.0,2026-08-04,0.0
3,True,37.440235380654656,False,False,True,False,0.3996365662137476,4525.0,4525.0,25075139400.0,25075.1394,5950.0,0.7605042016806722,-0.3460504201680672,0.3423982770638532,354.46410055544465,7.833460785755683,-0.1919642857142857,-0.23949579831932777,22.470201918383864,22.646538724151082,34.85420562040081,"fund_neg_eps,earnings_blackout",2,trailing_stop;ext_dev200;di_bear;before_earnings,False,False,False,False,True,True,True,False,False,6963.T,,4525.0,-11.028784518267566,2.3046064,-410.29,1963.459,1746808733696.0,1785911400.0,1785911400.0,1785911400.0,True,,,False,1785911400.0,2026-08-05,1.0
3,False,43.85052034058656,True,True,False,True,0.46355541120651983,3170.0,3170.0,16150076415.0,16150.076415,6390.0,0.49608763693270735,-0.5934272300469483,-0.09952155018931919,296.40655472115714,9.350364502244704,-0.11204481792717091,-0.45344827586206893,14.835460208496231,28.512795679233292,30.006061388654402,earnings_blackout,2,trend_break;trailing_stop;before_earnings,True,False,False,False,True,False,False,False,False,3110.T,,3170.0,13.813238,3.3239696,229.49,953.679,577021149184.0,1785911400.0,1785911400.0,1785911400.0,True,,,True,1785911400.0,2026-08-05,1.0
4,True,39.01734104046242,False,False,True,True,0.5629170517083524,3847.0,3847.0,12729398565.0,12729.398565,5246.0,0.7333206252382768,-0.3566287107960566,0.12454235829839777,201.25167041225222,5.231392524363198,-0.12188997945674507,-0.2666793747617232,30.846868153105156,20.35493962425487,34.60711794859067,earnings_blackout,2,trailing_stop;di_bear;before_earnings,False,False,False,False,True,False,True,False,False,6479.T,,3847.0,15.599529,1.7185622,246.61,2238.499,1544937930752.0,1785911400.0,1785911400.0,1785911400.0,True,,,True,1785911400.0,2026-08-05,1.0
1,False,56.54485049833887,False,False,True,False,0.5324718286199334,2584.0,2584.0,10388702982.5,10388.7029825,3517.076171875,0.7347011761256326,-0.3494596397153842,-0.0966779220949684,78.57804492444096,3.040946011007777,-0.09285588906441988,-0.09285588906441988,27.073025622036297,30.367833757281907,23.38585676365855,earnings_blackout,2,trend_break;trailing_stop;before_earnings,True,False,False,False,True,False,False,False,False,7270.T,,2584.0,21.3642,0.6648907,120.95,3886.353,1820623503360.0,1785911400.0,1785911400.0,1785911400.0,True,,,True,1785911400.0,2026-08-05,1.0
5,True,47.63656948768752,False,False,True,False,0.44209262184887904,7055.0,7055.0,8601496355.0,8601.496355,8096.16796875,0.8713999051441679,-0.24581604240818022,0.319088963010864,415.4741509206892,5.889073719641236,-0.08233610822060355,-0.12860009485583213,20.275736651336885,26.44065363239627,31.46492378093697,earnings_blackout,2,trailing_stop;ext_dev200;di_bear;before_earnings,False,False,False,False,True,True,True,False,False,6481.T,,7055.0,77.99027,3.127631,90.46,2255.701,790680698880.0,1785911400.0,1785911400.0,1785911400.0,True,,,True,1785911400.0,2026-08-05,1.0
3,True,30.49403747870528,False,False,True,True,0.2844432643188069,4313.0,4313.0,7666640795.0,7666.640795,4785.0,0.9013584117032393,-0.27064380685794265,0.24345191245960152,185.3283177727672,4.296970038784308,-0.09864158829676073,-0.09864158829676073,20.63276419077488,19.07153725397602,24.66442115077937,earnings_blackout,2,trailing_stop;ext_dev200;di_bear;before_earnings,False,False,False,False,True,True,True,False,False,4385.T,,4313.0,24.855925,5.9245234,173.52,727.991,712595537920.0,1785911400.0,1785911400.0,1785911400.0,True,,,True,1785911400.0,2026-08-05,1.0
6,True,43.01929625425653,False,False,False,False,0.2541141382893526,1576.5,1576.5,5977191765.0,5977.191765,1748.0,0.9018878718535469,-0.33179600788092023,0.09237878983920011,56.28584069680272,3.5703038818143176,-0.09811212814645309,-0.09811212814645309,19.788107340139558,26.950854909541565,28.311265471655673,earnings_blackout,2,macd_sell_like;trailing_stop;before_earnings,False,False,True,False,True,False,False,False,False,2801.T,,1576.5,23.911724,2.6040764,65.93,605.397,1460686684160.0,1785911400.0,1785911400.0,1785911400.0,True,,,True,1785911400.0,2026-08-05,1.0
3,True,36.304604486422676,False,True,False,True,0.5004968885037197,3467.0,3467.0,5781397070.0,5781.39707,5021.0,0.6904999004182434,-0.37562238597888864,0.16068738060278842,229.48295878186957,6.6190642856033906,-0.16235805750181198,-0.3095000995817566,25.830738301707868,19.414382957875628,32.0858693674195,earnings_blackout,2,trailing_stop;di_bear;before_earnings,False,False,False,False,True,False,True,False,False,4980.T,,3467.0,21.66198,5.310366,160.05,652.874,580757684224.0,1785825000.0,1785825000.0,1785825000.0,True,,,True,1785825000.0,2026-08-04,0.0
4,True,45.079624336463866,False,False,True,True,0.43402530981738646,5725.0,5725.0,4684334495.0,4684.334495,7517.0,0.7616070240787548,-0.3111613675668484,0.12415103196249522,322.91027739147484,5.640354190244102,-0.11583011583011582,-0.2383929759212452,21.456889082855053,21.988571057842048,33.412713176043354,earnings_blackout,2,trailing_stop;di_bear;before_earnings,False,False,False,False,True,False,True,False,False,6674.T,,5725.0,18.233065,1.4552393,313.99,3934.061,574328274944.0,1785911400.0,1785911400.0,1785911400.0,True,,,True,1785911400.0,2026-08-05,1.0
3,False,71.4975845410628,False,False,True,True,0.551032187164412,2050.5,2050.5,4158205072.5,4158.2050725,2301.673095703125,0.890873688287,-0.19819195721352922,0.04170000525144624,44.51571640970309,2.1709688568496994,-0.012758786711603243,-0.012758786711603243,17.543825050133357,27.01226118664334,21.905744440392212,earnings_blackout,2,trend_break;rsi_reversal;before_earnings,True,False,False,True,False,False,False,False,False,5406.T,,2050.5,8.62388,0.6428773,237.77,3189.567,810876403712.0,1785911400.0,1785911400.0,1785911400.0,True,,,True,1785911400.0,2026-08-05,1.0
6,True,40.0562851782364,False,True,False,True,0.417797036050145,2654.0,2654.0,4098579892.5,4098.5798925,3046.0,0.871306631648063,-0.16967707658777287,0.06703534885575957,86.01423651572681,3.240928278663407,-0.06680731364275672,-0.128693368351937,19.196251563047905,12.567112601136682,31.69172791778906,earnings_blackout,2,macd_sell_like;vol_distribution;before_earnings,False,False,True,False,False,False,False,True,False,4042.T,,2654.0,20.03019,0.982387,132.5,2701.583,817141514240.0,1785825000.0,1785825000.0,1785825000.0,True,,,True,1785825000.0,2026-08-04,0.0
4,False,70.73168786591836,False,False,True,True,0.5812525376250692,872.5999755859375,872.5999755859375,3106220840.711975,3106.220840711975,967.4888305664062,0.9019225318343809,-0.2062957213009855,0.04219810086234621,16.66240911516556,1.9095129018284702,-0.026659257572852813,-0.026659257572852813,33.57343428403978,27.929126899712607,18.197667847525597,earnings_blackout,2,trend_break;rsi_reversal;before_earnings,True,False,False,True,False,False,False,False,False,3861.T,,872.6,14.286181,0.6939198,61.08,1257.494,741041831936.0,1785911400.0,1785911400.0,1785911400.0,True,,,True,1785911400.0,2026-08-05,1.0
4,True,32.15031315240083,False,False,True,True,0.6689632174415756,1550.5,1550.5,2750295537.5,2750.2955375,1877.52783203125,0.8258199817589671,-0.20263157666668763,0.28390660854101135,41.85572593711568,2.6994986092947872,-0.09061583577712606,-0.1741800182410329,27.543831060365044,15.89481914779497,28.904636700646453,earnings_blackout,2,trailing_stop;ext_dev200;di_bear;before_earnings,False,False,False,False,True,True,True,False,False,5301.T,,1550.5,16.477152,1.0450262,94.1,1483.695,331041341440.0,1785911400.0,1785911400.0,1785911400.0,True,,,True,1785911400.0,2026-08-05,1.0
4,True,45.911949685534594,False,False,True,False,0.33636541156574257,1150.0,1150.0,2225203180.0,2225.20318,1263.0,0.9105304829770388,-0.17850633736741184,0.22734456478744347,44.68010477695244,3.88522650234369,-0.08946951702296124,-0.08946951702296124,18.734795627075513,20.46096550141407,26.033551298449396,earnings_blackout,2,macd_sell_like;trailing_stop;ext_dev200;before_earnings,False,False,True,False,True,True,False,False,False,8524.T,,1150.0,16.911764,1.110269,68.0,1035.785,430234664960.0,1785911400.0,1785911400.0,1785911400.0,True,,,True,1785911400.0,2026-08-05,1.0
5,True,34.43640124095138,False,False,True,True,0.2643364127592689,3876.0,3876.0,2205990260.0,2205.99026,4386.0,0.8837209302325582,-0.1823973499830821,0.03880046778977708,115.15333934960064,2.9709323877605947,-0.08992721296078887,-0.08992721296078887,19.34998678096864,20.810332031255406,29.43603205375851,earnings_blackout,2,macd_sell_like;trailing_stop;before_earnings,False,False,True,False,True,False,False,False,False,4676.T,,3876.0,117.73998,1.0098808,32.92,3838.077,552120025088.0,1785825000.0,1785825000.0,1785825000.0,True,,,True,1785825000.0,2026-08-04,0.0
6,True,47.531847133757964,False,False,True,False,0.4448719540552144,2943.5,2943.5,1835371620.0,1835.37162,3198.0,0.9204190118824265,-0.13280409262861703,0.06039825148910882,70.15280737253624,2.3833126336856205,-0.07958098811757353,-0.07958098811757353,21.809591296095004,26.419977790163184,29.129466520916658,earnings_blackout,2,macd_sell_like;di_bear;before_earnings,False,False,True,False,False,False,True,False,False,9001.T,,2943.5,10.4047365,0.9349297,282.9,3148.365,575546523648.0,1785825000.0,1785825000.0,1785825000.0,True,,,True,1785825000.0,2026-08-04,0.0
5,True,45.42284219703574,False,True,False,False,0.286378398565996,2169.5,2169.5,1755478982.5,1755.4789825,2352.5,0.9222104144527099,-0.13033595055082525,0.2058730802947557,65.6712256041316,3.027021230888758,-0.0777895855472901,-0.0777895855472901,17.65441640224406,21.534084867615928,23.564917135907955,earnings_blackout,2,macd_sell_like;ext_dev200;vol_distribution;before_earnings,False,False,True,False,False,True,False,True,False,7337.T,,2169.5,14.889163,1.1387627,145.71,1905.138,644711251968.0,1785825000.0,1785825000.0,1785825000.0,True,,,True,1785825000.0,2026-08-04,0.0
6,True,54.33168316831683,False,False,True,False,0.3606682473649675,1264.0,1264.0,1089257395.0,1089.257395,1392.5,0.9077199281867145,-0.18994352802938053,0.11845247415120386,41.737191465878865,3.301992995718265,-0.09228007181328546,-0.09228007181328546,29.17148862834182,34.14692813632668,27.766528067366313,earnings_blackout,2,macd_sell_like;trailing_stop;before_earnings,False,False,True,False,True,False,False,False,False,2433.T,,1264.0,27.448425,1.1662368,46.05,1083.828,453816483840.0,1785911400.0,1785911400.0,1785911400.0,True,,,True,1785911400.0,2026-08-05,1.0
2,False,46.84317718940937,False,False,True,True,0.36064235176410925,3541.0,3541.0,674563455.0,674.563455,4299.2216796875,0.8236374543629922,-0.21753278834309353,-0.07285883959194528,92.01730225888265,2.5986247460853615,-0.03593792540157914,-0.11030150753768841,13.097937110039371,20.178582372628558,23.57733421471806,earnings_blackout,2,trend_break;cross_sma25_down;before_earnings,True,True,False,False,False,False,False,False,False,9302.T,,3541.0,23.904678,1.9143996,148.13,1849.666,265412575232.0,1785825000.0,1785825000.0,1785825000.0,True,,,True,1785825000.0,2026-08-04,0.0
4,False,52.857142857142854,False,False,True,True,0.5751630158258098,4000.0,4000.0,665840150.0,665.84015,4501.83984375,0.888525611490441,-0.20365892070169223,0.015386285533731225,61.12941739640298,1.5282354349100744,-0.017199017199017175,-0.017199017199017175,18.523321134978772,19.39490087321931,18.24821109245917,earnings_blackout,2,trend_break;macd_sell_like;before_earnings,True,False,True,False,False,False,False,False,False,3002.T,,4000.0,250.62657,1.120954,15.96,3568.389,125379821568.0,1785911400.0,1785911400.0,1785911400.0,True,,,True,1785911400.0,2026-08-05,1.0
6,True,50.0,False,False,True,True,0.42034318670108567,3930.0,3930.0,342815675.0,342.815675,4285.4482421875,0.9170569279805227,-0.1331128530667578,0.028227370418207,60.04041666225325,1.527745971049701,-0.029629629629629672,-0.029629629629629672,11.144438238310956,14.324374911079987,23.48201821141141,earnings_blackout,2,cross_sma25_down;macd_sell_like;before_earnings,False,True,True,False,False,False,False,False,False,8098.T,,3930.0,10.214955,0.88978165,384.73,4416.814,209790910464.0,1785911400.0,1785911400.0,1785911400.0,True,,,True,1785911400.0,2026-08-05,1.0
4,True,41.6941694169417,False,False,True,False,0.38824553110088944,2600.0,2600.0,339469835.0,339.469835,2790.0,0.931899641577061,-0.2206732712626488,0.26287419042543814,98.85111577605272,3.801965991386643,-0.06810035842293904,-0.06810035842293904,20.473817292123318,19.745734404134748,25.159074500420324,earnings_blackout,2,macd_sell_like;ext_dev200;di_bear;before_earnings,False,False,True,False,False,True,True,False,False,8337.T,,2600.0,24.653898,0.7742068,105.46,3358.276,149275574272.0,,1785911400.0,1785911400.0,True,,,True,1785911400.0,2026-08-05,1.0
3,False,52.38095238095238,False,False,True,False,0.34573266127672514,304.0,304.0,268956695.0,268.956695,398.8636474609375,0.7621652209600578,-0.468131885255026,0.0059873380815265165,8.574641231824048,2.8206056683631733,-0.052959501557632405,-0.052959501557632405,28.71600462166101,28.879315687849722,18.165942704787863,earnings_blackout,2,trend_break;macd_sell_like;before_earnings,True,False,True,False,False,False,False,False,False,4477.T,,304.0,19.400127,2.340406,15.67,129.892,35007840256.0,1785911400.0,1785911400.0,1785911400.0,True,,,True,1785911400.0,2026-08-05,1.0
2,False,66.31977294228949,True,True,False,False,0.43382097462410946,4091.0,4091.0,75491819805.0,75491.819805,5180.24462890625,0.7897310442004682,-0.32551447850490445,-0.04118126297017044,160.4756596274372,3.9226511764223226,0.0,-0.0714934180662733,9.948818532454593,34.35013438506514,23.019170567858147,earnings_blackout,1,trend_break;before_earnings,True,False,False,False,False,False,False,False,False,7011.T,,4091.0,39.15957,4.451292,104.47,919.059,13746616401920.0,1785825000.0,1785825000.0,1785825000.0,True,,,True,1785825000.0,2026-08-04,0.0
3,False,54.331766286098045,False,False,False,True,0.5422951598119231,2879.5,2879.5,33778194960.0,33778.19496,4487.14306640625,0.6417223514796888,-0.4744985918426442,-0.0776923996514084,130.59893661262063,4.535472707505492,-0.03437290409121396,-0.062357538261152756,9.74880829324527,26.05276737234488,25.700267253796945,earnings_blackout,1,trend_break;before_earnings,True,False,False,False,False,False,False,False,False,7013.T,,2879.5,19.351479,4.6803637,148.8,615.23,3052736348160.0,1785911400.0,1785911400.0,1785911400.0,True,,,True,1785911400.0,2026-08-05,1.0
1,False,56.77867902665122,False,False,False,True,0.645706469830441,4815.0,4815.0,31696842430.0,31696.84243,6597.908203125,0.7297767492005189,-0.3270594462200822,-0.035195846618855,129.44985680464063,2.6884705463061396,-0.032160804020100464,-0.21477495107632094,17.408590320089562,20.434438661932553,25.6828639279348,earnings_blackout,1,trend_break;before_earnings,True,False,False,False,False,False,False,False,False,8031.T,,4815.0,16.77233,1.5564573,287.08,3093.564,13646616854528.0,1785825000.0,1785825000.0,1785825000.0,True,,,True,1785825000.0,2026-08-04,0.0
5,True,57.40072202166065,False,False,True,True,0.46612631218098627,1575.0,1575.0,26735318710.0,26735.31871,1688.5,0.9327805744743856,-0.24113474756989983,0.07805966646155427,45.92085670000579,2.915609949206717,-0.06721942552561444,-0.06721942552561444,29.73022565114332,28.708049185664073,23.06916448132835,"fund_neg_eps,earnings_blackout",1,macd_sell_like;before_earnings,False,False,True,False,False,False,False,False,False,7267.T,,1575.0,-14.84588556885663,0.5187906,-106.09,3035.907,6130814156800.0,1785911400.0,1785911400.0,1785911400.0,True,,,False,1785911400.0,2026-08-05,1.0
4,False,79.69697894472064,False,False,True,False,0.4207035915346266,646.0,646.0,26530264782.773132,26530.26478277313,683.9722290039062,0.9444827912688698,-0.22365269014896305,0.07988443480093155,14.932405946621705,2.311517948393453,-0.03983351408920588,-0.03983351408920588,42.33087711595983,41.16202996688029,13.52732232701605,earnings_blackout,1,trend_break;before_earnings,True,False,False,False,False,False,False,False,False,5401.T,,646.0,195.75758,0.6104723,3.3,1058.197,3376185868288.0,1785825000.0,1785825000.0,1785825000.0,True,,,True,1785825000.0,2026-08-04,0.0
6,True,51.96077294736578,False,False,True,False,0.2790506647684776,220.39999389648438,220.39999389648438,18386855098.155136,18386.855098155134,237.40994262695312,0.9283519951091652,-0.14367527828770388,0.02793654864886652,4.796366359406247,2.176209842210324,-0.06570580924559744,-0.06570580924559744,36.256071229581075,28.843523900085195,20.755531353816043,earnings_blackout,1,macd_sell_like;before_earnings,False,False,True,False,False,False,False,False,False,9434.T,,220.4,19.556343,3.5618474,11.27,61.878,10542550876160.0,1785825000.0,1785825000.0,1785825000.0,True,,,True,1785825000.0,2026-08-04,0.0
5,True,74.73481195756992,False,False,False,False,0.4305978911546149,6019.0,6019.0,16795291030.0,16795.29103,6309.0,0.9540339197971153,-0.19480107782532885,0.13279510882505674,146.9850111451968,2.442017131503519,-0.019866471258752627,-0.019866471258752627,29.951315670931926,31.51462252091483,16.269818163251053,earnings_blackout,1,rsi_reversal;before_earnings,False,False,False,True,False,False,False,False,False,9101.T,,6019.0,11.916217,0.7944853,505.11,7575.974,2429004283904.0,1785911400.0,1785911400.0,1785911400.0,True,,,True,1785911400.0,2026-08-05,1.0
3,False,53.164556962025316,False,False,True,True,0.5478852991676455,2168.5,2168.5,15047584402.5,15047.5844025,2657.5,0.8159924741298212,-0.2071495766698025,-0.0005318256406743327,55.694482849739856,2.5683413811270395,-0.055325637116096726,-0.08771560790912913,14.599536927555775,23.332783998112905,22.216590121873015,earnings_blackout,1,trend_break;before_earnings,True,False,False,False,False,False,False,False,False,4503.T,,2168.5,13.376719,2.1239793,162.11,1020.961,3884850872320.0,1785911400.0,1785911400.0,1785911400.0,True,,,True,1785911400.0,2026-08-05,1.0
6,True,44.04536862003781,False,False,True,False,0.4172706393983152,3216.0,3216.0,10020396275.0,10020.396275,3419.0,0.9406259140099444,-0.1543882426383768,0.03815842624543575,75.53712253483057,2.348791123595478,-0.05937408599005556,-0.05937408599005556,24.269127989602723,28.73883913259426,26.868027988841543,earnings_blackout,1,macd_sell_like;before_earnings,False,False,True,False,False,False,False,False,False,4452.T,,3216.0,27.721748,2.712752,116.01,1185.512,2909328113664.0,1785911400.0,1785911400.0,1785911400.0,True,,,True,1785911400.0,2026-08-05,1.0
1,False,68.88260254596888,False,False,True,False,0.5548195019114057,1799.5,1799.5,9499052917.5,9499.0529175,2309.126953125,0.7792988590621625,-0.3304828918532352,-0.015485991754421669,43.783497636526796,2.4330923943610334,-0.036412315930388184,-0.036412315930388184,36.37074163616046,32.28005228976632,16.640935673331345,earnings_blackout,1,trend_break;before_earnings,True,False,False,False,False,False,False,False,False,5411.T,,1799.5,17.058489,0.4369964,105.49,4117.883,1144727273472.0,1785911400.0,1785911400.0,1785911400.0,True,,,True,1785911400.0,2026-08-05,1.0
1,False,50.050150451354064,False,False,True,True,0.4756193710313095,1969.5,1969.5,4779625007.5,4779.6250075,2754.88330078125,0.7149123156837441,-0.4468788825143555,-0.015903100316210006,68.42295223511304,3.4741280647429824,-0.05380735046841223,-0.05380735046841223,16.429644004923706,29.826984411752623,23.796147307924585,earnings_blackout,1,trend_break;before_earnings,True,False,False,False,False,False,False,False,False,3064.T,,1969.5,30.151562,8.442862,65.32,233.274,968545992704.0,1785825000.0,1785825000.0,1785825000.0,True,,,True,1785825000.0,2026-08-04,0.0
5,False,56.297229219143574,False,True,False,False,0.4445565132692411,2970.0,2970.0,4306995335.0,4306.995335,3277.98291015625,0.9060449921193855,-0.388811084255841,0.03205139388103473,88.87811182423934,2.9925290176511563,-0.04100742654181466,-0.04100742654181466,25.894061277982917,35.25263197821582,26.006039273724333,earnings_blackout,1,trend_break;before_earnings,True,False,False,False,False,False,False,False,False,2897.T,,2970.0,19.02261,1.6485227,156.13,1801.613,852563132416.0,1785825000.0,1785825000.0,1785825000.0,True,,,True,1785825000.0,2026-08-04,0.0
3,True,48.20295983086681,False,True,False,False,0.3022146973644794,14780.0,14780.0,4227448200.0,4227.4482,19450.0,0.7598971722365039,-0.3881748071979434,0.15071485038608667,1048.0748956105792,7.091169794388222,-0.07625000000000004,-0.24010282776349612,28.338283053280342,26.05793463204462,33.341359600636,earnings_blackout,1,di_bear;before_earnings,False,False,False,False,False,False,True,False,False,6622.T,,14780.0,25.147602,2.2652142,587.73,6524.769,348908716032.0,1785825000.0,1785825000.0,1785825000.0,True,,,True,1785825000.0,2026-08-04,0.0
6,True,44.4812362030905,False,False,True,True,0.4540321755442605,2097.5,2097.5,3998531192.5,3998.5311925,2353.532470703125,0.8912135379943857,-0.24546779696286403,0.0395359653627918,61.80810745821766,2.9467512494978623,-0.050475328202806646,-0.05603060306030605,9.960985539175864,19.930134533094492,30.152309974938024,earnings_blackout,1,macd_sell_like;before_earnings,False,False,True,False,False,False,False,False,False,4183.T,,2097.5,23.220413,0.89287156,90.33,2349.162,758338158592.0,1785911400.0,1785911400.0,1785911400.0,True,,,True,1785911400.0,2026-08-05,1.0
3,False,48.891352549889135,False,False,True,True,0.23900523881043878,2476.0,2476.0,2658483595.0,2658.483595,2760.5,0.8969389603332729,-0.4397477618978006,-0.018187856645668243,62.92900784842626,2.5415592830543723,-0.06917293233082711,-0.10306103966672708,14.207299158381813,23.758074840885563,21.542748861259074,earnings_blackout,1,trend_break;before_earnings,True,False,False,False,False,False,False,False,False,2432.T,,2476.0,14.476993,1.1430101,171.03,2166.21,231855063040.0,1785911400.0,1785911400.0,1785911400.0,True,,,True,1785911400.0,2026-08-05,1.0
5,True,59.453302961275625,False,False,True,True,0.2516604242034944,1244.5,1244.5,2638726652.5,2638.7266525,1288.5,0.9658517656189367,-0.25340602384707855,0.11425783417277802,30.242387947090474,2.4300834027392906,-0.03414823438106329,-0.03414823438106329,23.27180039949796,26.873915776505346,23.61938690360405,earnings_blackout,1,macd_sell_like;before_earnings,False,False,True,False,False,False,False,False,False,7951.T,,1244.5,23.854706,1.1444657,52.17,1087.407,547451764736.0,1785825000.0,1785825000.0,1785825000.0,True,,,True,1785825000.0,2026-08-04,0.0
6,True,47.44645799011533,False,False,True,False,0.36830303838757844,1970.0,1970.0,2332556315.0,2332.556315,2064.0,0.9544573643410853,-0.13613670636846975,0.11689549361240159,41.417599511416846,2.102416218853647,-0.0455426356589147,-0.0455426356589147,32.50942696275918,29.502046283565576,25.532708324974006,earnings_blackout,1,macd_sell_like;before_earnings,False,False,True,False,False,False,False,False,False,4732.T,,1970.0,22.242294,4.407603,88.57,446.955,894459838464.0,1785825000.0,1785825000.0,1785825000.0,True,,,True,1785825000.0,2026-08-04,0.0
6,True,49.79218620116375,True,False,False,True,0.3812239724473129,3474.0,3474.0,2279140845.0,2279.140845,4063.0,0.8550332266797932,-0.21560423332512924,0.22843146366555978,149.05308050714018,4.290531966238923,-0.08265117507261688,-0.1449667733202068,18.7781025776411,23.949826322783515,26.344556276398347,earnings_blackout,1,trailing_stop;ext_dev200;before_earnings,False,False,False,False,True,True,False,False,False,5393.T,,3474.0,20.779999,2.7541134,167.18,1261.386,654721613824.0,1785825000.0,1785825000.0,1785825000.0,True,,,True,1785825000.0,2026-08-04,0.0
3,False,52.58323765786452,True,False,True,True,0.5754393487364002,3090.0,3090.0,1948925200.0,1948.9252,4624.24365234375,0.6682173847898056,-0.381520478802963,-0.05707179665509654,108.2679648769753,3.503817633559071,-0.022151898734177222,-0.23891625615763545,10.376323682789657,26.245235115780467,24.892650896144186,earnings_blackout,1,trend_break;before_earnings,True,False,False,False,False,False,False,False,False,5857.T,,3090.0,10.766175,1.1518663,287.01,2682.603,265568567296.0,1785825000.0,1785825000.0,1785825000.0,True,,,True,1785825000.0,2026-08-04,0.0
4,True,76.31578947368422,False,False,True,True,0.6415660311803024,3700.0,3700.0,1879788325.0,1879.788325,3700.0,1.0,-0.4611285022124587,0.43313932782111575,39.746858707690805,1.074239424532184,0.0,0.0,70.13592389277463,34.53519119762933,4.353647330628348,earnings_blackout,1,macd_sell_like;ext_dev200;before_earnings,False,False,True,False,False,True,False,False,False,2371.T,,3700.0,38.865547,11.263524,95.2,328.494,731994193920.0,1785911400.0,1785911400.0,1785911400.0,True,,,True,1785911400.0,2026-08-05,1.0
2,False,53.24444444444445,False,False,False,True,0.30106734174817906,4712.0,4712.0,1777653225.0,1777.653225,6380.328125,0.7385200114610093,-0.3514440137042325,-0.05223030295407216,142.6571072289287,3.0275277425494207,-0.07317073170731703,-0.07317073170731703,27.22611266556948,33.710257830637225,22.893789482464147,earnings_blackout,1,trend_break;before_earnings,True,False,False,False,False,False,False,False,False,8056.T,,4712.0,14.731445,2.5424588,319.86,1853.324,455253786624.0,1785911400.0,1785911400.0,1785911400.0,True,,,True,1785911400.0,2026-08-05,1.0
5,True,48.22211397954213,False,True,False,False,0.34351767515494663,4013.0,4013.0,1682222540.0,1682.22254,4828.0,0.8311930405965203,-0.25807787903893953,0.27592828437850825,221.33705060090185,5.515500887139344,-0.08127289377289382,-0.16880695940347967,15.421442085347836,31.614652974931555,35.247788383581394,earnings_blackout,1,trailing_stop;ext_dev200;before_earnings,False,False,False,False,True,True,False,False,False,6925.T,,4013.0,42.26435,1.6150745,94.95,2484.715,318423597056.0,1785825000.0,1785825000.0,1785825000.0,True,,,True,1785825000.0,2026-08-04,0.0
4,False,50.931677018633536,False,False,True,True,0.45635668053237627,2757.0,2757.0,1668319667.5,1668.3196675,3318.0,0.8309222423146474,-0.23040988547317665,-0.057010595109749596,58.15145237553744,2.1092293208392254,-0.024588713957190866,-0.0529027825489522,11.256641024663102,21.811018664591845,25.675042593194487,earnings_blackout,1,trend_break;before_earnings,True,False,False,False,False,False,False,False,False,4403.T,,2757.0,15.645216,2.113732,176.22,1304.328,619592744960.0,1785911400.0,1785911400.0,1785911400.0,True,,,True,1785911400.0,2026-08-05,1.0
5,True,49.44567627494456,False,False,False,False,0.37068613133383815,4100.0,4100.0,1651062700.0,1651.0627,5090.0,0.8055009823182712,-0.324741038394438,0.33263384498839943,265.4079727342114,6.473365188639302,-0.059633027522935755,-0.19449901768172884,22.074471560585824,24.196186010431116,28.011174070281314,earnings_blackout,1,ext_dev200;di_bear;before_earnings,False,False,False,False,False,True,True,False,False,5384.T,,4100.0,33.60105,3.6264606,122.02,1130.579,304151363584.0,1785911400.0,1785911400.0,1785911400.0,True,,,True,1785911400.0,2026-08-05,1.0
6,True,59.259252282223336,True,False,True,True,0.3894418991988459,400.29998779296875,400.29998779296875,1438424660.4138184,1438.4246604138184,479.3999938964844,0.8350020711085042,-0.2533018466868412,0.06689405851998464,14.834469474804333,3.705838103216874,-0.008667657518094063,-0.16499792889149578,21.50062741693266,24.036602066676842,24.97372180235423,earnings_blackout,1,di_bear;before_earnings,False,False,False,False,False,False,True,False,False,6472.T,,400.3,17.106838,0.80156505,23.4,499.398,237980860416.0,1785825000.0,1785825000.0,1785825000.0,True,,,True,1785825000.0,2026-08-04,0.0
4,True,52.87107258938244,False,True,False,True,0.32053423928020336,2869.5,2869.5,1241015245.0,1241.015245,2950.0,0.9727118644067797,-0.25859912108790173,0.2172601624056254,86.9652388635647,3.030675687874706,-0.027288135593220297,-0.027288135593220297,19.829505699995888,35.50539189016592,18.264022381206914,earnings_blackout,1,macd_sell_like;ext_dev200;before_earnings,False,False,True,False,False,True,False,False,False,8242.T,,2869.5,11.387809,1.0597751,251.98,2707.65,325987106816.0,1785825000.0,1785825000.0,1785825000.0,True,,,True,1785825000.0,2026-08-04,0.0
6,True,49.2283950617284,True,False,True,False,0.37928262421954767,3000.0,3000.0,1075923105.0,1075.923105,3390.0,0.8849557522123894,-0.2126843657817109,0.12191350605770768,137.50410131208335,4.583470043736112,-0.04761904761904767,-0.11504424778761058,22.538541181519555,26.04853817003424,32.37015055436173,earnings_blackout,1,di_bear;before_earnings,False,False,False,False,False,False,True,False,False,3433.T,,3000.0,17.74518,2.6724296,169.06,1122.574,178406080512.0,1785911400.0,1785911400.0,1785911400.0,True,,,True,1785911400.0,2026-08-05,1.0
4,True,47.21030042918455,False,False,True,False,0.2483032171225723,6450.0,6450.0,976563800.0,976.5638,6990.0,0.9227467811158798,-0.1573770414225516,0.23605865730506426,261.3674988555938,4.052209284582849,-0.07725321888412018,-0.07725321888412018,18.92928445155795,23.898778555391374,28.36922302433772,earnings_blackout,1,macd_sell_like;ext_dev200;before_earnings,False,False,True,False,False,True,False,False,False,8522.T,,6450.0,15.651541,1.0109295,412.1,6380.267,317320167424.0,1785911400.0,1785911400.0,1785911400.0,True,,,True,1785911400.0,2026-08-05,1.0
6,True,48.987854251012145,False,False,True,True,0.4064717644035814,3995.0,3995.0,895947305.0,895.947305,4344.0,0.9196593001841621,-0.2218283591198107,0.0694698211880147,91.10701086081207,2.280525928931466,-0.045628284758719495,-0.08034069981583791,16.360900274243356,13.535081323816911,20.208967683567007,earnings_blackout,1,macd_sell_like;before_earnings,False,False,True,False,False,False,False,False,False,5901.T,,3995.0,11.053316,0.86101586,361.43,4639.868,601588236288.0,1785911400.0,1785911400.0,1785911400.0,True,,,True,1785911400.0,2026-08-05,1.0
7,True,54.63414634146341,False,False,True,True,0.2385205776980531,2427.0,2427.0,720944745.0,720.944745,2667.0,0.9100112485939258,-0.1781027371578553,0.11497073035304894,65.26519474373004,2.689130397351876,-0.0686876438986953,-0.08998875140607421,30.31819342629442,26.440162576220335,17.670883800968532,earnings_blackout,1,macd_sell_like;before_earnings,False,False,True,False,False,False,False,False,False,2730.T,,2427.0,16.616459,1.0946945,146.06,2217.057,256630276096.0,1785911400.0,1785911400.0,1785911400.0,True,,,True,1785911400.0,2026-08-05,1.0
5,True,48.360655737704924,False,False,True,True,0.37603526120343084,3410.0,3410.0,689584850.0,689.58485,3715.0,0.917900403768506,-0.114098364670016,0.20872403959098595,93.07615180082635,2.729505917912796,-0.0657534246575342,-0.08209959623149399,24.32737947900379,20.55118084686776,26.776645751506166,earnings_blackout,1,ext_dev200;di_bear;before_earnings,False,False,False,False,False,True,True,False,False,6013.T,,3410.0,18.559843,2.207104,183.73,1545.011,247370776576.0,1785911400.0,1785911400.0,1785911400.0,True,,,True,1785911400.0,2026-08-05,1.0
3,True,57.954545454545446,False,True,False,True,0.5231369929773165,1301.0,1301.0,479985440.0,479.98544,1887.3974609375,0.6893089701168575,-0.5279213740398769,0.11326450876413419,56.76378292771673,4.363088618579303,-0.027653213751868466,-0.027653213751868466,22.29831590011898,33.25714017069096,18.027064542300234,earnings_blackout,1,macd_sell_like;before_earnings,False,False,True,False,False,False,False,False,False,4475.T,,1301.0,28.381327,10.528445,45.84,123.57,40555511808.0,1785825000.0,1785825000.0,1785825000.0,True,,,True,1785825000.0,2026-08-04,0.0
1,False,62.08791208791209,False,False,True,False,0.3440652187128727,899.0,899.0,421016435.0,421.016435,1222.82763671875,0.7351812904820451,-0.38912077420457436,-0.02213098927624746,24.048990868387794,2.675082410276729,-0.05368421052631578,-0.05368421052631578,35.61822078206603,30.621035767045424,18.420956945833396,earnings_blackout,1,trend_break;before_earnings,True,False,False,False,False,False,False,False,False,9090.T,,899.0,17.23543,1.9406703,52.16,463.242,121080242176.0,1785911400.0,1785911400.0,1785911400.0,True,,,True,1785911400.0,2026-08-05,1.0
4,False,58.29959514170041,True,True,False,True,0.583248142369796,1530.0,1530.0,346161740.0,346.16174,1909.0,0.8014667365112624,-0.2739654269250916,0.027788219131045233,43.89727102416555,2.86910268131801,-0.0026075619295958807,-0.045539613225202724,14.609486084627413,33.049591599428695,13.290773722902111,earnings_blackout,1,trend_break;before_earnings,True,False,False,False,False,False,False,False,False,9119.T,,1530.0,10.514018,1.0230958,145.52,1495.461,161878278144.0,1785825000.0,1785825000.0,1785825000.0,True,,,True,1785825000.0,2026-08-04,0.0
3,False,68.46846846846847,True,False,False,True,0.40996184662990953,2652.0,2652.0,342881765.0,342.881765,2977.3173828125,0.8907347316445009,-0.20757826181221106,0.011428828758627274,60.43077652017418,2.278686897442465,0.0,-0.04541668999096349,19.750806548008313,27.223799383387064,18.62545170953998,earnings_blackout,1,trend_break;before_earnings,True,False,False,False,False,False,False,False,False,5851.T,,2652.0,7.65368,0.46112525,346.5,5751.149,84358717440.0,1785911400.0,1785911400.0,1785911400.0,True,,,True,1785911400.0,2026-08-05,1.0
3,False,49.397590361445786,False,False,True,True,0.3099879818080265,388.0,388.0,186111590.0,186.11159,522.8327026367188,0.7421111916742421,-0.33056980132478164,-0.08164593663830344,10.558720348231006,2.721319677379125,-0.030000000000000027,-0.030000000000000027,21.412496749790627,24.792798993458184,13.466667887849399,"fund_low_adv20,earnings_blackout",1,trend_break;before_earnings,True,False,False,False,False,False,False,False,False,3668.T,,388.0,146.9697,0.74974394,2.64,517.51,49884254208.0,1785911400.0,1785911400.0,1785911400.0,True,,,False,1785911400.0,2026-08-05,1.0
4,True,60.88082901554404,False,False,True,False,0.472304742287768,3279.0,3279.0,12658053022.5,12658.0530225,3481.0,0.9419706980752657,-0.48974207065208175,0.1896642149620389,144.86626830835286,4.418001473264802,-0.05802930192473432,-0.05802930192473432,32.10017807446312,36.08121042041708,21.383228384279548,"fund_neg_eps,earnings_blackout",0,ext_dev200;before_earnings,False,False,False,False,False,True,False,False,False,4911.T,,3279.0,-32.181764648149965,2.159254,-101.89,1518.58,1310349328384.0,1785911400.0,1785911400.0,1785911400.0,True,,,False,1785911400.0,2026-08-05,1.0
4,True,77.54010695187166,False,False,True,True,0.42464207246193,2863.0,2863.0,12439685877.5,12439.6858775,2868.0,0.9982566248256625,-0.14016128850261744,0.19987986322132567,70.70320701432767,2.4695496686806733,-0.0017433751743375359,-0.0017433751743375359,23.888325710510415,32.72365265961578,16.26726783951928,earnings_blackout,0,ext_dev200;before_earnings,False,False,False,False,False,True,False,False,False,9107.T,,2863.0,13.600305,1.0038742,210.51,2851.951,1734044418048.0,1785825000.0,1785825000.0,1785825000.0,True,,,True,1785825000.0,2026-08-04,0.0
5,True,76.73019057171514,True,True,False,False,0.2143788199233341,1511.0,1511.0,9438753302.5,9438.7533025,1511.0,1.0,-0.2643029729978327,0.3024174927417489,51.7459745893391,3.424617775601529,0.0,0.0,30.2984701394553,50.79130042068294,15.83919506844104,earnings_blackout,0,ext_dev200;before_earnings,False,False,False,False,False,True,False,False,False,7272.T,,1511.0,9.410226,1.2608826,160.57,1198.367,1466241384448.0,1785825000.0,1785825000.0,1785825000.0,True,,,True,1785825000.0,2026-08-04,0.0
5,True,48.905410987195374,False,False,True,False,0.29748180603927676,18060.0,18060.0,9234116300.0,9234.1163,20920.0,0.8632887189292543,-0.29445506692160617,0.23624657395236937,1218.4783253071596,6.746834580881282,-0.059864653826132264,-0.1367112810707457,17.31810695751017,26.99794534133897,31.77204255847222,earnings_blackout,0,ext_dev200;before_earnings,False,False,False,False,False,True,False,False,False,7729.T,,18060.0,29.769068,3.8238254,606.67,4723.019,733049913344.0,1785825000.0,1785825000.0,1785825000.0,True,,,True,1785825000.0,2026-08-04,0.0
5,True,47.51847940865892,False,False,False,False,0.33240881719224513,5538.0,5538.0,7197035310.0,7197.03531,6272.0,0.8829719387755102,-0.44356146946355113,0.15839641765894763,262.9214579147771,4.747588622513129,-0.07853577371048248,-0.11702806122448983,12.985650118197839,27.6863362543887,29.365929503184514,earnings_blackout,0,before_earnings,False,False,False,False,False,False,False,False,False,6645.T,,5538.0,31.871548,1.3027315,173.76,4251.068,1088933593088.0,1785911400.0,1785911400.0,1785911400.0,True,,,True,1785911400.0,2026-08-05,1.0
4,True,40.31108230719377,False,False,True,False,0.42143199168310025,2631.5,2631.5,7186723612.5,7186.7236125,2805.0,0.9381461675579322,-0.1930406569073687,0.2687673364450267,90.38730488338982,3.434820630187719,-0.06185383244206777,-0.06185383244206777,16.034011490303772,24.009065615919162,29.45394803393769,earnings_blackout,0,ext_dev200;before_earnings,False,False,False,False,False,True,False,False,False,8331.T,,2631.5,19.77382,1.4605739,133.08,1801.689,1819063222272.0,1785825000.0,1785825000.0,1785825000.0,True,,,True,1785825000.0,2026-08-04,0.0
5,True,61.99095022624435,True,False,False,True,0.20417698793089134,5894.0,5894.0,6383259230.0,6383.25923,6188.3056640625,0.9524416407270202,-0.24050293325127337,0.1442818100301999,229.31574540788307,3.8906641569033438,-0.02125539687811362,-0.02125539687811362,11.329153444115613,28.259415728255867,21.07621877546324,earnings_blackout,0,before_earnings,False,False,False,False,False,False,False,False,False,6841.T,,5894.0,25.897448,2.8860254,227.59,2042.255,1476844060672.0,1785825000.0,1785825000.0,1785825000.0,True,,,True,1785825000.0,2026-08-04,0.0
3,True,58.919319022945956,False,False,True,True,0.4839838124394737,2972.0,2972.0,5433216490.0,5433.21649,3102.0,0.9580915538362347,-0.3489798054337069,0.3339124177981412,96.06561208558348,3.232355722933496,-0.04098096160051634,-0.04190844616376532,18.423774742639736,24.170584594223154,15.435520359859419,earnings_blackout,0,ext_dev200;before_earnings,False,False,False,False,False,True,False,False,False,6724.T,,2972.0,52.36082,1.1157681,56.76,2663.636,952311283712.0,1785911400.0,1785911400.0,1785911400.0,True,,,True,1785911400.0,2026-08-05,1.0
5,True,52.86085825747724,False,False,False,True,0.45850385214116984,27415.0,27415.0,5255488725.0,5255.488725,31350.0,0.874481658692185,-0.22724070604469537,0.2632089991349711,1204.8558937130317,4.394878328334969,-0.03654893691794059,-0.12551834130781503,14.656961571680164,21.80189842165484,25.70819082609806,"fund_small_mcap,earnings_blackout",0,ext_dev200;before_earnings,False,False,False,False,False,True,False,False,False,6806.T,,27415.0,27.628847,2.3726833,992.26,11554.429,,1785825000.0,1785825000.0,1785825000.0,True,,,False,1785825000.0,2026-08-04,0.0
4,True,66.33444075304541,True,True,False,False,0.38682811588406246,5720.0,5720.0,4882298850.0,4882.29885,6196.6748046875,0.9230757108107533,-0.2504378372032001,0.18941200169715922,240.42910471952456,4.203306026565114,0.0,0.0,10.111945034648189,33.35645634642119,22.8200567516991,earnings_blackout,0,ext_dev200;before_earnings,False,False,False,False,False,True,False,False,False,6302.T,,5720.0,22.215317,0.9982886,257.48,5729.806,679905263616.0,1785825000.0,1785825000.0,1785825000.0,True,,,True,1785825000.0,2026-08-04,0.0
4,True,46.58944658944659,False,False,True,False,0.21670443741707407,1496.5,1496.5,4673363685.0,4673.363685,1565.5,0.9559246247205365,-0.13998516184570875,0.2314844204341957,46.378510355266414,3.099131998347238,-0.04407537527946348,-0.04407537527946348,15.651772454632724,21.365458547295706,24.149000306793575,earnings_blackout,0,ext_dev200;before_earnings,False,False,False,False,False,True,False,False,False,7167.T,,1496.5,16.818386,1.3039395,88.98,1147.676,1404543696896.0,1785911400.0,1785911400.0,1785911400.0,True,,,True,1785911400.0,2026-08-05,1.0
4,True,59.231601756275566,False,False,True,False,0.3428859744755239,998.4000244140625,998.4000244140625,4626563101.578674,4626.563101578674,1082.295654296875,0.9224836304666527,-0.45623484670088843,0.066757581322054,26.780670181231727,2.6823587265984568,-0.04959540750684199,-0.04959540750684199,17.037952507179607,27.91213935788126,20.945100586699276,earnings_blackout,0,before_earnings,False,False,False,False,False,False,False,False,False,8113.T,,998.4,29.270008,2.1927001,34.11,455.329,1718047080448.0,1785911400.0,1785911400.0,1785911400.0,True,,,True,1785911400.0,2026-08-05,1.0
4,True,63.34056399132321,True,True,False,True,0.4129753326644604,3907.0,3907.0,4555821125.0,4555.821125,3907.0,1.0,-0.3321142967041547,0.3194471915626924,187.511929595694,4.799383915937907,0.0,0.0,9.149082144324554,31.245115037583144,23.128292535862663,earnings_blackout,0,ext_dev200;before_earnings,False,False,False,False,False,True,False,False,False,6141.T,,3907.0,114.84421,1.6240683,34.02,2405.687,551278411776.0,1785825000.0,1785825000.0,1785825000.0,True,,,True,1785825000.0,2026-08-04,0.0
3,True,56.33802816901409,False,False,False,True,0.2430879758985571,5140.0,5140.0,2491651050.0,2491.65105,5140.0,1.0,-0.242657477188034,0.2659873884194015,207.3423263961278,4.033897400702875,0.0,0.0,12.028528086042819,26.717677573779465,23.44466978017184,earnings_blackout,0,ext_dev200;before_earnings,False,False,False,False,False,True,False,False,False,6103.T,,5140.0,24.731752,1.2434456,207.83,4133.675,301774864384.0,1785911400.0,1785911400.0,1785911400.0,True,,,True,1785911400.0,2026-08-05,1.0
4,True,62.44979919678715,False,False,True,False,0.47170600151313125,3663.0,3663.0,2415502160.0,2415.50216,3728.0,0.9825643776824035,-0.46215076561266244,0.2561168992013656,117.07805636762839,3.19623413507039,-0.017435622317596544,-0.017435622317596544,50.79957347870235,33.115649205256936,12.488715361952002,earnings_blackout,0,ext_dev200;before_earnings,False,False,False,False,False,True,False,False,False,7867.T,,3663.0,27.676613,2.892104,132.35,1266.552,315619016704.0,1785825000.0,1785825000.0,1785825000.0,True,,,True,1785825000.0,2026-08-04,0.0
5,True,48.92857142857143,False,True,False,True,0.4914274551921319,5498.0,5498.0,1855302850.0,1855.30285,6372.0,0.8628374136848713,-0.2031451449060646,0.2491750874122851,269.2844267842149,4.8978615275411945,-0.04382608695652179,-0.13716258631512868,14.20459728395346,26.238631090062853,19.962904292221502,earnings_blackout,0,ext_dev200;before_earnings,False,False,False,False,False,True,False,False,False,5232.T,,5498.0,15.730594,0.8921358,349.51,6162.739,174238564352.0,1785825000.0,1785825000.0,1785825000.0,True,,,True,1785825000.0,2026-08-04,0.0
4,True,64.62450592885375,False,False,True,True,0.5190108216871698,1493.5,1493.5,1499735170.0,1499.73517,1536.3155517578125,0.97213101715411,-0.21787888074662443,0.18113095200706475,34.27421983023584,2.2948925229484995,-0.02671880091234935,-0.02671880091234935,24.25157042290979,21.590135836574138,18.612718398079757,earnings_blackout,0,ext_dev200;before_earnings,False,False,False,False,False,True,False,False,False,3941.T,,1493.5,17.647408,0.75710917,84.63,1972.635,365269254144.0,1785911400.0,1785911400.0,1785911400.0,True,,,True,1785911400.0,2026-08-05,1.0
6,True,42.692939244663386,False,True,False,True,0.37123694446287825,1638.5,1638.5,1324471012.5,1324.4710125,1742.0,0.9405855338691159,-0.13158835401608682,0.08458484051514481,46.411022393533145,2.8325311195320806,-0.05480242284395731,-0.05941446613088408,14.990853995918913,24.587613286931226,29.32093628198152,"fund_neg_eps,earnings_blackout",0,before_earnings,False,False,False,False,False,False,False,False,False,3401.T,,1638.5,-3.5900525854513585,0.86728823,-456.4,1889.222,316092710912.0,1785825000.0,1785825000.0,1785825000.0,True,,,False,1785825000.0,2026-08-04,0.0
5,True,57.92880258899677,True,True,False,True,0.5573458955125158,2127.0,2127.0,1039735670.0,1039.73567,2423.3154296875,0.8777231283813055,-0.17550972707764534,0.06967988062539843,51.27103216504179,2.4104857623432907,-0.00862269867163834,-0.07642205818497616,9.91487501113478,30.347177587787705,19.333588620112113,earnings_blackout,0,before_earnings,False,False,False,False,False,False,False,False,False,8020.T,,2127.0,10.921134,1.6975422,194.76,1252.988,353955708928.0,1785825000.0,1785825000.0,1785825000.0,True,,,True,1785825000.0,2026-08-04,0.0
6,True,50.81967213114754,False,False,False,True,0.36264090231451074,1158.5,1158.5,863372200.0,863.3722,1239.5,0.9346510689794272,-0.1311012505042356,0.08983314185373481,34.40764027106586,2.9700164239159133,-0.040182270091135064,-0.05889520714865959,15.72890044816321,18.178324958587368,27.90557328464689,earnings_blackout,0,before_earnings,False,False,False,False,False,False,False,False,False,8012.T,,1158.5,14.688727,1.1105402,78.87,1043.186,472473993216.0,1785825000.0,1785825000.0,1785825000.0,True,,,True,1785825000.0,2026-08-04,0.0
5,True,69.81519507186859,True,True,False,False,0.4789417544938042,3345.0,3345.0,580329230.0,580.32923,3345.0,1.0,-0.19297632666240216,0.25091945563690476,121.69639079277285,3.638158170187529,0.0,0.0,33.52755866336982,44.18399220708501,9.608016555694347,earnings_blackout,0,ext_dev200;before_earnings,False,False,False,False,False,True,False,False,False,4189.T,,3345.0,15.324354,1.6811014,218.28,1989.767,117103820800.0,1785825000.0,1785825000.0,1785825000.0,True,,,True,1785825000.0,2026-08-04,0.0
5,True,72.88135593220339,True,True,False,True,0.3772856696167093,1372.0,1372.0,575096795.0,575.096795,1464.6236572265625,0.9367594147687357,-0.20013473691088757,0.12874430401815395,43.62737529588017,3.179837849553948,0.0,-0.029901621459261563,9.832959327313718,24.080236583013832,17.19653704565817,earnings_blackout,0,before_earnings,False,False,False,False,False,False,False,False,False,6395.T,,1372.0,9.479066,0.84232914,144.74,1628.817,173428015104.0,1785825000.0,1785825000.0,1785825000.0,True,,,True,1785825000.0,2026-08-04,0.0
6,True,75.57251908396947,True,True,False,False,0.46580304928783,3800.0,3800.0,391241800.0,391.2418,3800.476806640625,0.9998745403103653,-0.1822784751579215,0.11274124814143582,91.62893518173826,2.4112877679404803,0.0,0.0,28.834846401847773,38.06536727130139,14.684514597971058,earnings_blackout,0,before_earnings,False,False,False,False,False,False,False,False,False,7296.T,,3800.0,9.913388,0.8977475,383.32,4232.816,184051056640.0,1785825000.0,1785825000.0,1785825000.0,True,,,True,1785825000.0,2026-08-04,0.0
