score,gc_multi,rsi,macd_buy_like,vol_surge,vol_quiet,vol_down,hurst,close,close_adj,adv20,adv20_m,hh252,pct_of_52w_high,max_dd_252,dev200,atr14,natr14,pullback_20d,pullback_60d,adx14,plus_di14,minus_di14,skip_reason,sell_score,sell_reason,sell_trend_break,sell_cross_sma25_down,sell_macd_sell_like,sell_rsi_reversal,sell_trailing_stop,sell_ext_dev200,sell_di_bear,sell_vol_distribution,sell_natr_spike,ticker,price_date,bar_is_current,skip_reason_yahoo,mkt_price,pe_ttm,pbr,eps_ttm,bps,market_cap,earn_ts,earn_start_ts,earn_end_ts,market_risk_on,market_close,market_ma200,fund_ok,earn_ts_pick,next_earn_date,days_to_earnings
8,True,44.73684210526316,True,False,True,True,0.47402961790265663,2039.5,2039.5,2023508795.0,2023.508795,2155.5,0.9461841800046393,-0.15943194804299632,0.14298068197774483,44.82331531015597,2.197760005401126,-0.04562470753392611,-0.05381581999536067,21.259345578792267,28.506257959569968,19.449875258673945,,0,,False,False,False,False,False,False,False,False,False,7956.T,2026-09-28,True,,2039.5,26.590614,2.851395,76.7,715.264,243623067648.0,1785997800.0,1793860200.0,1793860200.0,True,,,True,1793860200.0,2026-11-05,28.0
8,True,52.91479820627803,True,True,False,True,0.3102953834895677,1765.0,1765.0,344294910.0,344.29491,1864.0,0.9468884120171673,-0.1774104683195592,0.053310019275871756,34.56534036319292,1.958376224543508,-0.04284164859002171,-0.053111587982832664,20.10049945207091,27.55674353542592,19.966024600884595,,0,,False,False,False,False,False,False,False,False,False,8923.T,2026-09-28,True,,1765.0,10.57773,1.5398145,166.86,1146.242,171215765504.0,,1751868000.0,1751868000.0,True,,,True,1751868000.0,2025-07-07,-320.0
7,True,53.859975966506425,True,False,True,True,0.322986873425932,78500.0,78500.0,44058903950.0,44058.90395,87342.390625,0.8987617517481936,-0.23778205194328705,0.14965109143431543,2095.302973476224,2.6691757623900942,-0.05826612810636045,-0.10123824825180638,22.022743062902045,20.87250425601833,23.517320583091454,,1,di_bear,False,False,False,False,False,False,True,False,False,6861.T,2026-09-28,True,,78500.0,42.691814,5.364783,1838.76,14632.466,19038222680064.0,1785220200.0,1793255400.0,1793255400.0,True,,,True,1793255400.0,2026-10-29,23.0
7,True,50.0,False,False,False,True,0.2957929734567094,2939.5,2939.5,26639288717.5,26639.2887175,3065.2041015625,0.9589899734577473,-0.12050259853310419,0.09313237445278455,57.62962038374183,1.9329069389147018,-0.04101002654225272,-0.04101002654225272,22.84625575280507,19.230368804265954,17.77759895521152,,1,macd_sell_like,False,False,True,False,False,False,False,False,False,9433.T,2026-09-28,True,,2981.5,16.39448,2.2140355,181.86,1346.636,11019512446976.0,1786084200.0,1794465000.0,1794465000.0,True,,,True,1794465000.0,2026-11-12,33.0
7,True,38.247873118221335,True,False,True,True,0.4633452721347539,6023.72998046875,6023.72998046875,21233550070.0,21233.55007,6556.2470703125,0.9187771473324955,-0.18796718603762785,0.11748145967388357,129.8781081372131,2.1183837569273054,-0.0361577971212238,-0.08122285266750451,9.057717215685344,20.888142572163137,26.205130158069718,,0,,False,False,False,False,False,False,False,False,False,8591.T,2026-09-28,True,,6131.0,10.893745,1.4255799,562.8,4300.706,6376155774976.0,1794205800.0,1794205800.0,1794205800.0,True,,,True,1794205800.0,2026-11-09,30.0
7,True,50.84150459075151,True,False,True,True,0.266342747247285,6809.0,6809.0,15344076210.0,15344.07621,7254.4580078125,0.9385952737843716,-0.13473193333205524,0.1394302142220345,146.75170407317933,2.1240657703456267,-0.012153317069027447,-0.061404726215628425,14.865217849918126,25.385125946967257,19.264385550562405,,0,,False,False,False,False,False,False,False,False,False,8630.T,2026-09-28,True,,6909.0,27.556637,1.1590258,250.72,5961.041,6126795489280.0,1795069800.0,1795069800.0,1795069800.0,True,,,True,1795069800.0,2026-11-19,38.0
7,True,45.3024453024453,True,False,True,True,0.3521489953233939,4587.0,4587.0,13759355720.0,13759.35572,4836.39306640625,0.9484340782517156,-0.1874619444674689,0.03736775450144281,76.74311471655518,1.6730567847515845,-0.03431578947368419,-0.03431578947368419,19.2818102589898,29.149174900681246,19.392244361810455,,0,,False,False,False,False,False,False,False,False,False,7751.T,2026-09-28,True,,4587.0,11.602965,1.1182805,395.33,4101.833,3828813398016.0,1793082600.0,1793082600.0,1793082600.0,True,,,True,1793082600.0,2026-10-27,21.0
7,True,39.58602846054334,True,False,True,True,0.4460609673084187,2369.5,2369.5,3401135460.0,3401.13546,2588.828125,0.9152789932703624,-0.18025649198780824,0.019775036946318325,46.69713326275738,1.9380424678463324,-0.03232929792897632,-0.03291188078480889,12.08113117922922,27.042351597033388,22.857815868707995,,0,,False,False,False,False,False,False,False,False,False,4528.T,2026-09-28,True,,2409.5,16.228868,1.3061843,148.47,1844.686,1132241616896.0,1793255400.0,1793255400.0,1793255400.0,True,,,True,1793255400.0,2026-10-29,23.0
7,True,42.920847268673356,True,False,True,True,0.40292128159373636,4804.0,4804.0,3104443260.0,3104.44326,5675.0,0.8465198237885463,-0.22577854402642838,0.13138349876486521,144.13613834979625,3.00033593567436,-0.09272898961284226,-0.1534801762114537,12.947289859324686,24.917635027220495,21.494201802672315,,1,trailing_stop,False,False,False,False,True,False,False,False,False,4631.T,2026-09-28,True,,4804.0,8.059591,0.8921003,596.06,5385.045,452955242496.0,1786343400.0,1794465000.0,1794465000.0,True,,,True,1794465000.0,2026-11-12,33.0
7,True,54.5714336040019,False,True,False,True,0.37267016725597885,3480.0,3480.0,2841523215.0,2841.523215,3612.665771484375,0.963277596136477,-0.21299625576596126,0.053645033842001144,53.383653381152655,1.5187383607724794,-0.016508136358925785,-0.03645836149900117,23.142982105468285,25.319048976019282,15.062168582296081,,1,vol_distribution,False,False,False,False,False,False,False,True,False,9041.T,2026-09-28,True,,3515.0,12.433675,1.0756643,282.7,3267.748,668371386368.0,1794551400.0,1794551400.0,1794551400.0,True,,,True,1794551400.0,2026-11-13,34.0
7,True,39.39395429819298,True,False,True,False,0.37465854895633033,2087.0,2087.0,2720189747.5,2720.1897475,2179.44970703125,0.95758116980952,-0.24429961795364985,0.10219144521326395,59.08943529306196,2.7846105227644657,-0.04112063569693125,-0.042418830190479984,13.431140108115805,27.10252056468975,21.089082995396375,,0,,False,False,False,False,False,False,False,False,False,6473.T,2026-09-28,True,,2122.0,56.40617,0.8346238,37.62,2542.463,675500195840.0,1793255400.0,1793255400.0,1793255400.0,True,,,True,1793255400.0,2026-10-29,23.0
7,True,43.625755767379474,True,False,True,False,0.3702967855482835,2641.5,2641.5,2132980175.0,2132.980175,2878.982666015625,0.91751160268558,-0.1543220570892242,0.038631933297667675,51.1784606278389,1.9171552960419143,-0.032088484469611545,-0.032088484469611545,13.769626621728113,23.511711586411373,20.215676406582624,,0,,False,False,False,False,False,False,False,False,False,7276.T,2026-09-28,True,,2669.5,44.29235,1.1213197,60.27,2380.677,687368568832.0,1785306600.0,1793169000.0,1793169000.0,True,,,True,1793169000.0,2026-10-28,22.0
7,True,54.309165526675784,True,False,True,True,0.2584803920020152,2721.5,2721.5,1546078160.0,1546.07816,3017.365478515625,0.9019457600936118,-0.25622119338439087,0.037706597543893494,50.648943160448546,1.8610671747363052,-0.005481454412570752,-0.0642898327807091,11.690399480146183,24.947542619376808,19.30431189692376,,0,,False,False,False,False,False,False,False,False,False,2670.T,2026-09-28,True,,2721.5,14.54803,1.6790512,187.07,1620.856,673888665600.0,1791354600.0,1791354600.0,1791354600.0,True,,,True,1791354600.0,2026-10-07,7.0
7,True,46.700141774395846,True,False,False,False,0.415253891088355,2959.0,2959.0,1215069830.0,1215.06983,3178.403564453125,0.9309705139690543,-0.15570284407685808,0.03327131716251497,61.229713240505106,2.0214497603336117,-0.0238479453074234,-0.027296078755857267,12.882490172199809,21.43535138000451,14.558832776042706,,0,,False,False,False,False,False,False,False,False,False,7240.T,2026-09-28,True,,3029.0,10.634787,0.7613112,284.82,3978.662,476054749184.0,1785997800.0,1794292200.0,1794292200.0,True,,,True,1794292200.0,2026-11-10,31.0
7,True,40.18691588785047,False,True,False,True,0.39300411944343633,2067.5,2067.5,1122144562.5,1122.1445625,2158.5,0.9578410933518647,-0.18367344605152225,0.10138476665766749,37.442160001685686,1.8109871826691988,-0.03657968313140725,-0.042158906648135264,16.994278998189568,26.901421579973956,23.8291372568535,,0,,False,False,False,False,False,False,False,False,False,7616.T,2026-09-28,True,,2067.5,131.85587,2.6081614,15.68,792.704,219787231232.0,1786516200.0,1793946600.0,1793946600.0,True,,,True,1793946600.0,2026-11-06,29.0
7,True,51.52998776009792,True,False,True,True,0.5752012023448639,3992.0,3992.0,1102140490.0,1102.14049,4343.0,0.9191802901220355,-0.3273171079195958,0.13007559138464586,101.8657526392896,2.5517473106034467,-0.06269077248180321,-0.0808197098779645,12.936895485937631,22.942190928482404,21.663102687147237,,0,,False,False,False,False,False,False,False,False,False,9449.T,2026-09-28,True,,3992.0,22.222221,2.496376,179.64,1599.118,374412083200.0,1794551400.0,1794551400.0,1794551400.0,True,,,True,1794551400.0,2026-11-13,34.0
7,True,46.17347196731838,False,True,False,True,0.47195472620731854,3051.0,3051.0,1032979390.0,1032.97939,3197.834228515625,0.9540832269520791,-0.15780529355071793,0.048040362296588146,60.80399896831749,1.9639534550490143,-0.016830766899625482,-0.045916773047920856,21.186841967688324,22.38556358478798,12.048878833377705,,2,macd_sell_like;vol_distribution,False,False,True,False,False,False,False,True,False,9031.T,2026-09-28,True,,3096.0,7.3224382,0.8027222,422.81,3856.876,233873915904.0,1793946600.0,1793946600.0,1793946600.0,True,,,True,1793946600.0,2026-11-06,29.0
7,True,51.73745173745174,True,False,True,True,0.22919753430061562,1346.0,1346.0,947648935.0,947.648935,1573.8748779296875,0.8552141081065863,-0.20514647158890087,0.08122995407349509,33.1433370058699,2.4623578756218354,-0.06786703601108035,-0.10326449033977347,21.685051917369524,25.825647505954173,27.092007067914437,,1,di_bear,False,False,False,False,False,False,True,False,False,3964.T,2026-09-28,True,,1346.0,17.457848,4.121489,77.1,326.581,122109984768.0,,1754460000.0,1754892000.0,True,,,True,1754460000.0,2025-08-06,-298.0
7,True,44.18604933970312,True,False,True,False,0.3574620922890887,4431.0,4431.0,922677430.0,922.67743,4840.87744140625,0.9153299280208212,-0.13969544640233722,0.08067361731347344,103.11278220911214,2.287328797895123,-0.07566127886837082,-0.08467007197917875,25.062038701694785,20.44967375707822,22.79766039347064,,1,di_bear,False,False,False,False,False,False,True,False,False,6457.T,2026-09-28,True,,4508.0,16.36179,1.1007897,275.52,4095.242,230411665408.0,1786084200.0,1794292200.0,1794292200.0,True,,,True,1794292200.0,2026-11-10,31.0
7,True,53.46820809248555,True,False,False,True,0.3848638012460663,1386.5,1386.5,736862400.0,736.8624,1428.5,0.9705985299264963,-0.13533942295719525,0.0583247046849682,22.138967794185135,1.5967520947843588,-0.009289031797070413,-0.029401470073503688,13.226861383331165,21.569798101464293,18.21377828307739,,0,,False,False,False,False,False,False,False,False,False,4927.T,2026-09-28,True,,1386.5,27.03256,1.8966364,51.29,731.031,306809208832.0,1794205800.0,1794205800.0,1794205800.0,True,,,True,1794205800.0,2026-11-09,30.0
7,True,54.48273705754652,True,False,True,True,0.3367118886987607,1325.0,1325.0,707565105.0,707.565105,1584.0225830078125,0.8364779733657781,-0.21324507642644897,0.038171945664700724,31.862039056900546,2.3956420343534246,-0.06073450727674623,-0.16352202663422188,11.916715422705607,21.77029247038535,18.985004720347806,,0,,False,False,False,False,False,False,False,False,False,3863.T,2026-09-28,True,,1330.0,13.076394,0.2976369,101.71,4468.532,153360318464.0,1785911400.0,1793860200.0,1793860200.0,True,,,True,1793860200.0,2026-11-05,28.0
7,True,47.11864406779661,True,False,True,False,0.46261078298496566,2024.0,2024.0,594553980.0,594.55398,2298.3349609375,0.8806375199437433,-0.16752138840320463,0.005351592857852916,47.39783555881432,2.341790294407822,-0.045733144743045684,-0.06642066420664205,9.986603907844536,23.80720875709223,20.343898031130667,,0,,False,False,False,False,False,False,False,False,False,7744.T,2026-09-28,True,,2024.0,10.615756,0.9224424,190.66,2194.175,211700105216.0,1794551400.0,1794551400.0,1794551400.0,True,,,True,1794551400.0,2026-11-13,34.0
7,True,54.59183673469388,True,True,False,True,0.5652826032084224,2638.0,2638.0,529559240.0,529.55924,2809.0,0.939124243503026,-0.259189100162731,0.12112292261303348,59.63214500909111,2.260505876008003,-0.055157593123209114,-0.060875756496973965,16.1531105151774,22.262546992859185,21.39906066635152,,0,,False,False,False,False,False,False,False,False,False,9010.T,2026-09-28,True,,2638.0,3.9250693,3.3497732,672.09,787.516,140737314816.0,,1754373600.0,1754892000.0,True,,,True,1754373600.0,2025-08-05,-299.0
7,True,53.278688524590166,True,False,True,False,0.4191176825624086,95200.0,95200.0,488329740.0,488.32974,98700.0,0.9645390070921985,-0.14117573215418144,0.022813312226494187,1433.1045108466856,1.5053618811414764,-0.020576131687242816,-0.03546099290780147,20.14539914316689,33.104894337392345,21.46659017722262,,0,,False,False,False,False,False,False,False,False,False,8975.T,2026-09-28,True,,95200.0,18.722393,1.4088949,5084.82,67570.69,145437327360.0,,1781677800.0,1781677800.0,True,,,True,1781677800.0,2026-06-17,-73.0
7,True,44.776119402985074,False,False,True,True,0.30590321097895945,4365.0,4365.0,387978675.0,387.978675,4565.0654296875,0.9561746851673941,-0.12770564368023374,0.03288286719582301,56.150442535458794,1.286378981339262,-0.01467268623024831,-0.0353591160220994,20.58589817953245,22.346993029905235,17.46408792132503,,0,,False,False,False,False,False,False,False,False,False,1377.T,2026-09-28,True,,4365.0,15.415313,1.0336232,283.16,4223.009,183944200192.0,1791268200.0,1791268200.0,1791268200.0,True,,,True,1791268200.0,2026-10-06,6.0
7,True,43.47826086956522,True,False,False,True,0.4728889648056211,3300.0,3300.0,375078175.0,375.078175,3525.0,0.9361702127659575,-0.19297632666240216,0.1683752952420312,83.78030575955422,2.5387971442289157,-0.04899135446685876,-0.06382978723404253,22.91940867615062,24.585686511993853,22.11269470619638,,0,,False,False,False,False,False,False,False,False,False,4189.T,2026-09-28,True,,3300.0,12.642225,1.5479498,261.03,2131.852,115528433664.0,1793860200.0,1793860200.0,1793860200.0,True,,,True,1793860200.0,2026-11-05,28.0
7,True,45.80896686159844,True,False,True,False,0.36435567079111747,2734.0,2734.0,367609200.0,367.6092,2977.3173828125,0.9182763032866009,-0.20757826181221106,0.03366362586821636,60.737811257772144,2.2215731988943723,-0.03800140745953551,-0.04871259568545583,16.204725028677853,26.113733745485874,21.323547553843458,,0,,False,False,False,False,False,False,False,False,False,5851.T,2026-09-28,True,,2734.0,8.146603,0.463239,335.6,5901.921,86435332096.0,1793860200.0,1793860200.0,1793860200.0,True,,,True,1793860200.0,2026-11-05,28.0
7,True,50.0,False,True,False,True,0.1772239736780977,6014.0,6014.0,365977400.0,365.9774,6393.62158203125,0.9406249529846832,-0.18279552972080304,0.047517448635878035,126.94171569774349,2.1086663737166695,-0.014730006673968066,-0.05937504701531682,20.137929123298427,23.980566654614545,17.17859093841684,,1,macd_sell_like,False,False,True,False,False,False,False,False,False,9605.T,2026-09-28,True,,6020.0,16.07906,1.2738366,374.4,4725.881,376171331584.0,1786343400.0,1794292200.0,1794292200.0,True,,,True,1794292200.0,2026-11-10,31.0
7,True,51.81816905191928,True,True,False,True,0.32699844254361243,3900.0,3900.0,353548300.0,353.5483,4287.5810546875,0.9096037952999704,-0.17743696991879931,0.04753030664250324,67.47944074369096,1.6954633352686168,-0.012406983481507705,-0.036319656119394916,17.025054011686084,26.608475902528035,18.528618221483516,,1,vol_distribution,False,False,False,False,False,False,False,True,False,6209.T,2026-09-28,True,,3980.0,7.646494,0.6475709,520.5,6146.045,107081760768.0,,1747306740.0,1747306740.0,True,,,True,1747306740.0,2025-05-15,-357.0
7,True,57.894734683734086,True,False,True,True,0.3080919917571719,1880.0,1880.0,352435805.0,352.435805,2131.64599609375,0.881947567018683,-0.16949935530215587,0.036142223129324025,41.39664102325235,2.1560750532943933,-0.028831562974203306,-0.0930562828319661,20.05415102477746,26.29483130052949,21.851522007011635,,0,,False,False,False,False,False,False,False,False,False,8151.T,2026-09-28,True,,1920.0,16.473616,1.4253231,116.55,1347.063,40100401152.0,,1754377200.0,1754982000.0,True,,,True,1754377200.0,2025-08-05,-299.0
7,True,45.61406106682717,False,True,False,True,0.4764137167898713,3265.0,3265.0,349399000.0,349.399,3378.0947265625,0.9665211500218694,-0.17065975588746318,0.1027966655156567,50.54527778834535,1.5224481261549805,-0.033478849978130554,-0.033478849978130554,21.741010185256506,22.192148160727225,13.672246661909227,,2,macd_sell_like;vol_distribution,False,False,True,False,False,False,False,True,False,4526.T,2026-09-28,True,,3320.0,13.941379,1.1426939,238.14,2905.415,95437963264.0,,1754550000.0,1754982000.0,True,,,True,1754550000.0,2025-08-07,-297.0
7,True,44.04760848410635,True,True,False,True,0.42758238280697336,1698.0,1698.0,344608710.0,344.60871,1800.37451171875,0.943137102279338,-0.19112892093035116,0.027293467767544266,23.146789102163016,1.3395132582270264,-0.029213520785868585,-0.029213520785868585,13.424877089036876,23.481555309220372,22.157075297227248,,1,vol_distribution,False,False,False,False,False,False,False,True,False,8214.T,2026-09-28,True,,1728.0,15.238095,1.0387199,113.4,1663.586,145541595136.0,1786084200.0,1793946600.0,1793946600.0,True,,,True,1793946600.0,2026-11-06,29.0
7,True,53.191493871581415,True,False,False,True,0.35601645511549385,3078.0,3078.0,320536550.0,320.53655,3215.235595703125,0.9573170949318526,-0.12276268137391322,0.06666388167646509,52.35039286542113,1.667209963866915,-0.012578620785421935,-0.042682905068147425,9.607050186010706,20.547747627497507,16.28754869931906,,0,,False,False,False,False,False,False,False,False,False,7981.T,2026-09-28,True,,3140.0,13.531567,1.0142876,232.05,3095.769,198395822080.0,1793255400.0,1793255400.0,1793255400.0,True,,,True,1793255400.0,2026-10-29,23.0
7,True,43.3155012296197,True,False,False,True,0.2928997133689339,1458.0,1458.0,295088245.0,295.088245,1657.2176513671875,0.8797878774686988,-0.15380084173994157,0.011494123487655772,27.19706694315769,1.8216387771706426,-0.05206345558055392,-0.053865626018898105,14.204941987296973,23.842102385286235,21.491320872206387,,0,,False,False,False,False,False,False,False,False,False,5288.T,2026-09-28,True,,1493.0,7.447127,1.0491011,200.48,1423.123,56866512896.0,,1754546400.0,1754978400.0,True,,,True,1754546400.0,2025-08-07,-297.0
7,True,40.000008316589266,False,True,False,True,0.3313473198280071,4193.0,4193.0,287375550.0,287.37555,4491.45166015625,0.9335511806118676,-0.09783342944860396,0.06378337272983958,67.93186349860085,1.5853410384737654,-0.042458047359124285,-0.06644881938813241,20.03275129315161,25.60789388852609,19.789552492161437,,2,macd_sell_like;vol_distribution,False,False,True,False,False,False,False,True,False,5192.T,2026-09-28,True,,4285.0,16.276684,1.1724875,263.26,3654.623,119178002432.0,,1754456400.0,1754888400.0,True,,,True,1754456400.0,2025-08-06,-298.0
7,True,54.629629629629626,True,False,False,True,0.3555244465127816,2432.0,2432.0,236872425.0,236.872425,2679.690673828125,0.907567438194543,-0.20522251568032945,0.04376446992831662,43.31673505841466,1.7811157507571815,-0.007346938775510181,-0.007346938775510181,12.776675543769741,20.512570037217483,20.086768192955727,,0,,False,False,False,False,False,False,False,False,False,9830.T,2026-09-28,True,,2432.0,9.816743,0.8295353,247.74,2931.762,160349585408.0,1793341800.0,1793341800.0,1793341800.0,True,,,True,1793341800.0,2026-10-30,24.0
7,True,51.9855410359556,True,False,False,True,0.3598988817421677,2254.0,2254.0,230258705.0,230.258705,2331.319091796875,0.9668346164757391,-0.1391013536367922,0.14264006123734108,38.87156959371199,1.6878666779727307,-0.02539144497760193,-0.033165383524260905,22.01502115662891,31.435133293880064,20.40455513769881,,0,,False,False,False,False,False,False,False,False,False,5970.T,2026-09-28,True,,2303.0,7.3313594,0.4332085,314.13,5316.147,98597388288.0,,1754465400.0,1754983800.0,True,,,True,1754465400.0,2025-08-06,-298.0
7,True,50.79998198802203,True,True,False,False,0.3337438293209564,2329.5,2329.5,210241045.0,210.241045,2340.235107421875,0.995412808145716,-0.12899103079740104,0.10761259358469233,36.155309198510274,1.5146757100339452,-0.004587191854284023,-0.004587191854284023,22.52921535492753,27.229707833448725,14.679946283193576,,1,vol_distribution,False,False,False,False,False,False,False,True,False,7239.T,2026-09-28,True,,2387.0,8.84959,0.7564251,269.73,3155.633,81923096576.0,,1754373600.0,1754978400.0,True,,,True,1754373600.0,2025-08-05,-299.0
6,True,51.67063406825893,False,False,True,False,0.43783532025304084,2204.0,2204.0,41791076442.5,41791.0764425,2346.57666015625,0.9392405700708042,-0.1922652478433664,0.10977446595611062,55.48148883792528,2.492429866932852,-0.06075942992919581,-0.06075942992919581,39.0907209304819,27.23536297578893,22.175428623605605,,1,macd_sell_like,False,False,True,False,False,False,False,False,False,8001.T,2026-09-28,True,,2226.0,17.387907,2.2990618,128.02,968.221,15559545585664.0,1793773800.0,1793773800.0,1793773800.0,True,,,True,1793773800.0,2026-11-04,27.0
6,True,36.74368592120822,False,False,True,False,0.5333969320025952,4756.0,4756.0,40598710890.0,40598.71089,5806.30810546875,0.81910913330977,-0.26147570341019355,0.02479212946323095,115.86540652753098,2.4048444692306137,-0.047637913645605656,-0.047637913645605656,13.483343096037189,18.477626027379824,19.696533078814323,,1,macd_sell_like,False,False,True,False,False,False,False,False,False,8058.T,2026-09-28,True,,4818.0,22.952694,1.8314956,209.91,2630.637,17646860894208.0,1785738600.0,1793687400.0,1793687400.0,True,,,True,1793687400.0,2026-11-03,26.0
6,True,52.91829615044822,False,False,True,True,0.4916731485690685,172.0,172.0,36217509413.534546,36217.50941353454,177.2180938720703,0.9705555242240833,-0.10767295941012445,0.12935450896815937,3.004694198095368,1.719916571598773,-0.02944447577591669,-0.02944447577591669,36.76375704173014,24.202878881922253,15.46074999937195,,1,macd_sell_like,False,False,True,False,False,False,False,False,False,9432.T,2026-09-28,True,,174.7,13.854084,1.4429668,12.61,121.07,14186165829632.0,1785997800.0,1793773800.0,1793773800.0,True,,,True,1793773800.0,2026-11-04,27.0
6,True,40.99585528612136,False,False,True,False,0.5291645335854703,670.9000244140625,670.9000244140625,24863478191.8631,24863.478191863098,692.2186889648438,0.9692024140771732,-0.22365269167368196,0.11639042870292471,15.435989694946173,2.2603586386148486,-0.030797585922826776,-0.030797585922826776,34.56517736985638,32.860763817507255,17.95590214048835,,1,macd_sell_like,False,False,True,False,False,False,False,False,False,5401.T,2026-09-28,True,,682.9,207.5684,0.63324004,3.29,1078.422,3569036034048.0,1793860200.0,1793860200.0,1793860200.0,True,,,True,1793860200.0,2026-11-05,28.0
6,True,44.341801385681286,False,False,False,True,0.37104799561228485,6850.0,6850.0,24198512000.0,24198.512,7135.0,0.9600560616678346,-0.0819773526384705,0.13465859531767554,117.846142671991,1.720381644846584,-0.028368794326241176,-0.03994393833216536,17.3477541742261,23.919236379099498,19.830673510862155,,0,,False,False,False,False,False,False,False,False,False,2914.T,2026-09-28,True,,6850.0,20.42642,2.7678378,335.35,2474.856,12161198850048.0,1793255400.0,1793255400.0,1793255400.0,True,,,True,1793255400.0,2026-10-29,23.0
6,True,59.66101143352212,True,False,False,True,0.23904795884526972,69370.0,69370.0,17783449400.0,17783.4494,83954.875,0.8262772114186341,-0.3615349015774938,0.03865609965891803,2318.0190364004357,3.3176170551029567,-0.016192663747310765,-0.10811849459639555,16.979930892998713,26.844141962078776,23.243293563928027,,0,,False,False,False,False,False,False,False,False,False,6273.T,2026-09-28,True,,69870.0,26.47995,2.038751,2638.6,34270.984,4365323075584.0,1794551400.0,1794551400.0,1794551400.0,True,,,True,1794551400.0,2026-11-13,34.0
6,True,44.27244582043343,False,False,True,True,0.44504955540748464,1595.0,1595.0,16079536820.0,16079.53682,1675.0,0.9522388059701492,-0.20851493277684652,0.14959036332481834,40.25734257287346,2.5239713211832893,-0.047761194029850795,-0.047761194029850795,17.94261243524363,20.06742079769227,24.56874529706383,,0,,False,False,False,False,False,False,False,False,False,8604.T,2026-09-28,True,,1595.0,12.210994,1.215754,130.62,1311.943,4661533736960.0,1793169000.0,1793169000.0,1793169000.0,True,,,True,1793169000.0,2026-10-28,22.0
6,True,38.49206194654651,True,False,True,True,0.4601343988733644,4981.0,4981.0,14382747100.0,14382.7471,6144.16162109375,0.8106883098419064,-0.2564218317155269,0.06975714928968246,144.50035017126342,2.8865431516432967,-0.07994854394387063,-0.18931169015809357,14.811051317891298,20.768551091402866,22.980428379692043,,0,,False,False,False,False,False,False,False,False,False,2802.T,2026-09-28,True,,5006.0,36.17052,6.169416,138.4,811.422,4769501413376.0,1794205800.0,1794205800.0,1794205800.0,True,,,True,1794205800.0,2026-11-09,30.0
6,True,47.59945102493374,False,False,True,True,0.39107384633973624,3199.0,3199.0,13000534455.0,13000.534455,3720.745849609375,0.8597738543028541,-0.2973232918913332,0.03939665139747617,85.85750248826547,2.658950216421972,-0.05777647511677386,-0.05777647511677386,22.024108730661325,23.0246044932432,18.55565387187691,,1,macd_sell_like,False,False,True,False,False,False,False,False,False,8473.T,2026-09-28,True,,3229.0,5.202862,1.1189985,620.62,2885.616,2087198785536.0,1793601000.0,1793601000.0,1793601000.0,True,,,True,1793601000.0,2026-11-02,25.0
6,True,40.29411764705883,False,False,True,True,0.2892060338225709,4033.0,4033.0,11157396260.0,11157.39626,4509.1474609375,0.8944041051967496,-0.28194474375588285,0.11880060793580394,115.1143620502357,2.8543109856244904,-0.07817142857142856,-0.10559589480325038,23.086002748366898,20.372825282597017,24.387653305188824,,1,di_bear,False,False,False,False,False,False,True,False,False,7453.T,2026-09-28,True,,4033.0,36.10241,5.392021,111.71,747.957,2140830433280.0,1791959400.0,1791959400.0,1791959400.0,True,,,True,1791959400.0,2026-10-14,12.0
6,True,37.71477451595832,False,False,False,True,0.27735192586930535,2800.5,2800.5,9742478745.0,9742.478745,3209.883544921875,0.8724615584358095,-0.18123079176764456,0.06375270149680157,86.86526145577011,3.063490088371367,-0.07487759769199431,-0.12753844156419047,12.609663982287447,21.691138002280276,25.789986618565646,,1,macd_sell_like,False,False,True,False,False,False,False,False,False,9502.T,2026-09-28,True,,2835.5,9.404643,0.6759529,301.5,4194.819,2141903519744.0,1793255400.0,1793255400.0,1793255400.0,True,,,True,1793255400.0,2026-10-29,23.0
6,True,43.66197183098591,False,False,True,True,0.40983837927467276,3497.0,3497.0,9444061070.0,9444.06107,3738.0,0.9355270197966827,-0.15438818180830693,0.10527146455311542,64.53941720463888,1.8455652617854985,-0.039549574292776724,-0.06447298020331726,14.777421950497224,25.352875451026247,20.79911041101682,,0,,False,False,False,False,False,False,False,False,False,4452.T,2026-09-28,True,,3497.0,25.125738,2.826336,139.18,1237.291,3163938881536.0,1793860200.0,1793860200.0,1793860200.0,True,,,True,1793860200.0,2026-11-05,28.0
6,True,42.705167173252285,False,False,True,True,0.5206611888517871,2020.0,2020.0,8677545677.5,8677.5456775,2187.0,0.9236396890717878,-0.38067104991860845,0.13630388054569198,49.08017530031506,2.4297116485304486,-0.060027919962773346,-0.07636031092821216,20.390633009260366,25.604687871203918,18.869364534215006,,0,,False,False,False,False,False,False,False,False,False,7733.T,2026-09-28,True,,2020.0,33.04974,2.8705578,61.12,703.696,2146962374656.0,1794292200.0,1794292200.0,1794292200.0,True,,,True,1794292200.0,2026-11-10,31.0
6,True,37.40022805017104,False,False,True,True,0.24008809573025,2835.0,2835.0,8200833232.5,8200.8332325,3133.0,0.9048834982444941,-0.12837347879883398,0.07764183061963403,55.41211411372374,1.9545719264100085,-0.07383208101927474,-0.0951165017555059,18.15781925197291,21.723880965882923,25.447039909055256,,0,,False,False,False,False,False,False,False,False,False,2503.T,2026-09-28,True,,2835.0,11.65899,1.6587571,243.16,1709.111,2246484688896.0,1794378600.0,1794378600.0,1794378600.0,True,,,True,1794378600.0,2026-11-11,32.0
6,True,38.88889851581657,False,False,True,True,0.3428215241591027,1132.5,1132.5,8142838462.5,8142.8384625,1322.21923828125,0.856514537991547,-0.2667643436531193,0.011929275355622604,29.49008826158395,2.547739806616324,-0.09001570842649431,-0.09001570842649431,11.9150625771734,20.14462580444667,19.334939586419388,,1,trailing_stop,False,False,False,False,True,False,False,False,False,7261.T,2026-09-28,True,,1157.5,20.837084,0.3806475,55.55,3040.871,730348060672.0,1785825000.0,1793860200.0,1793860200.0,True,,,True,1793860200.0,2026-11-05,28.0
6,True,54.65994058112864,False,False,True,True,0.39080383733922996,4755.0,4755.0,7866526225.0,7866.526225,5656.19921875,0.8406705308818381,-0.40002301470938617,0.11742391103002303,239.0422315473524,4.995657921574763,-0.058070851290289216,-0.058070851290289216,23.63049790868542,27.75790736103397,18.526704123669706,,1,macd_sell_like,False,False,True,False,False,False,False,False,False,7014.T,2026-09-28,True,,4785.0,16.045202,2.4055815,298.22,1989.124,332773031936.0,1785997800.0,1793860200.0,1793860200.0,True,,,True,1793860200.0,2026-11-05,28.0
6,True,47.21605110074375,True,False,True,True,0.4756710402802926,1619.5,1619.5,7596428722.5,7596.4287225,1875.52197265625,0.8634929494888012,-0.2175643960266157,0.010278663590249648,35.201966563409854,2.144499942943031,-0.02783530242642107,-0.13650705051119882,17.920106914789436,25.366127865679566,23.21129720426705,,0,,False,False,False,False,False,False,False,False,False,3407.T,2026-09-28,True,,1641.5,14.029915,1.0439143,117.0,1572.447,2189068468224.0,1793860200.0,1793860200.0,1793860200.0,True,,,True,1793860200.0,2026-11-05,28.0
6,True,54.7909310488861,True,False,False,True,0.4107934418698431,4936.0,4936.0,7130762375.0,7130.762375,5091.41796875,0.9694745216943647,-0.17997516132201197,0.18404861466265365,116.55720917035462,2.322782167603719,-0.005942947857899505,-0.030525478305635345,13.921576343579664,21.300576768341635,17.042830270805776,,0,ext_dev200,False,False,False,False,False,True,False,False,False,8795.T,2026-09-28,True,,5018.0,17.946426,1.4385866,279.61,3488.146,2381073350656.0,1794551400.0,1794551400.0,1794551400.0,True,,,True,1794551400.0,2026-11-13,34.0
6,True,56.666671233083136,True,False,False,True,0.36997325106548423,2995.0,2995.0,7030711402.5,7030.7114025,3295.834716796875,0.9087227538250925,-0.21849844652552175,0.018956098841647062,45.67640915406653,1.509963938977406,-0.014015623496763108,-0.06085065394697775,17.107597547205497,18.31611261721062,18.248519948537055,,0,,False,False,False,False,False,False,False,False,False,9202.T,2026-09-28,True,,3025.0,9.416343,0.9438236,321.25,3205.048,1298910019584.0,1793255400.0,1793255400.0,1793255400.0,True,,,True,1793255400.0,2026-10-29,23.0
6,True,44.134909750342864,False,False,True,True,0.44221280391533496,5503.0,5503.0,6730589025.0,6730.589025,5946.134765625,0.925475156031311,-0.2024267545258086,0.08815533646681217,116.58369229726719,2.1002286488428603,-0.07452484396868897,-0.07452484396868897,19.295451326408124,16.327151486921135,22.139602817423903,,0,,False,False,False,False,False,False,False,False,False,9706.T,2026-09-28,True,,5551.0,17.686792,2.404476,313.85,2308.611,515266543616.0,1793946600.0,1793946600.0,1793946600.0,True,,,True,1793946600.0,2026-11-06,29.0
6,True,61.64747564216121,True,False,False,True,0.5156611427755929,23785.0,23785.0,5258187325.0,5258.187325,28880.0,0.8235803324099723,-0.2558864265927978,0.09660013162844949,810.2679841450494,3.406634366807019,-0.0029343953049675298,-0.1764196675900277,23.4374735957623,27.90966646365,21.46479729441791,,0,,False,False,False,False,False,False,False,False,False,6856.T,2026-09-28,True,,23785.0,23.296017,2.7366514,1020.99,8691.278,999482720256.0,1794551400.0,1794551400.0,1794551400.0,True,,,True,1794551400.0,2026-11-13,34.0
6,True,60.14643450465276,True,False,False,True,0.35861430305480907,17603.0,17603.0,5193899550.0,5193.89955,20740.904296875,0.8487093787252187,-0.29445503361177805,0.11890686373266557,754.6663873030515,4.250444310352304,-0.029250958956458906,-0.15129062127478132,10.648566635488386,30.490384230096097,19.576149078035606,,0,,False,False,False,False,False,False,False,False,False,7729.T,2026-09-28,True,,17755.0,29.286598,3.777339,606.25,4700.399,720670031872.0,1793773800.0,1793773800.0,1793773800.0,True,,,True,1793773800.0,2026-11-04,27.0
6,True,36.407751269458686,False,False,True,False,0.41769146026750636,2073.0,2073.0,5092150832.5,5092.1508325,2183.66552734375,0.9493212097008439,-0.20596778585608067,0.17812628026567245,63.650864520874066,3.033882960956819,-0.05067879029915612,-0.05067879029915612,36.243788857388616,20.39888127982993,19.550038190063717,,0,,False,False,False,False,False,False,False,False,False,9508.T,2026-09-28,True,,2098.0,6.66921,0.79897934,314.58,2625.85,991888539648.0,1785479400.0,1793255400.0,1793255400.0,True,,,True,1793255400.0,2026-10-29,23.0
6,True,44.362733982864995,False,False,True,True,0.33565087625309076,1238.5,1238.5,5069900712.5,5069.9007125,1359.232666015625,0.9111758648579763,-0.2171641281555292,0.08092953153986504,28.904413879842654,2.3095816124524693,-0.049373352168857076,-0.0888241351420237,12.381165768660034,21.14370985745516,18.262494309643866,,0,,False,False,False,False,False,False,False,False,False,3402.T,2026-09-28,True,,1251.5,23.698162,1.0032321,52.81,1247.468,1823012683776.0,1785997800.0,1794551400.0,1794551400.0,True,,,True,1794551400.0,2026-11-13,34.0
6,True,46.60193112968414,False,False,False,True,0.55655151257165,3199.0,3199.0,4951591245.0,4951.591245,3704.2080078125,0.8636124087127472,-0.23091097566666285,0.006395854883232133,54.54986804247153,1.663105733002181,-0.03301886339918736,-0.08914193931076608,11.41959008067427,21.1967270296084,20.894215722510268,,1,macd_sell_like,False,False,True,False,False,False,False,False,False,1878.T,2026-09-28,True,,3280.0,10.9750395,2.1622362,298.86,1516.948,1068401885184.0,1793341800.0,1793341800.0,1793341800.0,True,,,True,1793341800.0,2026-10-30,24.0
6,True,40.28549523142035,False,False,True,True,0.3519102512744725,953.2000122070312,953.2000122070312,4609007126.348877,4609.007126348877,1082.295654296875,0.8807205391823253,-0.45623484670088843,0.011376153790230825,17.924338849342483,1.880438378073519,-0.044027644623207185,-0.0926225490651773,10.844410109485784,25.49176465300033,26.71827689096667,,0,,False,False,False,False,False,False,False,False,False,8113.T,2026-09-28,True,,953.2,25.609886,2.0210416,37.22,471.638,1640266858496.0,1793946600.0,1793946600.0,1793946600.0,True,,,True,1793946600.0,2026-11-06,29.0
6,True,66.49659863945578,True,False,True,True,0.327172285193345,4782.0,4782.0,4469459070.0,4469.45907,5820.0,0.8216494845360824,-0.2701030927835052,0.03703303025524818,164.066276610247,3.430913354459369,-0.002086811352253748,-0.17835051546391756,17.871418529771887,24.96164052712084,22.980779393572607,,0,,False,False,False,False,False,False,False,False,False,6268.T,2026-09-28,True,,4782.0,28.269094,1.9668643,169.16,2431.281,555915018240.0,1793341800.0,1793341800.0,1793341800.0,True,,,True,1793341800.0,2026-10-30,24.0
6,True,42.32166317962418,False,False,True,True,0.3304431495045138,2960.5,2960.5,4287932975.0,4287.932975,3297.8349609375,0.8977101750290126,-0.22265722738177585,0.0195174168667811,69.52631373748085,2.333489301476115,-0.03949062667923875,-0.10228982497098738,15.805104841086273,20.473209991246915,23.176463345511607,,0,,False,False,False,False,False,False,False,False,False,7912.T,2026-09-28,True,,2979.5,12.649119,1.0394176,235.55,2866.509,1274815840256.0,1794551400.0,1794551400.0,1794551400.0,True,,,True,1794551400.0,2026-11-13,34.0
6,True,68.57670954297048,True,False,False,True,0.3782642587726738,1810.0,1810.0,4125783177.5,4125.7831775,1810.0,1.0,-0.19332353239919997,0.14687251111259192,41.5118006598366,2.262223469200905,0.0,0.0,25.68992321583747,30.39105305799356,12.774129954221877,,0,,False,False,False,False,False,False,False,False,False,7181.T,2026-09-28,True,,1835.0,12.02175,0.42641643,152.64,4303.305,1988539449344.0,1794551400.0,1794551400.0,1794551400.0,True,,,True,1794551400.0,2026-11-13,34.0
6,True,59.696473433135495,True,False,True,True,0.41641260937539887,3983.0,3983.0,3971338440.0,3971.33844,4392.5126953125,0.9067702875965471,-0.2636127813540762,0.0015663173259663488,81.17186115504039,2.0242359390284386,-0.02905566038735241,-0.0617687738340954,21.641382277798893,30.849945606220924,23.5167653829332,,0,,False,False,False,False,False,False,False,False,False,7701.T,2026-09-28,True,,4010.0,19.15361,2.0145175,209.36,1990.551,1158649872384.0,1793946600.0,1793946600.0,1793946600.0,True,,,True,1793946600.0,2026-11-06,29.0
6,True,50.33648416900183,False,False,True,True,0.3716885106345876,5267.0,5267.0,3898679235.0,3898.679235,5939.90673828125,0.8867142586693272,-0.2142919041407021,0.0007400138013557989,106.45817560095344,1.9913613094080331,-0.009266141811546502,-0.11328574133067282,12.783297813847188,24.023782199667274,17.60048764775185,,0,,False,False,False,False,False,False,False,False,False,6586.T,2026-09-28,True,,5346.0,17.818813,1.3684751,300.02,3906.538,1377428045824.0,1793341800.0,1793341800.0,1793341800.0,True,,,True,1793341800.0,2026-10-30,24.0
6,True,60.51136363636363,True,True,False,True,0.3461803944365926,1187.0,1187.0,3796538267.5,3796.5382675,1269.5,0.9350137849547066,-0.2744889617310172,0.11445179407992279,27.222138118504777,2.2933562020644294,-0.017790649565577188,-0.06498621504529345,19.32257900747246,29.360325007261682,22.7240370937181,,0,,False,False,False,False,False,False,False,False,False,4612.T,2026-09-28,True,,1187.0,18.88023,1.375264,62.87,863.107,2753199865856.0,1794378600.0,1794378600.0,1794378600.0,True,,,True,1794378600.0,2026-11-11,32.0
6,True,46.25697659830588,False,False,True,True,0.3529783464469953,368.0,368.0,3760622254.3421936,3760.6222543421936,444.9098815917969,0.8271337977106082,-0.3494355177658688,0.04173253018408296,10.887659222150324,2.9189434911931165,-0.06726678834835331,-0.06726678834835331,13.246273298790163,27.769785811301528,20.23291839309235,,0,,False,False,False,False,False,False,False,False,False,7211.T,2026-09-28,True,,373.0,50.0,0.5449209,7.46,684.503,499205537792.0,1785738600.0,1793860200.0,1793860200.0,True,,,True,1793860200.0,2026-11-05,28.0
6,True,40.6406436943077,False,False,True,False,0.18391553666612015,2153.0,2153.0,3666434372.5,3666.4343725,2331.841796875,0.9233044895607097,-0.16268752570351197,0.0284740885926702,61.98399797708676,2.8367962460909273,-0.06283509692491918,-0.06283509692491918,10.351742842587054,20.789428283485194,25.128286029644137,,1,macd_sell_like,False,False,True,False,False,False,False,False,False,6770.T,2026-09-28,True,,2185.0,16.36704,0.95865166,133.5,2279.243,422205128704.0,1793341800.0,1793341800.0,1793341800.0,True,,,True,1793341800.0,2026-10-30,24.0
6,True,54.16668107261713,True,False,False,True,0.5615970001712047,2037.0,2037.0,3564052957.5,3564.0529575,2257.345947265625,0.9023871606686892,-0.19819185171157228,0.032733046287734435,36.43202627994588,1.7540696331220933,-0.003836938071602236,-0.003836938071602236,10.428808999380578,24.030765825578744,18.34894054162685,,0,,False,False,False,False,False,False,False,False,False,5406.T,2026-09-28,True,,2077.0,8.736435,0.65241015,237.74,3183.58,821355937792.0,1785911400.0,1794292200.0,1794292200.0,True,,,True,1794292200.0,2026-11-10,31.0
6,True,42.97269868617705,False,False,False,True,0.4544288912156058,2893.0,2893.0,3563478865.0,3563.478865,3238.79931640625,0.8932322497863354,-0.34892173442740726,0.004773839691877724,62.446516694950425,2.132736225920438,-0.03302511287344856,-0.05456897807650718,15.119483407813812,27.19554355104633,24.38691294808299,,1,macd_sell_like,False,False,True,False,False,False,False,False,False,2897.T,2026-09-28,True,,2928.0,18.727213,1.5980282,156.35,1832.258,840506736640.0,1794378600.0,1794378600.0,1794378600.0,True,,,True,1794378600.0,2026-11-11,32.0
6,True,44.65709728867623,False,False,True,True,0.27195845989895745,4597.0,4597.0,3311905105.0,3311.905105,4844.0,0.949009083402147,-0.15630220576229126,0.05848622731493447,94.96617744349908,2.065829398379358,-0.03057781526781944,-0.05099091659785304,8.32854480742983,17.183380034317295,23.663882444134174,,1,macd_sell_like,False,False,True,False,False,False,False,False,False,8253.T,2026-09-28,True,,4597.0,10.827936,0.8569039,424.55,5364.662,660240662528.0,1794551400.0,1794551400.0,1794551400.0,True,,,True,1794551400.0,2026-11-13,34.0
6,True,45.216250448299185,False,False,True,False,0.24128548522575233,1640.0,1640.0,3122165965.0,3122.165965,1722.3946533203125,0.9521627327619266,-0.29087041441588124,0.14347128136203824,38.699270267249005,2.328475948691276,-0.047837267238073355,-0.047837267238073355,21.441256953909463,29.31366961759553,19.623454765775822,,0,,False,False,False,False,False,False,False,False,False,7752.T,2026-09-28,True,,1662.0,17.026943,0.7961185,97.61,2087.629,930197864448.0,1793946600.0,1793946600.0,1793946600.0,True,,,True,1793946600.0,2026-11-06,29.0
6,True,52.985095623368466,True,True,False,True,0.5440386391017545,3232.0,3232.0,3095867290.0,3095.86729,3457.39599609375,0.9348075845669955,-0.3659533842102063,0.15329920743645142,75.811409819221,2.32907557048298,-0.05597447204328476,-0.06519241543300447,16.37397300536028,26.478185963877145,21.43282735467452,,1,vol_distribution,False,False,False,False,False,False,False,True,False,9616.T,2026-09-28,True,,3255.0,15.833252,2.0162625,205.58,1614.373,296085880832.0,1786084200.0,1793946600.0,1793946600.0,True,,,True,1793946600.0,2026-11-06,29.0
6,True,54.14234441581981,False,False,True,False,0.597167435446879,4410.0,4410.0,3050972810.0,3050.97281,4762.044921875,0.9260727423511187,-0.28515853302911576,0.07840222618571246,114.79166801284546,2.559457480776933,-0.032988343199371606,-0.032988343199371606,40.55232987530146,26.997325071622306,15.564904696126222,,1,macd_sell_like,False,False,True,False,False,False,False,False,False,5021.T,2026-09-28,True,,4485.0,9.826261,1.0520831,456.43,4262.971,712170864640.0,1794292200.0,1794292200.0,1794292200.0,True,,,True,1794292200.0,2026-11-10,31.0
6,True,36.075036075036074,False,False,False,False,0.43643590339259114,1791.0,1791.0,3014733265.0,3014.733265,1954.5,0.9163468917881811,-0.34620444773087944,0.06386285774786704,40.81731873075248,2.2790239380654653,-0.0598425196850394,-0.08365310821181893,14.917784293095243,20.506310800733356,22.434952452413114,,0,,False,False,False,False,False,False,False,False,False,3405.T,2026-09-28,True,,1791.0,66.13737,0.714051,27.08,2508.224,539622670336.0,1786084200.0,1794378600.0,1794378600.0,True,,,True,1794378600.0,2026-11-11,32.0
6,True,44.51610740954245,False,True,False,True,0.5966464385455957,843.0999755859375,843.0999755859375,3002815142.535095,3002.815142535095,947.2649536132812,0.8900360689688633,-0.20629570033844735,0.008224597804122213,13.257416442806887,1.5395908510839111,-0.034208215181879,-0.03948698097331238,10.557736440236335,17.76138758856475,19.567539412380953,,2,macd_sell_like;vol_distribution,False,False,True,False,False,False,False,True,False,3861.T,2026-09-28,True,,861.1,14.086372,0.6743935,61.13,1276.851,731275657216.0,1793946600.0,1793946600.0,1793946600.0,True,,,True,1793946600.0,2026-11-06,29.0
6,True,53.15923510670093,False,False,True,False,0.47385342278828096,5450.0,5450.0,2890075930.0,2890.07593,5833.4267578125,0.9342707513557121,-0.14144400750327069,0.06329673949947034,133.6957719690015,2.4242207066002086,-0.060156754496012654,-0.060156754496012654,20.864449245964966,26.31730333148699,14.356020680565267,,0,,False,False,False,False,False,False,False,False,False,1721.T,2026-09-28,True,,5515.0,17.798935,1.5999253,309.85,3447.036,631209132032.0,1793946600.0,1793946600.0,1793946600.0,True,,,True,1793946600.0,2026-11-06,29.0
6,True,43.61567944229082,False,False,False,True,0.1076500140920469,2760.5,2760.5,2880641682.5,2880.6416825,3047.26025390625,0.9058957128657931,-0.30886076724548817,0.0481026539544509,51.098364571157056,1.827225623856859,-0.0313474156089768,-0.05984196841862821,8.708778872001888,20.971587047436024,23.890531487385747,,1,macd_sell_like,False,False,True,False,False,False,False,False,False,2267.T,2026-09-28,True,,2796.5,18.570292,1.3380038,150.59,2090.054,796228255744.0,1794551400.0,1794551400.0,1794551400.0,True,,,True,1794551400.0,2026-11-13,34.0
6,True,43.6005619092784,False,True,False,True,0.5869340817820542,1218.0,1218.0,2867488707.5,2867.4887075,1360.9718017578125,0.894948740618173,-0.5064890800581328,0.1469314392158927,52.395791605593644,4.285954323565942,-0.09444442074690629,-0.10505125938182702,15.099058919679045,17.33369190635918,17.889682096052653,,1,trailing_stop,False,False,False,False,True,False,False,False,False,4680.T,2026-09-28,True,,1222.5,18.761509,3.7458174,65.16,326.364,321361838080.0,1794378600.0,1794378600.0,1794378600.0,True,,,True,1794378600.0,2026-11-11,32.0
6,True,50.09242492994148,True,False,True,True,0.43831722248561333,654.9000244140625,654.9000244140625,2844665683.1845093,2844.6656831845094,712.015380859375,0.9197835356079296,-0.3362952889077857,0.09086914449239614,24.717536547591152,3.7230811324952247,-0.0461207044844999,-0.0461207044844999,17.11598127909277,28.25590701599986,17.07079608348102,,0,,False,False,False,False,False,False,False,False,False,4902.T,2026-09-28,True,,663.9,10.213846,0.5963738,65.0,1113.228,328088551424.0,1793860200.0,1793860200.0,1793860200.0,True,,,True,1793860200.0,2026-11-05,28.0
6,True,48.71795197536456,False,True,False,False,0.34684744581985916,1123.5,1123.5,2765645910.0,2765.64591,1220.735595703125,0.9203467187772805,-0.2733297794278672,0.09665087089091506,30.182765619841877,2.6476110192843754,-0.02647306089239798,-0.02647306089239798,30.199716853620288,27.693335070183856,17.259769873924185,,0,,False,False,False,False,False,False,False,False,False,9509.T,2026-09-28,True,,1140.0,5.5631466,0.49685502,204.92,2294.432,234099195904.0,1793341800.0,1793341800.0,1793341800.0,True,,,True,1793341800.0,2026-10-30,24.0
6,True,48.157886043307506,False,True,False,True,0.5572333060476184,1339.0,1339.0,2699432705.0,2699.432705,1388.5926513671875,0.9642856734706472,-0.3612857099235959,0.09927935635792906,27.90933232637469,2.067357950101829,-0.0357143265293528,-0.0357143265293528,26.053675738040347,20.906059100659743,20.635657628163177,,2,macd_sell_like;vol_distribution,False,False,True,False,False,False,False,True,False,9009.T,2026-09-28,True,,1350.0,13.5623865,1.1570512,99.54,1166.759,651022958592.0,1793946600.0,1793946600.0,1793946600.0,True,,,True,1793946600.0,2026-11-06,29.0
6,True,44.58672679837473,True,True,False,True,0.45281531659241,2596.0,2596.0,2672776787.5,2672.7767875,2988.44140625,0.8686802406668401,-0.1696770790208203,0.03096168643883357,49.50212109032542,1.8708284614635455,-0.02934702754177565,-0.09600268379644294,26.74028376323164,20.55082366269741,21.793763526597864,,2,di_bear;vol_distribution,False,False,False,False,False,False,True,True,False,4042.T,2026-09-28,True,,2646.0,20.001513,0.96844614,132.29,2732.212,814678409216.0,1793860200.0,1793860200.0,1793860200.0,True,,,True,1793860200.0,2026-11-05,28.0
6,True,38.955823293172685,False,False,True,True,0.36362567191494216,3640.0,3640.0,2551946365.0,2551.946365,3889.0,0.935973257906917,-0.17057040507026733,0.08399558499570325,89.41628768698547,2.456491419972128,-0.06402674209308301,-0.06402674209308301,27.89058393566711,24.072402677300687,25.83863344280553,,1,di_bear,False,False,False,False,False,False,True,False,False,2212.T,2026-09-28,True,,3640.0,17.05557,1.5199395,213.42,2394.832,716733480960.0,1793082600.0,1793082600.0,1793082600.0,True,,,True,1793082600.0,2026-10-27,21.0
6,True,44.93007008123544,False,True,False,True,0.39270201412807904,2903.0,2903.0,2524728925.0,2524.728925,3157.216064453125,0.9194809416703134,-0.13280407166465857,0.029586120932682425,46.17861648588046,1.5704341603768224,-0.02406240517681546,-0.08051905832968664,11.421831856906175,21.240830085541994,17.2228301396416,,1,vol_distribution,False,False,False,False,False,False,False,True,False,9001.T,2026-09-28,True,,2940.5,10.38899,0.9167185,283.04,3207.637,574959910912.0,1793860200.0,1793860200.0,1793860200.0,True,,,True,1793860200.0,2026-11-05,28.0
6,True,45.93966541478587,False,True,False,True,0.16315934787994266,1744.0,1744.0,2515565915.0,2515.565915,1823.6302490234375,0.9563342135468087,-0.12728618782934886,0.05145136449648313,29.629716666332957,1.6702207816422188,-0.04056247128271584,-0.0436657864531913,20.62708220033172,18.762068950258772,20.602865803962914,,3,macd_sell_like;di_bear;vol_distribution,False,False,True,False,False,False,True,True,False,9007.T,2026-09-28,True,,1774.0,16.395565,1.1944865,108.2,1485.157,606992793600.0,1794378600.0,1794378600.0,1794378600.0,True,,,True,1794378600.0,2026-11-11,32.0
6,True,50.38461227092438,False,False,True,False,0.4140249793500402,1049.5,1049.5,2449635662.2286987,2449.635662228699,1107.6685791015625,0.9474855744768499,-0.2311927531686867,0.10617288687923909,28.43910860823021,2.671593105517164,-0.05251442552315011,-0.05251442552315011,38.29853969483447,27.167680162455042,20.549483132685666,,1,macd_sell_like,False,False,True,False,False,False,False,False,False,9504.T,2026-09-28,True,,1064.5,5.5861673,0.49376222,190.56,2155.896,382769037312.0,1793341800.0,1793341800.0,1793341800.0,True,,,True,1793341800.0,2026-10-30,24.0
6,True,40.660904684860576,True,False,True,False,0.3820025366526684,2378.5,2378.5,2250114515.0,2250.114515,2575.765380859375,0.9234148489123805,-0.17421762046283373,0.1725422088947508,56.28737244740252,2.3283297806578083,-0.07658515108761954,-0.07658515108761954,12.580298748063637,24.733804712801046,19.615414659138946,,0,,False,False,False,False,False,False,False,False,False,4205.T,2026-09-28,True,,2417.5,12.951355,1.1708246,186.66,2064.784,462577762304.0,1793255400.0,1793255400.0,1793255400.0,True,,,True,1793255400.0,2026-10-29,23.0
6,True,44.52173913043478,False,True,False,True,0.27081591529802995,3996.0,3996.0,2242052435.0,2242.052435,4278.919921875,0.9338805289557683,-0.18239731820184157,0.05814458775978659,83.00082600211701,2.02638735356731,-0.024297284421152976,-0.03827189481098847,8.95554947348204,25.654748924607578,22.825541999071433,,0,,False,False,False,False,False,False,False,False,False,4676.T,2026-09-28,True,,4096.0,124.08362,1.0819763,33.01,3785.665,583827849216.0,1793946600.0,1793946600.0,1793946600.0,True,,,True,1793946600.0,2026-11-06,29.0
6,True,44.44444444444444,False,False,True,True,0.4069336848568299,82500.0,82500.0,2034895325.0,2034.895325,87000.0,0.9482758620689655,-0.1448275862068965,0.024921324015844792,1070.1922795985918,1.2972027631498082,-0.025974025974025983,-0.025974025974025983,18.002659266277412,17.102681117298697,18.55225416546403,,1,macd_sell_like,False,False,True,False,False,False,False,False,False,8985.T,2026-09-28,True,,82500.0,16.758211,1.4231677,4922.96,57969.273,487080493056.0,1787725800.0,1787725800.0,1787725800.0,True,,,True,1787725800.0,2026-08-26,-23.0
6,True,45.30120481927711,False,True,False,True,0.36657423463945343,1863.5,1863.5,2018971940.0,2018.97194,1994.5,0.9343193782902983,-0.13736715205249883,0.046531681437735006,26.455770361908016,1.4196818010146506,-0.030184751496226903,-0.06568062170970168,12.002465329779284,18.697515009266912,19.88458358781664,,2,macd_sell_like;vol_distribution,False,False,True,False,False,False,False,True,False,9048.T,2026-09-28,True,,1863.5,17.932064,0.73574907,103.92,2532.793,365488766976.0,1786343400.0,1793946600.0,1793946600.0,True,,,True,1793946600.0,2026-11-06,29.0
6,True,51.045632410485744,False,True,False,True,0.2982885929428336,774.2999877929688,774.2999877929688,1978656253.5769653,1978.6562535769654,829.0225830078125,0.9339914299845701,-0.13742012882058308,0.01072002801885219,15.470210880591843,1.9699746747825375,-0.029415387562690243,-0.06600857001542992,16.096208807165514,15.2623885533158,23.605232128959457,,2,macd_sell_like;vol_distribution,False,False,True,False,False,False,False,True,False,9008.T,2026-09-28,True,,785.3,10.759008,0.9997492,72.99,785.497,454596919296.0,1794292200.0,1794292200.0,1794292200.0,True,,,True,1794292200.0,2026-11-10,31.0
6,True,44.7265625,False,False,True,True,0.4105644755718357,1715.5,1715.5,1976154090.0,1976.15409,1843.9962158203125,0.9303164427790594,-0.21777189844285227,0.0920799429589727,36.15891257752754,2.1077768917241353,-0.03920470456454772,-0.03947368421052633,18.093132671387174,24.87163555232415,19.51223214349963,,0,,False,False,False,False,False,False,False,False,False,6592.T,2026-09-28,True,,1715.5,14.010943,1.2021648,122.44,1427.009,404671758336.0,1786689000.0,1793341800.0,1793341800.0,True,,,True,1793341800.0,2026-10-30,24.0
6,True,40.965721735327,False,False,True,False,0.37751783748626666,1992.0,1992.0,1954103980.0,1954.10398,2139.136474609375,0.9312168829077427,-0.13782786239137557,0.011197689643933195,37.01688179752098,1.8288973220119062,-0.029023736654067434,-0.06878311709225726,11.016574430812078,19.239484354297566,22.11607714690519,,1,macd_sell_like,False,False,True,False,False,False,False,False,False,2002.T,2026-09-28,True,,2024.0,17.889341,1.0971813,113.14,1844.727,566217342976.0,1793169000.0,1793169000.0,1793169000.0,True,,,True,1793169000.0,2026-10-28,22.0
6,True,48.209369102751495,False,False,True,True,0.4011187401078748,12255.0,12255.0,1903362875.0,1903.362875,13524.2861328125,0.9061476428147309,-0.14114228389336347,0.041585397768733046,280.0497981163403,2.248492959585229,-0.014636075266039383,-0.09385235718526908,14.652024885204577,21.417599793602136,19.335878010337833,,0,,False,False,False,False,False,False,False,False,False,5444.T,2026-09-28,True,,12455.0,12.162492,1.3608427,1024.05,9152.417,744216264704.0,1793601000.0,1793601000.0,1793601000.0,True,,,True,1793601000.0,2026-11-02,25.0
6,True,57.41627813208093,True,False,False,True,0.2505940543352061,4680.0,4680.0,1872880975.0,1872.880975,5509.3671875,0.8494623503436619,-0.24265754121600858,0.10146033548105371,154.7229064230863,3.2641963380397954,-0.025693681836021942,-0.1505376496563381,26.962931873420995,26.232195715242586,27.039288792840537,,1,di_bear,False,False,False,False,False,False,True,False,False,6103.T,2026-09-28,True,,4740.0,22.78189,1.1052791,208.06,4288.51,275966361600.0,1793773800.0,1793773800.0,1793773800.0,True,,,True,1793773800.0,2026-11-04,27.0
6,True,54.83870967741936,True,False,False,True,0.4276569992198352,3655.0,3655.0,1867772075.0,1867.772075,4385.0,0.8335233751425314,-0.2702394526795895,0.2967728296516765,170.5157413686001,4.665273361658005,-0.04817708333333337,-0.1664766248574686,11.388367574223059,34.296209810667236,21.892768403579115,,0,ext_dev200,False,False,False,False,False,True,False,False,False,6376.T,2026-09-28,True,,3655.0,14.163373,1.3891913,258.06,2631.027,238865891328.0,,1754978400.0,1755496800.0,True,,,True,1754978400.0,2025-08-12,-294.0
6,True,51.27055273218732,False,False,False,True,0.432681233253661,4097.0,4097.0,1833317285.0,1833.317285,4686.43798828125,0.874224733207784,-0.309143686199738,0.034049681064502124,99.98231710487927,2.4051555714428496,-0.03728579419146649,-0.04061845657754415,8.563298939439369,20.710801956555358,20.446133271469456,,1,cross_sma25_down,False,True,False,False,False,False,False,False,False,5233.T,2026-09-28,True,,4157.0,18.254074,0.67199665,227.73,6186.043,452959961088.0,1794292200.0,1794292200.0,1794292200.0,True,,,True,1794292200.0,2026-11-10,31.0
6,True,36.486476380321584,False,True,False,True,0.2520594711412306,5765.0,5765.0,1743602950.0,1743.60295,6094.9833984375,0.9458598363824758,-0.09677413981378824,0.02292906557425778,92.72245789674659,1.5609841396758686,-0.05414016361752416,-0.05414016361752416,12.059017580662413,19.54401784900352,18.90301833942207,,1,vol_distribution,False,False,False,False,False,False,False,True,False,7278.T,2026-09-28,True,,5940.0,19.51508,1.1269776,304.38,5270.735,212613791744.0,1793255400.0,1793255400.0,1793255400.0,True,,,True,1793255400.0,2026-10-29,23.0
6,True,41.87116564417178,False,False,True,False,0.46736582838828133,3465.0,3465.0,1696012950.0,1696.01295,3727.828125,0.9294956429891735,-0.14924237926275385,0.07624753455487543,75.37181736173429,2.1412448114129057,-0.04581187313635127,-0.04581187313635127,12.681450102890587,24.92361296024531,18.186997691268548,,0,,False,False,False,False,False,False,False,False,False,6923.T,2026-09-28,True,,3520.0,14.903255,0.9387901,236.19,3749.507,433348280320.0,1792996200.0,1792996200.0,1792996200.0,True,,,True,1792996200.0,2026-10-26,20.0
6,True,41.16743471582181,False,False,True,True,0.43854996523640927,5667.0,5667.0,1608827290.0,1608.82729,6174.7509765625,0.9177698050512855,-0.3837938812569527,0.026100861392007735,130.19890016297742,2.2974925033170535,-0.033759590792838856,-0.06159960258320918,14.819275278956614,20.97161741815963,20.215151139827555,,1,macd_sell_like,False,False,True,False,False,False,False,False,False,4922.T,2026-09-28,True,,5667.0,23.724201,1.130707,238.87,5011.908,321604780032.0,1794292200.0,1794292200.0,1794292200.0,True,,,True,1794292200.0,2026-11-10,31.0
6,True,38.39662447257384,False,False,True,False,0.2559402030174051,3112.0,3112.0,1606356095.0,1606.356095,3512.65625,0.8859392375783995,-0.26040304520166035,0.04787210578579515,74.78358489298398,2.403071493990488,-0.049190345249007006,-0.049190345249007006,30.873441725441978,29.86185605209507,19.30309031634161,,1,macd_sell_like,False,False,True,False,False,False,False,False,False,2593.T,2026-09-28,True,,3112.0,102.978165,1.9888861,30.22,1564.695,358596771840.0,1788244200.0,1796020200.0,1796020200.0,True,,,True,1796020200.0,2026-11-30,45.0
6,True,48.1572663877945,False,False,False,False,0.4937539513901083,1188.5,1188.5,1604481197.5,1604.4811975,1286.6375732421875,0.9237255500048149,-0.19317750673971446,0.020676107282294742,24.336989844836697,2.01966720704039,-0.051554442000424694,-0.051554442000424694,16.762708707903222,21.336859777567735,21.6950815699397,,1,macd_sell_like,False,False,True,False,False,False,False,False,False,2331.T,2026-09-28,True,,1205.0,17.783352,1.5183226,67.76,793.639,585704931328.0,1785825000.0,1794292200.0,1794292200.0,True,,,True,1794292200.0,2026-11-10,31.0
6,True,46.81344148319815,False,True,False,True,0.5189533961686179,4245.0,4245.0,1602437020.0,1602.43702,5024.30078125,0.8448936846778276,-0.3278187209347344,0.022443054065402146,95.23440286634279,2.2434488307736817,-0.046281734441698474,-0.07395287958115182,30.40192699202021,25.69151548468524,16.041485140824577,,3,cross_sma25_down;macd_sell_like;vol_distribution,False,True,True,False,False,False,False,True,False,3397.T,2026-09-28,True,,4245.0,196.98376,3.9047587,21.55,1087.135,373267759104.0,1786689000.0,1794551400.0,1794551400.0,True,,,True,1794551400.0,2026-11-13,34.0
6,True,54.97075736816601,True,False,True,True,0.5945880151785428,5151.0,5151.0,1550475750.0,1550.47575,8102.91943359375,0.6356968056037384,-0.4150366811151869,0.07839379464620033,252.18524909832732,4.849716328813987,-0.03165733243241975,-0.3643031943962616,25.86559037778648,22.838600616368954,21.61619777082528,,0,,False,False,False,False,False,False,False,False,False,6101.T,2026-09-28,True,,5200.0,35.05697,2.7747896,148.33,1874.016,240722165760.0,1794465000.0,1794465000.0,1794465000.0,True,,,True,1794465000.0,2026-11-12,33.0
6,True,37.99999999999999,False,False,True,True,0.27654495958411507,7290.0,7290.0,1537825400.0,1537.8254,7817.4453125,0.9325297086943964,-0.1893333417866493,0.0547247806702813,204.5846965711302,2.8063744385614564,-0.04705882352941182,-0.06747029130560356,12.995744139232862,18.12434425368183,20.121041122434598,,0,,False,False,False,False,False,False,False,False,False,6432.T,2026-09-28,True,,7290.0,11.933213,1.8071128,610.9,4034.059,336746348544.0,1791873000.0,1791873000.0,1791873000.0,True,,,True,1791873000.0,2026-10-13,11.0
6,True,35.78106849817188,False,False,True,True,0.22911009077659295,2085.0,2085.0,1514028740.0,1514.02874,2265.96044921875,0.9201396258786684,-0.22850285912769996,0.09010957874561809,48.12644557335156,2.2824968258644325,-0.07986037412133162,-0.07986037412133162,10.44429597315935,19.638099241902683,20.107347314383166,,1,macd_sell_like,False,False,True,False,False,False,False,False,False,8088.T,2026-09-28,True,,2108.5,10.184514,1.0197843,207.03,2067.594,485324554240.0,1794292200.0,1794292200.0,1794292200.0,True,,,True,1794292200.0,2026-11-10,31.0
6,True,38.70967741935484,False,False,True,True,0.3156075986261299,1695.0,1695.0,1504043547.5,1504.0435475,1839.128662109375,0.9216320940025655,-0.1414385315099247,0.0030013012278045093,33.60996106524597,1.982888558421591,-0.05623608017817372,-0.06583209353412134,14.546063611821973,17.46691616761743,29.663684428371322,,1,macd_sell_like,False,False,True,False,False,False,False,False,False,3048.T,2026-09-28,True,,1695.0,14.847582,1.5925992,114.16,1064.298,290273394688.0,1791527400.0,1791527400.0,1791527400.0,True,,,True,1791527400.0,2026-10-09,9.0
6,True,54.29233352218077,False,True,False,True,0.3674734965549085,1532.0,1532.0,1486914595.0,1486.914595,1613.824951171875,0.9492975052142687,-0.1552023890140306,0.10183764898690639,27.954963928824455,1.7989037277235813,-0.019248990912567043,-0.0507024947857313,11.572863442407229,24.20475757792918,15.796985934719023,,1,vol_distribution,False,False,False,False,False,False,False,True,False,9301.T,2026-09-28,True,,1554.0,9.967289,1.3943634,155.91,1114.487,526244675584.0,1793341800.0,1793341800.0,1793341800.0,True,,,True,1793341800.0,2026-10-30,24.0
6,True,52.2081884495961,False,False,True,False,0.5524073268595423,2291.5,2291.5,1439818532.5,1439.8185325,2386.85888671875,0.9600483768649427,-0.17550969286377827,0.10423353680291525,50.40086057684009,2.166381284196866,-0.012940222207662999,-0.012940222207662999,20.566827958946973,22.906082851716995,11.718889031877822,,0,,False,False,False,False,False,False,False,False,False,8020.T,2026-09-28,True,,2326.5,12.004643,1.8170031,193.8,1280.405,387154640896.0,1793860200.0,1793860200.0,1793860200.0,True,,,True,1793860200.0,2026-11-05,28.0
6,True,53.00261164186599,True,False,True,True,0.339350399518484,2280.5,2280.5,1384017067.5,1384.0170675,2282.962646484375,0.9989212935708048,-0.1773228945777019,0.2135498237031006,47.384861239087414,2.0468622565480525,-0.0010787064291951642,-0.0010787064291951642,20.947450203496132,34.2533688415548,19.807943166694507,,0,ext_dev200,False,False,False,False,False,True,False,False,False,8876.T,2026-09-28,True,,2315.0,17.742184,4.4867907,130.48,515.959,351194578944.0,1794465000.0,1794465000.0,1794465000.0,True,,,True,1794465000.0,2026-11-12,33.0
6,True,49.34782608695652,False,False,False,True,0.40240921024155535,3660.0,3660.0,1353618700.0,1353.6187,3897.0,0.939183987682833,-0.32878226838946345,0.08438393379713172,78.89180231459248,2.155513724442417,-0.025559105431309903,-0.044635865309318734,8.330375771635223,21.064059009222508,18.898152309557563,,0,,False,False,False,False,False,False,False,False,False,9468.T,2026-09-28,True,,3660.0,475.32468,2.2503495,7.7,1626.414,537894387712.0,1786602600.0,1793860200.0,1793860200.0,True,,,True,1793860200.0,2026-11-05,28.0
6,True,41.8060117509865,False,True,False,True,0.23532838861101785,1527.5,1527.5,1348547502.5,1348.5475025,1627.001708984375,0.9388435129263096,-0.11909152431087289,0.0153429051358418,22.005007213505817,1.4192200718159185,-0.02053066747466703,-0.06115648707369037,9.79815170625192,16.511005922473533,17.708193152582133,,1,macd_sell_like,False,False,True,False,False,False,False,False,False,9006.T,2026-09-28,True,,1550.5,15.404868,1.0933837,100.65,1418.075,408566792192.0,1785911400.0,1794292200.0,1794292200.0,True,,,True,1794292200.0,2026-11-10,31.0
6,True,41.62302883535981,False,False,True,True,0.3478405779143057,1699.5,1699.5,1301426350.0,1301.42635,1905.8431396484375,0.8917313102239355,-0.17919372400770772,0.07079570503483867,32.14436269566456,1.862901344286558,-0.03737791951363545,-0.10826868977606452,11.504725625888584,20.126792361098808,23.15421878145537,,0,,False,False,False,False,False,False,False,False,False,5463.T,2026-09-28,True,,1725.5,14.683856,1.0844058,117.51,1591.194,380942024704.0,1794205800.0,1794205800.0,1794205800.0,True,,,True,1794205800.0,2026-11-09,30.0
6,True,42.36343375984735,False,True,False,False,0.5065000738018024,3816.5,3816.5,1294534675.0,1294.534675,4544.4892578125,0.8398083444556498,-0.32119118773016,0.007114454576524043,109.84063590642667,2.845612329182038,-0.05345756518717948,-0.05345756518717948,11.939281025517225,25.54113536385605,21.935556107319,,1,vol_distribution,False,False,False,False,False,False,False,True,False,2327.T,2026-09-28,True,,3860.0,22.223501,2.5559664,173.69,1510.192,706308210688.0,1793601000.0,1793601000.0,1793601000.0,True,,,True,1793601000.0,2026-11-02,25.0
6,True,50.166666666666664,False,False,False,False,0.35152857716670033,3693.0,3693.0,1292788185.0,1292.788185,3805.304443359375,0.9704873959413793,-0.13762661816837063,0.05711508762037654,71.73766504223053,1.9425308703555517,-0.023015873015873045,-0.023015873015873045,14.246144266287795,23.8866107642065,17.527488801844584,,0,,False,False,False,False,False,False,False,False,False,8060.T,2026-09-28,True,,3693.0,17.48828,1.9535496,211.17,1890.405,760381767680.0,1792996200.0,1792996200.0,1792996200.0,True,,,True,1792996200.0,2026-10-26,20.0
6,True,46.91358779466001,False,False,True,True,0.4457259073725438,2115.0,2115.0,1271501395.0,1271.501395,2282.622314453125,0.9265659003717904,-0.19508395641852716,0.06505419689299674,55.366620310429504,2.5811944200666437,-0.061679833379889915,-0.07343409962820957,15.662883330848356,25.13670391337484,16.65919507830158,,1,macd_sell_like,False,False,True,False,False,False,False,False,False,8117.T,2026-09-28,True,,2145.0,12.292264,1.8702655,174.5,1146.896,119231684608.0,,1754284800.0,1754630400.0,True,,,True,1754284800.0,2025-08-04,-300.0
6,True,47.59887005649718,True,False,True,True,0.42858876039878674,3554.0,3554.0,1212442590.0,1212.44259,4101.0,0.8666178980736405,-0.1753230919287978,0.14903952998141112,102.913845697854,2.8957187872215533,-0.04718498659517423,-0.13338210192635946,14.122821697467456,22.940034034704347,22.895917711759324,,0,,False,False,False,False,False,False,False,False,False,6136.T,2026-09-28,True,,3554.0,15.986686,1.5235779,222.31,2332.667,292039360512.0,1791527400.0,1791527400.0,1791527400.0,True,,,True,1791527400.0,2026-10-09,9.0
6,True,50.413223140495866,False,False,True,True,0.30023888956500766,765.0,765.0,1186124100.0,1186.1241,814.953125,0.9387042966428284,-0.16321071128215692,0.023767700501105216,14.191000725877087,1.8550327746244557,-0.01797175866495504,-0.054820980389761464,6.5076516468402374,23.748899574843037,20.993111784745604,,0,,False,False,False,False,False,False,False,False,False,3387.T,2026-09-28,True,,765.0,68.85689,7.087008,11.11,107.944,345015746560.0,1791959400.0,1791959400.0,1791959400.0,True,,,True,1791959400.0,2026-10-14,12.0
6,True,44.33497536945813,False,False,False,True,0.46232218388462376,2991.0,2991.0,1148132105.0,1148.132105,3135.0,0.9540669856459331,-0.38134426765081697,0.1290784717401967,85.1526582467723,2.8469628300492245,-0.04593301435406694,-0.04593301435406694,28.820045026035032,23.0475824236266,18.877472899935285,,1,macd_sell_like,False,False,True,False,False,False,False,False,False,4816.T,2026-09-28,True,,2991.0,24.378515,3.6279566,122.69,824.431,611100131328.0,1793341800.0,1793341800.0,1793341800.0,True,,,True,1793341800.0,2026-10-30,24.0
6,True,38.30733903716964,False,False,True,False,0.5390880386096359,1459.5,1459.5,1147048795.0,1147.048795,1600.599609375,0.9118457804509297,-0.13341737415221888,0.02438080891581862,28.076721000898075,1.8849762336957419,-0.05006378341478668,-0.08619630452969418,14.132419898940892,20.704846026966667,17.807021671678957,,1,macd_sell_like,False,False,True,False,False,False,False,False,False,1860.T,2026-09-28,True,,1489.5,12.160176,0.91605675,122.49,1625.991,440951308288.0,1794551400.0,1794551400.0,1794551400.0,True,,,True,1794551400.0,2026-11-13,34.0
6,True,41.538477564223975,False,True,False,True,0.2812262514577764,2826.0,2826.0,1118200882.5,1118.2008825,3020.349365234375,0.9356533494199623,-0.13059830889458945,0.13975350933051978,55.89223201720219,1.9611309479720067,-0.06434665058003775,-0.06434665058003775,13.96051835804753,24.461421001923078,20.476943136570195,,1,vol_distribution,False,False,False,False,False,False,False,True,False,8242.T,2026-09-28,True,,2850.0,11.308178,1.0659825,252.03,2673.59,321154383872.0,1793773800.0,1793773800.0,1793773800.0,True,,,True,1793773800.0,2026-11-04,27.0
6,True,49.48665125420967,True,False,False,False,0.3683916937554168,1444.0,1444.0,1117296630.0,1117.29663,1575.093505859375,0.9167709692334424,-0.23404255978726463,0.309014259054593,52.77476995922583,3.6023733760563705,-0.08322903076655763,-0.08322903076655763,28.754101285236747,37.87326682495015,22.360927441176504,,1,trailing_stop;ext_dev200,False,False,False,False,True,True,False,False,False,6523.T,2026-09-28,True,,1465.0,379.5337,1.0998178,3.86,1332.039,185345048576.0,1794378600.0,1794378600.0,1794378600.0,True,,,True,1794378600.0,2026-11-11,32.0
6,True,48.89298993701651,False,False,True,True,0.17795852692313935,3144.0,3144.0,1104589235.0,1104.589235,3444.3935546875,0.9127876794802695,-0.2844723217828763,0.004294899554074361,68.77470426963683,2.1661324179413173,-0.019759223451138674,-0.02786285205445105,11.514167741549223,25.51333730759181,21.070865063543547,,0,,False,False,False,False,False,False,False,False,False,6005.T,2026-09-28,True,,3175.0,13.102509,1.4956237,242.32,2122.86,367504228352.0,1794465000.0,1794465000.0,1794465000.0,True,,,True,1794465000.0,2026-11-12,33.0
6,True,53.19148089224796,False,False,False,True,0.3321909457635995,707.5999755859375,707.5999755859375,1095673060.0,1095.67306,822.3648681640625,0.860445287705032,-0.3818351493283898,0.039563485053424774,15.557412403299894,2.151785947897634,-0.05490197964601817,-0.05859376459107157,11.677904604223539,20.587241949888714,17.458057611532464,,0,,False,False,False,False,False,False,False,False,False,8698.T,2026-09-28,True,,723.0,16.666666,1.3949207,43.38,518.309,181735948288.0,1794205800.0,1794205800.0,1794205800.0,True,,,True,1794205800.0,2026-11-09,30.0
6,True,57.863499309936614,True,False,False,True,0.3627985778861486,1163.0,1163.0,1064812940.0,1064.81294,1258.4332275390625,0.9241650447154136,-0.13110130935501407,0.04764593802261241,25.854258457656588,2.1984913654469884,-0.008431762876951021,-0.07583495528458639,15.650464198566294,23.16383146829002,20.83691122526027,,0,,False,False,False,False,False,False,False,False,False,8012.T,2026-09-28,True,,1176.0,14.906833,1.0732502,78.89,1095.737,479611060224.0,1793946600.0,1793946600.0,1793946600.0,True,,,True,1793946600.0,2026-11-06,29.0
6,True,45.01347708894879,False,False,True,True,0.4512242903528151,1612.5,1612.5,1032487365.0,1032.487365,1791.9859619140625,0.8998396384074632,-0.21140856824502596,0.020752324947891143,33.01184633710688,2.0472462844717447,-0.0481109799291618,-0.05087165815514905,16.12941779113295,18.765607830702532,22.24574558211884,,1,macd_sell_like,False,False,True,False,False,False,False,False,False,8570.T,2026-09-28,True,,1612.5,16.611723,0.73003906,97.07,2208.786,348113240064.0,1791527400.0,1791527400.0,1791527400.0,True,,,True,1791527400.0,2026-10-09,9.0
6,True,50.4517986772542,False,False,True,True,0.2876313428073118,2683.5,2683.5,978988230.0,978.98823,2782.4150390625,0.9644499337180739,-0.10118585705833405,0.07435503290329915,45.3791496049914,1.6643737247383605,-0.03315602549911367,-0.03555006628192614,14.402758836378442,21.26948481408,20.070426220366027,,0,,False,False,False,False,False,False,False,False,False,9076.T,2026-09-28,True,,2726.5,18.772375,0.9644346,145.24,2827.045,443362082816.0,1785997800.0,1794465000.0,1794465000.0,True,,,True,1794465000.0,2026-11-12,33.0
6,True,35.042735042735046,False,False,True,True,0.32564236244236655,5330.0,5330.0,940074100.0,940.0741,5890.0,0.9049235993208828,-0.1994275319397003,0.10758985801567977,163.4743559228017,3.067061086731739,-0.09507640067911716,-0.09507640067911716,21.597318177485395,22.335653657302444,24.960289410200627,,2,trailing_stop;di_bear,False,False,False,False,True,False,True,False,False,3097.T,2026-09-28,True,,5330.0,23.472937,4.34073,227.07,1227.904,204674154496.0,1794551400.0,1794551400.0,1794551400.0,True,,,True,1794551400.0,2026-11-13,34.0
6,True,51.666665755203134,True,False,True,True,0.36864563490824664,4122.0,4122.0,917216500.0,917.2165,4275.76904296875,0.9640371027004805,-0.27137929805865846,0.17967662833059928,126.11144916011357,3.035173264984683,-0.007168455409083729,-0.035962897299519514,23.260182817663548,35.26302652464904,17.544261502791873,,0,,False,False,False,False,False,False,False,False,False,8022.T,2026-09-28,True,,4155.0,17.326939,1.7733613,239.8,2343.008,316020621312.0,1794465000.0,1794465000.0,1794465000.0,True,,,True,1794465000.0,2026-11-12,33.0
6,True,42.63157894736842,False,False,True,False,0.4314271574237443,2485.0,2485.0,895275330.0,895.27533,2769.230712890625,0.8973611293679701,-0.30592006177943676,0.01608008912374892,59.8326360310711,2.4077519529606075,-0.06928838951310856,-0.06928838951310856,16.905739051545876,22.946783677669423,22.172728821397953,,2,cross_sma25_down;macd_sell_like,False,True,True,False,False,False,False,False,False,3765.T,2026-09-28,True,,2485.0,55.112,1.124695,45.09,2209.488,130131705856.0,1786084200.0,1793946600.0,1793946600.0,True,,,True,1793946600.0,2026-11-06,29.0
6,False,50.53763440860215,False,False,True,False,0.4123285233672438,1723.0,1723.0,888136535.0,888.136535,1985.5030517578125,0.8677901544772685,-0.26657829995707316,0.022638413040865446,38.0169187491403,2.2064375362240454,-0.02710333145115751,-0.02710333145115751,20.165765146417833,26.357914105943497,14.37939319250781,,1,trend_break,True,False,False,False,False,False,False,False,False,2695.T,2026-09-28,True,,1723.0,39.24829,2.0039637,43.9,859.796,136954847232.0,,1757311200.0,1757656800.0,True,,,True,1757311200.0,2025-09-08,-275.0
6,True,35.555547387640374,False,False,False,True,0.4389409348297942,3083.0,3083.0,885177770.0,885.17777,3348.646240234375,0.9206705572411309,-0.1763039737008929,0.01808109717333184,35.0542833502776,1.1188727529613023,-0.02792430753479891,-0.03182941692721908,13.699452508134629,19.710022353790986,19.587534466732315,,1,macd_sell_like,False,False,True,False,False,False,False,False,False,7164.T,2026-09-28,True,,3133.0,12.858081,1.7131977,243.66,1828.744,416941244416.0,1793860200.0,1793860200.0,1793860200.0,True,,,True,1793860200.0,2026-11-05,28.0
6,True,25.410887238652563,False,False,True,True,0.3948231018084352,890.5999755859375,890.5999755859375,831881315.0787354,831.8813150787354,948.6768188476562,0.9387812138887679,-0.18664314586497788,0.0335453525056113,15.47153988230628,1.7372041664527722,-0.04185048350087417,-0.04185048350087417,25.514603290499476,16.249487425955632,13.663764481543314,,1,macd_sell_like,False,False,True,False,False,False,False,False,False,7984.T,2026-09-28,True,,890.6,17.26973,1.4722997,51.57,604.904,369100324864.0,1793255400.0,1793255400.0,1793255400.0,True,,,True,1793255400.0,2026-10-29,23.0
6,True,53.17798933675277,False,True,False,True,0.3567461794892149,4444.0,4444.0,828431710.0,828.43171,4503.841796875,0.9867131663202465,-0.10797260575833245,0.0468616983304726,63.12351590518172,1.3934550972446296,-0.010268775512489947,-0.013286833679753474,13.769273652196942,20.692032010262515,13.546810478581664,,1,vol_distribution,False,False,False,False,False,False,False,True,False,8424.T,2026-09-28,True,,4530.0,18.960321,0.79951054,238.92,5665.967,408612700160.0,1793946600.0,1793946600.0,1793946600.0,True,,,True,1793946600.0,2026-11-06,29.0
6,True,49.22118380062306,False,False,True,True,0.35602743216233723,1650.0,1650.0,802744330.0,802.74433,1915.0,0.8616187989556136,-0.2876489346397535,0.08988086461132383,50.88013867811401,3.083644768370546,-0.0693739424703892,-0.0944017563117453,13.506687855633293,22.550533118431478,17.36437410240796,,0,,False,False,False,False,False,False,False,False,False,3101.T,2026-09-28,True,,1650.0,13.244501,0.68333226,124.58,2414.638,145603870720.0,1794205800.0,1794205800.0,1794205800.0,True,,,True,1794205800.0,2026-11-09,30.0
6,True,45.714285714285715,False,True,False,True,0.5920237176636224,4085.0,4085.0,776876900.0,776.8769,4501.83984375,0.9074067807346129,-0.20365892070169223,0.016028386162592945,52.03269667919556,1.2737502247049095,-0.029691211401425166,-0.03655660377358494,15.606406789781289,24.23411574082054,18.752993074947337,,1,vol_distribution,False,False,False,False,False,False,False,True,False,3002.T,2026-09-28,True,,4085.0,263.20874,1.1864461,15.52,3443.056,128044146688.0,1785911400.0,1793860200.0,1793860200.0,True,,,True,1793860200.0,2026-11-05,28.0
6,True,45.2247191011236,False,False,False,True,0.2703832459968846,3036.0,3036.0,768155095.0,768.155095,3195.0,0.9502347417840376,-0.20745274520927315,0.02085289185684336,44.338324099769125,1.4604191073705246,-0.019696480464966082,-0.04976525821596245,13.381963837365197,22.965265837425378,16.161701606309258,,1,macd_sell_like,False,False,True,False,False,False,False,False,False,2229.T,2026-09-28,True,,3036.0,21.670235,1.7787735,140.1,1706.794,369140727808.0,1793946600.0,1793946600.0,1793946600.0,True,,,True,1793946600.0,2026-11-06,29.0
6,True,53.37499103448446,False,False,True,False,0.3884085301131261,3067.0,3067.0,699607025.0,699.607025,3120.304931640625,0.98291675563497,-0.115632068118797,0.14011123424666483,59.24755816125022,1.9069056376327715,-0.017083244365029948,-0.017083244365029948,29.575582426430397,23.25880535004713,13.976644965726672,,1,macd_sell_like,False,False,True,False,False,False,False,False,False,9934.T,2026-09-28,True,,3107.0,15.070088,1.6805922,206.17,1848.753,348772073472.0,1793341800.0,1793341800.0,1793341800.0,True,,,True,1793341800.0,2026-10-30,24.0
6,True,40.47618767271841,False,False,True,True,0.26978958478226667,3515.0,3515.0,698723750.0,698.72375,3806.27099609375,0.9234760224921789,-0.15333332629998386,0.07408647947819302,96.74498975109861,2.717555891884792,-0.07652397750782114,-0.07652397750782114,15.667836682340965,22.674356112511315,21.03506966757476,,0,,False,False,False,False,False,False,False,False,False,8919.T,2026-09-28,True,,3560.0,22.42096,5.2041836,158.78,684.065,278611230720.0,1793946600.0,1793946600.0,1793946600.0,True,,,True,1793946600.0,2026-11-06,29.0
6,True,41.09195218693581,False,True,False,False,0.25775546018434853,1673.0,1673.0,680555770.0,680.55577,1879.531005859375,0.8901156696987059,-0.306938674526796,0.02757829226267039,41.101360458431614,2.427723594709487,-0.06926880655180967,-0.06926880655180967,14.129829528318313,22.588769829237258,24.4007366583064,,2,macd_sell_like;vol_distribution,False,False,True,False,False,False,False,True,False,5423.T,2026-09-28,True,,1693.0,15.039531,0.7940748,112.57,2132.041,172002279424.0,1792737000.0,1792737000.0,1792737000.0,True,,,True,1792737000.0,2026-10-23,19.0
6,True,40.540579148409755,False,True,False,True,0.2520714926053664,2429.0,2429.0,653396290.0,653.39629,2639.830078125,0.9201349814626149,-0.17810270917354554,0.08377506608185081,44.07207790690492,1.7959281950654005,-0.03802426659529734,-0.058326904349305875,16.675732683639627,17.664167698982087,20.085510206868562,,2,macd_sell_like;vol_distribution,False,False,True,False,False,False,False,True,False,2730.T,2026-09-28,True,,2454.0,16.800163,1.0818708,146.07,2268.293,259485253632.0,1793860200.0,1793860200.0,1793860200.0,True,,,True,1793860200.0,2026-11-05,28.0
6,True,41.340782122905026,False,False,True,True,0.2847734677015263,1580.0,1580.0,612027145.0,612.027145,1673.817138671875,0.9439501863708265,-0.14449125598683765,0.03311557059304193,26.22937536205962,1.6600870482316215,-0.050480769230769273,-0.056049813629173495,14.619891934483483,18.918262880891845,24.354500764936844,,1,macd_sell_like,False,False,True,False,False,False,False,False,False,3612.T,2026-09-28,True,,1580.0,9.217665,1.2123138,171.41,1303.293,120397275136.0,,1751349600.0,1751868000.0,True,,,True,1751349600.0,2025-07-01,-324.0
6,True,40.38928521156156,False,True,False,True,0.3651540324524176,1780.5,1780.5,599158232.5,599.1582325,1914.0771484375,0.9302132891840114,-0.13551752154957997,0.011927508392723718,22.323490832992945,1.2222004288526112,-0.024826519899358135,-0.03359794256231452,15.509450994924892,23.995410663055168,21.025021399595165,,2,macd_sell_like;vol_distribution,False,False,True,False,False,False,False,True,False,7313.T,2026-09-28,True,,1826.5,30.280172,0.6846209,60.32,2667.9,213321056256.0,1786084200.0,1794551400.0,1794551400.0,True,,,True,1794551400.0,2026-11-13,34.0
6,True,48.81890747770124,False,False,False,False,0.4471212452300796,4450.0,4450.0,578072400.0,578.0724,4518.916015625,0.9847494365049694,-0.13311283363560522,0.13626199788909932,78.29610347928437,1.7322146787452295,-0.015250563495030622,-0.015250563495030622,28.23579085713411,21.957202610147913,16.043929443896715,,1,macd_sell_like,False,False,True,False,False,False,False,False,False,8098.T,2026-09-28,True,,4520.0,11.73965,0.999342,385.02,4522.976,241286234112.0,1793860200.0,1793860200.0,1793860200.0,True,,,True,1793860200.0,2026-11-05,28.0
6,True,42.04547772429912,False,True,False,True,0.23077678002088897,1064.0,1064.0,564384255.0,564.384255,1146.832275390625,0.927772982006099,-0.17469227931167264,0.04990031299462161,23.34331524998874,2.1634212465235163,-0.047661044964078636,-0.07222701799390097,13.996115392238787,12.614461948882646,24.07671739102237,,2,macd_sell_like;vol_distribution,False,False,True,False,False,False,False,True,False,8818.T,2026-09-28,True,,1079.0,22.27498,1.2188785,48.44,885.24,102941630464.0,,1753684200.0,1754029800.0,True,,,True,1753684200.0,2025-07-28,-305.0
6,True,37.66233766233766,False,False,True,True,0.3095098377420697,3305.0,3305.0,560818075.0,560.818075,3425.0,0.964963503649635,-0.18012418829656518,0.05992339389671186,57.819736852330635,1.7494625371355714,-0.03503649635036499,-0.03503649635036499,13.596935337434841,16.25557578720037,23.507730319615092,,1,macd_sell_like,False,False,True,False,False,False,False,False,False,2659.T,2026-09-28,True,,3305.0,19.128372,1.3530658,172.78,2442.601,196449533952.0,1791268200.0,1791268200.0,1791268200.0,True,,,True,1791268200.0,2026-10-06,6.0
6,True,41.463414634146346,False,False,True,True,0.45137991183895076,480.0,480.0,557776625.0,557.776625,560.0,0.8571428571428571,-0.45537063224937646,0.08144089433293988,17.732974281847152,3.6943696420514898,-0.12248628884826329,-0.1428571428571429,21.76075534792547,25.287194420924408,27.802035126600224,,3,macd_sell_like;trailing_stop;di_bear,False,False,True,False,True,False,True,False,False,3660.T,2026-09-28,True,,480.0,19.448946,2.0313075,24.68,236.301,46786703360.0,,1754978400.0,1755496800.0,True,,,True,1754978400.0,2025-08-12,-294.0
6,True,44.13792131327922,False,False,True,True,0.5071626516047052,2033.0,2033.0,554531090.0,554.53109,2090.156494140625,0.9726544427171588,-0.14737452362147607,0.10167446807979341,35.99964073075232,1.7450140926200834,-0.02734555728284116,-0.02734555728284116,28.1281141469496,23.28923442854462,17.757633450305903,,1,macd_sell_like,False,False,True,False,False,False,False,False,False,2602.T,2026-09-28,True,,2063.0,8.108002,0.8902325,254.44,2317.372,188770222080.0,1794205800.0,1794205800.0,1794205800.0,True,,,True,1794205800.0,2026-11-09,30.0
6,True,41.904761904761905,False,False,True,False,0.2899837842679494,5400.0,5400.0,554352950.0,554.35295,5750.0,0.9391304347826087,-0.1007194244604317,0.16153182965154533,124.79754063357552,2.3110655672884355,-0.060869565217391286,-0.060869565217391286,20.968230485321463,18.63654235133398,16.12563894027087,,1,macd_sell_like,False,False,True,False,False,False,False,False,False,9678.T,2026-09-28,True,,5400.0,14.947682,1.1930934,361.26,4526.05,183201955840.0,,1756965600.0,1757311200.0,True,,,True,1756965600.0,2025-09-04,-277.0
6,True,58.16901594616067,True,False,True,True,0.4432447711806573,2941.0,2941.0,543790900.0,543.7909,3445.17138671875,0.8536585469557922,-0.35281978714595497,0.09906825260328289,92.35157775833052,3.1042547145657315,-0.02936378690012853,-0.09711682050079762,11.247912711320577,28.21712109992837,22.16707286000073,,0,,False,False,False,False,False,False,False,False,False,6363.T,2026-09-28,True,,2975.0,13.087277,1.2695142,227.32,2343.416,78291804160.0,,1754463600.0,1754982000.0,True,,,True,1754463600.0,2025-08-06,-298.0
6,True,43.39622641509434,False,False,True,False,0.4000509053975718,260.0,260.0,540842860.0,540.84286,291.85821533203125,0.8908435203861303,-0.22772276402234137,0.01428034981413373,6.525362261175257,2.509754715836637,-0.04761904761904767,-0.04761904761904767,18.883238659099018,21.855197324317118,22.2528920967574,,1,macd_sell_like,False,False,True,False,False,False,False,False,False,2353.T,2026-09-28,True,,260.0,14.262205,3.9331963,18.23,66.104,81027153920.0,,1749191400.0,1749191400.0,True,,,True,1749191400.0,2025-06-06,-341.0
6,True,41.717802562677136,False,False,True,True,0.435748235380753,2780.5,2780.5,535714770.0,535.71477,2838.839111328125,0.9794496591598558,-0.26007005078621936,0.09663331525680752,49.204864673637715,1.7498173781521236,-0.020550340840144177,-0.020550340840144177,22.279342579162755,21.739970469048373,16.95218618491967,,1,macd_sell_like,False,False,True,False,False,False,False,False,False,7947.T,2026-09-28,True,,2812.0,15.294246,1.3869947,183.86,2027.405,227425501184.0,1793341800.0,1793341800.0,1793341800.0,True,,,True,1793341800.0,2026-10-30,24.0
6,True,53.92156065774199,True,False,True,False,0.2957295262969902,2489.0,2489.0,516626770.0,516.62677,2506.66650390625,0.9929521921329704,-0.14291974913036554,0.12894568594587086,45.00282567970737,1.7745593722282085,-0.007047807867029632,-0.007047807867029632,13.403137993184618,23.80709016422637,16.137987258401782,,0,,False,False,False,False,False,False,False,False,False,8511.T,2026-09-28,True,,2536.0,19.554321,1.4595844,129.69,1737.481,204379783168.0,,1753941600.0,1754287200.0,True,,,True,1753941600.0,2025-07-31,-302.0
6,True,42.07317396705898,False,False,True,False,0.427175377570733,1634.0,1634.0,516412065.0,516.412065,1918.32177734375,0.8517861910855004,-0.3130426222464653,0.05249420491724366,39.95825094963752,2.401337196492639,-0.068830452047272,-0.068830452047272,22.627344976788645,22.21065246275936,24.97541079533269,,1,di_bear,False,False,False,False,False,False,True,False,False,5602.T,2026-09-28,True,,1664.0,15.060186,1.0679243,110.49,1558.163,99238682624.0,,1753941600.0,1754287200.0,True,,,True,1753941600.0,2025-07-31,-302.0
6,True,50.0,False,True,False,False,0.41109530819132256,689.0,689.0,514156330.0,514.15633,728.8468627929688,0.9453288957843983,-0.1568687728861886,0.030182508938004116,12.696979547375248,1.8061137336237907,-0.04223439183884159,-0.050000033662349175,19.52801734459097,29.552285964681264,23.908373648979047,,1,vol_distribution,False,False,False,False,False,False,False,True,False,4290.T,2026-09-28,True,,703.0,15.005337,1.7981564,46.85,390.956,86789832704.0,1785220200.0,1793255400.0,1793255400.0,True,,,True,1793255400.0,2026-10-29,23.0
6,True,39.02440214113987,False,True,False,True,0.41778685175880376,3130.0,3130.0,507211750.0,507.21175,3336.55224609375,0.9380941070724819,-0.22054769181147682,0.05837458463510514,74.18265673970448,2.3145914739377376,-0.04754829388260651,-0.04754829388260651,13.239737698161129,24.744468004588864,18.318254138614847,,2,macd_sell_like;vol_distribution,False,False,True,False,False,False,False,True,False,5482.T,2026-09-28,True,,3205.0,18.793245,0.87004185,170.54,3683.731,205910999040.0,,1753762800.0,1754281200.0,True,,,True,1753762800.0,2025-07-29,-304.0
6,True,38.260872958813316,False,True,False,False,0.37899530878741244,3760.0,3760.0,496255675.0,496.255675,3996.4931640625,0.9408248295808166,-0.1600955574088514,0.04137502693455963,63.049071139969115,1.6419028942700291,-0.05882352941176472,-0.05882352941176472,20.343315139898355,18.113900437597376,20.669554746944957,,3,macd_sell_like;di_bear;vol_distribution,False,False,True,False,False,False,True,True,False,4041.T,2026-09-28,True,,3840.0,11.464397,0.974259,334.95,3941.457,205837549568.0,1794465000.0,1794465000.0,1794465000.0,True,,,True,1794465000.0,2026-11-12,33.0
6,True,39.09089766019895,False,False,True,True,0.2031771027709394,3262.0,3262.0,493069325.0,493.069325,3569.119384765625,0.9139509353269244,-0.16359638235233565,0.010467321049385081,71.81995881992164,2.176362388482474,-0.07042256852798734,-0.0730337191682805,20.756322683259228,19.543874833556078,22.768632720512144,,1,di_bear,False,False,False,False,False,False,True,False,False,3569.T,2026-09-28,True,,3300.0,12.509478,1.1708397,263.8,2818.49,192586153984.0,,1754460000.0,1754978400.0,True,,,True,1754460000.0,2025-08-06,-298.0
6,True,39.91323210412148,False,False,True,False,0.4254863600149953,1822.5,1822.5,492189610.0,492.18961,1903.0,0.9576983709931687,-0.1362809052325188,0.05188883658260046,29.46787807555541,1.6168931728699814,-0.04230162900683132,-0.04230162900683132,19.72879610094215,18.610845690683178,21.82172895757348,,0,,False,False,False,False,False,False,False,False,False,4045.T,2026-09-28,True,,1822.5,14.952006,0.8778635,121.89,2076.063,192650330112.0,1793341800.0,1793341800.0,1793341800.0,True,,,True,1793341800.0,2026-10-30,24.0
6,True,32.04223452682574,False,True,False,False,0.41502603780701386,1156.0,1156.0,489526440.0,489.52644,1307.169189453125,0.8843537694486442,-0.16131588597118884,0.13180438850430343,32.42862711806646,2.7716775314586717,-0.11564623055135581,-0.11564623055135581,26.689619337400202,26.256151626516743,21.483187723477386,,3,macd_sell_like;trailing_stop;vol_distribution,False,False,True,False,True,False,False,True,False,4997.T,2026-09-28,True,,1170.0,12.681552,1.036848,92.26,1128.42,91640930304.0,,1754456400.0,1754974800.0,True,,,True,1754456400.0,2025-08-06,-298.0
6,True,47.56097118714755,False,False,False,False,0.31606037048420027,2659.0,2659.0,478455405.0,478.455405,2756.532958984375,0.9646175248271618,-0.14616820954170318,0.08158649613430047,49.21683719072275,1.8235212001008798,-0.01818844970115918,-0.022101444167889173,9.518150909095299,21.50259451836257,22.659331501954625,,0,,False,False,False,False,False,False,False,False,False,6371.T,2026-09-28,True,,2699.0,9.208148,0.9254735,293.11,2916.345,272613769216.0,1793341800.0,1793341800.0,1793341800.0,True,,,True,1793341800.0,2026-10-30,24.0
6,True,50.354599326942775,False,False,True,True,0.6131715639045872,1718.0,1718.0,474042075.0,474.042075,1879.4625244140625,0.9140911179038275,-0.27396547163109264,0.1109589988792643,41.025999023156835,2.35106011594022,-0.026770784956048677,-0.026770784956048677,36.02090825131822,26.10943064862133,12.751139628221075,,1,macd_sell_like,False,False,True,False,False,False,False,False,False,9119.T,2026-09-28,True,,1745.0,12.135754,1.1007318,143.79,1585.309,184625889280.0,1793860200.0,1793860200.0,1793860200.0,True,,,True,1793860200.0,2026-11-05,28.0
6,True,47.02192865310702,True,True,False,True,0.41477492935583354,1467.0,1467.0,472633210.0,472.63321,1554.5531005859375,0.9436795690330956,-0.30240606147405635,0.2785572136592396,39.368375786169075,2.61063499908283,-0.050377844501306446,-0.05632043096690442,14.720584867715587,26.44814493634883,21.42792966780733,,1,ext_dev200;vol_distribution,False,False,False,False,False,True,False,True,False,7236.T,2026-09-28,True,,1508.0,10.090331,1.6030377,149.45,940.714,85368602624.0,,1754287500.0,1754633100.0,True,,,True,1754287500.0,2025-08-04,-300.0
6,True,49.47368148351563,False,False,True,True,0.3604631672355062,6190.0,6190.0,470063450.0,470.06345,6814.95166015625,0.9082969782735155,-0.19941776973753922,0.12747204752981212,147.0391786620358,2.3563970939428813,-0.02954898530381944,-0.03703699765000357,15.983018119794908,23.254360392511906,22.124892009174534,,0,,False,False,False,False,False,False,False,False,False,9075.T,2026-09-28,True,,6240.0,16.882204,0.77386606,369.62,8063.411,219787247616.0,1794378600.0,1794378600.0,1794378600.0,True,,,True,1794378600.0,2026-11-11,32.0
6,True,43.68932271666358,False,True,False,True,0.4561673631325665,2892.0,2892.0,459932820.0,459.93282,2984.90771484375,0.9688741751104311,-0.10485577154570236,0.08430779595349525,50.44636609888547,1.724072662299572,-0.031125824889568943,-0.031125824889568943,20.509452382828155,18.625615490204563,19.73766566915961,,3,macd_sell_like;di_bear;vol_distribution,False,False,True,False,False,False,True,True,False,2001.T,2026-09-28,True,,2926.0,11.379901,0.8599683,257.12,3402.451,241876434944.0,1793946600.0,1793946600.0,1793946600.0,True,,,True,1793946600.0,2026-11-06,29.0
6,True,45.94593862412457,False,False,True,False,0.6189961125203923,3483.0,3483.0,456483350.0,456.48335,4323.98193359375,0.8055075283594461,-0.3463559713918388,0.05147244517942018,77.79590019382128,2.1761090963306655,-0.05921056970037164,-0.05921056970037164,21.676466270962464,26.250997936664422,18.313058932306678,,0,,False,False,False,False,False,False,False,False,False,5161.T,2026-09-28,True,,3575.0,12.160278,1.4882501,293.99,2402.15,129611513856.0,,1747204200.0,1747204200.0,True,,,True,1747204200.0,2025-05-14,-358.0
6,True,43.125,False,False,True,True,0.49466356885438467,3340.0,3340.0,454337150.0,454.33715,3805.0,0.8777923784494087,-0.4399999836619338,0.2216093951472755,152.96068731061035,4.57966129672486,-0.12220762155059128,-0.12220762155059128,25.531572555509246,33.243675428992475,19.60299696867647,,1,trailing_stop;ext_dev200,False,False,False,False,True,True,False,False,False,4431.T,2026-09-28,True,,3340.0,28.905235,6.542631,115.55,510.498,64336068608.0,,1749725940.0,1749725940.0,True,,,True,1749725940.0,2025-06-12,-337.0
6,True,46.82539682539683,False,False,True,True,0.49612684843970434,3695.0,3695.0,448841600.0,448.8416,3917.160888671875,0.9432852274936301,-0.19444444271316907,0.05595658746035359,71.69608387950902,1.9403540968743984,-0.02890932982917216,-0.02890932982917216,22.016345309951586,17.728878223395057,17.991393855972746,,2,macd_sell_like;di_bear,False,False,True,False,False,False,True,False,False,9948.T,2026-09-28,True,,3695.0,15.981834,1.0048639,231.2,3677.115,196870897664.0,1791873000.0,1791873000.0,1791873000.0,True,,,True,1791873000.0,2026-10-13,11.0
6,True,60.20408577612286,True,False,True,False,0.27953830280060044,4540.0,4540.0,442846150.0,442.84615,4589.0810546875,0.9893048185240995,-0.12698415075128588,0.14912422822773097,130.5888558691812,2.823542829603918,-0.002157538980367524,-0.01069518147590054,25.854075653549117,32.5983760088388,14.856391109525132,,0,,False,False,False,False,False,False,False,False,False,4044.T,2026-09-28,True,,4625.0,13.706547,0.8976438,337.43,5152.378,114666627072.0,1794465000.0,1794465000.0,1794465000.0,True,,,True,1794465000.0,2026-11-12,33.0
6,True,48.46153846153846,False,False,True,False,0.4500239484027076,3865.0,3865.0,439164025.0,439.164025,4170.0,0.9268585131894485,-0.3499374096680783,0.13442138046936125,151.437716524619,3.918181540093635,-0.07314148681055155,-0.07314148681055155,20.986529616510847,20.399318884631594,23.142779584239896,,1,di_bear,False,False,False,False,False,False,True,False,False,3399.T,2026-09-28,True,,3865.0,18.579052,50.491856,208.03,76.547,76139323392.0,,1749812340.0,1749812340.0,True,,,True,1749812340.0,2025-06-13,-336.0
6,True,43.39618258996231,False,True,False,True,0.491298351292264,4555.0,4555.0,438092400.0,438.0924,4797.7431640625,0.9494047188935064,-0.1442466816437875,0.044965144585477956,58.8715699102926,1.230335839295561,-0.03039515131055015,-0.050595281106493584,15.364984752233342,18.880626394589463,21.707765771586367,,2,macd_sell_like;vol_distribution,False,False,True,False,False,False,False,True,False,4928.T,2026-09-28,True,,4785.0,20.157553,3.2036498,237.38,1493.609,163437461504.0,1794292200.0,1794292200.0,1794292200.0,True,,,True,1794292200.0,2026-11-10,31.0
6,True,45.71426538332564,False,True,False,True,0.41226417601485793,1093.0,1093.0,436717580.0,436.71758,1123.35595703125,0.9729774370792734,-0.1902035222480074,0.08868399026409901,17.859268789767025,1.601728142580002,-0.021929813542131527,-0.021929813542131527,25.69778063696784,32.77180777495498,17.931970296326373,,1,vol_distribution,False,False,False,False,False,False,False,True,False,7241.T,2026-09-28,True,,1115.0,6.2158546,0.71509516,179.38,1559.233,99572891648.0,,1753687200.0,1754032800.0,True,,,True,1753687200.0,2025-07-28,-305.0
6,True,39.78494393883381,False,True,False,True,0.46463511081460857,3543.0,3543.0,433023400.0,433.0234,3754.302490234375,0.9437172442060778,-0.17844183135872005,0.11128004532310176,82.7823866275228,2.2963214043695643,-0.05628275579392217,-0.05628275579392217,11.474491707697883,19.813616468794827,24.120330888781485,,2,macd_sell_like;vol_distribution,False,False,True,False,False,False,False,True,False,8059.T,2026-09-28,True,,3605.0,11.592013,1.241983,310.99,2902.616,113386512384.0,,1753851600.0,1754283600.0,True,,,True,1753851600.0,2025-07-30,-303.0
6,True,40.29848714200665,False,False,False,True,0.39317087381406823,2315.0,2315.0,431142405.0,431.142405,2464.1650390625,0.9394662951961812,-0.09318998297867276,0.007540310107532866,28.400629784491287,1.2039266547050143,-0.021973478019559844,-0.026413587152105955,14.039709458838631,21.135202705371167,17.41783034471877,,0,,False,False,False,False,False,False,False,False,False,8803.T,2026-09-28,True,,2359.0,14.241729,1.260023,165.64,1872.188,155859730432.0,1793341800.0,1793341800.0,1793341800.0,True,,,True,1793341800.0,2026-10-30,24.0
6,True,42.30768862646834,False,False,True,False,0.40399617666643617,3110.0,3110.0,426622700.0,426.6227,3281.687744140625,0.9476830955513152,-0.17323093019046676,0.040095929305875355,66.70943544554336,2.104398594496636,-0.029096481296371324,-0.05231690444868475,14.254503681621921,21.773964001695166,15.554656392295286,,0,,False,False,False,False,False,False,False,False,False,6995.T,2026-09-28,True,,3170.0,9.1539135,0.7731749,346.3,4099.978,274866208768.0,1785393000.0,1793860200.0,1793860200.0,True,,,True,1793860200.0,2026-11-05,28.0
6,True,49.197845349838694,False,False,False,True,0.4354571481716897,1517.0,1517.0,421356525.0,421.356525,1584.88134765625,0.9571694450460698,-0.19614262096839308,0.0808428483965582,29.08236705710616,1.8860160218616189,-0.04283055495393018,-0.04283055495393018,24.79439716717695,25.770645915124422,20.59321897043518,,1,macd_sell_like,False,False,True,False,False,False,False,False,False,7575.T,2026-09-28,True,,1542.0,11.778185,1.6783856,130.92,918.74,108178210816.0,1793341800.0,1793341800.0,1793341800.0,True,,,True,1793341800.0,2026-10-30,24.0
6,True,46.492974728659576,False,True,False,False,0.4607951957229319,2935.0,2935.0,420291660.0,420.29166,3316.222412109375,0.885043171194634,-0.1838753281892025,0.0179443979134708,58.73864946646583,1.9546971536261508,-0.024350655147574174,-0.02907918250744057,12.98926184958104,22.168938460623487,13.778176189235072,,1,vol_distribution,False,False,False,False,False,False,False,True,False,6486.T,2026-09-28,True,,3005.0,13.873499,1.0140585,216.6,2963.34,137327861760.0,,1753941600.0,1754287200.0,True,,,True,1753941600.0,2025-07-31,-302.0
6,True,35.779816513761475,False,False,True,True,0.2943604149794645,893.0,893.0,415593765.0,415.593765,973.2916870117188,0.9175050110021622,-0.1512309278956412,0.08224000789283248,16.4227791196357,1.8390570122772338,-0.05900948366701786,-0.0824949889978378,29.507177103782297,17.318910201233788,25.29475117512094,,1,di_bear,False,False,False,False,False,False,True,False,False,7085.T,2026-09-28,True,,893.0,18.588676,3.4351969,48.04,259.956,79559688192.0,,1751869800.0,1752215400.0,True,,,True,1751869800.0,2025-07-07,-320.0
6,True,37.83783783783784,False,False,True,True,0.59177060438542,707.0,707.0,409801015.0,409.801015,758.0,0.9327176781002638,-0.2038971996439215,0.06773279041293079,13.734130371551414,1.9425926975320247,-0.06728232189973615,-0.06728232189973615,17.02715047422215,17.206198259673588,18.99998338719432,,0,,False,False,False,False,False,False,False,False,False,8614.T,2026-09-28,True,,707.0,12.198068,1.6814277,57.96,420.476,48016629760.0,,1753772400.0,1754290800.0,True,,,True,1753772400.0,2025-07-29,-304.0
6,True,48.69565217391305,False,False,True,False,0.40703002486453504,1199.0,1199.0,406705110.0,406.70511,1343.0,0.892777364110201,-0.19583023082650786,0.0216692392936344,35.67163679993576,2.9751156630471858,-0.09028831562974204,-0.09028831562974204,12.819338033683207,20.53255923938472,28.0267151845657,,2,macd_sell_like;trailing_stop,False,False,True,False,True,False,False,False,False,6118.T,2026-09-28,True,,1199.0,15.295319,0.75072396,78.39,1597.125,65202651136.0,,1754550000.0,1754982000.0,True,,,True,1754550000.0,2025-08-07,-297.0
6,True,45.283012186427314,False,True,False,True,0.27651020265337933,440.0,440.0,405588195.0,405.588195,456.58538818359375,0.9636751665453545,-0.26267390557339454,0.10969039772824885,6.7296728811669695,1.4921669359571994,-0.036324833454645544,-0.036324833454645544,21.6586582593412,24.21798772904451,19.205777708337635,,1,vol_distribution,False,False,False,False,False,False,False,True,False,8897.T,2026-09-28,True,,451.0,12.993374,0.7261451,34.71,621.088,60262027264.0,,1754553600.0,1754985600.0,True,,,True,1754553600.0,2025-08-07,-297.0
6,True,48.38708389814136,False,False,True,True,0.32671768688670944,5120.0,5120.0,402483200.0,402.4832,5603.39111328125,0.9137323982015982,-0.12840456389409705,0.07200572003284034,92.36066354477582,1.779588892962925,-0.0076481736040296955,-0.04945055243905905,9.863542369843241,21.300858191226283,14.892727602221331,,0,,False,False,False,False,False,False,False,False,False,1941.T,2026-09-28,True,,5190.0,15.180765,1.0861976,341.88,4778.136,274771591168.0,1793341800.0,1793341800.0,1793341800.0,True,,,True,1793341800.0,2026-10-30,24.0
6,True,61.8181554967839,True,False,True,True,0.37355868840954415,4435.0,4435.0,394271875.0,394.271875,4665.58056640625,0.9505783764476157,-0.10410095792732454,0.18903654288902838,87.55884328294884,1.937142550507718,-0.024811221765667968,-0.04942162355238433,24.558694433271228,26.474539557070177,18.201095235396945,,0,ext_dev200,False,False,False,False,False,True,False,False,False,3946.T,2026-09-28,True,,4520.0,10.0879345,0.7292741,448.06,6197.944,73220046848.0,,1753768800.0,1754287200.0,True,,,True,1753768800.0,2025-07-29,-304.0
6,True,51.44695969078386,False,False,True,True,0.3730299126906864,2077.0,2077.0,393092065.0,393.092065,2166.619140625,0.9586364123972672,-0.3368561704256129,0.09543597337526921,44.29982423382681,2.100513240105586,-0.022706242617073658,-0.04136358760273284,11.874986401452157,28.657807395767037,22.068970238843765,,0,,False,False,False,False,False,False,False,False,False,7199.T,2026-09-28,True,,2109.0,13.439114,3.1896987,156.93,661.191,81695760384.0,1794292200.0,1794292200.0,1794292200.0,True,,,True,1794292200.0,2026-11-10,31.0
6,True,50.37037444832869,True,False,True,False,0.4215544249908414,3395.0,3395.0,392145425.0,392.145425,3444.2744140625,0.9856938187441397,-0.20364848733087393,0.29577069765947606,90.28579645560465,2.6207778361568836,-0.01430618125586025,-0.01430618125586025,45.18620231004652,34.18429067025529,14.067740605481887,,0,ext_dev200,False,False,False,False,False,True,False,False,False,5975.T,2026-09-28,True,,3445.0,9.196231,0.6732705,374.61,5116.814,166633799680.0,,1754550000.0,1754982000.0,True,,,True,1754550000.0,2025-08-07,-297.0
6,True,49.315097250231254,False,False,True,True,0.42420799483663096,4148.5,4148.5,387217950.0,387.21795,4222.580078125,0.9824562052691977,-0.12816801179634207,0.08505579604960989,65.64862076149214,1.5630623990831463,-0.017543794730802253,-0.017543794730802253,21.73709341364566,24.40055750606303,18.450808710151648,,0,,False,False,False,False,False,False,False,False,False,9303.T,2026-09-28,True,,4200.0,18.181818,1.0137459,231.0,4143.05,317272391680.0,1786084200.0,1793860200.0,1793860200.0,True,,,True,1793860200.0,2026-11-05,28.0
6,True,51.339285714285715,False,False,True,True,0.3568306847913078,2013.0,2013.0,384588780.0,384.58878,2316.7275390625,0.8688980322712406,-0.2339756100439695,0.013584476350789965,33.26508662440456,1.652512996741409,-0.06110074626865669,-0.06110074626865669,11.156456242202694,23.794656749663325,23.127278224827126,,0,,False,False,False,False,False,False,False,False,False,4825.T,2026-09-28,True,,2013.0,23.480694,3.7452486,85.73,537.481,89405153280.0,,1751868000.0,1752213600.0,True,,,True,1751868000.0,2025-07-07,-320.0
6,True,52.96804375875689,True,False,False,True,0.45532639506691,2016.0,2016.0,366995015.0,366.995015,2019.9432373046875,0.998047847468254,-0.19805448399613046,0.16861995179640976,40.706440210093966,1.990534973598727,-0.0019521525317459654,-0.0019521525317459654,25.032253928043758,31.5338094792692,16.79828694630003,,0,,False,False,False,False,False,False,False,False,False,6750.T,2026-09-28,True,,2045.0,7.896058,1.5025585,258.99,1361.012,164701470720.0,1794465000.0,1794465000.0,1794465000.0,True,,,True,1794465000.0,2026-11-12,33.0
6,True,48.78706199460917,False,False,False,True,0.5282838410694225,1811.0,1811.0,364463070.0,364.46307,2053.0,0.8821237213833415,-0.33973595491610875,0.12607946406102433,64.86523236238178,3.581735635691981,-0.08994974874371864,-0.1178762786166585,11.767952291913925,20.981095847927214,28.283249876118273,,1,trailing_stop,False,False,False,False,True,False,False,False,False,3663.T,2026-09-28,True,,1811.0,23.413057,9.879978,77.35,183.3,53730144256.0,,1753941600.0,1754287200.0,True,,,True,1753941600.0,2025-07-31,-302.0
6,True,45.45454545454546,False,True,False,False,0.37722469630507394,1251.0,1251.0,363895255.0,363.895255,1324.819091796875,0.9442798701694789,-0.17228887198816023,0.03798791129845425,20.960301181935634,1.6273525762372387,-0.038088106400029575,-0.038088106400029575,21.11495975232534,21.31967778189571,22.93442429249381,,3,macd_sell_like;di_bear;vol_distribution,False,False,True,False,False,False,True,True,False,3284.T,2026-09-28,True,,1288.0,7.38871,1.030724,174.32,1249.607,52681342976.0,,1754463600.0,1754982000.0,True,,,True,1754463600.0,2025-08-06,-298.0
6,True,44.09448435122429,False,False,False,True,0.500397692542288,1413.0,1413.0,358769770.0,358.76977,1551.0545654296875,0.9109930955965806,-0.24348794320648304,0.062008615187184146,20.813599679718937,1.4524493844884114,-0.01579667585006206,-0.019835814207283753,18.73995958553748,21.61458357906124,15.225713779652839,,0,,False,False,False,False,False,False,False,False,False,5451.T,2026-09-28,True,,1433.0,12.033927,1.040634,119.08,1377.045,205276577792.0,,1754550000.0,1754982000.0,True,,,True,1754550000.0,2025-08-07,-297.0
6,True,48.83721063268807,False,False,True,True,0.25576312490123687,3841.0,3841.0,358548000.0,358.548,4034.538818359375,0.9520295064509811,-0.1654822107184536,0.08692002528154985,65.43295973886246,1.6907741534589782,-0.02518887785850976,-0.047970493549018944,16.68762442578797,23.083510307319813,21.541833950393656,,1,macd_sell_like,False,False,True,False,False,False,False,False,False,8218.T,2026-09-28,True,,3870.0,12.496771,0.69146955,309.68,5596.776,179396280320.0,1793082600.0,1793082600.0,1793082600.0,True,,,True,1793082600.0,2026-10-27,21.0
6,True,50.50504924300399,False,False,False,True,0.4549563307175924,2482.0,2482.0,333186877.5,333.1868775,2547.134033203125,0.9744285018557832,-0.22437076205912954,0.08995737488406563,50.66506887565792,2.0145156610599573,-0.013725496473478982,-0.025571498144216775,30.419126204608833,23.315877602404527,9.283464230505972,,0,,False,False,False,False,False,False,False,False,False,7476.T,2026-09-28,True,,2515.0,19.80159,2.4482057,127.01,1027.283,179373981696.0,1793341800.0,1793341800.0,1793341800.0,True,,,True,1793341800.0,2026-10-30,24.0
6,True,48.09688581314879,True,False,True,False,0.34077298812357704,1604.0,1604.0,332650845.0,332.650845,1676.0,0.9570405727923628,-0.19157893413903015,0.18498439133225442,39.73975653316835,2.4775409309955325,-0.02492401215805473,-0.042959427207637235,22.574515941185457,28.937144236032363,19.309760728312007,,0,ext_dev200,False,False,False,False,False,True,False,False,False,7613.T,2026-09-28,True,,1604.0,19.292759,0.6871866,83.14,2334.155,75608793088.0,,1754546400.0,1754978400.0,True,,,True,1754546400.0,2025-08-07,-297.0
6,True,49.404765619693926,False,False,True,True,0.48278377211226015,1903.0,1903.0,329932545.0,329.932545,2313.683837890625,0.8224978576740012,-0.21257487588965485,0.016040100655398737,64.51620888638496,3.354977061174465,-0.04707631433241144,-0.10307831929825817,10.757190413449685,21.101364483444343,17.863652996309344,,1,cross_sma25_down,False,True,False,False,False,False,False,False,False,6745.T,2026-09-28,True,,1923.0,15.432148,2.1130824,124.61,910.045,143465758720.0,,1754285400.0,1754631000.0,True,,,True,1754285400.0,2025-08-04,-300.0
6,True,43.518518518518526,False,False,True,True,0.6296519229870248,1960.0,1960.0,323373895.0,323.373895,1996.671630859375,0.9816336195233107,-0.20605470505297696,0.07519242049343133,26.093388641922882,1.3312953388736164,-0.0080971659919028,-0.0080971659919028,23.473449483991562,22.329324702266877,14.726774890381748,,1,macd_sell_like,False,False,True,False,False,False,False,False,False,8125.T,2026-09-28,True,,1960.0,28.250217,1.0022566,69.38,1955.587,97468432384.0,,1752129000.0,1752474600.0,True,,,True,1752129000.0,2025-07-10,-317.0
6,True,48.68420362384984,False,False,True,True,0.42371764620497,5330.0,5330.0,322999500.0,322.9995,5574.94482421875,0.9560632738184857,-0.16370678913795544,0.13358004308897908,109.17462632748988,2.006886513372976,-0.025089575003916287,-0.04393672618151434,21.907590342258246,29.473587084578153,16.600211223650224,,1,macd_sell_like,False,False,True,False,False,False,False,False,False,5480.T,2026-09-28,True,,5440.0,10.466571,0.73412716,519.75,7410.16,75364417536.0,,1753682400.0,1754028000.0,True,,,True,1753682400.0,2025-07-28,-305.0
6,True,44.736823543933276,False,False,False,True,0.5490890030476272,4518.0,4518.0,322802050.0,322.80205,4726.89697265625,0.9558067430145697,-0.24152108037809306,0.06474932654895427,87.10465274687165,1.873218338642401,-0.022082056268363348,-0.022082056268363348,30.83886358298671,24.16466494936024,16.35603309436776,,1,macd_sell_like,False,False,True,False,False,False,False,False,False,9699.T,2026-09-28,True,,4650.0,11.314144,0.891172,410.99,5217.848,127998574592.0,,1753857000.0,1754289000.0,True,,,True,1753857000.0,2025-07-30,-303.0
6,True,54.0,True,False,False,True,0.42776465976816896,5530.0,5530.0,321048500.0,321.0485,6590.0,0.8391502276176024,-0.23216995447647948,0.05546940236192288,168.8474418533077,3.0532991293545697,-0.034904013961605584,-0.16084977238239762,10.299198715672297,26.396593069789258,23.369125794347692,,0,,False,False,False,False,False,False,False,False,False,6474.T,2026-09-28,True,,5530.0,18.050661,0.67760605,306.36,8161.084,120533188608.0,,1752040800.0,1752472800.0,True,,,True,1752040800.0,2025-07-09,-318.0
6,True,46.59090909090909,False,False,False,True,0.451830374029982,2891.0,2891.0,307748065.0,307.748065,3100.0,0.9325806451612904,-0.19999997639869027,0.4206633535063997,101.62460841263507,3.515206102131964,-0.06741935483870964,-0.06741935483870964,20.146710620887163,29.15170152351063,19.12723623963952,,0,ext_dev200,False,False,False,False,False,True,False,False,False,9278.T,2026-09-28,True,,2891.0,17.985565,2.3994846,160.74,1204.842,50744287232.0,,1745562600.0,1745562600.0,True,,,True,1745562600.0,2025-04-25,-371.0
6,True,55.6420233463035,True,False,False,False,0.39817127998265833,2035.0,2035.0,306168065.0,306.168065,2082.0,0.9774255523535063,-0.16352747964568415,0.10056897939145948,33.38608782357653,1.6405939962445468,-0.022574447646493745,-0.022574447646493745,15.856650518748655,21.18665447786673,25.364536386273684,,0,,False,False,False,False,False,False,False,False,False,2154.T,2026-09-28,True,,2035.0,14.655048,2.1548986,138.86,944.36,172893962240.0,1786084200.0,1793946600.0,1793946600.0,True,,,True,1793946600.0,2026-11-06,29.0
6,True,54.73684210526316,False,False,True,True,0.45944797805044557,1186.0,1186.0,303606900.0,303.6069,1255.08447265625,0.9449563163584996,-0.18897138319795304,0.06863853288360322,14.231169335234213,1.1999299608123282,-0.009189640768588192,-0.009189640768588192,23.990851876074643,23.968721679941975,14.745082419302049,,1,macd_sell_like,False,False,True,False,False,False,False,False,False,9757.T,2026-09-28,True,,1186.0,13.622789,3.9712038,87.06,298.65,110736211968.0,1793946600.0,1793946600.0,1793946600.0,True,,,True,1793946600.0,2026-11-06,29.0
6,True,40.880503144654085,False,False,False,True,0.32919872129427347,1220.0,1220.0,303002990.0,303.00299,1505.0,0.8106312292358804,-0.2637873754152824,0.059027037696487206,21.921255536043425,1.7968242242658545,-0.04313725490196074,-0.046875,12.574283236705897,22.127894216269574,22.298769986835488,,1,macd_sell_like,False,False,True,False,False,False,False,False,False,3608.T,2026-09-28,True,,1220.0,20.618557,0.73891205,59.17,1651.076,69503844352.0,,1752127200.0,1752472800.0,True,,,True,1752127200.0,2025-07-10,-317.0
6,True,45.93495447232995,False,False,False,False,0.3521536748330079,1744.0,1744.0,296958380.0,296.95838,1876.0159912109375,0.9296296023970865,-0.2827516677021171,0.170976405721448,39.24505024530078,2.2336397407683997,-0.07037039760291353,-0.07037039760291353,22.428642758316233,19.556498813890205,16.936895240102174,,0,,False,False,False,False,False,False,False,False,False,8708.T,2026-09-28,True,,1757.0,19.853107,1.1448513,88.5,1534.697,54797180928.0,,1753678800.0,1754024400.0,True,,,True,1753678800.0,2025-07-28,-305.0
6,True,41.72660267451483,False,False,True,False,0.5610203991913008,905.5,905.5,295787700.0,295.7877,935.059326171875,0.9683877532210811,-0.21281216120609103,0.12622165334086954,22.717639405296268,2.4719955827308233,-0.03161224677891894,-0.03161224677891894,50.207396394915044,26.4269691001211,13.518045962982178,,1,macd_sell_like,False,False,True,False,False,False,False,False,False,9534.T,2026-09-28,True,,919.0,7.0632544,0.8208172,130.11,1119.616,81179213824.0,,1753768800.0,1754287200.0,True,,,True,1753768800.0,2025-07-29,-304.0
6,True,51.51514695344818,False,False,True,True,0.5812668222514049,4084.0,4084.0,283267850.0,283.26785,4202.93798828125,0.9717012269481786,-0.25863364056683946,0.08749425228445151,69.60808100669016,1.6752847414365863,-0.007168444315823641,-0.007168444315823641,21.353177885798463,19.73026399171115,14.649526748612901,,0,,False,False,False,False,False,False,False,False,False,9746.T,2026-09-28,True,,4155.0,15.4438,1.8618886,269.04,2231.605,203607801856.0,1794378600.0,1794378600.0,1794378600.0,True,,,True,1794378600.0,2026-11-11,32.0
6,True,54.605282071627414,True,False,False,False,0.2260742136080753,1448.0,1448.0,273602190.0,273.60219,1453.8663330078125,0.9959650121372052,-0.11732105863463704,0.07820890891796939,21.258566230624126,1.435419731980022,-0.00403498786279477,-0.00403498786279477,18.053028419018588,27.236616077088506,16.055087951976613,,0,,False,False,False,False,False,False,False,False,False,6345.T,2026-09-28,True,,1481.0,14.711433,1.2827297,100.67,1154.569,95612370944.0,,1753339200.0,1753684800.0,True,,,True,1753339200.0,2025-07-24,-307.0
6,True,49.55751700934314,True,True,False,True,0.4317759346134374,8320.0,8320.0,272822950.0,272.82295,9943.177734375,0.8367546293813657,-0.2116630786719692,0.047338204149071084,207.6804331561186,2.4261732845340958,-0.0435754199978603,-0.1632453706186343,26.98309177950588,19.750211879951515,29.977283613528567,,1,di_bear,False,False,False,False,False,False,True,False,False,6284.T,2026-09-28,True,,8560.0,15.077856,1.9755749,567.72,4332.916,128323452928.0,,1754377200.0,1754982000.0,True,,,True,1754377200.0,2025-08-05,-299.0
6,True,47.12642765462797,False,True,False,True,0.515733443254114,3310.0,3310.0,266129125.0,266.129125,3636.547119140625,0.9102040731379845,-0.3718893750029917,0.09753687471642447,74.0096256868264,2.212544863582254,-0.06433568624614672,-0.08979592686201554,16.17381693968935,24.763972402866045,19.901640487311347,,2,macd_sell_like;vol_distribution,False,False,True,False,False,False,False,True,False,9828.T,2026-09-28,True,,3345.0,16.923857,2.9736266,197.65,1124.889,59071115264.0,,1753689600.0,1754035200.0,True,,,True,1753689600.0,2025-07-28,-305.0
6,True,36.75213675213676,False,False,True,True,0.4105413613134764,2275.0,2275.0,263678915.0,263.678915,2421.8271484375,0.9393733989098978,-0.14730289347255054,0.015939608827097773,34.083469108748794,1.4981744663186283,-0.03601694915254239,-0.060626601090102206,13.183773270665798,14.249204603442958,20.80704358167596,,0,,False,False,False,False,False,False,False,False,False,8200.T,2026-09-28,True,,2275.0,34.07729,3.8389692,66.76,592.607,58955264000.0,,1752129000.0,1752474600.0,True,,,True,1752129000.0,2025-07-10,-317.0
6,False,54.545434048621566,True,True,False,True,0.3424791820743387,4730.0,4730.0,261684925.0,261.684925,5176.35400390625,0.913770579916015,-0.15944518592423684,0.008177706499053583,72.14995212236548,1.5015598776767007,0.0,-0.016376696824423775,11.073926212395234,22.803362457908666,18.17004271849093,,1,trend_break,True,False,False,False,False,False,False,False,False,8850.T,2026-09-28,True,,4805.0,9.123187,1.1935477,526.68,4025.813,227773071360.0,1794205800.0,1794205800.0,1794205800.0,True,,,True,1794205800.0,2026-11-09,30.0
6,True,39.28572623651332,False,True,False,True,0.6195002981732114,513.0,513.0,256326675.0,256.326675,547.6828002929688,0.9366735631018245,-0.2274672957968893,0.05173497756551604,8.282288308892495,1.5775787255033324,-0.03314915411111008,-0.03314915411111008,28.641837557896427,20.237165746945486,18.246873448997434,,1,vol_distribution,False,False,False,False,False,False,False,True,False,7593.T,2026-09-28,True,,525.0,12.659754,0.8604089,41.47,610.175,59565617152.0,,1754550000.0,1754895600.0,True,,,True,1754550000.0,2025-08-07,-297.0
6,True,50.495046557152534,False,True,False,True,0.5338868567480787,3522.0,3522.0,246536525.0,246.536525,4268.8701171875,0.825042670148145,-0.29135338431866054,0.005309570683926124,70.4938957132189,1.9500386089410484,-0.028225826008371202,-0.04868422562402497,13.736689836743151,27.271274160532233,19.490727068471717,,1,vol_distribution,False,False,False,False,False,False,False,True,False,1814.T,2026-09-28,True,,3615.0,9.88434,1.4553316,365.73,2483.97,37217202176.0,,1754290800.0,1754636400.0,True,,,True,1754290800.0,2025-08-04,-300.0
6,True,45.94593692663689,False,False,True,True,0.512899545985208,6347.0,6347.0,238909050.0,238.90905,6455.7490234375,0.983154700865432,-0.20175252398252197,0.11561750269899629,141.02702650725865,2.196682655876303,-0.016845299134568004,-0.016845299134568004,39.38742668475499,23.84464321920489,13.28396489200901,,0,,False,False,False,False,False,False,False,False,False,8074.T,2026-09-28,True,,6420.0,11.324948,1.1005337,566.89,5833.533,135191773184.0,,1754542800.0,1754888400.0,True,,,True,1754542800.0,2025-08-07,-297.0
6,True,52.87355342659781,False,False,False,True,0.4984254241045656,6720.0,6720.0,237523550.0,237.52355,6868.2353515625,0.9784172580037204,-0.17410070960446455,0.06870829510732812,117.44338153130509,1.7271085519309572,-0.010189199217245593,-0.010189199217245593,30.142233702500434,19.20301022472777,13.31004556896297,,1,macd_sell_like,False,False,True,False,False,False,False,False,False,9869.T,2026-09-28,True,,6800.0,14.124293,1.187942,481.44,5724.185,205238353920.0,1786084200.0,1794378600.0,1794378600.0,True,,,True,1794378600.0,2026-11-11,32.0
6,True,48.86363636363637,False,True,False,True,0.5802939561825806,1540.0,1540.0,235985605.0,235.985605,1602.0,0.9612983770287141,-0.1344537988872283,0.20055847102922209,26.48422378050035,1.7197547909415811,-0.038701622971285876,-0.038701622971285876,21.529687160012497,25.763776300309615,19.67858175181619,,0,ext_dev200,False,False,False,False,False,True,False,False,False,8163.T,2026-09-28,True,,1540.0,41.847828,3.6021874,36.8,427.518,63686119424.0,,1753938000.0,1754283600.0,True,,,True,1753938000.0,2025-07-31,-302.0
6,True,42.803030303030305,False,False,True,False,0.34969654357325797,877.0,877.0,232755520.0,232.75552,963.0,0.9106957424714434,-0.26116293984043826,0.11532080944144019,26.759432388373966,3.0512465665192665,-0.08359456635318707,-0.08930425752855664,18.646468385730238,27.96640025557613,26.567600696203602,,2,macd_sell_like;trailing_stop,False,False,True,False,True,False,False,False,False,6071.T,2026-09-28,True,,877.0,14.976092,3.0170426,58.56,290.682,33259868160.0,,1754548200.0,1754980200.0,True,,,True,1754548200.0,2025-08-07,-297.0
6,True,46.2962962962963,False,False,True,True,0.35671135144373617,420.0,420.0,230066985.0,230.066985,437.4857177734375,0.9600313403088214,-0.3706174128776877,0.10018369770052771,7.882534956757578,1.8767940373232328,-0.023255813953488413,-0.023255813953488413,17.742841548402073,19.456917339512405,17.646741580674856,,1,macd_sell_like,False,False,True,False,False,False,False,False,False,3632.T,2026-09-28,True,,420.0,17.758986,0.75502765,23.65,556.271,72173060096.0,1786084200.0,1793860200.0,1793860200.0,True,,,True,1793860200.0,2026-11-05,28.0
6,True,38.49372384937239,False,True,False,True,0.46006992281517156,1946.0,1946.0,228092750.0,228.09275,2184.977294921875,0.890627103779392,-0.21678002097731686,0.015573501646521049,41.07207300038952,2.1105895683653406,-0.057170542635658905,-0.06934481109516977,13.008638775773175,19.020357593127702,27.042686782624788,,2,macd_sell_like;vol_distribution,False,False,True,False,False,False,False,True,False,7821.T,2026-09-28,True,,1946.0,13.648478,1.7035462,142.58,1142.323,129771028480.0,,1754546400.0,1754978400.0,True,,,True,1754546400.0,2025-08-07,-297.0
6,True,64.3356514853023,True,True,False,False,0.47902433264800354,5840.0,5840.0,227726950.0,227.72695,6578.6171875,0.8877245526759874,-0.22580647646821372,0.1249752311019885,178.4459071072591,3.0092058534107773,0.0,-0.061708877392950945,21.67683451072744,39.205729043379726,17.821613609274962,,0,,False,False,False,False,False,False,False,False,False,6877.T,2026-09-28,True,,5930.0,13.18481,1.1101797,449.76,5341.478,85474942976.0,,1754380800.0,1754380800.0,True,,,True,1754380800.0,2025-08-05,-299.0
6,True,44.73684210526315,False,False,True,True,0.3180699948330404,507.0,507.0,222921570.0,222.92157,560.6857299804688,0.904249872772152,-0.2544031071502706,0.11488888247851792,11.287801552173244,2.226390838692948,-0.046992481203007475,-0.046992481203007475,10.652332291260391,20.18698702855831,22.092711277037708,,0,,False,False,False,False,False,False,False,False,False,4293.T,2026-09-28,True,,507.0,18.113611,1.5877688,27.99,319.316,103562199040.0,,1754287200.0,1754632800.0,True,,,True,1754287200.0,2025-08-04,-300.0
6,True,40.52287581699346,False,False,True,True,0.5503519220297537,1987.0,1987.0,218596040.0,218.59604,2188.709228515625,0.907841011547969,-0.24567412679129497,0.06490238998655484,35.39534357532668,1.7813459272937433,-0.0400966183574879,-0.0400966183574879,24.11428014507969,21.00391203669221,23.85693756454445,,1,di_bear,False,False,False,False,False,False,True,False,False,6309.T,2026-09-28,True,,1987.0,14.410037,1.339438,137.89,1483.458,58400841728.0,,1749711600.0,1749711600.0,True,,,True,1749711600.0,2025-06-12,-337.0
6,True,49.504950495049506,False,True,False,True,0.4692345296417918,826.0,826.0,202860620.0,202.86062,868.1107177734375,0.9514915356863182,-0.17867619256132583,0.06639180897220243,12.10082437961054,1.4649908449891695,-0.029377203290246734,-0.029377203290246734,28.882687303093036,27.01918179977642,18.661616040001146,,2,macd_sell_like;vol_distribution,False,False,True,False,False,False,False,True,False,1822.T,2026-09-28,True,,826.0,16.500198,1.0111446,50.06,816.896,69781487616.0,,1754550000.0,1754982000.0,True,,,True,1754550000.0,2025-08-07,-297.0
