score,gc_multi,rsi,macd_buy_like,vol_surge,vol_quiet,vol_down,hurst,close,close_adj,adv20,adv20_m,hh252,pct_of_52w_high,max_dd_252,dev200,atr14,natr14,pullback_20d,pullback_60d,adx14,plus_di14,minus_di14,skip_reason,sell_score,sell_reason,sell_trend_break,sell_cross_sma25_down,sell_macd_sell_like,sell_rsi_reversal,sell_trailing_stop,sell_ext_dev200,sell_di_bear,sell_vol_distribution,sell_natr_spike,ticker,price_date,bar_is_current,skip_reason_yahoo,mkt_price,pe_ttm,pbr,eps_ttm,bps,market_cap,earn_ts,earn_start_ts,earn_end_ts,market_risk_on,market_close,market_ma200,fund_ok,earn_ts_pick,next_earn_date,days_to_earnings
8,True,44.554455445544555,True,False,True,True,0.4144095297871563,708.0,708.0,431192815.0,431.192815,743.656494140625,0.9520524672055343,-0.15686878963577677,0.03856400221264389,11.68616835593886,1.6505887508388222,-0.043243243243243246,-0.043243243243243246,20.247177488156332,31.140485707135284,24.80981835712074,,0,,False,False,False,False,False,False,False,False,False,4290.T,2026-09-18,True,,708.0,15.108834,1.8109455,46.86,390.956,88312217600.0,1785220200.0,1793255400.0,1793255400.0,True,,,True,1793255400.0,2026-10-29,29.0
7,True,42.299107142857146,True,False,False,True,0.4586739475635863,6146.0,6146.0,20512723940.0,20512.72394,6673.0,0.9210250262250862,-0.18796721276828077,0.12630949339947017,138.4262761622725,2.252298668439188,-0.0337997170256249,-0.0789749737749138,8.40799797635149,23.879295509935215,26.262865826402503,,0,,False,False,False,False,False,False,False,False,False,8591.T,2026-09-18,True,,6146.0,10.914968,1.4290677,563.08,4300.706,6391755440128.0,1785997800.0,1794378600.0,1794378600.0,True,,,True,1794378600.0,2026-11-11,38.0
7,True,45.76271186440678,True,False,False,True,0.2942680271443824,6436.0,6436.0,7577327625.0,7577.327625,7172.0,0.8973786949247072,-0.12409369771332956,0.054322278843034644,114.39290705654508,1.7773913464348212,-0.010759299108515252,-0.10262130507529277,17.272516517291365,25.117155870276008,18.5817458396846,,0,,False,False,False,False,False,False,False,False,False,9735.T,2026-09-18,True,,6436.0,23.33152,1.9748389,275.85,3259.0,2567508590592.0,1794378600.0,1794378600.0,1794378600.0,True,,,True,1794378600.0,2026-11-11,38.0
7,True,48.074369189907046,True,True,False,True,0.2569193283927839,2235.5,2235.5,7446807665.0,7446.807665,2294.0,0.9744986922406277,-0.20375683019133595,0.14625976389237683,53.45156943534089,2.3910341952735803,-0.025076319232446576,-0.025501307759372316,9.855910556300707,24.858849230097437,18.62774949193355,,1,vol_distribution,False,False,False,False,False,False,False,True,False,8697.T,2026-09-18,True,,2235.5,38.025173,7.1019883,58.79,314.771,2285348585472.0,1793082600.0,1793082600.0,1793082600.0,True,,,True,1793082600.0,2026-10-27,27.0
7,True,42.92742927429274,True,False,False,True,0.3697439424972009,2981.5,2981.5,6630098837.5,6630.0988375,3328.84814453125,0.895655154741172,-0.21849844539354046,0.005008357241743644,46.31978457840626,1.5535731872683634,-0.03103672408189795,-0.07435579012728966,20.78590934328364,13.692089083126435,22.47538399204752,,1,di_bear,False,False,False,False,False,False,True,False,False,9202.T,2026-09-18,True,,2981.5,9.2794895,0.93025124,321.3,3205.048,1280231473152.0,1793255400.0,1793255400.0,1793255400.0,True,,,True,1793255400.0,2026-10-29,29.0
7,True,49.92947813822285,True,False,True,False,0.43727598864297923,2186.0,2186.0,4657235865.0,4657.235865,2353.532470703125,0.9288165883459962,-0.24546779696286403,0.051042779903079705,64.57444232415503,2.954000106319992,-0.057758620689655205,-0.057758620689655205,12.982001001433089,26.38922970243678,20.265215527689477,,0,,False,False,False,False,False,False,False,False,False,4183.T,2026-09-18,True,,2186.0,23.862024,0.9049268,91.61,2415.665,790320381952.0,1794378600.0,1794378600.0,1794378600.0,True,,,True,1794378600.0,2026-11-11,38.0
7,True,37.27272727272727,True,False,False,True,0.34882561155929925,1152.5,1152.5,3332654082.5,3332.6540825,1269.5,0.9078377313903111,-0.2744889617310172,0.08481940420428269,28.260604004177107,2.4521131456986645,-0.04673283705541775,-0.0921622686096889,22.46283439637691,23.07501667171342,27.338855728912105,,1,di_bear,False,False,False,False,False,False,True,False,False,4612.T,2026-09-18,True,,1152.5,18.302366,1.3352921,62.97,863.107,2673178312704.0,1794378600.0,1794378600.0,1794378600.0,True,,,True,1794378600.0,2026-11-11,38.0
7,True,39.03966597077244,False,False,True,True,0.5556516136999642,3262.0,3262.0,3070373190.0,3070.37319,3714.678955078125,0.8781377985682198,-0.2910679200082811,0.018366986680361075,75.2577522188648,2.3071046051154136,-0.046198830409356684,-0.046198830409356684,23.98777622521442,19.448339619630005,19.08782593814194,,1,macd_sell_like,False,False,True,False,False,False,False,False,False,3197.T,2026-09-18,True,,3262.0,38.884254,3.8086567,83.89,856.47,741850021888.0,1786602600.0,1794465000.0,1794465000.0,True,,,True,1794465000.0,2026-11-12,39.0
7,True,44.70199127217388,True,True,False,True,0.4416295683688554,641.2000122070312,641.2000122070312,2577012640.236206,2577.012640236206,721.8002319335938,0.8883344502250343,-0.33629527375121293,0.05430888629073061,24.178797336152762,3.770866636906097,-0.07873561464507006,-0.07873561464507006,16.257765286086773,29.87500428961674,21.796076052398934,,1,vol_distribution,False,False,False,False,False,False,False,True,False,4902.T,2026-09-18,True,,641.2,9.867651,0.57598263,64.98,1113.228,316870590464.0,1793860200.0,1793860200.0,1793860200.0,True,,,True,1793860200.0,2026-11-05,34.0
7,True,40.58919803600656,False,False,True,False,0.4111190257953854,1707.0,1707.0,2112733062.5,2112.7330625,1843.9962158203125,0.9257068888509791,-0.21777189844285227,0.09085864826874501,38.888965003520966,2.2782053311963075,-0.04396527583309995,-0.04423292273236279,20.489451206370706,25.78639296073294,21.868274922155315,,0,,False,False,False,False,False,False,False,False,False,6592.T,2026-09-18,True,,1707.0,13.936969,1.1962082,122.48,1427.009,402666684416.0,1786689000.0,1793341800.0,1793341800.0,True,,,True,1793341800.0,2026-10-30,30.0
7,True,36.54434250764526,False,True,False,True,0.48378545681715684,2027.0,2027.0,2026911555.0,2026.911555,2155.5,0.9403850614706565,-0.15943189067763042,0.14068607942831957,47.36853764727718,2.3368790156525496,-0.05677059097254533,-0.05961493852934352,23.252034346167438,25.37009521132772,22.98713617087609,,0,,False,False,False,False,False,False,False,False,False,7956.T,2026-09-18,True,,2027.0,26.424196,2.8339188,76.71,715.264,242129911808.0,1785997800.0,1793860200.0,1793860200.0,True,,,True,1793860200.0,2026-11-05,34.0
7,True,51.100244498777506,True,False,True,False,0.394388676867428,12545.0,12545.0,2007488050.0,2007.48805,13745.0,0.9126955256456893,-0.14114223353946886,0.05228279218965581,302.96160493001264,2.4149988436031298,-0.007515822784810111,-0.08730447435431066,16.774404309904227,22.26614922161592,20.55686199270796,,0,,False,False,False,False,False,False,False,False,False,5444.T,2026-09-18,True,,12545.0,12.239622,1.3706762,1024.95,9152.417,749593952256.0,1793601000.0,1793601000.0,1793601000.0,True,,,True,1793601000.0,2026-11-02,31.0
7,True,53.81202097620008,True,False,True,True,0.3495686333452565,7263.0,7263.0,1784200150.0,1784.20015,9002.0,0.8068207065096645,-0.25389037567950734,0.1155253186714269,290.26445318412124,3.996481525321785,-0.009005321326238214,-0.19317929349033547,13.233676912393381,28.563097604743078,25.53195708950825,,0,,False,False,False,False,False,False,False,False,False,6951.T,2026-09-18,True,,7263.0,16.78957,2.5120127,432.59,2891.307,353717092352.0,1786689000.0,1794551400.0,1794551400.0,True,,,True,1794551400.0,2026-11-13,40.0
7,True,51.967435549525106,False,True,False,True,0.38910467349391836,2906.5,2906.5,1467302100.0,1467.3021,3064.0,0.9485966057441253,-0.16313418149915282,0.03525009915836774,58.08656109937432,1.9985054567133775,-0.029225116900467585,-0.0514033942558747,22.960453122817242,22.528400012283473,13.5449416122333,,2,macd_sell_like;vol_distribution,False,False,True,False,False,False,False,True,False,7459.T,2026-09-18,True,,2906.5,14.068929,0.91570276,206.59,3174.065,594956582912.0,1793860200.0,1793860200.0,1793860200.0,True,,,True,1793860200.0,2026-11-05,34.0
7,True,45.7089552238806,True,False,True,True,0.343667291804818,1739.0,1739.0,1228067292.5,1228.0672925,1935.0,0.8987080103359173,-0.1791937581274382,0.08246604318034523,35.148216311744896,2.02117402597728,-0.029846582984658254,-0.1012919896640827,11.912361003577704,20.958987369981593,23.37520068373695,,0,,False,False,False,False,False,False,False,False,False,5463.T,2026-09-18,True,,1739.0,14.739786,1.09289,117.98,1591.194,383922438144.0,1794205800.0,1794205800.0,1794205800.0,True,,,True,1794205800.0,2026-11-09,36.0
7,True,47.23247232472325,True,False,False,False,0.5368094133583292,1518.5,1518.5,1216526542.5,1216.5265425,1633.5,0.9295990205081114,-0.13341737669479126,0.04785677021379797,29.828867740766647,1.9643640263922717,-0.03156887755102045,-0.06926141587496171,15.090776779120874,24.340846255225525,17.462652590461545,,0,,False,False,False,False,False,False,False,False,False,1860.T,2026-09-18,True,,1518.5,12.315491,0.933892,123.3,1625.991,449536458752.0,1794551400.0,1794551400.0,1794551400.0,True,,,True,1794551400.0,2026-11-13,40.0
7,True,49.23076923076923,True,True,False,True,0.359223873886111,1171.5,1171.5,1119947540.0,1119.94754,1272.5,0.9206286836935167,-0.1311012505042356,0.04760671288363305,27.486611382708087,2.3462749793178053,-0.02171189979123178,-0.07937131630648331,18.199906760715848,23.165775642854683,22.69413909575653,,0,,False,False,False,False,False,False,False,False,False,8012.T,2026-09-18,True,,1171.5,14.844147,1.0691434,78.92,1095.737,478352703488.0,1793946600.0,1793946600.0,1793946600.0,True,,,True,1793946600.0,2026-11-06,35.0
7,True,44.78114478114478,True,True,False,True,0.29103097083041113,2732.5,2732.5,1000271300.0,1000.2713,2827.0,0.9665723381676689,-0.10118579396351013,0.08016560727505873,47.08005758584269,1.7229664258313884,-0.031028368794326244,-0.033427661832331146,17.012294281234627,25.605330650556958,19.80934382505379,,1,vol_distribution,False,False,False,False,False,False,False,True,False,9076.T,2026-09-18,True,,2732.5,18.799448,0.96655697,145.35,2827.045,444337782784.0,1785997800.0,1794465000.0,1794465000.0,True,,,True,1794465000.0,2026-11-12,39.0
7,True,47.291666666666664,True,False,True,True,0.3550829997949504,1648.0,1648.0,817774430.0,817.77443,1915.0,0.8605744125326371,-0.2876489346397535,0.09401664453867387,54.93859833078963,3.3336528113343222,-0.07050197405527359,-0.09549945115257963,12.96971005031722,22.077818797457162,17.324996638495545,,0,,False,False,False,False,False,False,False,False,False,3101.T,2026-09-18,True,,1648.0,13.018406,0.682504,126.59,2414.638,145427382272.0,1794205800.0,1794205800.0,1794205800.0,True,,,True,1794205800.0,2026-11-09,36.0
7,True,52.30769230769231,True,False,False,True,0.47731647850845216,1284.0,1284.0,792936400.0,792.9364,1581.0,0.8121442125237192,-0.22505461236258084,0.03275282652925382,23.573884211849258,1.8359722906424656,-0.008494208494208455,-0.12114989733059545,21.616409526885246,25.2057170403734,18.497299326247905,,0,,False,False,False,False,False,False,False,False,False,7419.T,2026-09-18,True,,1284.0,10.263789,1.4563785,125.1,881.639,375988649984.0,1793255400.0,1793255400.0,1793255400.0,True,,,True,1793255400.0,2026-10-29,29.0
7,True,47.07903780068728,False,True,False,True,0.4726767181245985,3109.0,3109.0,703758590.0,703.75859,3245.0,0.9580893682588598,-0.15780525502318388,0.05464316209228448,60.409273176633214,1.94304513273185,-0.012702445220704961,-0.04191063174114018,21.828816485650346,18.26823932414139,10.817648196903173,,1,vol_distribution,False,False,False,False,False,False,False,True,False,9031.T,2026-09-18,True,,3109.0,7.3568387,0.8060928,422.6,3856.876,234855956480.0,1793946600.0,1793946600.0,1793946600.0,True,,,True,1793946600.0,2026-11-06,35.0
7,True,50.38167938931298,True,False,True,True,0.30469361705294573,2507.0,2507.0,481130425.0,481.130425,2554.0,0.9815974941268598,-0.14291988735389083,0.12074997059424408,46.49101213705827,1.8544480309955431,-0.018402505873140185,-0.018402505873140185,12.975157674870108,23.656415279696756,19.014386770474708,,0,,False,False,False,False,False,False,False,False,False,8511.T,2026-09-18,True,,2507.0,19.311354,1.4428935,129.82,1737.481,202478583808.0,,1753941600.0,1754287200.0,True,,,True,1753941600.0,2025-07-31,-296.0
7,True,50.36496350364963,True,True,False,True,0.2326464243373229,1124.0,1124.0,454123255.0,454.123255,1163.0,0.9664660361134996,-0.17469225774520625,0.09603070067433328,22.744222597163905,2.023507348502127,-0.007943512797881747,-0.03353396388650043,9.828652636494352,16.170156353653184,16.242280267517955,,1,vol_distribution,False,False,False,False,False,False,False,True,False,8818.T,2026-09-18,True,,1124.0,23.23274,1.2697122,48.38,885.24,107234844672.0,,1753684200.0,1754029800.0,True,,,True,1753684200.0,2025-07-28,-299.0
7,True,51.434878587196465,True,True,False,True,0.4206999756815361,4732.0,4732.0,441348100.0,441.3481,4747.0,0.9968401095428692,-0.11344956569989928,0.1064212190066236,67.70445795646924,1.4307789086320635,-0.0031598904571308317,-0.0031598904571308317,23.23323827094133,29.58210225220691,14.44132177110758,,1,vol_distribution,False,False,False,False,False,False,False,True,False,4665.T,2026-09-18,True,,4732.0,24.254229,1.4257951,195.1,3318.85,222776573952.0,1786343400.0,1793946600.0,1793946600.0,True,,,True,1793946600.0,2026-11-06,35.0
7,True,48.458149779735685,True,False,False,False,0.28623951833499245,4530.0,4530.0,426900650.0,426.90065,4675.0,0.9689839572192513,-0.126984161979661,0.1309865134197561,138.64853004325587,3.0606739523897546,-0.021598272138228958,-0.031016042780748654,23.713162854114373,29.497198423095337,17.476651319047303,,0,,False,False,False,False,False,False,False,False,False,4044.T,2026-09-18,True,,4530.0,13.425404,0.8792057,337.42,5152.378,112311312384.0,1794465000.0,1794465000.0,1794465000.0,True,,,True,1794465000.0,2026-11-12,39.0
7,True,49.779735682819386,True,True,False,True,0.3944020634045689,2380.0,2380.0,410449265.0,410.449265,2511.0,0.9478295499800876,-0.09318996415770608,0.017444411678495753,28.27051803761679,1.1878368923368399,-0.017746595130004095,-0.019365471775855014,14.687931178203801,26.518849066232487,18.41875073520573,,1,vol_distribution,False,False,False,False,False,False,False,True,False,8803.T,2026-09-18,True,,2380.0,14.360707,1.2712399,165.73,1872.188,157247209472.0,1793341800.0,1793341800.0,1793341800.0,True,,,True,1793341800.0,2026-10-30,30.0
7,True,39.55223880597015,False,True,False,False,0.37944623984338594,3870.0,3870.0,397613000.0,397.613,4081.52490234375,0.9481750308022657,-0.16009557644889683,0.05127388707759706,65.4012977733615,1.6899560148155426,-0.05147058823529416,-0.05147058823529416,23.654942931445007,21.176812386133495,18.418345938750573,,1,vol_distribution,False,False,False,False,False,False,False,True,False,4041.T,2026-09-18,True,,3870.0,11.495619,0.9818704,336.65,3941.457,207445655552.0,1794465000.0,1794465000.0,1794465000.0,True,,,True,1794465000.0,2026-11-12,39.0
7,True,57.89473684210526,True,True,False,True,0.307866565464064,4410.0,4410.0,378459225.0,378.459225,4565.0654296875,0.9660321561485012,-0.12770564368023374,0.04468917726115551,59.31124912029991,1.3449262839070275,-0.01672240802675584,-0.02541436464088398,21.95771806394294,25.026730280411343,14.50277977998344,,1,vol_distribution,False,False,False,False,False,False,False,True,False,1377.T,2026-09-18,True,,4410.0,15.505784,1.0442791,284.41,4223.009,185840533504.0,1791268200.0,1791268200.0,1791268200.0,True,,,True,1791268200.0,2026-10-06,12.0
7,True,43.33333333333333,False,True,False,True,0.42398323077952554,4165.0,4165.0,375065175.0,375.065175,4275.0,0.9742690058479532,-0.12816796519492368,0.07934995488697205,69.75867791057553,1.6748782211422695,-0.025730994152046827,-0.025730994152046827,24.38195673739145,23.930029637664198,16.17335417303423,,2,macd_sell_like;vol_distribution,False,False,True,False,False,False,False,True,False,9303.T,2026-09-18,True,,4165.0,18.031864,1.005298,230.98,4143.05,314628472832.0,1786084200.0,1793860200.0,1793860200.0,True,,,True,1793860200.0,2026-11-05,34.0
7,True,45.13618677042802,False,False,True,True,0.46129406622152525,3015.0,3015.0,348444260.0,348.44426,3395.314453125,0.8879884445533568,-0.1838752968964008,0.02299105259571843,61.28714343922724,2.032741075927935,-0.02110389610389607,-0.02584814216478193,11.02519693512148,22.482082005088888,16.493026676992745,,0,,False,False,False,False,False,False,False,False,False,6486.T,2026-09-18,True,,3015.0,13.9158125,1.017433,216.66,2963.34,137784868864.0,,1753941600.0,1754287200.0,True,,,True,1753941600.0,2025-07-31,-296.0
7,True,52.23880597014925,False,True,False,True,0.17891503216939203,6050.0,6050.0,333803250.0,333.80325,6400.0,0.9453125,-0.18279566246614076,0.053285611015869705,136.6308911582194,2.2583618373259404,-0.017857142857142905,-0.0546875,21.380696085381906,25.401937267866415,15.430125935522387,,1,vol_distribution,False,False,False,False,False,False,False,True,False,9605.T,2026-09-18,True,,6050.0,16.153147,1.2801846,374.54,4725.881,378045923328.0,1786343400.0,1794292200.0,1794292200.0,True,,,True,1794292200.0,2026-11-10,37.0
7,True,48.71794871794872,True,True,False,True,0.3259851361170447,3970.0,3970.0,332750350.0,332.75035,4375.53173828125,0.9073182958008786,-0.17743702802192907,0.048080483683001995,69.18916040085935,1.742800010097213,-0.01488833746898266,-0.03874092009685226,18.13356313621002,24.481648785497175,22.569944805202287,,0,,False,False,False,False,False,False,False,False,False,6209.T,2026-09-18,True,,3970.0,7.62567,0.6459439,520.61,6146.045,106812710912.0,,1747306740.0,1747306740.0,True,,,True,1747306740.0,2025-05-15,-351.0
7,True,50.105708245243136,True,True,False,False,0.3574619589690796,2936.0,2936.0,331882225.0,331.882225,2990.0,0.9819397993311036,-0.14862872436648944,0.13117811504396015,49.29369986075116,1.6789407309520152,-0.018060200668896353,-0.018060200668896353,11.920402946386451,24.211462385373373,23.955594040210638,,1,vol_distribution,False,False,False,False,False,False,False,True,False,6282.T,2026-09-18,True,,2936.0,17.101585,1.0669842,171.68,2751.681,84389322752.0,,1754373600.0,1754978400.0,True,,,True,1754373600.0,2025-08-05,-293.0
7,True,53.483146067415724,True,True,False,True,0.4814378536395148,1977.0,1977.0,329703160.0,329.70316,2338.0,0.8455945252352438,-0.21257485029940115,0.04916554642456927,63.65064960593551,3.2195573902850536,-0.028023598820059004,-0.07789179104477617,10.409907914652514,22.48366774613692,17.779163741129704,,0,,False,False,False,False,False,False,False,False,False,6745.T,2026-09-18,True,,1977.0,15.726672,2.17242,125.71,910.045,147494436864.0,,1754285400.0,1754631000.0,True,,,True,1754285400.0,2025-08-04,-294.0
7,True,53.39805825242718,True,False,False,True,0.4538917746485402,2550.0,2550.0,311238570.0,311.23857,2581.0,0.9879891514916699,-0.22437071621319782,0.10576243444694833,53.020914426402065,2.0792515461334142,0.0,-0.012010848508330119,27.92622826725071,24.053241316916637,10.426774429428624,,0,,False,False,False,False,False,False,False,False,False,7476.T,2026-09-18,True,,2550.0,19.852083,2.4822762,128.45,1027.283,181870247936.0,1793341800.0,1793341800.0,1793341800.0,True,,,True,1793341800.0,2026-10-30,30.0
7,True,51.78571428571429,True,False,True,True,0.4580600142214511,1193.0,1193.0,305345670.0,305.34567,1255.08447265625,0.9505336301987268,-0.18897138319795304,0.07580386940173178,15.010163248012143,1.2581863577545804,-0.003341687552213868,-0.003341687552213868,23.91603005717239,28.38272526043883,15.371175749901106,,0,,False,False,False,False,False,False,False,False,False,9757.T,2026-09-18,True,,1193.0,13.690613,3.9946427,87.14,298.65,111389802496.0,1793946600.0,1793946600.0,1793946600.0,True,,,True,1793946600.0,2026-11-06,35.0
7,True,43.23432343234324,True,False,True,False,0.4032377303582844,2025.0,2025.0,287128650.0,287.12865,2082.0,0.9726224783861671,-0.16352747964568415,0.09797146469141227,34.32472689480838,1.6950482417189323,-0.02737752161383289,-0.02737752161383289,17.907139975198817,24.772633692353825,25.63247310091443,,0,,False,False,False,False,False,False,False,False,False,2154.T,2026-09-18,True,,2025.0,14.597751,2.1443095,138.72,944.36,172044353536.0,1786084200.0,1793946600.0,1793946600.0,True,,,True,1793946600.0,2026-11-06,35.0
7,True,58.064516129032256,True,True,False,False,0.33860278481617545,1786.0,1786.0,274996560.0,274.99656,1899.0,0.9404949973670352,-0.18422504368919645,0.024717193740338095,29.928779002042987,1.6757435051535825,-0.023510114816839844,-0.059505002632964765,23.192820337283433,26.518325811126847,20.27876530796303,,1,vol_distribution,False,False,False,False,False,False,False,True,False,8771.T,2026-09-18,True,,1786.0,23.155712,4.0477204,77.13,441.236,79456763904.0,1794551400.0,1794551400.0,1794551400.0,True,,,True,1794551400.0,2026-11-13,40.0
7,True,52.89855072463768,True,False,False,True,0.34009677101506736,4475.0,4475.0,274539200.0,274.5392,5020.0,0.8914342629482072,-0.16035856573705176,0.02264098468702036,94.49933787523835,2.11171704749136,0.0,-0.07541322314049592,15.650617118172095,22.29767706199032,18.303672431469415,,0,,False,False,False,False,False,False,False,False,False,6651.T,2026-09-18,True,,4475.0,14.770927,1.3779579,302.96,3247.559,169768583168.0,,1754289000.0,1754634600.0,True,,,True,1754289000.0,2025-08-04,-294.0
7,True,49.06542056074766,True,False,False,True,0.39652234019001703,3915.0,3915.0,258872350.0,258.87235,4682.0966796875,0.8361638530414329,-0.27169380871742366,0.021537487017609935,121.02485473092503,3.0913117428077914,-0.026119402985074647,-0.16167023554603854,9.329434541190377,27.68071942546067,23.520667491513635,,0,,False,False,False,False,False,False,False,False,False,1975.T,2026-09-18,True,,3915.0,10.926599,1.9831973,358.3,1974.085,101303304192.0,,1754463600.0,1754982000.0,True,,,True,1754463600.0,2025-08-06,-292.0
7,True,54.48504983388704,True,False,False,True,0.30983765135189234,3020.0,3020.0,247418785.0,247.418785,3065.0,0.9853181076672104,-0.1198035723163624,0.05546287743725653,40.77130477630576,1.3500432045134358,-0.00983606557377048,-0.014681892332789603,14.574281807815463,26.094887072759192,14.647292922568846,,0,,False,False,False,False,False,False,False,False,False,9039.T,2026-09-18,True,,3020.0,14.145199,1.2067059,213.5,2502.681,121584377856.0,,1754544000.0,1754976000.0,True,,,True,1754544000.0,2025-08-07,-291.0
7,True,49.163879598662206,True,False,False,True,0.35637703257306663,2423.0,2423.0,234021710.0,234.02171,2679.690673828125,0.9042088415893822,-0.20522251568032945,0.040693041194676205,45.21898998647693,1.8662397848318997,-0.011020408163265327,-0.011020408163265327,15.056672636059082,19.567417928828405,20.290030092687797,,0,,False,False,False,False,False,False,False,False,False,9830.T,2026-09-18,True,,2423.0,9.77568,0.8264655,247.86,2931.762,159756189696.0,1793341800.0,1793341800.0,1793341800.0,True,,,True,1793341800.0,2026-10-30,30.0
7,True,54.04699738903395,True,False,False,True,0.28749100580665515,2275.0,2275.0,228667260.0,228.66726,2540.0,0.8956692913385826,-0.17244094488188977,0.05574564745279753,49.8041760064992,2.1891945497362286,0.0,-0.10433070866141736,13.169029125447931,23.09878410184753,17.789450777957562,,0,,False,False,False,False,False,False,False,False,False,7970.T,2026-09-18,True,,2275.0,18.604841,1.4011916,122.28,1623.618,182845669376.0,1792996200.0,1792996200.0,1792996200.0,True,,,True,1792996200.0,2026-10-26,26.0
7,True,49.46236559139785,True,True,False,True,0.4417683688138058,2894.0,2894.0,214271145.0,214.271145,3260.0,0.8877300613496932,-0.21966339783484323,0.10543500545071405,92.55114943491155,3.19803557135147,-0.003443526170798905,-0.11226993865030677,15.452929074918297,19.1650172304611,23.69050421235349,,1,vol_distribution,False,False,False,False,False,False,False,True,False,7745.T,2026-09-18,True,,2894.0,13.37771,1.5936211,216.33,1815.99,79258902528.0,,1754289000.0,1754634600.0,True,,,True,1754289000.0,2025-08-04,-294.0
6,True,53.85996409335727,True,True,False,True,0.30184927678344153,5524.0,5524.0,49881783175.0,49881.783175,5784.69091796875,0.9549343393336753,-0.22830794880783367,0.10054042866674195,146.23303306371315,2.647230866468377,-0.004684684684684637,-0.04213629269984398,16.081989447711635,31.091430716596086,20.156460453696727,,0,,False,False,False,False,False,False,False,False,False,6501.T,2026-09-18,True,,5524.0,31.237278,3.7688656,176.84,1465.693,24667773468672.0,1785306600.0,1793255400.0,1793255400.0,True,,,True,1793255400.0,2026-10-29,29.0
6,True,47.94776119402985,False,False,True,True,0.5604229480517102,3913.0,3913.0,20723512980.0,20723.51298,4818.1142578125,0.8121434633176515,-0.33500954345265643,0.0747190077297093,114.09997128365184,2.9159205541439266,-0.048394941634241295,-0.048394941634241295,22.013517726175404,31.22572721532541,21.45606852950875,,1,macd_sell_like,False,False,True,False,False,False,False,False,False,1605.T,2026-09-18,True,,3913.0,10.572533,0.8912698,370.11,4390.365,4524691423232.0,1794465000.0,1794465000.0,1794465000.0,True,,,True,1794465000.0,2026-11-12,39.0
6,True,50.45500505561173,False,True,False,False,0.4153464517832739,1796.0,1796.0,19090177715.0,19090.177715,1924.75,0.9331081958695935,-0.21340433822574356,0.14346957772708446,51.45197171491927,2.8648091155300257,-0.04034197168047016,-0.04034197168047016,23.303476473630617,22.875950683634386,18.454053526833185,,2,macd_sell_like;vol_distribution,False,False,True,False,False,False,False,True,False,8053.T,2026-09-18,True,,1796.0,14.403721,1.7973462,124.69,999.251,8489558605824.0,1785479400.0,1793255400.0,1793255400.0,True,,,True,1793255400.0,2026-10-29,29.0
6,True,41.109298531810765,False,False,False,True,0.44763957351587913,1581.0,1581.0,15586573245.0,15586.573245,1675.0,0.9438805970149253,-0.20851493277684652,0.1447552137655388,40.99961220753972,2.5932708543668386,-0.05611940298507467,-0.05611940298507467,19.095982665004758,21.649134860702244,26.659273375211612,,2,cross_sma25_down;macd_sell_like,False,True,True,False,False,False,False,False,False,8604.T,2026-09-18,True,,1581.0,11.862245,1.2050829,133.28,1311.943,4620617777152.0,1793169000.0,1793169000.0,1793169000.0,True,,,True,1793169000.0,2026-10-28,28.0
6,True,48.62258953168044,True,True,False,True,0.4499514627761917,3637.0,3637.0,15519321420.0,15519.32142,3916.0,0.9287538304392237,-0.1595610692752223,0.23298125300556816,105.42191955631722,2.898595533580347,-0.005468963631391821,-0.07124616956077634,14.774178418564711,25.369221968208887,24.09514861667647,,0,ext_dev200,False,False,False,False,False,True,False,False,False,6971.T,2026-09-18,True,,3637.0,35.358738,1.420742,102.86,2559.93,4646366085120.0,1785393000.0,1793255400.0,1793255400.0,True,,,True,1793255400.0,2026-10-29,29.0
6,True,39.56093189964158,False,False,True,False,0.4847387997863526,5194.0,5194.0,14599317840.0,14599.31784,6100.0,0.8514754098360656,-0.35344262295081963,0.10070319284690776,242.60523206030416,4.67087470273978,-0.14262132717068343,-0.14262132717068343,20.924950920894123,23.856543297846873,22.134713646476786,,1,trailing_stop,False,False,False,False,True,False,False,False,False,5711.T,2026-09-18,True,,5194.0,16.718166,0.87596613,310.68,5929.453,678738591744.0,1794378600.0,1794378600.0,1794378600.0,True,,,True,1794378600.0,2026-11-11,38.0
6,True,51.592851592851595,False,True,False,True,0.26399988354542686,6891.0,6891.0,14358776795.0,14358.776795,7361.0,0.9361499796223339,-0.13473193473193468,0.14202742342295105,148.76680745416658,2.158856587638464,-0.01472690877895344,-0.06385002037766607,15.868005417157285,27.977704915424106,17.09643808987875,,1,vol_distribution,False,False,False,False,False,False,False,True,False,8630.T,2026-09-18,True,,6891.0,27.445435,1.1560061,251.08,5961.041,6110833541120.0,1795069800.0,1795069800.0,1795069800.0,True,,,True,1795069800.0,2026-11-19,44.0
6,True,39.33002481389578,False,False,False,True,0.3543975132853721,4503.0,4503.0,13578162425.0,13578.162425,4836.39306640625,0.9310657628880478,-0.1874619444674689,0.018929755866789577,80.71648010115037,1.7925045547668303,-0.052000000000000046,-0.052000000000000046,19.813408561045108,28.074259943902323,23.028164966624736,,0,,False,False,False,False,False,False,False,False,False,7751.T,2026-09-18,True,,4503.0,11.38962,1.0978019,395.36,4101.833,3758697742336.0,1785133800.0,1792996200.0,1792996200.0,True,,,True,1792996200.0,2026-10-26,26.0
6,True,36.96581196581196,False,False,True,True,0.3402500708909816,2749.5,2749.5,13405338910.0,13405.33891,3211.365234375,0.8561779179050966,-0.25154229758931135,0.043543832472672905,91.82753222608792,3.3397902246258564,-0.09197490092470273,-0.09197490092470273,14.100918330376649,24.784266823823607,26.42756791201756,,3,cross_sma25_down;macd_sell_like;trailing_stop,False,True,True,False,True,False,False,False,False,6326.T,2026-09-18,True,,2749.5,11.662284,1.1081488,235.76,2481.165,3097016139776.0,1785825000.0,1793946600.0,1793946600.0,True,,,True,1793946600.0,2026-11-06,35.0
6,True,49.087221095334684,False,False,False,True,0.44651370496837206,3030.0,3030.0,11362992830.0,11362.99283,3411.97998046875,0.8880474145055587,-0.43132093845888886,0.12548349974951067,114.95550704182237,3.7939111234924874,-0.10672169811320753,-0.10672169811320753,37.07579730437736,28.872050984771963,24.539337983485527,,2,macd_sell_like;trailing_stop,False,False,True,False,True,False,False,False,False,9843.T,2026-09-18,True,,3030.0,19.16751,1.6978728,158.08,1784.586,1712124592128.0,1786084200.0,1794465000.0,1794465000.0,True,,,True,1794465000.0,2026-11-12,39.0
6,True,47.264437689969604,False,False,True,False,0.42883541932311625,5663.0,5663.0,9877210810.0,9877.21081,6900.181640625,0.8207030328968355,-0.2881346816900483,0.04977015274040841,168.54436924629744,2.9762381996520824,-0.060862354892205595,-0.060862354892205595,14.267546944037768,23.498809556902795,24.53771676589319,,0,,False,False,False,False,False,False,False,False,False,6305.T,2026-09-18,True,,5663.0,16.456947,1.3087125,344.11,4327.154,1179893497856.0,1785393000.0,1793082600.0,1793082600.0,True,,,True,1793082600.0,2026-10-27,27.0
6,True,52.3752254960914,False,True,False,True,0.27541703820176205,2913.0,2913.0,9054580655.0,9054.580655,3250.0,0.8963076923076924,-0.1812307692307692,0.09551983029041478,92.16307575540883,3.163854299876719,-0.049592169657422525,-0.10369230769230764,14.124213732949656,25.534394196497217,24.995307488564823,,2,macd_sell_like;vol_distribution,False,False,True,False,False,False,False,True,False,9502.T,2026-09-18,True,,2913.0,9.658809,0.6944281,301.59,4194.819,2200461377536.0,1785306600.0,1793082600.0,1793082600.0,True,,,True,1793082600.0,2026-10-27,27.0
6,True,41.21621621621621,True,True,False,False,0.33150200774030053,3382.0,3382.0,8916990410.0,8916.99041,4029.2080078125,0.8393709119614611,-0.27578819600723137,0.007101751639942311,92.33003386745857,2.7300423970271606,-0.05530726256983243,-0.05530726256983243,15.617159106293581,27.353024246311087,22.975646634933682,,1,vol_distribution,False,False,False,False,False,False,False,True,False,6988.T,2026-09-18,True,,3382.0,17.154451,1.958248,197.15,1727.054,2237273735168.0,1785220200.0,1792996200.0,1792996200.0,True,,,True,1792996200.0,2026-10-26,26.0
6,True,36.47375504710633,False,False,False,True,0.5201711029252921,2005.0,2005.0,8622977167.5,8622.9771675,2187.0,0.9167809785093736,-0.38067104991860845,0.1273539218366715,50.57533046156783,2.5224603721480214,-0.0743305632502308,-0.08321902149062643,21.976034819621542,27.758310757751588,22.87066016804683,,0,,False,False,False,False,False,False,False,False,False,7733.T,2026-09-18,True,,2005.0,32.80432,2.8492417,61.12,703.696,2131019563008.0,1794292200.0,1794292200.0,1794292200.0,True,,,True,1794292200.0,2026-11-10,37.0
6,True,37.824675324675326,False,False,True,True,0.34283054336368235,1157.0,1157.0,7856810137.5,7856.8101375,1351.4073486328125,0.856144523093285,-0.2667643657432135,0.012078012412644945,31.76117532534654,2.7451318345156905,-0.09040880503144655,-0.09040880503144655,14.069136140147792,23.361071675312576,20.7267596011559,,1,trailing_stop,False,False,False,False,True,False,False,False,False,7261.T,2026-09-18,True,,1157.0,20.790655,0.3804831,55.65,3040.871,730032570368.0,1785825000.0,1793860200.0,1793860200.0,True,,,True,1793860200.0,2026-11-05,34.0
6,True,45.9047619047619,True,True,False,True,0.3505180834249215,17325.0,17325.0,5343902700.0,5343.9027,20920.0,0.8281548757170172,-0.29445506692160617,0.09940423442684843,799.7175997995325,4.615974602017504,-0.05276107162383814,-0.17184512428298282,10.130515480824217,23.7698421177211,23.07276628442979,,0,,False,False,False,False,False,False,False,False,False,7729.T,2026-09-18,True,,17325.0,28.598549,3.6858573,605.8,4700.399,703216484352.0,1793773800.0,1793773800.0,1793773800.0,True,,,True,1793773800.0,2026-11-04,33.0
6,True,46.712802768166085,False,False,False,True,0.4616054699775785,1384.5,1384.5,5023034100.0,5023.0341,1518.0,0.9120553359683794,-0.17012858555885257,0.008645006664383947,20.251879203897396,1.462757616749541,-0.022245762711864403,-0.0879446640316206,12.904939300151126,18.520552410828646,23.0519813278349,,1,macd_sell_like,False,False,True,False,False,False,False,False,False,8593.T,2026-09-18,True,,1384.5,14.582894,0.98793286,94.94,1401.411,1985095663616.0,1794465000.0,1794465000.0,1794465000.0,True,,,True,1794465000.0,2026-11-12,39.0
6,True,42.959001782531196,False,False,False,True,0.3356642044988782,1248.0,1248.0,4906724717.5,4906.7247175,1373.5,0.908627593738624,-0.21716418191700593,0.08138684145326813,31.258630717473025,2.5046979741564925,-0.0520319027725028,-0.091372406261376,14.442024441205376,20.138068360535645,20.599371645330166,,0,,False,False,False,False,False,False,False,False,False,3402.T,2026-09-18,True,,1248.0,23.62294,1.0004264,52.83,1247.468,1817914376192.0,1785997800.0,1794551400.0,1794551400.0,True,,,True,1794551400.0,2026-11-13,40.0
6,True,52.60663507109005,False,True,False,True,0.5601031503246461,3352.0,3352.0,4529378360.0,4529.37836,3798.0,0.8825697735650342,-0.23091100579252233,0.030315226041846666,57.087773285635805,1.7030958617433116,-0.011792452830188704,-0.06914745903915576,13.909544681554744,24.047077446097084,15.514421779315468,,1,vol_distribution,False,False,False,False,False,False,False,True,False,1878.T,2026-09-18,True,,3352.0,11.216704,2.2097,298.84,1516.948,1091854598144.0,1793341800.0,1793341800.0,1793341800.0,True,,,True,1793341800.0,2026-10-30,30.0
6,True,42.54587155963303,True,False,False,True,0.35491506847147924,3630.0,3630.0,4528991205.0,4528.991205,4187.0,0.8669691903510867,-0.23984629950120095,0.13758637503992022,126.09652502302356,3.4737334717086377,-0.03917416622551617,-0.13303080964891334,13.381674301555083,22.01784206614326,25.22882357821141,,0,,False,False,False,False,False,False,False,False,False,9962.T,2026-09-18,True,,3630.0,24.380415,2.4840539,148.89,1461.321,950091055104.0,1785479400.0,1793946600.0,1793946600.0,True,,,True,1793946600.0,2026-11-06,35.0
6,True,35.90529438835959,False,False,True,True,0.351931055299008,960.2000122070312,960.2000122070312,4502862641.255188,4502.862641255188,1082.295654296875,0.8871882728114948,-0.4562348075067315,0.019719193915878508,19.006910974063562,1.9794741441812678,-0.03979998779296878,-0.08595905549068894,11.722221270679563,24.158062087541268,24.99443111156742,,0,,False,False,False,False,False,False,False,False,False,8113.T,2026-09-18,True,,960.2,25.804892,2.0358834,37.21,471.638,1652312375296.0,1793946600.0,1793946600.0,1793946600.0,True,,,True,1793946600.0,2026-11-06,35.0
6,True,39.69465648854962,False,True,False,True,0.43986803986055967,4356.0,4356.0,4431031910.0,4431.03191,4544.0,0.9586267605633803,-0.17214415946071293,0.14927800539002067,91.0982881031637,2.0913289279881475,-0.041373239436619746,-0.041373239436619746,26.085004425034587,24.065574635280658,18.390604364268572,,1,vol_distribution,False,False,False,False,False,False,False,True,False,2269.T,2026-09-18,True,,4356.0,33.67607,1.5290117,129.35,2848.899,1181202513920.0,1794465000.0,1794465000.0,1794465000.0,True,,,True,1794465000.0,2026-11-12,39.0
6,True,54.53774385072095,True,True,False,True,0.4869968500539262,2908.5,2908.5,4052939510.0,4052.93951,2922.0,0.9953798767967146,-0.1922563605134835,0.20646178482249034,69.25510595148171,2.3811279336937154,-0.00462012320328542,-0.00462012320328542,20.23714730325874,27.86850287475445,15.929129573019187,,0,ext_dev200,False,False,False,False,False,True,False,False,False,5076.T,2026-09-18,True,,2908.5,11.269325,1.1169703,258.09,2603.919,735881265152.0,1794378600.0,1794378600.0,1794378600.0,True,,,True,1794378600.0,2026-11-11,38.0
6,True,39.71807926474384,False,False,True,True,0.35431378980729056,368.6000061035156,368.6000061035156,3864284170.733185,3864.284170733185,450.9548645019531,0.8173767157620254,-0.34943546688558325,0.029580278870965593,12.187639390768314,3.306467495647736,-0.0782695380612356,-0.0782695380612356,13.097640436360143,28.270690845376674,20.807756249209792,,0,,False,False,False,False,False,False,False,False,False,7211.T,2026-09-18,True,,368.6,49.278076,0.5384929,7.48,684.503,493316800512.0,1785738600.0,1793860200.0,1793860200.0,True,,,True,1793860200.0,2026-11-05,34.0
6,True,39.0,False,False,True,True,0.5453812034244122,7860.0,7860.0,3823258650.0,3823.25865,8590.0,0.9150174621653085,-0.17345750873108268,0.04786528620685582,149.34345534789696,1.9000439611691726,-0.048426150121065326,-0.048426150121065326,15.759993429989207,20.302434987711397,27.40668936424737,,1,macd_sell_like,False,False,True,False,False,False,False,False,False,2702.T,2026-09-18,True,,7860.0,28.436018,3.5708232,276.41,2201.173,1045055012864.0,1786084200.0,1793946600.0,1793946600.0,True,,,True,1793946600.0,2026-11-06,35.0
6,True,45.194274028629856,False,False,True,True,0.4543578174435623,2943.5,2943.5,3630649980.0,3630.64998,3277.98291015625,0.8979607522907109,-0.3489217231450731,0.010863255475077382,65.37949103820844,2.2211479883882603,-0.036812827225130906,-0.04956409428479169,17.634727095210238,26.43885975610205,22.621171352865055,,1,macd_sell_like,False,False,True,False,False,False,False,False,False,2897.T,2026-09-18,True,,2943.5,18.849257,1.6064876,156.16,1832.258,843542560768.0,1794378600.0,1794378600.0,1794378600.0,True,,,True,1794378600.0,2026-11-11,38.0
6,True,46.948356807511736,False,False,True,False,0.18746962672397244,2218.0,2218.0,3545312102.5,3545.3121025,2366.5,0.9372491020494401,-0.1626875132051553,0.04542855304773852,67.43973165640695,3.0405649980345784,-0.04868110658374436,-0.04868110658374436,11.632534405410079,23.86494004650858,21.640871437246275,,1,macd_sell_like,False,False,True,False,False,False,False,False,False,6770.T,2026-09-18,True,,2218.0,16.469889,0.97313017,134.67,2279.243,428581683200.0,1793341800.0,1793341800.0,1793341800.0,True,,,True,1793341800.0,2026-10-30,30.0
6,True,41.952983725135624,False,True,False,True,0.36214959691280646,4612.0,4612.0,3505542990.0,3505.54299,5111.0,0.902367442770495,-0.16501516683518702,0.041883567155009294,86.11686470601238,1.8672347074157065,-0.03312368972746327,-0.09763255722950503,7.07905640067151,14.0868392432451,18.52712485937937,,2,macd_sell_like;vol_distribution,False,False,True,False,False,False,False,True,False,9042.T,2026-09-18,True,,4612.0,13.967292,0.9677347,330.2,4765.769,1063810039808.0,1793341800.0,1793341800.0,1793341800.0,True,,,True,1793341800.0,2026-10-30,30.0
6,True,47.904761904761905,False,False,True,True,0.4070646420276914,2334.5,2334.5,3496463317.5,3496.4633175,2863.0,0.815403422982885,-0.23087670275934336,0.021091700549928483,73.57414773618979,3.151601959142848,-0.043237704918032804,-0.08522727272727271,14.173155407407538,23.765161901359782,18.37565860674068,,1,macd_sell_like,False,False,True,False,False,False,False,False,False,1963.T,2026-09-18,True,,2334.5,13.498121,1.3276924,172.95,1758.314,565126365184.0,1786084200.0,1794378600.0,1794378600.0,True,,,True,1794378600.0,2026-11-11,38.0
6,True,41.72274562584118,False,True,False,True,0.44929338653777834,2389.0,2389.0,3372135312.5,3372.1353125,2632.53076171875,0.9074917697980663,-0.18025649258090115,0.012742562560677406,48.337703082843085,2.0233446246480993,-0.04094741067844243,-0.04113987557696164,12.75338447107975,23.668294909490108,23.611857115783017,,1,vol_distribution,False,False,False,False,False,False,False,True,False,4528.T,2026-09-18,True,,2389.0,16.09296,1.2950714,148.45,1844.686,1122608480256.0,1793255400.0,1793255400.0,1793255400.0,True,,,True,1793255400.0,2026-10-29,29.0
6,True,45.72748267898384,False,True,False,False,0.24246293377291137,1660.5,1660.5,3184772805.0,3184.772805,1745.5,0.951303351475222,-0.29087044538898965,0.14594967781736168,40.324668918220866,2.428465457285207,-0.04869664852477795,-0.04869664852477795,22.320298751858424,31.50172792807508,22.66289174910153,,1,vol_distribution,False,False,False,False,False,False,False,True,False,7752.T,2026-09-18,True,,1660.5,16.992428,0.79539996,97.72,2087.629,929358282752.0,1785738600.0,1793860200.0,1793860200.0,True,,,True,1793860200.0,2026-11-05,34.0
6,True,47.50830564784053,False,False,True,True,0.29536048513888463,3840.0,3840.0,3132859300.0,3132.8593,4300.0,0.8930232558139535,-0.4842443778154054,0.2532279660201717,203.0041516010776,5.286566447944729,-0.019157088122605415,-0.10697674418604652,30.543956160152632,30.369977786259856,14.352714887599497,,0,ext_dev200,False,False,False,False,False,True,False,False,False,3778.T,2026-09-18,True,,3840.0,693.1408,4.9966884,5.54,768.509,153694699520.0,,1753682400.0,1754028000.0,True,,,True,1753682400.0,2025-07-28,-299.0
6,True,39.73988439306358,False,False,True,True,0.40261016042249687,4755.0,4755.0,3105804370.0,3105.80437,5675.0,0.8378854625550661,-0.22577854402642838,0.1244988323200853,155.19415731990938,3.2638098279686516,-0.10198300283286121,-0.16211453744493387,14.864705152100143,26.062653108749384,24.932905295943954,,1,trailing_stop,False,False,False,False,True,False,False,False,False,4631.T,2026-09-18,True,,4755.0,7.975913,0.88300097,596.17,5385.045,448335183872.0,1786343400.0,1794465000.0,1794465000.0,True,,,True,1794465000.0,2026-11-12,39.0
6,True,48.01136363636363,False,False,True,True,0.27612779559212314,4643.0,4643.0,3085267975.0,3085.267975,4844.0,0.958505367464905,-0.15630220576229126,0.07217006310435159,97.00190755801613,2.089207571785831,-0.034116912835448265,-0.041494632535095,7.77351317213412,19.815614019304846,18.86839868966808,,0,,False,False,False,False,False,False,False,False,False,8253.T,2026-09-18,True,,4643.0,10.9365425,0.8654786,424.54,5364.662,667076853760.0,1794551400.0,1794551400.0,1794551400.0,True,,,True,1794551400.0,2026-11-13,40.0
6,True,44.30842879890989,False,True,False,False,0.5377089412140295,291.8999938964844,291.8999938964844,3057230699.484253,3057.230699484253,304.29998779296875,0.9592507578248056,-0.2489274150259958,0.13126725858103838,7.242275316083106,2.481081009769192,-0.04074924217519438,-0.04074924217519438,22.36231440125318,27.52710216991844,22.29078463079286,,2,macd_sell_like;vol_distribution,False,False,True,False,False,False,False,True,False,2181.T,2026-09-18,True,,291.9,15.226916,2.9407022,19.17,99.262,651127095296.0,1794378600.0,1794378600.0,1794378600.0,True,,,True,1794378600.0,2026-11-11,38.0
6,True,47.89719626168224,False,False,False,True,0.10830229311069492,2815.5,2815.5,3043240020.0,3043.24002,3087.0,0.9120505344995141,-0.3088608494516356,0.05743604075662567,56.38730650125397,2.0027457468035506,-0.045269582909460815,-0.05345436207766008,9.193023794077602,21.53249562421138,22.942105848860113,,1,macd_sell_like,False,False,True,False,False,False,False,False,False,2267.T,2026-09-18,True,,2815.5,18.686533,1.3470944,150.67,2090.054,801637990400.0,1794551400.0,1794551400.0,1794551400.0,True,,,True,1794551400.0,2026-11-13,40.0
6,True,39.48339483394834,False,True,False,False,0.44161464701522163,1763.0,1763.0,2877044957.5,2877.0449575,1954.5,0.9020209772320287,-0.34620444773087944,0.05022184429172838,42.32668302102176,2.400832842939408,-0.07454068241469813,-0.09797902276797132,16.74146047943703,22.10909296746842,27.0214991810973,,2,macd_sell_like;vol_distribution,False,False,True,False,False,False,False,True,False,3405.T,2026-09-18,True,,1763.0,65.03135,0.7028878,27.11,2508.224,531186384896.0,1786084200.0,1794378600.0,1794378600.0,True,,,True,1794378600.0,2026-11-11,38.0
6,True,46.09781378493009,False,True,False,True,0.5982135965775264,875.7000122070312,875.7000122070312,2854585427.005005,2854.585427005005,967.4888305664062,0.9051267410439889,-0.2062957213009855,0.026499195333430148,13.739164028415694,1.5689350047842079,-0.017833068432350663,-0.023201324922441424,11.141238608937947,21.40570479211127,16.638902606955487,,2,macd_sell_like;vol_distribution,False,False,True,False,False,False,False,True,False,3861.T,2026-09-18,True,,875.7,14.339283,0.6858279,61.07,1276.851,743674478592.0,1785911400.0,1793946600.0,1793946600.0,True,,,True,1793946600.0,2026-11-06,35.0
6,True,53.07125307125307,True,False,True,True,0.4294036002829386,1162.0,1162.0,2788153100.0,2788.1531,1414.340087890625,0.8215845749893366,-0.37408047404083233,0.01484409183269686,23.2540364168052,2.0012079532534597,-0.008109261630388387,-0.05104124132298893,10.2630546208849,31.773153798646632,21.881895914810563,,0,,False,False,False,False,False,False,False,False,False,3092.T,2026-09-18,True,,1162.0,21.478745,10.391236,54.1,111.825,1011603275776.0,1793255400.0,1793255400.0,1793255400.0,True,,,True,1793255400.0,2026-10-29,29.0
6,True,39.57446808510638,False,False,True,False,0.5416826117189337,3705.0,3705.0,2674823075.0,2674.823075,4624.24365234375,0.8012121070052525,-0.381520478802963,0.06426403666956415,140.13135348745627,3.7822227661931516,-0.1104441776710684,-0.1104441776710684,22.347190811648296,27.026401383421582,20.152617054402782,,1,trailing_stop,False,False,False,False,True,False,False,False,False,5857.T,2026-09-18,True,,3705.0,12.903563,1.4157231,287.13,2617.037,318424449024.0,1785825000.0,1793169000.0,1793169000.0,True,,,True,1793169000.0,2026-10-28,28.0
6,True,43.60189573459716,False,False,False,False,0.37465204960657894,2083.0,2083.0,2662115800.0,2662.1158,2216.0,0.9399819494584838,-0.2442996599499878,0.08587047288790295,63.56072391632316,3.051402972459105,-0.058743786714866686,-0.06001805054151621,14.929849352495156,24.77419655567867,24.4868404057996,,0,,False,False,False,False,False,False,False,False,False,6473.T,2026-09-18,True,,2083.0,55.281315,0.8192843,37.68,2542.463,663085252608.0,1793255400.0,1793255400.0,1793255400.0,True,,,True,1793255400.0,2026-10-29,29.0
6,True,42.75668073136428,True,True,False,True,0.5410981610585105,3830.0,3830.0,2622851155.0,2622.851155,4591.0,0.8342409061206709,-0.21947149665276522,0.050295657647168035,93.1862095990282,2.4330603028466893,-0.04082143751565237,-0.16575909387932908,18.0305912826903,22.052176014793574,27.29263089977007,,1,vol_distribution,False,False,False,False,False,False,False,True,False,2579.T,2026-09-18,True,,3830.0,34.676327,1.7032139,110.45,2248.69,619594645504.0,1785393000.0,1793341800.0,1793341800.0,True,,,True,1793341800.0,2026-10-30,30.0
6,True,53.83244206773618,False,False,False,False,0.3411716914225942,1125.0,1125.0,2543086445.0,2543.086445,1238.66357421875,0.9082369284247017,-0.2733297447988259,0.080933886131477,31.17410508003919,2.7710315626701503,-0.03928266438941075,-0.03928266438941075,34.37890294153862,24.47387671164715,16.30658771138952,,1,macd_sell_like,False,False,True,False,False,False,False,False,False,9509.T,2026-09-18,True,,1125.0,5.488876,0.49031746,204.96,2294.432,231018954752.0,1785393000.0,1793255400.0,1793255400.0,True,,,True,1793255400.0,2026-10-29,29.0
6,True,42.842105263157904,True,True,False,True,0.45109096426909623,2599.5,2599.5,2494357652.5,2494.3576525,3046.0,0.853414313854235,-0.16967707658777287,0.015048830254908552,52.19882579510829,2.008033306216899,-0.04640498899486423,-0.11955969517358167,31.683487420778736,20.111443939536077,25.81364652695754,,2,di_bear;vol_distribution,False,False,False,False,False,False,True,True,False,4042.T,2026-09-18,True,,2599.5,19.624792,0.9514269,132.46,2732.212,800361480192.0,1793860200.0,1793860200.0,1793860200.0,True,,,True,1793860200.0,2026-11-05,34.0
6,True,53.18559556786704,False,True,False,True,0.5611657307669409,1375.5,1375.5,2466244797.5,2466.2447975,1417.8673095703125,0.9701189883677113,-0.3612857112887694,0.1211813430950408,27.506694539632296,1.9997596902677062,-0.01749999999999996,-0.01749999999999996,32.185306312689185,25.196052293502053,15.943399915189973,,2,macd_sell_like;vol_distribution,False,False,True,False,False,False,False,True,False,9009.T,2026-09-18,True,,1375.5,13.804697,1.1789067,99.64,1166.759,663320068096.0,1793946600.0,1793946600.0,1793946600.0,True,,,True,1793946600.0,2026-11-06,35.0
6,True,46.17524339360222,False,True,False,True,0.37251938201767887,3647.0,3647.0,2463785245.0,2463.785245,3889.0,0.9377732064798149,-0.17057040507026733,0.08799598420182542,93.50991962361773,2.5640230223092333,-0.06222679352018512,-0.06222679352018512,33.35574515619358,26.487195192612045,24.113569980753972,,2,macd_sell_like;vol_distribution,False,False,True,False,False,False,False,True,False,2212.T,2026-09-18,True,,3647.0,17.098785,1.5228626,213.29,2394.832,718111834112.0,1793082600.0,1793082600.0,1793082600.0,True,,,True,1793082600.0,2026-10-27,27.0
6,True,39.68133535660091,False,True,False,True,0.38133569135756334,5223.0,5223.0,2456471080.0,2456.47108,5581.0,0.9358537896434331,-0.2177278362589019,0.13655323064820224,140.14804259220176,2.6832862835956686,-0.06414621035656687,-0.06414621035656687,18.50363974155746,26.04167295389979,19.64899335775592,,1,vol_distribution,False,False,False,False,False,False,False,True,False,7282.T,2026-09-18,True,,5223.0,10.576942,1.0533453,493.81,4958.488,612456333312.0,1793255400.0,1793255400.0,1793255400.0,True,,,True,1793255400.0,2026-10-29,29.0
6,True,58.484848484848484,False,True,False,True,0.3810281077731581,3547.0,3547.0,2225137695.0,2225.137695,3649.0,0.9720471362016991,-0.21299629568581868,0.06608235828220854,51.074531123296715,1.4399360339243505,-0.010323660714285698,-0.02768640350877194,23.426885908280372,29.5591516963236,14.090254224815691,,1,vol_distribution,False,False,False,False,False,False,False,True,False,9041.T,2026-09-18,True,,3547.0,12.546869,1.085457,282.7,3267.748,674456141824.0,1794551400.0,1794551400.0,1794551400.0,True,,,True,1794551400.0,2026-11-13,40.0
6,True,53.758542141230066,False,True,False,True,0.16815714380262692,1799.5,1799.5,2217772620.0,2217.77262,1855.0,0.9700808625336927,-0.1272862182918687,0.06683028851694184,30.47266387456424,1.6933961586309665,-0.02677122769064355,-0.029919137466307255,24.50886948062263,22.053241567287873,17.874862686298524,,1,vol_distribution,False,False,False,False,False,False,False,True,False,9007.T,2026-09-18,True,,1799.5,16.63585,1.2116565,108.17,1485.157,616461500416.0,1794378600.0,1794378600.0,1794378600.0,True,,,True,1794378600.0,2026-11-11,38.0
6,True,36.17391304347826,False,False,False,True,0.27060944537332626,4039.0,4039.0,2194416090.0,2194.41609,4386.0,0.9208846329229367,-0.1823973499830821,0.04599471439197611,87.72474581238465,2.171942208774069,-0.03787517865650314,-0.0516553181498004,10.417150215453473,25.61690489159707,24.868899906085964,,1,macd_sell_like,False,False,True,False,False,False,False,False,False,4676.T,2026-09-18,True,,4039.0,123.06521,1.0669196,32.82,3785.665,575539707904.0,1785825000.0,1794292200.0,1794292200.0,True,,,True,1794292200.0,2026-11-10,37.0
6,True,42.20338983050847,False,True,False,True,0.4812416892557325,2836.5,2836.5,2157000292.5,2157.0002925,3029.0,0.9364476724991746,-0.1812714671039971,0.10989812892044437,48.105457714138055,1.695944216962385,-0.02709655290687707,-0.0635523275008254,15.635112396934197,20.779818329220337,22.656572432840683,,1,vol_distribution,False,False,False,False,False,False,False,True,False,4613.T,2026-09-18,True,,2836.5,19.093296,1.6729658,148.56,1695.492,502809165824.0,1793946600.0,1793946600.0,1793946600.0,True,,,True,1793946600.0,2026-11-06,35.0
6,True,40.57692307692308,False,True,False,True,0.3980072023119571,2960.0,2960.0,2106960725.0,2106.960725,3198.0,0.9255784865540964,-0.13280409262861703,0.03834542388362716,46.395595647362754,1.5674187718703634,-0.02727571475517576,-0.07442151344590364,13.228436116991858,21.694190063937214,19.918114852958766,,1,vol_distribution,False,False,False,False,False,False,False,True,False,9001.T,2026-09-18,True,,2960.0,10.4638,0.9227977,282.88,3207.637,578772795392.0,1793860200.0,1793860200.0,1793860200.0,True,,,True,1793860200.0,2026-11-05,34.0
6,True,43.900000000000006,False,False,False,True,0.37016053834822205,2644.5,2644.5,2044360360.0,2044.36036,2909.5,0.9089190582574326,-0.1543220484619351,0.031527042001177286,53.341236214287626,2.0170631958513,-0.04115300942712108,-0.04115300942712108,16.110638021054886,21.926967285071882,23.07147450530255,,0,,False,False,False,False,False,False,False,False,False,7276.T,2026-09-18,True,,2644.5,43.93587,1.1108185,60.19,2380.677,680931360768.0,1785306600.0,1793169000.0,1793169000.0,True,,,True,1793169000.0,2026-10-28,28.0
6,True,49.30875576036866,True,False,False,True,0.4501776710269552,1142.0,1142.0,2017434642.5,2017.4346425,1321.5,0.8641695043511162,-0.1759364358683314,0.00813296209504788,30.630165988761483,2.682151137369657,-0.03669337832138342,-0.13254842385112042,14.295375986471017,29.10326519430605,18.971699844970168,,0,,False,False,False,False,False,False,False,False,False,2264.T,2026-09-18,True,,1142.0,16.574745,0.33288512,68.9,3430.613,368632168448.0,1794205800.0,1794205800.0,1794205800.0,True,,,True,1794205800.0,2026-11-09,36.0
6,True,52.11538461538462,True,False,False,True,0.35170639730592046,12760.0,12760.0,1988322400.0,1988.3224,16640.0,0.7668269230769231,-0.32752403846153844,0.029882941163034804,615.3235735671734,4.8222850593038675,0.0,-0.2313253012048193,21.28384173857461,28.315620971643707,23.58606647836117,,0,,False,False,False,False,False,False,False,False,False,6507.T,2026-09-18,True,,12760.0,24.837952,3.5342305,513.73,3610.404,360032075776.0,1793946600.0,1793946600.0,1793946600.0,True,,,True,1793946600.0,2026-11-06,35.0
6,False,52.456418383518226,True,False,True,True,0.4511124690277087,2022.5,2022.5,1985693732.5,1985.6937325,2319.0,0.8721431651573954,-0.24536438119879256,0.013210562438318085,39.565342892441144,1.9562592283036413,-0.025770712909441218,-0.025770712909441218,11.041480575281149,24.354838728992284,16.628249310719468,,1,trend_break,True,False,False,False,False,False,False,False,False,4666.T,2026-09-18,True,,2022.5,9.242334,2.9306753,218.83,690.114,345303777280.0,1788157800.0,1788157800.0,1788157800.0,True,,,True,1788157800.0,2026-08-31,-14.0
6,True,41.83673469387755,False,False,False,True,0.2974036859807999,1848.0,1848.0,1974775977.5,1974.7759775,2163.0,0.8543689320388349,-0.23803661335349158,0.05504947813589767,47.660501002136385,2.579031439509545,-0.044220325833979834,-0.1456310679611651,11.883710917329974,20.96960515570673,21.965504054904844,,0,,False,False,False,False,False,False,False,False,False,2501.T,2026-09-18,True,,1848.0,76.237625,1.4049737,24.24,1315.327,720670097408.0,1786084200.0,1794465000.0,1794465000.0,True,,,True,1794465000.0,2026-11-12,39.0
6,True,53.73665480427047,True,False,False,True,0.4032678664802147,7400.0,7400.0,1887226250.0,1887.22625,9157.2958984375,0.8080988189169092,-0.44961918279172675,0.0820933486964095,362.5542057702933,4.899381159058018,-0.006711409395973145,-0.04884318766066842,13.585338411883551,27.85581164481049,22.851193218083893,,0,,False,False,False,False,False,False,False,False,False,7721.T,2026-09-18,True,,7400.0,30.344036,2.686947,243.87,2754.055,121604096000.0,,1754550000.0,1754982000.0,True,,,True,1754550000.0,2025-08-07,-291.0
6,True,51.94805194805195,False,True,False,True,0.40577343964186546,83400.0,83400.0,1885270935.0,1885.270935,87000.0,0.9586206896551724,-0.1448275862068965,0.0363780073233797,1180.1582226757102,1.415057820954089,-0.015348288075560768,-0.015348288075560768,21.832943516457853,19.370455144810453,14.185661383392459,,2,macd_sell_like;vol_distribution,False,False,True,False,False,False,False,True,False,8985.T,2026-09-18,True,,83400.0,16.947535,1.4386932,4921.07,57969.273,492394086400.0,1787725800.0,1787725800.0,1787725800.0,True,,,True,1787725800.0,2026-08-26,-17.0
6,True,41.51624548736462,True,True,False,True,0.3624038345818296,1697.0,1697.0,1882374585.0,1882.374585,1887.0,0.899311075781664,-0.19190283400809716,0.1721022413784421,47.39320844784081,2.7927641984585043,-0.026949541284403633,-0.10068892421833597,7.473943459537735,15.471632052425191,19.088992789898104,,1,vol_distribution,False,False,False,False,False,False,False,True,False,7173.T,2026-09-18,True,,1697.0,13.225781,1.2289407,128.31,1380.864,485775015936.0,1785738600.0,1793341800.0,1793341800.0,True,,,True,1793341800.0,2026-10-30,30.0
6,True,53.125,True,True,False,True,0.3416437897264776,2481.0,2481.0,1874226085.0,1874.226085,2484.0,0.998792270531401,-0.15823525207783895,0.4264124207505282,82.20963861395715,3.3135686664231017,-0.0012077294685990392,-0.0012077294685990392,22.438994316355195,29.930717982534926,18.24991860892393,,1,ext_dev200;vol_distribution,False,False,False,False,False,True,False,True,False,8368.T,2026-09-18,True,,2481.0,22.49524,1.1434222,110.29,2169.802,598887497728.0,1794292200.0,1794292200.0,1794292200.0,True,,,True,1794292200.0,2026-11-10,37.0
6,True,53.36538461538461,True,False,False,False,0.6354972235052434,3430.0,3430.0,1817521950.0,1817.52195,3632.0,0.9443832599118943,-0.2765229996583306,0.1860576295419214,84.64284036642185,2.4677212934816866,-0.0052204176334106345,-0.05561674008810569,18.090259343597687,27.07416493193837,17.337156426709257,,0,ext_dev200,False,False,False,False,False,True,False,False,False,3774.T,2026-09-18,True,,3430.0,24.587814,3.777741,139.5,907.95,608241909760.0,1793946600.0,1793946600.0,1793946600.0,True,,,True,1793946600.0,2026-11-06,35.0
6,True,46.23893805309734,False,True,False,True,0.43279527354148495,4172.0,4172.0,1713021590.0,1713.02159,4755.0703125,0.8773792448521233,-0.3091436936559495,0.03950226205442653,108.71209746735944,2.605754972851377,-0.033811949976841116,-0.037156704361874016,10.357891771134758,23.708037994042463,21.700789270076122,,1,vol_distribution,False,False,False,False,False,False,False,True,False,5233.T,2026-09-18,True,,4172.0,18.31833,0.6744214,227.75,6186.043,454594396160.0,1794292200.0,1794292200.0,1794292200.0,True,,,True,1794292200.0,2026-11-10,37.0
6,True,40.472440944881896,False,True,False,False,0.46810809280266574,3514.0,3514.0,1698305030.0,1698.30503,3787.0,0.9279112754158965,-0.14924240356084428,0.07728501701537493,76.60731308174732,2.180060133231284,-0.04743833017077803,-0.04743833017077803,12.968218209973339,26.90041415604388,22.34877991263354,,1,vol_distribution,False,False,False,False,False,False,False,True,False,6923.T,2026-09-18,True,,3514.0,14.608797,0.9371899,240.54,3749.507,432609624064.0,1792996200.0,1792996200.0,1792996200.0,True,,,True,1792996200.0,2026-10-26,26.0
6,True,48.51599318857665,False,True,False,True,0.2997282199396773,780.4000244140625,780.4000244140625,1692803396.0610962,1692.8033960610962,840.7999877929688,0.9281636961752923,-0.1374201646903792,0.004161965340895302,15.265753399564868,1.9561446594042144,-0.03547145227768789,-0.07183630382470774,15.619606364158953,19.317661291240228,26.721472499480058,,1,vol_distribution,False,False,False,False,False,False,False,True,False,9008.T,2026-09-18,True,,780.4,10.690412,0.99351114,73.0,785.497,451760422912.0,1794292200.0,1794292200.0,1794292200.0,True,,,True,1794292200.0,2026-11-10,37.0
6,True,37.5,False,True,False,True,0.32463868211234326,1723.0,1723.0,1684160692.5,1684.1606925,1839.128662109375,0.9368566949654398,-0.1414385315099247,0.021067110654280574,33.71881345609236,1.9569827890941593,-0.040645879732739476,-0.05040041130341655,14.095867335037905,21.74533044611965,25.999581298355366,,2,macd_sell_like;vol_distribution,False,False,True,False,False,False,False,True,False,3048.T,2026-09-18,True,,1723.0,15.084924,1.6189076,114.22,1064.298,295068467200.0,1791527400.0,1791527400.0,1791527400.0,True,,,True,1791527400.0,2026-10-09,15.0
6,True,42.201834862385326,True,False,True,True,0.45184397243539254,3359.0,3359.0,1671096830.0,1671.09683,4063.0,0.8267290179670195,-0.21560423332512924,0.09500840035840974,99.24769925464287,2.9546799420852294,-0.034215066129959726,-0.17327098203298053,8.651204743745618,22.25546848162188,22.060605213078897,,0,,False,False,False,False,False,False,False,False,False,5393.T,2026-09-18,True,,3359.0,20.267906,2.6038094,165.73,1290.033,630531424256.0,1794292200.0,1794292200.0,1794292200.0,True,,,True,1794292200.0,2026-11-10,37.0
6,True,42.45810055865922,False,True,False,True,0.4406418919248855,5738.0,5738.0,1594588305.0,1594.588305,6174.7509765625,0.9292682444651977,-0.3837938812569527,0.040981242360483394,132.11505782758763,2.302458309996299,-0.036439966414777536,-0.04984268918695145,17.58317795819508,21.5493372922337,17.37179660578239,,1,vol_distribution,False,False,False,False,False,False,False,True,False,4922.T,2026-09-18,True,,5738.0,23.873518,1.1448734,240.35,5011.908,325634064384.0,1794292200.0,1794292200.0,1794292200.0,True,,,True,1794292200.0,2026-11-10,37.0
6,True,52.39107332624868,True,True,False,True,0.662154373748479,2343.0,2343.0,1588426975.0,1588.426975,4405.0,0.5318955732122588,-0.5296254256526673,0.11477281065896272,122.82386014605181,5.2421621914661465,-0.020894274968658588,-0.4221948212083847,25.97154366476518,25.84382803507246,24.49679645745909,,0,,False,False,False,False,False,False,False,False,False,4047.T,2026-09-18,True,,2343.0,35.48387,1.7657459,66.03,1326.918,134380298240.0,,1754548200.0,1754980200.0,True,,,True,1754548200.0,2025-08-07,-291.0
6,True,38.96103896103896,False,False,False,True,0.2801682044028182,7280.0,7280.0,1524945950.0,1524.94595,7817.4453125,0.9312505184218389,-0.1893333417866493,0.05466243120773129,217.1599487442791,2.9829663289049324,-0.048366013071895475,-0.06874948157816108,14.31055109088398,19.33063065542122,23.321208890363042,,0,,False,False,False,False,False,False,False,False,False,6432.T,2026-09-18,True,,7280.0,11.899314,1.804634,611.8,4034.059,336284418048.0,1791873000.0,1791873000.0,1791873000.0,True,,,True,1791873000.0,2026-10-13,17.0
6,True,45.59789750328515,False,False,True,True,0.27996914156562575,2684.0,2684.0,1501757452.5,1501.7574525,3057.156982421875,0.8779398687841471,-0.25622119338439087,0.023868956027031762,52.49189805747418,1.955733906761333,-0.02966950737231877,-0.0771831384102235,12.376011298449834,23.72541993658134,23.264112374235584,,0,,False,False,False,False,False,False,False,False,False,2670.T,2026-09-18,True,,2684.0,14.340671,1.6559151,187.16,1620.856,664603000832.0,1791354600.0,1791354600.0,1791354600.0,True,,,True,1791354600.0,2026-10-07,13.0
6,True,35.66666666666667,False,True,False,True,0.45343366550919534,1861.5,1861.5,1467786897.5,1467.7868975,2138.5,0.8704699555763385,-0.1716156184241291,0.04494034489037868,37.89066899547767,2.0354912165177366,-0.05675196351659484,-0.06127080181543121,15.217682848933146,19.315272963738337,27.709265453799276,,2,macd_sell_like;vol_distribution,False,False,True,False,False,False,False,True,False,8282.T,2026-09-18,True,,1861.5,20.411184,1.1310856,91.2,1645.764,287621218304.0,1785997800.0,1793860200.0,1793860200.0,True,,,True,1793860200.0,2026-11-05,34.0
6,True,41.15942028985506,False,False,False,True,0.2297657084494177,2124.5,2124.5,1454897240.0,1454.89724,2291.5,0.9271219725070914,-0.23292883101076622,0.10219071927097478,52.02706720677136,2.448908788268833,-0.07287802749290861,-0.07287802749290861,12.730287878589918,21.812873799210273,21.687491911295556,,0,,False,False,False,False,False,False,False,False,False,8088.T,2026-09-18,True,,2124.5,10.255854,1.0275228,207.15,2067.594,489007349760.0,1785997800.0,1794378600.0,1794378600.0,True,,,True,1794378600.0,2026-11-11,38.0
6,True,55.269320843091336,True,True,False,False,0.585723841443276,3468.0,3468.0,1378668310.0,1378.66831,3582.686279296875,0.9679887463327147,-0.17101309786385166,0.061699272304827524,47.482837265651526,1.369170624730436,-0.0020143884892086517,-0.0020143884892086517,24.705708987487874,35.44101017947462,16.528028902249865,,1,vol_distribution,False,False,False,False,False,False,False,True,False,9744.T,2026-09-18,True,,3468.0,17.789177,6.0686026,194.95,571.466,267752882176.0,1793255400.0,1793255400.0,1793255400.0,True,,,True,1793255400.0,2026-10-29,29.0
6,True,43.31550802139037,False,True,False,True,0.4019220988199826,3635.0,3635.0,1376097990.0,1376.09799,3897.0,0.932768796510136,-0.32878226838946345,0.07887472539212226,84.13386688722883,2.314549295384562,-0.032215122470713564,-0.05116157661185072,9.654483893119172,21.389762044768602,21.12697805999387,,2,macd_sell_like;vol_distribution,False,False,True,False,False,False,False,True,False,9468.T,2026-09-18,True,,3635.0,472.07794,2.2349784,7.7,1626.414,534220242944.0,1786602600.0,1793860200.0,1793860200.0,True,,,True,1793860200.0,2026-11-05,34.0
6,True,52.18508997429306,False,True,False,True,0.38042829898104624,1537.0,1537.0,1348181615.0,1348.181615,1637.0,0.938912645082468,-0.1552023779559647,0.09466031724645818,26.990405562446195,1.7560446039327389,-0.017263427109974416,-0.06108735491753203,10.666904631871732,22.599590540854706,19.010141140445914,,1,vol_distribution,False,False,False,False,False,False,False,True,False,9301.T,2026-09-18,True,,1537.0,9.867111,1.3791097,155.77,1114.487,522239213568.0,1793341800.0,1793341800.0,1793341800.0,True,,,True,1793341800.0,2026-10-30,30.0
6,True,52.243589743589745,False,True,False,True,0.3779118037740609,1905.0,1905.0,1299249160.0,1299.24916,1994.5,0.9551265981448984,-0.13736715205249883,0.07217128906986803,24.760415964076277,1.2997593681929804,-0.00858704137392663,-0.04487340185510158,13.991005473651246,24.231109544213673,14.264403534225108,,1,vol_distribution,False,False,False,False,False,False,False,True,False,9048.T,2026-09-18,True,,1905.0,18.326118,0.75213414,103.95,2532.793,373628174336.0,1786343400.0,1793946600.0,1793946600.0,True,,,True,1793946600.0,2026-11-06,35.0
6,True,42.21824686940966,False,True,False,False,0.28943182567994197,6061.0,6061.0,1286140825.0,1286.140825,6345.0,0.9552403467297085,-0.12218226549738687,0.16888363854036315,121.92059360544393,2.0115590431520203,-0.04445845814283467,-0.04475965327029152,21.06040805973165,26.200537785601867,22.37479787645758,,1,vol_distribution,False,False,False,False,False,False,False,True,False,4118.T,2026-09-18,True,,6061.0,12.130248,0.7219059,499.66,8395.831,363830935552.0,1786602600.0,1795069800.0,1795069800.0,True,,,True,1795069800.0,2026-11-19,44.0
6,True,53.33333333333333,False,False,True,True,0.3024235936205015,761.0,761.0,1280736285.0,1280.736285,814.9531860351562,0.9337959689468239,-0.16321064914206518,0.017752031894753717,14.660494306694003,1.926477569867806,-0.027423770013099258,-0.059763092910599336,6.919434569370403,21.670414162091713,21.707339476410645,,1,macd_sell_like,False,False,True,False,False,False,False,False,False,3387.T,2026-09-18,True,,761.0,68.62038,7.049952,11.09,107.944,343211769856.0,1791959400.0,1791959400.0,1791959400.0,True,,,True,1791959400.0,2026-10-14,18.0
6,True,38.08510638297872,False,True,False,True,0.5391185071899867,1429.0,1429.0,1280606247.5,1280.6062475,1614.8819580078125,0.8848943991936572,-0.29406604962857297,0.03957683349141616,28.068392845599607,1.9641982397200566,-0.05986842105263157,-0.05986842105263157,17.043840461070076,22.947030566526383,21.586333861249674,,1,vol_distribution,False,False,False,False,False,False,False,True,False,4202.T,2026-09-18,True,,1429.0,36.820404,0.992109,38.81,1440.366,365126647808.0,1793860200.0,1793860200.0,1793860200.0,True,,,True,1793860200.0,2026-11-05,34.0
6,True,46.15384615384615,False,False,True,True,0.5026468962089061,2964.0,2964.0,1228631835.0,1228.631835,3231.342529296875,0.9172658030298486,-0.4979472016364006,0.24307863882663594,37.91746511494423,1.2792667042828687,-0.005369127516778538,-0.07950310559006213,26.896896060800263,27.83785764461172,15.20737437233359,,2,cross_sma25_down;macd_sell_like;ext_dev200,False,True,True,False,False,True,False,False,False,4413.T,2026-09-18,True,,2964.0,37.724323,11.454763,78.57,258.757,92462727168.0,,1744700400.0,1744700400.0,True,,,True,1744700400.0,2025-04-15,-373.0
6,True,45.67901234567901,False,True,False,False,0.4615988801712204,2994.0,2994.0,1223299980.0,1223.29998,3135.0,0.9550239234449761,-0.38134426765081697,0.13137124743403228,93.32311981299188,3.1170046697726077,-0.04497607655502389,-0.04497607655502389,32.98448994486326,26.265664225904562,18.095757995831484,,2,macd_sell_like;vol_distribution,False,False,True,False,False,False,False,True,False,4816.T,2026-09-18,True,,2994.0,24.410925,3.6315954,122.65,824.431,611713024000.0,1793341800.0,1793341800.0,1793341800.0,True,,,True,1793341800.0,2026-10-30,30.0
6,True,47.68392370572207,False,False,True,False,0.44726670019637665,2188.0,2188.0,1221651360.0,1221.65136,2315.0,0.9451403887688985,-0.1950839269859691,0.08927640942852988,54.208924047254676,2.477555943658806,-0.0548596112311015,-0.0548596112311015,15.218328230462468,26.458423559273886,20.028756818429557,,0,,False,False,False,False,False,False,False,False,False,8117.T,2026-09-18,True,,2188.0,12.535809,1.907758,174.54,1146.896,121621880832.0,,1754284800.0,1754630400.0,True,,,True,1754284800.0,2025-08-04,-294.0
6,True,59.90675990675991,True,False,True,False,0.34381403747023237,5860.0,5860.0,1214130595.0,1214.130595,6067.66943359375,0.965774431869346,-0.19181972542760317,0.05309296689589216,96.7964395876223,1.6518163752153976,-0.008963301200744178,-0.008963301200744178,35.21124357048926,28.60485089105239,7.960020746606708,,0,,False,False,False,False,False,False,False,False,False,4967.T,2026-09-18,True,,5860.0,270.1706,2.0774977,21.69,2820.701,435624345600.0,1794378600.0,1794378600.0,1794378600.0,True,,,True,1794378600.0,2026-11-11,38.0
6,True,53.45622119815668,True,False,True,True,0.4261763516433047,2195.0,2195.0,1203124020.0,1203.12402,2718.0,0.8075791022810891,-0.27489233126721613,0.11434377097497572,106.3955964937923,4.8471797947057995,-0.01921358355674707,-0.1924208977189109,10.291024720622534,25.320828677257488,22.26161991665152,,0,,False,False,False,False,False,False,False,False,False,6055.T,2026-09-18,True,,2195.0,21.27969,3.5841942,103.15,612.411,225589297152.0,1794465000.0,1794465000.0,1794465000.0,True,,,True,1794465000.0,2026-11-12,39.0
6,True,35.657370517928285,False,True,False,True,0.3754734209420514,1295.5,1295.5,1163151387.5,1163.1513875,1392.5,0.9303411131059246,-0.18994352802938053,0.11665844754179533,39.253178192694655,3.029963581064813,-0.05952813067150631,-0.0696588868940754,13.93839769714021,19.385037064914034,27.306270969605613,,2,macd_sell_like;vol_distribution,False,False,True,False,False,False,False,True,False,2433.T,2026-09-18,True,,1295.5,28.14469,1.2116853,46.03,1069.172,465125998592.0,1785911400.0,1794465000.0,1794465000.0,True,,,True,1794465000.0,2026-11-12,39.0
6,True,46.32034632034632,False,True,False,False,0.43141197726316916,2067.5,2067.5,1162632540.0,1162.63254,2180.5,0.9481770236184361,-0.12772299931208442,0.09583086197802704,40.98582002974899,1.9823854911607737,-0.022458628841607542,-0.03432975245212522,14.684697486582245,20.56172302067138,23.18671027659497,,1,vol_distribution,False,False,False,False,False,False,False,True,False,4272.T,2026-09-18,True,,2067.5,12.828865,1.0774627,161.16,1918.86,298109468672.0,1794292200.0,1794292200.0,1794292200.0,True,,,True,1794292200.0,2026-11-10,37.0
6,True,53.65168539325842,True,False,True,False,0.5833065426900959,1795.0,1795.0,1157806690.0,1157.80669,1795.0,1.0,-0.5279213740398769,0.4996055309884804,81.73914718424908,4.553712935055659,0.0,0.0,33.94335183707773,31.239581039878317,13.666821483487473,,0,ext_dev200,False,False,False,False,False,True,False,False,False,4475.T,2026-09-18,True,,1795.0,39.13233,13.06186,45.87,137.423,55954759680.0,1793860200.0,1793860200.0,1793860200.0,True,,,True,1793860200.0,2026-11-05,34.0
6,True,43.354655294953794,False,False,False,False,0.4157552027766171,2991.5,2991.5,1104912482.5,1104.9124825,3253.59375,0.9194448446429428,-0.15570282860298712,0.02234986486300894,64.64808062446336,2.1610590213760106,-0.03593296809539159,-0.03933847141939628,11.81779696370086,22.281246378200827,17.222143276669115,,1,macd_sell_like,False,False,True,False,False,False,False,False,False,7240.T,2026-09-18,True,,2991.5,10.497965,0.7518859,284.96,3978.662,470161031168.0,1785997800.0,1794292200.0,1794292200.0,True,,,True,1794292200.0,2026-11-10,37.0
6,True,48.03149606299212,True,False,False,True,0.4297307274351852,1176.0,1176.0,1087052160.0,1087.05216,1453.0,0.8093599449415003,-0.23446557533084833,0.031059731077484276,31.13095404171133,2.6471899695332763,-0.023255813953488413,-0.1301775147928994,13.38587375762372,26.35857270146338,22.21146531579807,,0,,False,False,False,False,False,False,False,False,False,7004.T,2026-09-18,True,,1176.0,17.753624,1.0074626,66.24,1167.289,197862637568.0,1785997800.0,1793860200.0,1793860200.0,True,,,True,1793860200.0,2026-11-05,34.0
6,True,37.857900318133616,False,False,False,True,0.575641741466598,3969.0,3969.0,1084067570.0,1084.06757,4343.0,0.9138844116969836,-0.32731704760192315,0.12354530746262293,107.33028003741948,2.7042146645860288,-0.0680911011974642,-0.08611558830301635,15.08890897994956,22.481291896286756,21.95233591952589,,0,,False,False,False,False,False,False,False,False,False,9449.T,2026-09-18,True,,3969.0,22.12128,2.4819932,179.42,1599.118,372254900224.0,1794551400.0,1794551400.0,1794551400.0,True,,,True,1794551400.0,2026-11-13,40.0
6,True,49.39393939393939,False,True,False,True,0.24019059318376676,1567.5,1567.5,1064667282.5,1064.6672825,1651.5,0.9491371480472298,-0.11909146715776553,0.026823298561438502,22.4898679079927,1.4347603131095823,-0.01166456494325352,-0.05086285195277018,10.96493517656545,19.185562897500404,15.31264600850302,,1,vol_distribution,False,False,False,False,False,False,False,True,False,9006.T,2026-09-18,True,,1567.5,15.375184,1.1053717,101.95,1418.075,413046407168.0,1785911400.0,1794292200.0,1794292200.0,True,,,True,1794292200.0,2026-11-10,37.0
6,True,44.183673469387756,False,True,False,True,0.30159684009740767,4000.0,4000.0,1052196490.0,1052.19649,4711.6865234375,0.8489529131665841,-0.27329630632940405,0.028413334913723665,112.94245045624203,2.823561261406051,-0.051683262209577974,-0.051683262209577974,14.104638732614415,20.40573348812448,16.43052768751656,,2,macd_sell_like;vol_distribution,False,False,True,False,False,False,False,True,False,3549.T,2026-09-18,True,,4000.0,22.583559,2.6932817,177.12,1485.177,379852259328.0,1790836200.0,1790836200.0,1790836200.0,True,,,True,1790836200.0,2026-10-01,9.0
6,True,36.62790697674418,False,False,True,True,0.45185213184139145,1626.0,1626.0,1030406272.5,1030.4062725,1791.9859619140625,0.9073731795662233,-0.21140856824502596,0.030196403277952255,33.059857236696075,2.033201552072329,-0.04292546738621539,-0.04292546738621539,17.55716801665158,20.6474125301023,20.298347888996158,,1,macd_sell_like,False,False,True,False,False,False,False,False,False,8570.T,2026-09-18,True,,1626.0,16.64619,0.73615104,97.68,2208.786,351027658752.0,1791527400.0,1791527400.0,1791527400.0,True,,,True,1791527400.0,2026-10-09,15.0
6,True,50.6993006993007,False,False,False,True,0.3862398900927221,10930.0,10930.0,992251500.0,992.2515,13110.0,0.8337147215865751,-0.33943554538520215,0.14413857471952096,397.36736827007576,3.635566040897308,-0.0214861235452104,-0.07294317217981339,13.587397710261731,22.47401099012243,20.81575103685809,,0,,False,False,False,False,False,False,False,False,False,6875.T,2026-09-18,True,,10930.0,18.916252,0.45781922,577.81,23874.053,150843850752.0,1785997800.0,1793946600.0,1793946600.0,True,,,True,1793946600.0,2026-11-06,35.0
6,True,46.753246753246756,False,False,True,True,0.3686273948125792,4025.0,4025.0,939437400.0,939.4374,4310.0,0.9338747099767981,-0.2713792962902324,0.14861638836421176,135.44597928782505,3.365117497834163,-0.026602176541717037,-0.06612529002320189,21.231504136775527,35.19707743174942,20.402225380125287,,0,,False,False,False,False,False,False,False,False,False,8022.T,2026-09-18,True,,4025.0,16.78552,1.7178771,239.79,2343.008,306133106688.0,1786084200.0,1793946600.0,1793946600.0,True,,,True,1793946600.0,2026-11-06,35.0
6,True,39.285714285714285,False,False,True,True,0.44733756817136716,3156.0,3156.0,846062700.0,846.0627,3402.95458984375,0.9274293607734891,-0.17630402463621986,0.02581118039474095,36.44786231823475,1.1548752318832303,-0.020788085634501963,-0.024721878862793534,16.803666318795123,22.48723049718301,18.67482529586331,,0,,False,False,False,False,False,False,False,False,False,7164.T,2026-09-18,True,,3156.0,12.949286,1.7257746,243.72,1828.744,420002103296.0,1793860200.0,1793860200.0,1793860200.0,True,,,True,1793860200.0,2026-11-05,34.0
6,True,42.16524216524216,False,False,True,False,0.5216941401677448,3015.0,3015.0,838029030.0,838.02903,3345.0,0.9013452914798207,-0.2532427652422552,0.12331291442916403,86.4649437908612,2.8678256647051805,-0.07515337423312884,-0.09865470852017932,15.013484566568778,18.479257631537465,23.804345671998608,,1,macd_sell_like,False,False,True,False,False,False,False,False,False,7716.T,2026-09-18,True,,3015.0,108.962776,2.052326,27.67,1469.065,246649257984.0,1794551400.0,1794551400.0,1794551400.0,True,,,True,1794551400.0,2026-11-13,40.0
6,True,31.056679340379645,False,False,False,True,0.3955500909027241,892.7999877929688,892.7999877929688,836229583.62854,836.22958362854,948.6768188476562,0.941100246211813,-0.18664314586497788,0.03601513908310605,16.020799366651254,1.7944443980398344,-0.039483606462647924,-0.039483606462647924,29.51702850971684,19.082334213089837,14.523701977519368,,1,macd_sell_like,False,False,True,False,False,False,False,False,False,7984.T,2026-09-18,True,,892.8,17.132988,1.4759367,52.11,604.904,370012094464.0,1793255400.0,1793255400.0,1793255400.0,True,,,True,1793255400.0,2026-10-29,29.0
6,True,50.53191489361702,True,False,True,False,0.3078044040300118,3623.0,3623.0,772356215.0,772.356215,3888.0244140625,0.9318357124754825,-0.25365794204308756,0.09950148965115657,77.18688140754777,2.130468711221302,-0.018157181571815673,-0.018157181571815673,21.599886383365536,34.165712581916615,18.562022963774876,,0,,False,False,False,False,False,False,False,False,False,4544.T,2026-09-18,True,,3623.0,29.833662,1.4818548,121.44,2444.909,197801213952.0,1794378600.0,1794378600.0,1794378600.0,True,,,True,1794378600.0,2026-11-11,38.0
6,True,35.785953177257525,False,False,True,True,0.47212514658229887,2296.0,2296.0,767837215.0,767.837215,2381.0,0.9643007139857203,-0.1433378936765347,0.4450946379660994,43.780316482854516,1.9068082091835592,-0.03569928601427974,-0.03569928601427974,28.991767504595185,26.604660351179326,21.647828353886336,,0,ext_dev200,False,False,False,False,False,True,False,False,False,1518.T,2026-09-18,True,,2296.0,15.48213,1.4674921,148.3,1564.574,85016199168.0,,1754542800.0,1754888400.0,True,,,True,1754542800.0,2025-08-07,-291.0
6,True,53.84615384615384,True,False,False,True,0.3975027359765966,3135.0,3135.0,741481220.0,741.48122,3135.0,1.0,-0.1365531619179986,0.4893761801247629,115.32932559333807,3.6787663666136545,0.0,0.0,26.369178905993692,23.63254899150247,12.550176963942029,,0,ext_dev200,False,False,False,False,False,True,False,False,False,8392.T,2026-09-18,True,,3135.0,22.566946,0.8998456,138.92,3483.931,237371162624.0,,1754546400.0,1754978400.0,True,,,True,1754546400.0,2025-08-07,-291.0
6,True,43.069306930693074,False,False,True,True,0.29107936507434357,1599.0,1599.0,738795915.0,738.795915,1673.817138671875,0.9553014860803491,-0.14449125598683765,0.04693412067846303,26.90323440759745,1.682503715296901,-0.04469851391965085,-0.04469851391965085,16.757040123110244,20.881185283942553,22.692571960326827,,0,,False,False,False,False,False,False,False,False,False,3612.T,2026-09-18,True,,1599.0,9.335591,1.2268922,171.28,1303.293,121845088256.0,,1751349600.0,1751868000.0,True,,,True,1751349600.0,2025-07-01,-318.0
6,True,29.35779816513761,True,True,False,True,0.34257655008026056,1326.0,1326.0,731343040.0,731.34304,1590.0,0.8339622641509434,-0.2132450331125828,0.03797375345657561,34.46037103875061,2.598821345305476,-0.06355932203389836,-0.16603773584905657,13.876609847505938,20.1291209048522,19.245266275300317,,1,vol_distribution,False,False,False,False,False,False,False,True,False,3863.T,2026-09-18,True,,1326.0,13.044762,0.29674172,101.65,4468.532,152899076096.0,1785911400.0,1793860200.0,1793860200.0,True,,,True,1793860200.0,2026-11-05,34.0
6,True,39.329268292682926,False,False,True,True,0.25058557363643846,3027.0,3027.0,722034015.0,722.034015,3195.0,0.9474178403755869,-0.20745274520927315,0.018516439724059364,47.949185857881865,1.5840497475349147,-0.022602518566354535,-0.05258215962441315,12.939200521278735,22.894954893016767,17.86334911693226,,1,macd_sell_like,False,False,True,False,False,False,False,False,False,2229.T,2026-09-18,True,,3027.0,21.627607,1.7735006,139.96,1706.794,368046440448.0,1793946600.0,1793946600.0,1793946600.0,True,,,True,1793946600.0,2026-11-06,35.0
6,True,37.037037037037045,False,True,False,True,0.38447144611750955,1357.5,1357.5,706468152.5,706.4681525,1428.5,0.9502975148757438,-0.1363313690404624,0.03738973546726876,22.10028567466728,1.6280136776918808,-0.03035714285714286,-0.049702485124256235,14.724075389509544,23.01135215581563,22.788386500646396,,2,macd_sell_like;vol_distribution,False,False,True,False,False,False,False,True,False,4927.T,2026-09-18,True,,1357.5,26.487804,1.8569664,51.25,731.031,300391989248.0,1794205800.0,1794205800.0,1794205800.0,True,,,True,1794205800.0,2026-11-09,36.0
6,True,61.11111111111111,True,False,True,True,0.2274317122748975,1898.0,1898.0,703189625.0,703.189625,2002.6407470703125,0.9477486178070667,-0.127926304337053,0.02234781348568271,28.14015838511244,1.4826216219764192,-0.0030356968817165653,-0.03803442554255898,10.028675975355808,19.769693484778667,17.810444859574478,,0,,False,False,False,False,False,False,False,False,False,9842.T,2026-09-18,True,,1898.0,14.669964,0.93375784,129.38,2032.647,119238082560.0,,1751522400.0,1751868000.0,True,,,True,1751522400.0,2025-07-03,-316.0
6,True,38.75,False,False,False,True,0.591643496680389,4075.0,4075.0,671491575.0,671.491575,4501.83984375,0.9051854667058867,-0.20365892070169223,0.014241762839977135,50.72040040405671,1.244672402553539,-0.03664302600472813,-0.03891509433962259,17.89731758599442,21.92885349088278,24.02803769004382,,0,,False,False,False,False,False,False,False,False,False,3002.T,2026-09-18,True,,4075.0,260.88348,1.1835417,15.62,3443.056,127730696192.0,1785911400.0,1793860200.0,1793860200.0,True,,,True,1793860200.0,2026-11-05,34.0
6,True,51.12994350282486,False,True,False,False,0.3880223456401574,3097.0,3097.0,669375077.5,669.3750775,3161.0,0.9797532426447326,-0.11563206012272254,0.14089572775403902,60.84856604208948,1.964758348146254,-0.020246757355267375,-0.020246757355267375,29.073470036149654,27.089248767273904,13.331836633284647,,2,macd_sell_like;vol_distribution,False,False,True,False,False,False,False,True,False,9934.T,2026-09-18,True,,3097.0,15.026686,1.6751832,206.1,1848.753,347774976000.0,1793341800.0,1793341800.0,1793341800.0,True,,,True,1793341800.0,2026-10-30,30.0
6,True,48.82629107981221,True,False,True,False,0.3306629008940693,1453.0,1453.0,658214365.0,658.214365,1536.6666259765625,0.9455531703739634,-0.2360086565595093,0.07858662709295383,29.927254816526496,2.0596871862716104,-0.003429355281207136,-0.003429355281207136,16.899294322339742,33.08862180118201,16.50572942929686,,0,,False,False,False,False,False,False,False,False,False,6196.T,2026-09-18,True,,1453.0,17.326496,3.9039307,83.86,372.189,83704840192.0,,1753682400.0,1754028000.0,True,,,True,1753682400.0,2025-07-28,-299.0
6,True,52.631578947368425,True,False,True,True,0.18059650239055172,4540.0,4540.0,645502600.0,645.5026,4915.0,0.9237029501525941,-0.2115971515768057,0.06302774025996238,131.03494821368864,2.88623233950856,0.0,-0.07441386340468914,14.30476687152974,30.609109653633965,21.192826707406734,,0,,False,False,False,False,False,False,False,False,False,6104.T,2026-09-18,True,,4540.0,104.39181,0.9137863,43.49,4968.339,107357437952.0,,1753768800.0,1754287200.0,True,,,True,1753768800.0,2025-07-29,-298.0
6,True,47.916666666666664,True,True,False,True,0.410327745850322,3665.0,3665.0,635287250.0,635.28725,4540.0,0.8072687224669604,-0.31497797356828194,0.08387810783234761,116.90084202248737,3.1896546254430382,-0.009459459459459474,-0.1555299539170507,10.69712622340181,26.32844018491145,21.65395929828555,,0,,False,False,False,False,False,False,False,False,False,5331.T,2026-09-18,True,,3665.0,14.399654,1.1222675,254.52,3265.71,201627303936.0,,1754287800.0,1754633400.0,True,,,True,1754287800.0,2025-08-04,-294.0
6,True,52.87828947368421,True,False,False,True,0.48191026426795947,3260.0,3260.0,608806875.0,608.806875,3520.0,0.9261363636363636,-0.49951690821256034,0.21078864681369458,179.69678644775524,5.512171363428075,0.0,0.0,34.33358554013695,28.59062236181992,12.03147378409363,,0,ext_dev200,False,False,False,False,False,True,False,False,False,5574.T,2026-09-18,True,,3260.0,63.080494,6.130297,51.68,531.785,32391823360.0,,1744612200.0,1744612200.0,True,,,True,1744612200.0,2025-04-14,-374.0
6,True,51.00401606425704,True,False,False,True,0.5211774292231015,3030.0,3030.0,594892845.0,594.892845,3715.0,0.8156123822341858,-0.2134589502018842,0.028091501346426462,64.85442553696792,2.1404100837283146,-0.022580645161290325,-0.18438761776581425,33.22967902578482,20.511898196519198,28.248921120403132,,1,di_bear,False,False,False,False,False,False,True,False,False,6013.T,2026-09-18,True,,3030.0,16.368645,1.9869739,185.11,1524.932,217707151360.0,1785911400.0,1793860200.0,1793860200.0,True,,,True,1793860200.0,2026-11-05,34.0
6,True,43.346007604562736,False,False,False,True,0.2618660165862638,2516.0,2516.0,587911830.0,587.91183,2667.0,0.943382077240345,-0.1781027371578553,0.11463200143508034,43.70176685323037,1.7369541674574867,-0.014878621769772948,-0.03453568687643904,17.99093792645003,20.13684601153071,16.725030548175436,,0,,False,False,False,False,False,False,False,False,False,2730.T,2026-09-18,True,,2516.0,17.24587,1.1092042,145.89,2268.293,266041114624.0,1793860200.0,1793860200.0,1793860200.0,True,,,True,1793860200.0,2026-11-05,34.0
6,True,45.8980044345898,True,True,False,True,0.28147103832809006,1882.0,1882.0,569430717.5,569.4307175,1901.5,0.989744938206679,-0.17385138633785524,0.10473370470691945,31.217663799937,1.6587494048850693,-0.01025506179332103,-0.01025506179332103,18.896584186266452,28.443527474474813,18.298954077809167,,1,vol_distribution,False,False,False,False,False,False,False,True,False,7458.T,2026-09-18,True,,1882.0,12.277383,1.5743263,153.29,1195.432,194555314176.0,1794205800.0,1794205800.0,1794205800.0,True,,,True,1794205800.0,2026-11-09,36.0
6,True,46.63865546218487,False,False,False,True,0.3665926489178305,1834.5,1834.5,565155910.0,565.15591,1963.528076171875,0.9342876337050244,-0.13551749549990666,0.017139224054136815,23.55241640679683,1.2838602565711,-0.020555258942872356,-0.029365079365079372,16.781489231956098,26.823148908514383,19.520885065437664,,0,,False,False,False,False,False,False,False,False,False,7313.T,2026-09-18,True,,1834.5,30.402718,0.6876195,60.34,2667.9,214255386624.0,1786084200.0,1794551400.0,1794551400.0,True,,,True,1794551400.0,2026-11-13,40.0
6,True,53.125,True,False,True,False,0.557797567978116,1731.0,1731.0,565110735.0,565.110735,1746.69580078125,0.9910140043994897,-0.41879390689683504,0.3206624018885815,49.57289681803237,2.8638299721566938,-0.004027617951668616,-0.004027617951668616,32.37661808510828,35.9928553708319,20.44447718939135,,0,ext_dev200,False,False,False,False,False,True,False,False,False,4849.T,2026-09-18,True,,1731.0,26.557226,1.8911502,65.18,915.316,65399762944.0,1785997800.0,1794465000.0,1794465000.0,True,,,True,1794465000.0,2026-11-12,39.0
6,True,48.21428571428571,False,False,False,True,0.4448026378702081,2210.0,2210.0,561066625.0,561.066625,2250.0,0.9822222222222222,-0.20976023909939778,0.10375122580658425,32.4555293372821,1.4685759881123122,-0.01777777777777778,-0.01777777777777778,23.225958164516143,28.590446701770123,20.981163230203826,,0,,False,False,False,False,False,False,False,False,False,6412.T,2026-09-18,True,,2210.0,18.681318,0.86289126,118.3,2561.157,217965510656.0,1794465000.0,1794465000.0,1794465000.0,True,,,True,1794465000.0,2026-11-12,39.0
6,True,46.36363636363636,True,False,True,True,0.4037399839412175,6970.0,6970.0,558895100.0,558.8951,8600.0,0.8104651162790698,-0.2441860465116279,0.14781603280948685,296.20176572615406,4.249666653172942,-0.03328710124826628,-0.18479532163742685,15.302117730872808,21.268204137936113,23.501228786048014,,0,,False,False,False,False,False,False,False,False,False,6617.T,2026-09-18,True,,6970.0,16.955338,1.5617325,411.08,4462.992,108666814464.0,,1753340400.0,1753686000.0,True,,,True,1753340400.0,2025-07-24,-301.0
6,True,45.199999999999996,True,False,False,True,0.4584957592444498,1417.0,1417.0,547583795.0,547.583795,1713.0,0.827203736135435,-0.45845070422535217,0.22343433645739363,72.81562133311903,5.1387171018432625,-0.032764505119453946,-0.17279626386456504,11.7622368004857,26.20983856516588,20.82417892402599,,0,ext_dev200,False,False,False,False,False,True,False,False,False,4419.T,2026-09-18,True,,1417.0,48.610634,6.7766294,29.15,209.101,73539862528.0,,1747094400.0,1747094400.0,True,,,True,1747094400.0,2025-05-13,-353.0
6,True,49.62121803241451,False,True,False,True,0.42351859543352227,486.1000061035156,486.1000061035156,547024639.5932007,547.0246395932007,522.4464721679688,0.9304302584078554,-0.15378889579068955,0.015560857645341875,6.6764227212811855,1.3734669075193207,-0.017384285205791605,-0.017384285205791605,16.61910746490269,22.11146054675616,14.040718059353802,,1,vol_distribution,False,False,False,False,False,False,False,True,False,8572.T,2026-09-18,True,,486.1,9.567015,1.063895,50.81,456.906,761531006976.0,1793946600.0,1793946600.0,1793946600.0,True,,,True,1793946600.0,2026-11-06,35.0
6,True,52.0,False,True,False,True,0.383464905769183,3750.0,3750.0,539133100.0,539.1331,4005.0,0.9363295880149812,-0.10986267166042452,0.10120093005236752,78.13250510525702,2.0835334694735206,-0.01832460732984298,-0.06367041198501877,19.933132660427493,22.031471158298864,18.017216000974425,,1,vol_distribution,False,False,False,False,False,False,False,True,False,2270.T,2026-09-18,True,,3750.0,7.144626,0.92388904,524.87,4058.929,223406784512.0,1794292200.0,1794292200.0,1794292200.0,True,,,True,1794292200.0,2026-11-10,37.0
6,True,54.78374836173001,True,True,False,False,0.47822753034883575,2813.0,2813.0,532573815.0,532.573815,2813.0,1.0,-0.18324443019901304,0.1314572550200741,89.49195990867226,3.18137077528163,0.0,0.0,14.272155040204321,33.3580770056897,17.649766874608897,,0,,False,False,False,False,False,False,False,False,False,7287.T,2026-09-18,True,,2813.0,19.685095,0.6923043,142.9,4063.242,161698054144.0,,1754456400.0,1754888400.0,True,,,True,1754456400.0,2025-08-06,-292.0
6,True,52.272727272727266,False,False,True,False,0.4027842915447413,272.0,272.0,529913300.0,529.9133,292.8246154785156,0.9288836580746965,-0.22772276402234137,0.06021601275447952,6.367134294339965,2.3408581964485164,-0.00366300366300365,-0.00366300366300365,22.72492716018955,27.974955153160508,16.031007225475747,,0,,False,False,False,False,False,False,False,False,False,2353.T,2026-09-18,True,,272.0,14.912281,4.1147285,18.24,66.104,84315848704.0,,1749191400.0,1749191400.0,True,,,True,1749191400.0,2025-06-06,-335.0
6,True,54.931714719271625,True,False,False,True,0.5850334739086778,2532.0,2532.0,529773770.0,529.77377,2544.0,0.9952830188679245,-0.32426864914342224,0.26086830907813674,67.58953756457643,2.669413015978532,-0.004716981132075526,-0.004716981132075526,37.22265464610769,37.34707383881017,16.122579236441183,,0,ext_dev200,False,False,False,False,False,True,False,False,False,3762.T,2026-09-18,True,,2532.0,19.708881,3.8751917,128.47,653.387,101271494656.0,,1753770600.0,1754289000.0,True,,,True,1753770600.0,2025-07-29,-298.0
6,True,54.92063492063493,False,False,True,True,0.43302370308608445,2840.0,2840.0,524995055.0,524.995055,2871.0,0.9892023685127134,-0.2600701482311376,0.10864380698255749,51.909944772172004,1.82781495676662,-0.01079763148728663,-0.01079763148728663,25.622547530562226,22.546053460481545,15.179406010424696,,1,macd_sell_like,False,False,True,False,False,False,False,False,False,7947.T,2026-09-18,True,,2840.0,15.456623,1.4008055,183.74,2027.405,229690048512.0,1793341800.0,1793341800.0,1793341800.0,True,,,True,1793341800.0,2026-10-30,30.0
6,True,46.89655172413793,False,True,False,True,0.42805584046143086,4750.0,4750.0,524581600.0,524.5816,5202.873046875,0.912957121422171,-0.2677122878697955,0.07497890925746664,95.65427721918958,2.0137742572460966,-0.024640657084188944,-0.024640657084188944,21.856975252980867,25.09463607093024,17.728826990334102,,1,vol_distribution,False,False,False,False,False,False,False,True,False,7242.T,2026-09-18,True,,4750.0,7.519987,0.83462054,631.65,5691.209,191095619584.0,1785997800.0,1794465000.0,1794465000.0,True,,,True,1794465000.0,2026-11-12,39.0
6,True,62.3728813559322,True,True,False,True,0.32662490931262184,1929.0,1929.0,518374605.0,518.374605,1940.0,0.9943298969072165,-0.12125532369618186,0.1333845799337523,41.771327209730366,2.165439461364975,0.0,-0.005670103092783485,22.479527503358355,25.87692725704126,14.924795055994455,,0,,False,False,False,False,False,False,False,False,False,6454.T,2026-09-18,True,,1929.0,25.192635,3.0644732,76.57,629.472,340519649280.0,1785393000.0,1793341800.0,1793341800.0,True,,,True,1793341800.0,2026-10-30,30.0
6,True,45.33001245330013,False,True,False,True,0.4449748074566518,2918.0,2918.0,502268915.0,502.268915,3485.0,0.8373027259684361,-0.35281976950181015,0.08452774969705135,100.39450585746879,3.4405245324698006,-0.07658227848101262,-0.11441578148710163,11.742839347030497,23.08134906579998,23.487760145853517,,0,,False,False,False,False,False,False,False,False,False,6363.T,2026-09-18,True,,2918.0,13.011103,1.2451907,224.27,2343.416,76791758848.0,,1754463600.0,1754982000.0,True,,,True,1754463600.0,2025-08-06,-292.0
6,True,46.875,False,False,False,False,0.29217270406089546,5450.0,5450.0,498435450.0,498.43545,5750.0,0.9478260869565217,-0.1007194244604317,0.17898387908181368,127.83543536574021,2.345604318637435,-0.05217391304347829,-0.05217391304347829,24.91096906400588,19.48333200394485,14.848030927457895,,0,,False,False,False,False,False,False,False,False,False,9678.T,2026-09-18,True,,5450.0,14.831547,1.2041405,367.46,4526.05,184898273280.0,,1756965600.0,1757311200.0,True,,,True,1756965600.0,2025-09-04,-271.0
6,True,46.62162162162162,False,False,False,False,0.6119311084815693,1753.0,1753.0,497125965.0,497.125965,1909.0,0.9182818229439497,-0.2739654269250916,0.1201999832472076,44.20816628108436,2.521857745640865,-0.02230897936419407,-0.02230897936419407,37.028602018390345,26.788869223813467,13.561485375136662,,1,macd_sell_like,False,False,True,False,False,False,False,False,False,9119.T,2026-09-18,True,,1753.0,12.055567,1.1057781,145.41,1585.309,185472303104.0,1793860200.0,1793860200.0,1793860200.0,True,,,True,1793860200.0,2026-11-05,34.0
6,True,60.6060606060606,True,False,True,False,0.523496252256737,1049.0,1049.0,482517645.0,482.517645,1064.908447265625,0.9850612066168943,-0.2655756343560013,0.1399762276229699,26.33216125147214,2.510215562580757,-0.0019029495718363432,-0.0019029495718363432,20.531406478625925,34.55532303280873,18.723128054075286,,0,,False,False,False,False,False,False,False,False,False,2124.T,2026-09-18,True,,1049.0,18.448822,7.641206,56.86,137.282,166742360064.0,1794551400.0,1794551400.0,1794551400.0,True,,,True,1794551400.0,2026-11-13,40.0
6,True,36.15384615384615,False,False,False,True,0.20307146884568283,3320.0,3320.0,479832350.0,479.83235,3610.697021484375,0.9194900542043076,-0.16359639647680457,0.01722490260427345,73.8411319990282,2.22413048189844,-0.06478873239436622,-0.0674157303370787,23.199633676287668,20.80755987306511,25.575609893343497,,1,di_bear,False,False,False,False,False,False,True,False,False,3569.T,2026-09-18,True,,3320.0,12.585769,1.1779357,263.79,2818.49,193753333760.0,,,,True,,,True,,,
6,True,37.38317757009346,False,False,True,False,0.42566899248356876,1807.0,1807.0,479193235.0,479.193235,1903.0,0.9495533368365738,-0.1362809052325188,0.04543337880426623,31.902301975113353,1.7654843373056641,-0.050446663163426164,-0.050446663163426164,21.878086238818334,17.5657243032898,25.175033087105703,,1,di_bear,False,False,False,False,False,False,True,False,False,4045.T,2026-09-18,True,,1807.0,14.830926,0.8703975,121.84,2076.063,191011864576.0,1793341800.0,1793341800.0,1793341800.0,True,,,True,1793341800.0,2026-10-30,30.0
6,True,35.04950495049505,False,False,False,True,0.5600626011684172,2640.0,2640.0,479006250.0,479.00625,2809.0,0.9398362406550373,-0.259189100162731,0.125863372176525,58.22057619706235,2.2053248559493315,-0.05545617173524153,-0.06016375934496265,19.216715003267222,23.45883699166228,24.244598332497485,,0,,False,False,False,False,False,False,False,False,False,9010.T,2026-09-18,True,,2640.0,3.9275196,3.3523128,672.18,787.516,140844023808.0,,1754373600.0,1754892000.0,True,,,True,1754373600.0,2025-08-05,-293.0
6,True,57.49999999999999,True,False,False,False,0.4673468423890703,3925.0,3925.0,467589375.0,467.589375,4239.23388671875,0.9258748408047914,-0.12955970380390303,0.036655429395664685,69.46833176302043,1.7698938028795013,-0.008838383838383868,-0.04268292682926833,20.878957132622503,28.914143818054416,13.542174729491677,,0,,False,False,False,False,False,False,False,False,False,1926.T,2026-09-18,True,,3925.0,13.59637,1.9081696,288.68,2056.945,161132232704.0,,1754377200.0,1754982000.0,True,,,True,1754377200.0,2025-08-05,-293.0
6,True,49.6,False,False,True,True,0.49531794131073914,3740.0,3740.0,461999225.0,461.999225,3917.160888671875,0.9547731396011304,-0.19444444271316907,0.07076177986918042,73.52710703931393,1.9659654288586612,-0.01708278580814715,-0.01708278580814715,25.658716548806872,21.02819102317642,12.873170912853219,,1,macd_sell_like,False,False,True,False,False,False,False,False,False,9948.T,2026-09-18,True,,3740.0,16.166681,1.0171018,231.34,3677.115,199268515840.0,1791873000.0,1791873000.0,1791873000.0,True,,,True,1791873000.0,2026-10-13,17.0
6,True,65.11627906976744,True,False,False,False,0.6062400064315204,2662.0,2662.0,460094455.0,460.094455,2662.0,1.0,-0.1781762685997711,0.14338742569264418,44.393399540639265,1.6676709068609792,0.0,0.0,34.309573462825824,33.36884507913316,10.237212048178183,,0,,False,False,False,False,False,False,False,False,False,9536.T,2026-09-18,True,,2662.0,13.570555,0.7831105,196.16,3399.265,95809437696.0,,1753774200.0,1754292600.0,True,,,True,1753774200.0,2025-07-29,-298.0
6,True,50.0,True,True,False,False,0.31769079156564856,2718.0,2718.0,447017240.0,447.01724,2798.0,0.9714081486776269,-0.14616823942759283,0.09270079666638065,51.56986857138971,1.8973461578877744,-0.011276827937431788,-0.01521739130434785,10.666751541613802,23.727896005390757,25.64422788317059,,1,vol_distribution,False,False,False,False,False,False,False,True,False,6371.T,2026-09-18,True,,2718.0,9.1889515,0.93198854,295.79,2916.345,274532876288.0,1793341800.0,1793341800.0,1793341800.0,True,,,True,1793341800.0,2026-10-30,30.0
6,True,42.857142857142854,False,False,True,False,0.4597849675610728,3840.0,3840.0,443044625.0,443.044625,4170.0,0.920863309352518,-0.3499374096680783,0.13204353425338144,152.29863183593744,3.966110204060871,-0.07913669064748197,-0.07913669064748197,24.938421375886293,23.061370936339483,24.117950539530504,,1,di_bear,False,False,False,False,False,False,True,False,False,3399.T,2026-09-18,True,,3840.0,18.461538,50.16526,208.0,76.547,75646828544.0,,1749812340.0,1749812340.0,True,,,True,1749812340.0,2025-06-13,-330.0
6,True,48.421052631578945,False,False,True,False,0.36158521223244544,1374.0,1374.0,437543225.0,437.543225,1464.6236572265625,0.9381249532742294,-0.20013473691088757,0.07882547305286969,41.82054941043298,3.043708108474016,-0.05110497237569056,-0.05110497237569056,17.547237558014363,21.047480065088735,17.556658762025855,,0,,False,False,False,False,False,False,False,False,False,6395.T,2026-09-18,True,,1374.0,6.9041758,0.8007502,199.01,1715.891,174079967232.0,1785825000.0,1793946600.0,1793946600.0,True,,,True,1793946600.0,2026-11-06,35.0
6,True,51.49700598802396,True,False,True,True,0.2625052634171404,842.0,842.0,410837090.0,410.83709,920.0,0.9152173913043479,-0.2152173913043478,0.05726440055014148,21.87208143413326,2.5976343746001493,-0.016355140186915862,-0.016355140186915862,14.965946118308356,28.28975352572779,20.884400524570506,,0,,False,False,False,False,False,False,False,False,False,6727.T,2026-09-18,True,,842.0,11.862496,3.036379,70.98,277.304,111784452096.0,1785393000.0,1793341800.0,1793341800.0,True,,,True,1793341800.0,2026-10-30,30.0
6,True,35.35353535353535,False,False,True,True,0.3746873739359227,2029.0,2029.0,410005060.0,410.00506,2316.7275390625,0.8758043256226266,-0.2339756100439695,0.022046324638300252,35.62102762738557,1.7555952502407872,-0.05363805970149249,-0.05363805970149249,13.48576742384819,26.000224847032232,24.881919412052497,,0,,False,False,False,False,False,False,False,False,False,4825.T,2026-09-18,True,,2029.0,23.683905,3.775017,85.67,537.481,90115776512.0,,1751868000.0,1752213600.0,True,,,True,1751868000.0,2025-07-07,-314.0
6,True,41.66666666666667,False,False,True,True,0.27970660016263316,455.0,455.0,386894830.0,386.89483,468.0,0.9722222222222222,-0.26267392865766326,0.1228504408676736,7.24315993897231,1.5919032832906175,-0.02777777777777779,-0.02777777777777779,23.73083129442402,28.103343012393527,17.86930109820563,,0,,False,False,False,False,False,False,False,False,False,8897.T,2026-09-18,True,,455.0,13.119954,0.7325854,34.68,621.088,60796502016.0,,1754553600.0,1754985600.0,True,,,True,1754553600.0,2025-08-07,-291.0
6,True,51.533742331288344,True,False,False,False,0.402865804082107,3205.0,3205.0,386054050.0,386.05405,3345.0,0.9581464872944694,-0.1732309062750349,0.053112410335095284,72.17373275492535,2.251910538375206,-0.018376722817764146,-0.041853512705530616,13.409789377874489,25.13620147993738,15.210040618621962,,0,,False,False,False,False,False,False,False,False,False,6995.T,2026-09-18,True,,3205.0,9.25605,0.7817115,346.26,4099.978,277901017088.0,1785393000.0,1793860200.0,1793860200.0,True,,,True,1793860200.0,2026-11-05,34.0
6,True,62.7906976744186,True,False,False,True,0.33680144818462576,4600.0,4600.0,383629250.0,383.62925,4605.0,0.998914223669924,-0.12486181323396817,0.13332532548188203,83.48830749070406,1.8149632063196535,-0.0010857763300760048,-0.0010857763300760048,30.19996022214427,31.014799238791795,14.72502390933399,,0,,False,False,False,False,False,False,False,False,False,7516.T,2026-09-18,True,,4600.0,10.638052,0.72701675,432.41,6327.227,132871553024.0,,1752040800.0,1752472800.0,True,,,True,1752040800.0,2025-07-09,-312.0
6,True,43.95161290322581,True,False,True,True,0.5319115692143935,1893.0,1893.0,379058420.0,379.05842,2053.0,0.9220652703360935,-0.33973595491610875,0.17915727458325836,65.46709039707582,3.4583777283188497,-0.04874371859296478,-0.07793472966390647,13.208722535782677,25.963973450397432,20.98877910085479,,0,,False,False,False,False,False,False,False,False,False,3663.T,2026-09-18,True,,1893.0,24.457363,10.3273325,77.4,183.3,56162979840.0,,1753941600.0,1754287200.0,True,,,True,1753941600.0,2025-07-31,-296.0
6,True,52.287581699346404,False,False,False,True,0.45086088431917676,1600.0,1600.0,378969065.0,378.969065,1682.774169921875,0.950810886331992,-0.17154566107660008,0.03546588524637029,24.382436989293613,1.5239023118308508,-0.012954966070326979,-0.012954966070326979,23.954125677114263,24.28523998690719,17.506847229063762,,1,macd_sell_like,False,False,True,False,False,False,False,False,False,3050.T,2026-09-18,True,,1600.0,12.589504,0.7651087,127.09,2091.206,218609844224.0,1790663400.0,1790663400.0,1790663400.0,True,,,True,1790663400.0,2026-09-29,7.0
6,True,49.73821989528796,True,True,False,False,0.31984475358936654,4295.0,4295.0,376509200.0,376.5092,4325.0,0.9930635838150289,-0.220855614973262,0.21763832031117114,111.15842774522677,2.588089120959878,-0.006936416184971095,-0.006936416184971095,21.97747204552506,29.899632633356,14.326421961385865,,1,ext_dev200;vol_distribution,False,False,False,False,False,True,False,True,False,6080.T,2026-09-18,True,,4295.0,23.47636,2.861685,182.95,1500.864,136489000960.0,,1753682400.0,1754028000.0,True,,,True,1753682400.0,2025-07-28,-299.0
6,True,44.57142857142856,False,False,False,False,0.41059906138221497,1108.0,1108.0,342056410.0,342.05641,1145.9669189453125,0.9668690969018066,-0.19020350006780107,0.08384388239322549,19.198376676886987,1.7327054762533383,-0.028070175438596467,-0.028070175438596467,25.906300929595307,31.33822454805926,20.834410949205644,,0,,False,False,False,False,False,False,False,False,False,7241.T,2026-09-18,True,,1108.0,6.177864,0.7106058,179.35,1559.233,98947768320.0,,1753687200.0,1754032800.0,True,,,True,1753687200.0,2025-07-28,-299.0
6,True,51.35135135135135,True,True,False,True,0.2752409293246521,5260.0,5260.0,337442925.0,337.442925,5260.0,1.0,-0.17529880478087645,0.2243101632177309,135.44259750981183,2.5749543252815936,0.0,0.0,29.374831693551446,40.14966986742545,17.071130531359575,,0,ext_dev200,False,False,False,False,False,True,False,False,False,2384.T,2026-09-18,True,,5260.0,10.490208,1.9979087,501.42,2632.753,208913350656.0,,1754452800.0,1754971200.0,True,,,True,1754452800.0,2025-08-06,-292.0
6,True,40.90909090909091,True,False,False,True,0.4240384856602767,5420.0,5420.0,335751250.0,335.75125,6590.0,0.8224582701062215,-0.23216995447647948,0.039100468745506545,188.474001113098,3.477380094337602,-0.07191780821917804,-0.17754172989377848,12.254880322735886,22.51753124922918,26.14806472811831,,0,,False,False,False,False,False,False,False,False,False,6474.T,2026-09-18,True,,5420.0,17.680063,0.66412747,306.56,8161.084,118135603200.0,,1752040800.0,1752472800.0,True,,,True,1752040800.0,2025-07-09,-312.0
6,True,48.93617021276596,False,True,False,True,0.5143492011269933,3215.0,3215.0,335598375.0,335.598375,3272.587158203125,0.9824031705133426,-0.1367685982270006,0.05075510725356924,35.22116896879949,1.0955262509735455,-0.009244992295839749,-0.009244992295839749,33.52110661600561,24.87608112401888,10.371882943797557,,1,vol_distribution,False,False,False,False,False,False,False,True,False,8130.T,2026-09-18,True,,3215.0,12.910091,1.5550618,249.03,2067.442,189014638592.0,1794551400.0,1794551400.0,1794551400.0,True,,,True,1794551400.0,2026-11-13,40.0
6,True,46.45669291338583,True,False,False,True,0.36914897869114927,2651.0,2651.0,333344090.0,333.34409,2699.0,0.9822156354205261,-0.19770456917530044,0.10954206558564072,56.690227927022725,2.1384469229355987,-0.017055988134964783,-0.017784364579473855,16.2706750543555,24.7809272251815,17.95164151916253,,0,,False,False,False,False,False,False,False,False,False,4633.T,2026-09-18,True,,2651.0,10.775546,1.0250006,246.02,2586.34,129239261184.0,,1754546400.0,1754978400.0,True,,,True,1754546400.0,2025-08-07,-291.0
6,True,41.988950276243095,False,False,False,True,0.36662082956288566,1743.0,1743.0,303025575.0,303.025575,1881.0,0.9266347687400319,-0.16666670236233194,0.0458984274429155,24.76688477057454,1.4209342955005473,-0.0322043309272626,-0.07336523125996808,12.660041586891682,23.3599532549419,24.686703051793547,,1,macd_sell_like,False,False,True,False,False,False,False,False,False,9882.T,2026-09-18,True,,1743.0,12.692056,1.1905249,137.33,1464.06,146342297600.0,,1753768800.0,1754287200.0,True,,,True,1753768800.0,2025-07-29,-298.0
6,True,39.89071038251366,False,False,False,False,0.37548906891385386,1300.0,1300.0,301336890.0,301.33689,1364.0023193359375,0.953077558279302,-0.17228879746359083,0.04768140721840375,21.225792645986065,1.6327532804604665,-0.029126213592232997,-0.029126213592232997,24.6402288257485,25.1238611040143,19.02458930295825,,0,,False,False,False,False,False,False,False,False,False,3284.T,2026-09-18,True,,1300.0,7.456266,1.0403271,174.35,1249.607,53172162560.0,,1754463600.0,1754982000.0,True,,,True,1754463600.0,2025-08-06,-292.0
6,True,35.616438356164394,False,True,False,True,0.34002658139102737,1225.0,1225.0,300802445.0,300.802445,1505.0,0.813953488372093,-0.2637873754152824,0.06722970520559346,21.51384851656948,1.7562325319648557,-0.04296875,-0.04296875,14.211234274124418,23.154850626723835,21.32855624904402,,2,macd_sell_like;vol_distribution,False,False,True,False,False,False,False,True,False,3608.T,2026-09-18,True,,1225.0,20.274744,0.7419404,60.42,1651.076,69788696576.0,,1752127200.0,1752472800.0,True,,,True,1752127200.0,2025-07-10,-311.0
6,True,47.05882352941176,False,False,True,True,0.41257270245591277,2279.0,2279.0,294584765.0,294.584765,2421.8271484375,0.9410250444464426,-0.14730289347255054,0.017403536493473926,37.99455586454561,1.6671590989269685,-0.034322033898305127,-0.05897495555355736,11.579225261747755,15.495325630090601,20.4779783392065,,1,macd_sell_like,False,False,True,False,False,False,False,False,False,8200.T,2026-09-18,True,,2279.0,34.19868,3.845719,66.64,592.607,59058921472.0,,1752129000.0,1752474600.0,True,,,True,1752129000.0,2025-07-10,-311.0
6,True,69.20152091254752,True,False,False,True,0.460503064389099,2985.0,2985.0,294237205.0,294.237205,3050.0,0.978688524590164,-0.14524590163934425,0.06523565772232764,39.036452568480826,1.30775385489048,-0.0050000000000000044,-0.0050000000000000044,34.27655191542269,29.655018810203476,10.102904385028395,,0,,False,False,False,False,False,False,False,False,False,9347.T,2026-09-18,True,,2985.0,15.237367,1.4149354,195.9,2109.637,108418031616.0,,1746701940.0,1746701940.0,True,,,True,1746701940.0,2025-05-08,-356.0
6,True,51.24999999999999,True,False,False,True,0.2674736347056725,2138.0,2138.0,292616580.0,292.61658,2418.1005859375,0.8841650394667496,-0.25211433342689316,0.0497929138178137,32.663444474780626,1.5277569913367925,0.0,-0.00742804085422466,10.140888410726248,23.84019429200511,15.644709803309729,,0,,False,False,False,False,False,False,False,False,False,7172.T,2026-09-18,True,,2138.0,10.574736,1.6123886,202.18,1325.983,132768899072.0,,1753768800.0,1754287200.0,True,,,True,1753768800.0,2025-07-29,-298.0
6,True,66.79245283018868,True,False,False,True,0.3115943914971719,3220.0,3220.0,284567960.0,284.56796,3435.0,0.9374090247452693,-0.20669577874818046,0.13373346823684695,96.02917067391645,2.9822723811775296,-0.0015503875968991832,-0.0015503875968991832,29.34464302230749,33.16926016550359,14.107792332157649,,0,,False,False,False,False,False,False,False,False,False,1982.T,2026-09-18,True,,3220.0,16.129839,1.8408868,199.63,1749.157,132873428992.0,,1754460000.0,1754978400.0,True,,,True,1754460000.0,2025-08-06,-292.0
6,True,36.46616541353384,False,False,True,False,0.36105027685565855,1783.0,1783.0,280471015.0,280.471015,1890.0,0.9433862433862434,-0.2827516755711874,0.19390218229525313,40.31288933687088,2.260958459723549,-0.05661375661375656,-0.05661375661375656,26.922537803446513,21.786888031101203,16.204688886215703,,0,ext_dev200,False,False,False,False,False,True,False,False,False,8708.T,2026-09-18,True,,1783.0,20.146893,1.1617929,88.5,1534.697,55608070144.0,,1753678800.0,1754024400.0,True,,,True,1753678800.0,2025-07-28,-299.0
6,True,51.92307692307693,False,False,False,True,0.5765723637900508,4160.0,4160.0,279007600.0,279.0076,4276.00537109375,0.9728706208186831,-0.25863361536522433,0.08910640347405296,73.30886403384515,1.762232308505893,-0.005973715651135025,-0.005973715651135025,23.478213397992093,20.573571543199375,15.799288129222097,,0,,False,False,False,False,False,False,False,False,False,9746.T,2026-09-18,True,,4160.0,15.464108,1.8641292,269.01,2231.605,203852808192.0,1794378600.0,1794378600.0,1794378600.0,True,,,True,1794378600.0,2026-11-11,38.0
6,True,44.33962264150943,True,True,False,False,0.3641090341163994,5020.0,5020.0,274249475.0,274.249475,5180.0,0.9691119691119691,-0.2583046929374089,0.08336342261988872,116.23996046427045,2.315537061041244,-0.030888030888030937,-0.030888030888030937,15.414380004515642,34.706400921840235,22.52881652611283,,0,,False,False,False,False,False,False,False,False,False,6947.T,2026-09-18,True,,5020.0,19.841114,2.5765986,253.01,1948.305,105800294400.0,,1754287200.0,1754632800.0,True,,,True,1754287200.0,2025-08-04,-294.0
6,True,55.28700906344411,True,True,False,False,0.4973342694841285,2478.0,2478.0,271973810.0,271.97381,2565.0,0.9660818713450292,-0.20584795321637428,0.10729740162308277,40.85394690577046,1.6486661382473955,-0.006813627254509069,-0.006813627254509069,31.548404986504924,29.135901263501545,14.11543668870241,,1,vol_distribution,False,False,False,False,False,False,False,True,False,8097.T,2026-09-18,True,,2478.0,16.779524,1.3219582,147.68,1874.492,153344491520.0,,1754287200.0,1754632800.0,True,,,True,1754287200.0,2025-08-04,-294.0
6,True,42.30769230769231,False,True,False,True,0.4781426236357929,3375.0,3375.0,268801400.0,268.8014,3435.0,0.982532751091703,-0.17065976745159595,0.12363178946985198,50.801657829412676,1.505234306056672,-0.017467248908296984,-0.017467248908296984,21.48416346756099,26.699528625151707,14.718850915044262,,0,,False,False,False,False,False,False,False,False,False,4526.T,2026-09-18,True,,3375.0,14.16936,1.1616241,238.19,2905.415,97019011072.0,,1754550000.0,1754982000.0,True,,,True,1754550000.0,2025-08-07,-291.0
6,True,36.73469387755102,False,False,True,False,0.3217603505988788,690.0,690.0,265845620.0,265.84562,742.0,0.9299191374663073,-0.2290135164855388,0.2308986464024001,23.409005196673135,3.392609448793208,-0.07008086253369272,-0.07008086253369272,21.19447188636997,23.450976896392326,17.556367553940515,,0,ext_dev200,False,False,False,False,False,True,False,False,False,2170.T,2026-09-18,True,,690.0,46.52731,5.9898434,14.83,115.195,69864816640.0,,1754548200.0,1754893800.0,True,,,True,1754548200.0,2025-08-07,-291.0
6,True,57.10059171597633,True,True,False,False,0.4630488209353417,1383.0,1383.0,263302385.0,263.302385,1718.522705078125,0.8047609705203913,-0.3861006334786603,0.14951828814028856,35.43577423222088,2.562239640796882,0.0,0.0,22.469000734404137,35.53683662671992,16.729233339258258,,0,,False,False,False,False,False,False,False,False,False,7280.T,2026-09-18,True,,1383.0,5.7579417,0.51058364,240.19,2708.665,63595339776.0,,1754373600.0,1754892000.0,True,,,True,1754373600.0,2025-08-05,-293.0
6,True,40.833333333333336,False,True,False,True,0.33123905343886606,4340.0,4340.0,262947825.0,262.947825,4590.0,0.9455337690631809,-0.09783343475586814,0.0796021693723723,69.56305573061479,1.6028353854980366,-0.030167597765363152,-0.05446623093681913,23.058181732203984,25.08630162751314,24.137089491062074,,0,,False,False,False,False,False,False,False,False,False,5192.T,2026-09-18,True,,4340.0,16.477467,1.187537,263.39,3654.623,120707710976.0,,1754456400.0,1754888400.0,True,,,True,1754456400.0,2025-08-06,-292.0
6,True,47.76119402985074,True,False,True,True,0.4405649948793344,3955.0,3955.0,259319875.0,259.319875,4700.0,0.8414893617021276,-0.2306717729629021,0.080071557140867,127.35016802086695,3.219978963865157,-0.017391304347826098,-0.13646288209606983,11.560744592500534,24.394146737728764,24.11279243673438,,0,,False,False,False,False,False,False,False,False,False,6859.T,2026-09-18,True,,3955.0,14.631891,1.3975765,270.3,2829.899,82660384768.0,,1754463600.0,1754982000.0,True,,,True,1754463600.0,2025-08-06,-292.0
6,True,47.540983606557376,True,True,False,True,0.3714407351752673,1080.0,1080.0,257398465.0,257.398465,1106.0,0.976491862567812,-0.19229567842177075,0.1267574609354234,17.268908514222485,1.598973010576156,-0.0055248618784530246,-0.023508137432188048,19.132730532124206,31.27939774324454,18.684906756132868,,0,,False,False,False,False,False,False,False,False,False,9997.T,2026-09-18,True,,1080.0,9.002251,0.68858445,119.97,1568.435,103868571648.0,,1753768800.0,1754287200.0,True,,,True,1753768800.0,2025-07-29,-298.0
6,True,63.94230769230769,True,False,True,True,0.5049990833092198,1244.0,1244.0,256457280.0,256.45728,1386.277099609375,0.8973674890471278,-0.24251710371574686,0.05173751159703732,27.225280325755936,2.1885273573758792,0.0,-0.10263251095287218,21.670978516311457,33.67277012754824,18.94105076914403,,0,,False,False,False,False,False,False,False,False,False,7818.T,2026-09-18,True,,1244.0,16.745188,3.2212458,74.29,386.186,70339723264.0,,1752040800.0,1752472800.0,True,,,True,1752040800.0,2025-07-09,-312.0
6,True,45.205479452054796,False,False,False,True,0.4329898448031438,1575.0,1575.0,247362020.0,247.36202,1611.0,0.9776536312849162,-0.19614263851519032,0.10491478404459431,27.44060773996327,1.7422608088865568,-0.022346368715083775,-0.022346368715083775,27.146251240021495,30.791862407694392,18.222503961462298,,0,,False,False,False,False,False,False,False,False,False,7575.T,2026-09-18,True,,1575.0,11.819887,1.7143044,133.25,918.74,110493302784.0,1793341800.0,1793341800.0,1793341800.0,True,,,True,1793341800.0,2026-10-30,30.0
6,True,41.379310344827594,False,False,True,True,0.6177565677479724,528.0,528.0,238239815.0,238.239815,560.494140625,0.9420259048760685,-0.22746739240276959,0.058573954487789015,8.50596227564907,1.6109777037214148,-0.027624309392265234,-0.027624309392265234,33.274272551272986,24.61107766194262,19.04414664418671,,0,,False,False,False,False,False,False,False,False,False,7593.T,2026-09-18,True,,528.0,12.732095,0.8653255,41.47,610.175,59905994752.0,,1754550000.0,1754895600.0,True,,,True,1754550000.0,2025-08-07,-291.0
6,True,37.640449438202246,True,False,False,True,0.4302635165248308,8510.0,8510.0,237656450.0,237.65645,10230.0,0.8318670576735093,-0.21166306695464365,0.04531970691741227,228.6777917980835,2.6871655910468095,-0.049162011173184306,-0.16813294232649068,27.717242557100846,16.980627772036286,32.916281048441206,,1,di_bear,False,False,False,False,False,False,True,False,False,6284.T,2026-09-18,True,,8510.0,14.979757,1.9640353,568.1,4332.916,127573901312.0,,1754377200.0,1754982000.0,True,,,True,1754377200.0,2025-08-05,-293.0
6,True,46.268656716417915,True,False,True,False,0.3656469939356001,425.0,425.0,235592420.0,235.59242,437.4857177734375,0.9714602848363074,-0.3706174128776877,0.11461167550983964,8.606133783041779,2.0249726548333595,-0.011627906976744207,-0.011627906976744207,19.402620571141046,22.257987614805742,15.220977060053348,,0,,False,False,False,False,False,False,False,False,False,3632.T,2026-09-18,True,,425.0,17.909819,0.7640161,23.73,556.271,73016434688.0,1786084200.0,1793860200.0,1793860200.0,True,,,True,1793860200.0,2026-11-05,34.0
6,True,46.3768115942029,False,True,False,True,0.5105406756576484,6400.0,6400.0,231401750.0,231.40175,6530.0,0.9800918836140888,-0.20175254848695445,0.11555566775342019,148.68828435863347,2.323254443103648,-0.019908116385911168,-0.019908116385911168,42.40597979709677,26.018318275110552,13.667093515120337,,2,macd_sell_like;vol_distribution,False,False,True,False,False,False,False,True,False,8074.T,2026-09-18,True,,6400.0,11.236152,1.0971053,569.59,5833.533,134770614272.0,,1754542800.0,1754888400.0,True,,,True,1754542800.0,2025-08-07,-291.0
6,True,54.596888260254595,True,False,True,True,0.4448564145712262,2499.0,2499.0,230447935.0,230.447935,2563.0,0.9750292625829107,-0.23778802986276615,0.254030556604496,84.62362146113578,3.38629937819671,-0.000799680127948843,-0.024970737417089328,24.094687283561544,31.424282560798716,16.591963198267873,,0,ext_dev200,False,False,False,False,False,True,False,False,False,3040.T,2026-09-18,True,,2499.0,14.629434,3.2672987,170.82,764.852,46334935040.0,,1754546400.0,1754978400.0,True,,,True,1754546400.0,2025-08-07,-291.0
6,True,36.507936507936506,False,False,True,True,0.5247042024528182,3405.0,3405.0,228565625.0,228.565625,3675.0,0.926530612244898,-0.37188938815249284,0.11874870874185639,78.41712011135712,2.3029991222131314,-0.047552447552447585,-0.07346938775510203,17.717965338450043,28.053515081768026,18.517114527888477,,0,,False,False,False,False,False,False,False,False,False,9828.T,2026-09-18,True,,3405.0,17.207397,3.0269651,197.88,1124.889,60130684928.0,,1753689600.0,1754035200.0,True,,,True,1753689600.0,2025-07-28,-299.0
6,True,52.459016393442624,False,True,False,True,0.31518476219431424,6890.0,6890.0,227171050.0,227.17105,6940.0,0.9927953890489913,-0.0776316766956393,0.1171609074246891,100.86492096668218,1.4639320895019186,-0.007204610951008661,-0.007204610951008661,25.955582004420595,20.52596357286761,11.048501413795364,,1,vol_distribution,False,False,False,False,False,False,False,True,False,8566.T,2026-09-18,True,,6890.0,16.574055,0.88071525,415.71,7823.187,212380385280.0,1793773800.0,1793773800.0,1793773800.0,True,,,True,1793773800.0,2026-11-04,33.0
6,True,40.64327485380117,False,False,True,True,0.3615942317287134,2276.0,2276.0,220910435.0,220.910435,2382.0,0.9554995801847187,-0.13910133186605866,0.13280807316285115,41.733539811172356,1.8336353168353408,-0.03681760473973761,-0.0445004198152813,23.122744415522515,30.091903094782737,23.73712054524724,,0,,False,False,False,False,False,False,False,False,False,5970.T,2026-09-18,True,,2276.0,7.243102,0.4281296,314.23,5316.147,97441447936.0,,1754465400.0,1754983800.0,True,,,True,1754465400.0,2025-08-06,-292.0
6,True,47.27272727272727,False,False,True,True,0.5452947298973186,3635.0,3635.0,217514525.0,217.514525,4381.59130859375,0.8296072691377132,-0.29135335057149947,0.010958173025376938,71.13802905647367,1.9570296851849702,-0.022849462365591378,-0.043421052631578916,13.65571230204798,28.909197696772225,22.376275318784945,,0,,False,False,False,False,False,False,False,False,False,1814.T,2026-09-18,True,,3635.0,9.94528,1.4633832,365.5,2483.97,37423108096.0,,1754290800.0,1754636400.0,True,,,True,1754290800.0,2025-08-04,-294.0
6,True,61.7283950617284,True,True,False,True,0.49581575529948085,6870.0,6870.0,212945000.0,212.945,6950.0,0.9884892086330935,-0.17410071942446048,0.0814277433843622,119.0462625953123,1.7328422502956666,0.0,0.0,30.851083235181335,22.96530022960645,9.965247385912495,,0,,False,False,False,False,False,False,False,False,False,9869.T,2026-09-18,True,,6870.0,14.164365,1.2001709,485.02,5724.185,207351103488.0,1786084200.0,1794378600.0,1794378600.0,True,,,True,1794378600.0,2026-11-11,38.0
6,True,36.82310469314079,False,False,True,True,0.45985571296029915,1991.0,1991.0,212715145.0,212.715145,2184.977294921875,0.9112222834659658,-0.21678002097731686,0.038808698994508006,41.48009481705454,2.083379950630565,-0.03536821705426352,-0.04782400765184125,13.986676078600828,23.522290573011837,23.846334385531996,,0,,False,False,False,False,False,False,False,False,False,7821.T,2026-09-18,True,,1991.0,13.982723,1.7429396,142.39,1142.323,132771856384.0,,1754546400.0,1754978400.0,True,,,True,1754546400.0,2025-08-07,-291.0
6,True,43.58974358974359,False,False,True,True,0.37727382832577816,2086.0,2086.0,209584975.0,209.584975,2164.0,0.9639556377079482,-0.08881038657989182,0.12695362799022858,34.80808541430691,1.6686522250386822,-0.03604436229205177,-0.03604436229205177,16.14965167040876,19.84007601260901,21.3946914152181,,1,macd_sell_like,False,False,True,False,False,False,False,False,False,8008.T,2026-09-18,True,,2086.0,25.0,1.1161759,83.44,1868.881,44796391424.0,,1752040800.0,1752472800.0,True,,,True,1752040800.0,2025-07-09,-312.0
6,True,38.27160493827161,False,False,False,True,0.21361907569983246,3300.0,3300.0,209387700.0,209.3877,3525.0,0.9361702127659575,-0.11468537748314778,0.0077840375531164074,49.89638391410873,1.5120116337608707,-0.0420899854862119,-0.06382978723404253,11.70434668357329,17.760319420691406,22.98866417437119,,1,macd_sell_like,False,False,True,False,False,False,False,False,False,3148.T,2026-09-18,True,,3300.0,12.548482,1.3814635,262.98,2388.771,213187477504.0,,1751846400.0,1752192000.0,True,,,True,1751846400.0,2025-07-07,-314.0
6,True,45.88235294117647,False,False,True,False,0.3930328635592252,610.0,610.0,207013665.0,207.013665,623.0,0.9791332263242376,-0.151280636578757,0.11121723360121227,12.004731053313474,1.9679886972645038,-0.020866773675762396,-0.020866773675762396,33.63267180013747,28.203490473865646,12.890505160834689,,0,,False,False,False,False,False,False,False,False,False,3232.T,2026-09-18,True,,610.0,9.799197,0.83810663,62.25,727.831,61466492928.0,,1754375400.0,1754980200.0,True,,,True,1754375400.0,2025-08-05,-293.0
6,True,38.46153846153846,False,False,True,True,0.5528120368117792,1987.0,1987.0,205344665.0,205.344665,2188.709228515625,0.907841011547969,-0.24567412679129497,0.06772952533934751,38.42276867123187,1.933707532522993,-0.0400966183574879,-0.0400966183574879,26.540320561508626,18.411473045164644,22.443935444304888,,2,macd_sell_like;di_bear,False,False,True,False,False,False,True,False,False,6309.T,2026-09-18,True,,1987.0,14.4236355,1.339438,137.76,1483.458,58400841728.0,,1749711600.0,1749711600.0,True,,,True,1749711600.0,2025-06-12,-331.0
