signal_date,ticker,name,score,sell_score,holding_days,entry_date,entry_price,exit_date,exit_price,return_pct,mfe_pct,mae_pct,status,close,rsi,adx14,plus_di14,minus_di14,pe_ttm,pbr,adv20_m,market_cap,next_earn_date
2026-01-08,9605.T,,8,0,5,2026-01-09 00:00:00,5596.1251707697165,2026-01-16 00:00:00,5566.30615234375,-0.5328511696221616,3.1971580817051537,-2.664293001453366,CLOSED,5610.0,51.85185185185185,15.659066269662969,19.57375238514521,18.886315503779297,17.36197,1.2359052,481.7123,350553407488.0,2026-02-13
2026-01-08,9605.T,,8,0,10,2026-01-09 00:00:00,5596.1251707697165,2026-01-23 00:00:00,5606.0654296875,0.1776275300221064,3.1971580817051537,-2.664293001453366,CLOSED,5610.0,51.85185185185185,15.659066269662969,19.57375238514521,18.886315503779297,17.36197,1.2359052,481.7123,350553407488.0,2026-02-13
2026-01-08,9605.T,,8,0,20,2026-01-09 00:00:00,5596.1251707697165,2026-02-06 00:00:00,5566.30615234375,-0.5328511696221616,3.1971580817051537,-2.664293001453366,CLOSED,5610.0,51.85185185185185,15.659066269662969,19.57375238514521,18.886315503779297,17.36197,1.2359052,481.7123,350553407488.0,2026-02-13
2026-01-08,9605.T,,8,0,40,2026-01-09 00:00:00,5596.1251707697165,2026-03-10 00:00:00,5715.4033203125,2.1314417727074764,4.440505392509819,-10.301943685161818,CLOSED,5610.0,51.85185185185185,15.659066269662969,19.57375238514521,18.886315503779297,17.36197,1.2359052,481.7123,350553407488.0,2026-02-13
2026-01-08,9605.T,,8,0,50,2026-01-09 00:00:00,5596.1251707697165,2026-03-25 00:00:00,5824.74169921875,4.085264740738248,4.9733642692428415,-10.301943685161818,CLOSED,5610.0,51.85185185185185,15.659066269662969,19.57375238514521,18.886315503779297,17.36197,1.2359052,481.7123,350553407488.0,2026-02-13
2026-01-08,9605.T,,8,0,60,2026-01-09 00:00:00,5596.1251707697165,2026-04-08 00:00:00,5884.1298828125,5.146502325343261,8.002774035369576,-10.301943685161818,CLOSED,5610.0,51.85185185185185,15.659066269662969,19.57375238514521,18.886315503779297,17.36197,1.2359052,481.7123,350553407488.0,2026-02-13
2026-01-16,6417.T,,8,0,5,2026-01-19 00:00:00,2427.5914060354135,2026-01-23 00:00:00,2357.44091796875,-2.8897156206871166,0.37350108118734404,-4.108509403023675,CLOSED,2570.5,49.265905383360526,10.627552478573769,19.321500444130475,20.87383364352738,9.933915,2.0386798,1797.0298325,507709030400.0,2026-02-05
2026-01-16,6417.T,,8,0,10,2026-01-19 00:00:00,2427.5914060354135,2026-01-30 00:00:00,2305.424560546875,-5.032430300453794,0.37350108118734404,-6.428139858395598,CLOSED,2570.5,49.265905383360526,10.627552478573769,19.321500444130475,20.87383364352738,9.933915,2.0386798,1797.0298325,507709030400.0,2026-02-05
2026-01-16,6417.T,,8,0,20,2026-01-19 00:00:00,2427.5914060354135,2026-02-16 00:00:00,2103.562744140625,-13.347742996996814,0.37350108118734404,-13.721241434335019,CLOSED,2570.5,49.265905383360526,10.627552478573769,19.321500444130475,20.87383364352738,9.933915,2.0386798,1797.0298325,507709030400.0,2026-02-05
2026-01-16,6417.T,,8,0,40,2026-01-19 00:00:00,2427.5914060354135,2026-03-17 00:00:00,1941.7869873046875,-20.01178688979257,0.37350108118734404,-20.34597210062411,CLOSED,2570.5,49.265905383360526,10.627552478573769,19.321500444130475,20.87383364352738,9.933915,2.0386798,1797.0298325,507709030400.0,2026-02-05
2026-01-16,6417.T,,8,0,50,2026-01-19 00:00:00,2427.5914060354135,2026-04-01 00:00:00,1943.365234375,-19.94677401050865,0.37350108118734404,-23.747341536214194,CLOSED,2570.5,49.265905383360526,10.627552478573769,19.321500444130475,20.87383364352738,9.933915,2.0386798,1797.0298325,507709030400.0,2026-02-05
2026-01-16,6417.T,,8,0,60,2026-01-19 00:00:00,2427.5914060354135,2026-04-15 00:00:00,1926.767822265625,-20.630472760970154,0.37350108118734404,-23.747341536214194,CLOSED,2570.5,49.265905383360526,10.627552478573769,19.321500444130475,20.87383364352738,9.933915,2.0386798,1797.0298325,507709030400.0,2026-02-05
2026-01-16,7177.T,,8,1,5,2026-01-19 00:00:00,857.3518396697964,2026-01-23 00:00:00,845.8436889648438,-1.3422903144856946,0.11185682326622093,-3.020137535283385,CLOSED,888.0,52.05479452054795,21.759816663141542,19.51586959213217,19.64506771600826,11.147376,2.000009,261.165185,104774590464.0,2025-08-04
2026-01-16,7177.T,,8,1,10,2026-01-19 00:00:00,857.3518396697964,2026-01-30 00:00:00,852.5567626953125,-0.5592892850536879,0.11185682326622093,-3.0201387691148107,CLOSED,888.0,52.05479452054795,21.759816663141542,19.51586959213217,19.64506771600826,11.147376,2.000009,261.165185,104774590464.0,2025-08-04
2026-01-16,7177.T,,8,1,20,2026-01-19 00:00:00,857.3518396697964,2026-02-16 00:00:00,852.5567626953125,-0.5592892850536879,1.6778517014059746,-3.0201387691148107,CLOSED,888.0,52.05479452054795,21.759816663141542,19.51586959213217,19.64506771600826,11.147376,2.000009,261.165185,104774590464.0,2025-08-04
2026-01-16,7177.T,,8,1,40,2026-01-19 00:00:00,857.3518396697964,2026-03-17 00:00:00,868.8599243164062,1.342282609557599,6.711407100546651,-3.0201387691148107,CLOSED,888.0,52.05479452054795,21.759816663141542,19.51586959213217,19.64506771600826,11.147376,2.000009,261.165185,104774590464.0,2025-08-04
2026-01-16,7177.T,,8,1,50,2026-01-19 00:00:00,857.3518396697964,2026-04-01 00:00:00,896.7053833007812,4.590127624399987,6.711407100546651,-3.0201387691148107,CLOSED,888.0,52.05479452054795,21.759816663141542,19.51586959213217,19.64506771600826,11.147376,2.000009,261.165185,104774590464.0,2025-08-04
2026-01-16,7177.T,,8,1,60,2026-01-19 00:00:00,857.3518396697964,2026-04-15 00:00:00,929.8085327148438,8.451220338309827,9.01902777463608,-3.0201387691148107,CLOSED,888.0,52.05479452054795,21.759816663141542,19.51586959213217,19.64506771600826,11.147376,2.000009,261.165185,104774590464.0,2025-08-04
2026-01-16,7965.T,,8,1,5,2026-01-19 00:00:00,1553.8298873804915,2026-01-23 00:00:00,1562.703369140625,0.5710716361037926,1.07868776461435,-0.1903519259894182,CLOSED,1584.0,35.07109004739337,20.8675008745466,18.76967599142277,25.88913231694129,17.148424,1.1337682,462.67366,100576567296.0,2025-12-29
2026-01-16,7965.T,,8,1,10,2026-01-19 00:00:00,1553.8298873804915,2026-01-30 00:00:00,1524.251953125,-1.903550349733274,1.07868776461435,-4.695426116659229,CLOSED,1584.0,35.07109004739337,20.8675008745466,18.76967599142277,25.88913231694129,17.148424,1.1337682,462.67366,100576567296.0,2025-12-29
2026-01-16,7965.T,,8,1,20,2026-01-19 00:00:00,1553.8298873804915,2026-02-16 00:00:00,1585.3797607421875,2.0304586504565236,3.6167534328782835,-4.695426116659229,CLOSED,1584.0,35.07109004739337,20.8675008745466,18.76967599142277,25.88913231694129,17.148424,1.1337682,462.67366,100576567296.0,2025-12-29
2026-01-16,7965.T,,8,1,40,2026-01-19 00:00:00,1553.8298873804915,2026-03-17 00:00:00,1508.47705078125,-2.9187774651251663,4.060920737332752,-5.139592875508248,CLOSED,1584.0,35.07109004739337,20.8675008745466,18.76967599142277,25.88913231694129,17.148424,1.1337682,462.67366,100576567296.0,2025-12-29
2026-01-16,7965.T,,8,1,50,2026-01-19 00:00:00,1553.8298873804915,2026-04-01 00:00:00,1683.9730224609375,8.375635977748285,10.342641080388892,-6.2817233442505565,CLOSED,1584.0,35.07109004739337,20.8675008745466,18.76967599142277,25.88913231694129,17.148424,1.1337682,462.67366,100576567296.0,2025-12-29
2026-01-16,7965.T,,8,1,60,2026-01-19 00:00:00,1553.8298873804915,2026-04-15 00:00:00,1666.226318359375,7.233509400978622,11.294418988113296,-6.2817233442505565,CLOSED,1584.0,35.07109004739337,20.8675008745466,18.76967599142277,25.88913231694129,17.148424,1.1337682,462.67366,100576567296.0,2025-12-29
2026-01-22,4221.T,,8,0,5,2026-01-23 00:00:00,4815.555771691735,2026-01-29 00:00:00,4600.4443359375,-4.467011617200411,0.8121827411167404,-5.583762809772985,CLOSED,4925.0,53.98230088495575,12.226449454665511,25.78359254944158,22.849259030886586,12.725112,0.89500487,407.41409470703127,55636037632.0,2025-08-07
2026-01-22,4221.T,,8,0,10,2026-01-23 00:00:00,4815.555771691735,2026-02-05 00:00:00,4815.5556640625,-2.235032459108055e-06,0.8121827411167404,-5.583762809772985,CLOSED,4925.0,53.98230088495575,12.226449454665511,25.78359254944158,22.849259030886586,12.725112,0.89500487,407.41409470703127,55636037632.0,2025-08-07
2026-01-22,4221.T,,8,0,20,2026-01-23 00:00:00,4815.555771691735,2026-02-20 00:00:00,4874.22216796875,1.2182684420744438,7.6142060308902915,-5.583762809772985,CLOSED,4925.0,53.98230088495575,12.226449454665511,25.78359254944158,22.849259030886586,12.725112,0.89500487,407.41409470703127,55636037632.0,2025-08-07
2026-01-22,4221.T,,8,0,40,2026-01-23 00:00:00,4815.555771691735,2026-03-24 00:00:00,4522.22216796875,-6.091375899898144,7.6142060308902915,-9.13706103862294,CLOSED,4925.0,53.98230088495575,12.226449454665511,25.78359254944158,22.849259030886586,12.725112,0.89500487,407.41409470703127,55636037632.0,2025-08-07
2026-01-22,4221.T,,8,0,50,2026-01-23 00:00:00,4815.555771691735,2026-04-07 00:00:00,4693.33349609375,-2.5380720604767704,7.6142060308902915,-9.13706103862294,CLOSED,4925.0,53.98230088495575,12.226449454665511,25.78359254944158,22.849259030886586,12.725112,0.89500487,407.41409470703127,55636037632.0,2025-08-07
2026-01-22,4221.T,,8,0,60,2026-01-23 00:00:00,4815.555771691735,2026-04-21 00:00:00,4595.5556640625,-4.5685299487653435,7.6142060308902915,-9.13706103862294,CLOSED,4925.0,53.98230088495575,12.226449454665511,25.78359254944158,22.849259030886586,12.725112,0.89500487,407.41409470703127,55636037632.0,2025-08-07
2026-01-23,3034.T,,8,1,5,2026-01-26 00:00:00,2057.82042315864,2026-01-30 00:00:00,2066.58935546875,0.42612718833114904,2.2727272727272707,-2.3200781875149734,CLOSED,2122.0,47.47774480712167,26.95919523177488,20.25173289210265,26.46715496781393,10.608409,1.4645301,331.325195,79613329408.0,2025-07-31
2026-01-23,3034.T,,8,1,10,2026-01-26 00:00:00,2057.82042315864,2026-02-06 00:00:00,1931.1552734375,-6.155306279190098,3.5984832908855457,-7.386366842631609,CLOSED,2122.0,47.47774480712167,26.95919523177488,20.25173289210265,26.46715496781393,10.608409,1.4645301,331.325195,79613329408.0,2025-07-31
2026-01-23,3034.T,,8,1,20,2026-01-26 00:00:00,2057.82042315864,2026-02-24 00:00:00,1857.1048583984375,-9.753793990056492,3.5984832908855457,-11.079551476036775,CLOSED,2122.0,47.47774480712167,26.95919523177488,20.25173289210265,26.46715496781393,10.608409,1.4645301,331.325195,79613329408.0,2025-07-31
2026-01-23,3034.T,,8,1,40,2026-01-26 00:00:00,2057.82042315864,2026-03-25 00:00:00,1765.516357421875,-14.204546832521691,3.5984832908855457,-18.229175368094154,CLOSED,2122.0,47.47774480712167,26.95919523177488,20.25173289210265,26.46715496781393,10.608409,1.4645301,331.325195,79613329408.0,2025-07-31
2026-01-23,3034.T,,8,1,50,2026-01-26 00:00:00,2057.82042315864,2026-04-08 00:00:00,1962.7706298828125,-4.618954705966594,3.5984832908855457,-18.229175368094154,CLOSED,2122.0,47.47774480712167,26.95919523177488,20.25173289210265,26.46715496781393,10.608409,1.4645301,331.325195,79613329408.0,2025-07-31
2026-01-23,3034.T,,8,1,60,2026-01-26 00:00:00,2057.82042315864,2026-04-22 00:00:00,1784.786376953125,-13.268118205689838,3.5984832908855457,-18.229175368094154,CLOSED,2122.0,47.47774480712167,26.95919523177488,20.25173289210265,26.46715496781393,10.608409,1.4645301,331.325195,79613329408.0,2025-07-31
2026-01-23,3922.T,,8,0,5,2026-01-26 00:00:00,2782.57036292726,2026-01-30 00:00:00,2618.538818359375,-5.8949648409006965,0.2143622722400762,-6.9667803647667785,CLOSED,2817.0,52.33532934131737,15.029904937243092,33.19550273716537,27.62570611238236,21.845676,4.281721,371.341975,38022172672.0,2025-07-09
2026-01-23,3922.T,,8,0,10,2026-01-26 00:00:00,2782.57036292726,2026-02-06 00:00:00,2433.630615234375,-12.540194934219052,0.2143622722400762,-12.861738335196193,CLOSED,2817.0,52.33532934131737,15.029904937243092,33.19550273716537,27.62570611238236,21.845676,4.281721,371.341975,38022172672.0,2025-07-09
2026-01-23,3922.T,,8,0,20,2026-01-26 00:00:00,2782.57036292726,2026-02-24 00:00:00,2326.264404296875,-16.39872129416169,0.2143622722400762,-16.39872129416169,CLOSED,2817.0,52.33532934131737,15.029904937243092,33.19550273716537,27.62570611238236,21.845676,4.281721,371.341975,38022172672.0,2025-07-09
2026-01-23,3922.T,,8,0,40,2026-01-26 00:00:00,2782.57036292726,2026-03-25 00:00:00,2092.0,-24.817714302138285,0.2143622722400762,-28.986521730891614,CLOSED,2817.0,52.33532934131737,15.029904937243092,33.19550273716537,27.62570611238236,21.845676,4.281721,371.341975,38022172672.0,2025-07-09
2026-01-23,3922.T,,8,0,50,2026-01-26 00:00:00,2782.57036292726,2026-04-08 00:00:00,2276.0,-18.205123208253703,0.2143622722400762,-29.166211706268907,CLOSED,2817.0,52.33532934131737,15.029904937243092,33.19550273716537,27.62570611238236,21.845676,4.281721,371.341975,38022172672.0,2025-07-09
2026-01-23,3922.T,,8,0,60,2026-01-26 00:00:00,2782.57036292726,2026-04-22 00:00:00,2083.0,-25.14115625781742,0.2143622722400762,-29.166211706268907,CLOSED,2817.0,52.33532934131737,15.029904937243092,33.19550273716537,27.62570611238236,21.845676,4.281721,371.341975,38022172672.0,2025-07-09
2026-01-23,7564.T,,8,0,5,2026-01-26 00:00:00,6516.47232377147,2026-01-30 00:00:00,6270.009765625,-3.7821469332018465,1.3615733736762392,-5.9001543029104315,CLOSED,6530.0,48.5207100591716,14.328138509987376,23.69948473086389,24.722674945507283,28.69699,3.8211,1750.5082,532933935104.0,2026-02-10
2026-01-23,7564.T,,8,0,10,2026-01-26 00:00:00,6516.47232377147,2026-02-06 00:00:00,6417.88720703125,-1.5128602078242626,1.3615733736762392,-5.9001543029104315,CLOSED,6530.0,48.5207100591716,14.328138509987376,23.69948473086389,24.722674945507283,28.69699,3.8211,1750.5082,532933935104.0,2026-02-10
2026-01-23,7564.T,,8,0,20,2026-01-26 00:00:00,6516.47232377147,2026-02-24 00:00:00,7315.01123046875,12.254159413587718,13.161874988360678,-5.9001543029104315,CLOSED,6530.0,48.5207100591716,14.328138509987376,23.69948473086389,24.722674945507283,28.69699,3.8211,1750.5082,532933935104.0,2026-02-10
2026-01-23,7564.T,,8,0,40,2026-01-26 00:00:00,6516.47232377147,2026-03-25 00:00:00,6378.453125,-2.1180048331976953,19.364598779044307,-7.1104409950049625,CLOSED,6530.0,48.5207100591716,14.328138509987376,23.69948473086389,24.722674945507283,28.69699,3.8211,1750.5082,532933935104.0,2026-02-10
2026-01-23,7564.T,,8,0,50,2026-01-26 00:00:00,6516.47232377147,2026-04-08 00:00:00,6570.0,0.8214210629463814,19.364598779044307,-7.925642864889149,CLOSED,6530.0,48.5207100591716,14.328138509987376,23.69948473086389,24.722674945507283,28.69699,3.8211,1750.5082,532933935104.0,2026-02-10
2026-01-23,7564.T,,8,0,60,2026-01-26 00:00:00,6516.47232377147,2026-04-22 00:00:00,7100.0,8.954655943214496,19.364598779044307,-7.925642864889149,CLOSED,6530.0,48.5207100591716,14.328138509987376,23.69948473086389,24.722674945507283,28.69699,3.8211,1750.5082,532933935104.0,2026-02-10
2026-01-23,8057.T,,8,1,5,2026-01-26 00:00:00,2045.0604985579212,2026-01-30 00:00:00,2002.6158447265625,-2.075471794662731,0.2830203102358153,-5.330189270730202,CLOSED,2147.0,50.125313283208015,26.546021867084427,24.730645566160103,22.389539091956586,10.762444,1.4954056,505.77911,105892184064.0,2025-09-01
2026-01-23,8057.T,,8,1,10,2026-01-26 00:00:00,2045.0604985579212,2026-02-06 00:00:00,1979.4642333984375,-3.207546437170883,1.2735808563666184,-5.330189270730202,CLOSED,2147.0,50.125313283208015,26.546021867084427,24.730645566160103,22.389539091956586,10.762444,1.4954056,505.77911,105892184064.0,2025-09-01
2026-01-23,8057.T,,8,1,20,2026-01-26 00:00:00,2045.0604985579212,2026-02-24 00:00:00,1952.4539794921875,-4.528302176441013,1.6509481590454511,-5.566038022349251,CLOSED,2147.0,50.125313283208015,26.546021867084427,24.730645566160103,22.389539091956586,10.762444,1.4954056,505.77911,105892184064.0,2025-09-01
2026-01-23,8057.T,,8,1,40,2026-01-26 00:00:00,2045.0604985579212,2026-03-25 00:00:00,1979.4642333984375,-3.207546437170883,1.6981166050663798,-8.820757018432024,CLOSED,2147.0,50.125313283208015,26.546021867084427,24.730645566160103,22.389539091956586,10.762444,1.4954056,505.77911,105892184064.0,2025-09-01
2026-01-23,8057.T,,8,1,50,2026-01-26 00:00:00,2045.0604985579212,2026-04-08 00:00:00,2048.919189453125,0.1886834593854303,1.6981166050663798,-9.575473971849124,CLOSED,2147.0,50.125313283208015,26.546021867084427,24.730645566160103,22.389539091956586,10.762444,1.4954056,505.77911,105892184064.0,2025-09-01
2026-01-23,8057.T,,8,1,60,2026-01-26 00:00:00,2045.0604985579212,2026-04-22 00:00:00,1958.2418212890625,-4.245286500329892,1.6981166050663798,-9.575473971849124,CLOSED,2147.0,50.125313283208015,26.546021867084427,24.730645566160103,22.389539091956586,10.762444,1.4954056,505.77911,105892184064.0,2025-09-01
2026-01-28,7177.T,,8,0,5,2026-01-29 00:00:00,849.679782001624,2026-02-04 00:00:00,866.94189453125,2.0316021276816754,2.3702025772204482,-1.0158111676214943,CLOSED,879.0,48.10126582278482,19.026772278991476,15.590087073185966,23.28909514666468,11.038553,1.9797387,235.74084,103712686080.0,2025-08-04
2026-01-28,7177.T,,8,0,10,2026-01-29 00:00:00,849.679782001624,2026-02-12 00:00:00,853.5158081054688,0.4514672686230181,2.5959367945823875,-1.0158111676214943,CLOSED,879.0,48.10126582278482,19.026772278991476,15.590087073185966,23.28909514666468,11.038553,1.9797387,235.74084,103712686080.0,2025-08-04
2026-01-28,7177.T,,8,0,20,2026-01-29 00:00:00,849.679782001624,2026-02-27 00:00:00,914.8922119140625,7.674941936221558,7.674941936221558,-1.2415389839265933,CLOSED,879.0,48.10126582278482,19.026772278991476,15.590087073185966,23.28909514666468,11.038553,1.9797387,235.74084,103712686080.0,2025-08-04
2026-01-28,7177.T,,8,0,40,2026-01-29 00:00:00,849.679782001624,2026-03-30 00:00:00,865.5494995117188,1.867729213552649,7.674941936221558,-1.2415389839265933,CLOSED,879.0,48.10126582278482,19.026772278991476,15.590087073185966,23.28909514666468,11.038553,1.9797387,235.74084,103712686080.0,2025-08-04
2026-01-28,7177.T,,8,0,50,2026-01-29 00:00:00,849.679782001624,2026-04-13 00:00:00,909.3624877929688,7.024140982941596,9.086701484971037,-1.2415389839265933,CLOSED,879.0,48.10126582278482,19.026772278991476,15.590087073185966,23.28909514666468,11.038553,1.9797387,235.74084,103712686080.0,2025-08-04
2026-01-28,7177.T,,8,0,60,2026-01-29 00:00:00,849.679782001624,2026-04-27 00:00:00,1005.7509765625,18.36823681895938,22.607962202060428,-1.2415389839265933,CLOSED,879.0,48.10126582278482,19.026772278991476,15.590087073185966,23.28909514666468,11.038553,1.9797387,235.74084,103712686080.0,2025-08-04
2026-01-30,3034.T,,8,1,5,2026-02-02 00:00:00,2100.691714830931,2026-02-06 00:00:00,1931.1552734375,-8.07050554807731,1.4842269425531907,-9.276442407688823,CLOSED,2121.0,54.406130268199234,21.877104140863164,18.9174460857136,25.6422755730622,10.599171,1.4638399,321.21213,79575810048.0,2025-07-31
2026-01-30,3034.T,,8,1,10,2026-02-02 00:00:00,2100.691714830931,2026-02-16 00:00:00,1875.617431640625,-10.714293849082013,1.4842269425531907,-12.476815849326073,CLOSED,2121.0,54.406130268199234,21.877104140863164,18.9174460857136,25.6422755730622,10.599171,1.4638399,321.21213,79575810048.0,2025-07-31
2026-01-30,3034.T,,8,1,20,2026-02-02 00:00:00,2100.691714830931,2026-03-03 00:00:00,1779.1571044921875,-15.30613026503136,1.4842269425531907,-15.398894634949178,CLOSED,2121.0,54.406130268199234,21.877104140863164,18.9174460857136,25.6422755730622,10.599171,1.4638399,321.21213,79575810048.0,2025-07-31
2026-01-30,3034.T,,8,1,40,2026-02-02 00:00:00,2100.691714830931,2026-04-01 00:00:00,1895.5321044921875,-9.76628835589305,1.4842269425531907,-19.89796896038016,CLOSED,2121.0,54.406130268199234,21.877104140863164,18.9174460857136,25.6422755730622,10.599171,1.4638399,321.21213,79575810048.0,2025-07-31
2026-01-30,3034.T,,8,1,50,2026-02-02 00:00:00,2100.691714830931,2026-04-15 00:00:00,1882.677734375,-10.378199662365839,1.4842269425531907,-19.89796896038016,CLOSED,2121.0,54.406130268199234,21.877104140863164,18.9174460857136,25.6422755730622,10.599171,1.4638399,321.21213,79575810048.0,2025-07-31
2026-01-30,3034.T,,8,1,60,2026-02-02 00:00:00,2100.691714830931,2026-04-30 00:00:00,1741.279052734375,-17.10925308835629,1.4842269425531907,-19.89796896038016,CLOSED,2121.0,54.406130268199234,21.877104140863164,18.9174460857136,25.6422755730622,10.599171,1.4638399,321.21213,79575810048.0,2025-07-31
2026-02-03,4914.T,,8,0,5,2026-02-04 00:00:00,1448.2001143606085,2026-02-10 00:00:00,1502.794921875,3.769838641291323,4.828039672687545,-0.06614583594470869,CLOSED,1511.0,50.4424778761062,17.584766491184123,20.62849007759765,22.018187577482657,10.649095,0.8855584,219.483155,147316670464.0,2026-02-13
2026-02-03,4914.T,,8,0,10,2026-02-04 00:00:00,1448.2001143606085,2026-02-18 00:00:00,1360.08203125,-6.084662073757208,5.423277817845351,-8.730159167458174,CLOSED,1511.0,50.4424778761062,17.584766491184123,20.62849007759765,22.018187577482657,10.649095,0.8855584,219.483155,147316670464.0,2026-02-13
2026-02-03,4914.T,,8,0,20,2026-02-04 00:00:00,1448.2001143606085,2026-03-05 00:00:00,1208.7490234375,-16.534392488211335,5.423277817845351,-18.84920457987398,CLOSED,1511.0,50.4424778761062,17.584766491184123,20.62849007759765,22.018187577482657,10.649095,0.8855584,219.483155,147316670464.0,2026-02-13
2026-02-03,4914.T,,8,0,40,2026-02-04 00:00:00,1448.2001143606085,2026-04-03 00:00:00,1198.91064453125,-17.21374465844603,5.423277817845351,-23.34656206251623,CLOSED,1511.0,50.4424778761062,17.584766491184123,20.62849007759765,22.018187577482657,10.649095,0.8855584,219.483155,147316670464.0,2026-02-13
2026-02-03,4914.T,,8,0,50,2026-02-04 00:00:00,1448.2001143606085,2026-04-17 00:00:00,1186.166748046875,-18.09372639287653,5.423277817845351,-23.34656206251623,CLOSED,1511.0,50.4424778761062,17.584766491184123,20.62849007759765,22.018187577482657,10.649095,0.8855584,219.483155,147316670464.0,2026-02-13
2026-02-03,4914.T,,8,0,60,2026-02-04 00:00:00,1448.2001143606085,2026-05-07 00:00:00,1170.4818115234375,-19.176790561143253,5.423277817845351,-23.34656206251623,CLOSED,1511.0,50.4424778761062,17.584766491184123,20.62849007759765,22.018187577482657,10.649095,0.8855584,219.483155,147316670464.0,2026-02-13
2026-02-03,5631.T,,8,1,5,2026-02-04 00:00:00,8762.149476618104,2026-02-10 00:00:00,9632.037109375,9.927788096724456,11.394394465009983,-3.7906198433481975,CLOSED,8822.0,40.930388219544845,15.535305327489196,23.387007257897785,23.996478072417048,29.415491,3.2208388,10185.12777,649395306496.0,2026-02-09
2026-02-03,5631.T,,8,1,10,2026-02-04 00:00:00,8762.149476618104,2026-02-18 00:00:00,8965.7822265625,2.3240045206691873,12.229239819261096,-3.7906198433481975,CLOSED,8822.0,40.930388219544845,15.535305327489196,23.387007257897785,23.996478072417048,29.415491,3.2208388,10185.12777,649395306496.0,2026-02-09
2026-02-03,5631.T,,8,1,20,2026-02-04 00:00:00,8762.149476618104,2026-03-05 00:00:00,9223.7822265625,5.268487500427477,19.810466684107464,-3.7906198433481975,CLOSED,8822.0,40.930388219544845,15.535305327489196,23.387007257897785,23.996478072417048,29.415491,3.2208388,10185.12777,649395306496.0,2026-02-09
2026-02-03,5631.T,,8,1,40,2026-02-04 00:00:00,8762.149476618104,2026-04-03 00:00:00,9453.0224609375,7.884743191873156,19.810466684107464,-5.191163069769445,CLOSED,8822.0,40.930388219544845,15.535305327489196,23.387007257897785,23.996478072417048,29.415491,3.2208388,10185.12777,649395306496.0,2026-02-09
2026-02-03,5631.T,,8,1,50,2026-02-04 00:00:00,8762.149476618104,2026-04-17 00:00:00,9003.8720703125,2.7587134223107546,19.810466684107464,-5.191163069769445,CLOSED,8822.0,40.930388219544845,15.535305327489196,23.387007257897785,23.996478072417048,29.415491,3.2208388,10185.12777,649395306496.0,2026-02-09
2026-02-03,5631.T,,8,1,60,2026-02-04 00:00:00,8762.149476618104,2026-05-07 00:00:00,9258.2578125,5.6619478725598915,19.810466684107464,-5.191163069769445,CLOSED,8822.0,40.930388219544845,15.535305327489196,23.387007257897785,23.996478072417048,29.415491,3.2208388,10185.12777,649395306496.0,2026-02-09
2026-02-03,6966.T,,8,0,5,2026-02-04 00:00:00,744.7306787303651,2026-02-10 00:00:00,810.2669677734375,8.79999856522633,8.79999856522633,-0.8000000000000007,CLOSED,751.0,48.49254533650121,15.526478638576371,17.074498787327556,24.242110996041827,14.696673,1.2078441,1166.206089078064,137244999680.0,2026-03-10
2026-02-03,6966.T,,8,0,10,2026-02-04 00:00:00,744.7306787303651,2026-02-18 00:00:00,818.2107543945312,9.866664253638223,14.399995536829024,-0.8000000000000007,CLOSED,751.0,48.49254533650121,15.526478638576371,17.074498787327556,24.242110996041827,14.696673,1.2078441,1166.206089078064,137244999680.0,2026-03-10
2026-02-03,6966.T,,8,0,20,2026-02-04 00:00:00,744.7306787303651,2026-03-05 00:00:00,768.5620727539062,3.200001652163631,19.33333559816166,-0.8000000000000007,CLOSED,751.0,48.49254533650121,15.526478638576371,17.074498787327556,24.242110996041827,14.696673,1.2078441,1166.206089078064,137244999680.0,2026-03-10
2026-02-03,6966.T,,8,0,40,2026-02-04 00:00:00,744.7306787303651,2026-04-03 00:00:00,611.672119140625,-17.866668231874307,19.33333559816166,-25.333332642619165,CLOSED,751.0,48.49254533650121,15.526478638576371,17.074498787327556,24.242110996041827,14.696673,1.2078441,1166.206089078064,137244999680.0,2026-03-10
2026-02-03,6966.T,,8,0,50,2026-02-04 00:00:00,744.7306787303651,2026-04-17 00:00:00,663.3067626953125,-10.933337159396473,19.33333559816166,-25.333332642619165,CLOSED,751.0,48.49254533650121,15.526478638576371,17.074498787327556,24.242110996041827,14.696673,1.2078441,1166.206089078064,137244999680.0,2026-03-10
2026-02-03,6966.T,,8,0,60,2026-02-04 00:00:00,744.7306787303651,2026-05-07 00:00:00,687.13818359375,-7.733331898559648,19.33333559816166,-25.333332642619165,CLOSED,751.0,48.49254533650121,15.526478638576371,17.074498787327556,24.242110996041827,14.696673,1.2078441,1166.206089078064,137244999680.0,2026-03-10
2026-02-03,7717.T,,8,0,5,2026-02-04 00:00:00,3101.371089186624,2026-02-10 00:00:00,3519.809814453125,13.492056036939527,14.444436926759984,-0.7936571819481708,CLOSED,3175.0,51.086956521739125,12.954942444302995,20.50159125817076,17.157759802469112,38.961838,0.90480745,261.405025,30014271488.0,2025-08-07
2026-02-03,7717.T,,8,0,10,2026-02-04 00:00:00,3101.371089186624,2026-02-18 00:00:00,3864.40673828125,24.60317153774534,26.03174293117172,-0.7936571819481708,CLOSED,3175.0,51.086956521739125,12.954942444302995,20.50159125817076,17.157759802469112,38.961838,0.90480745,261.405025,30014271488.0,2025-08-07
2026-02-03,7717.T,,8,0,20,2026-02-04 00:00:00,3101.371089186624,2026-03-05 00:00:00,4450.22119140625,43.492057655486185,55.39682330568216,-0.7936571819481708,CLOSED,3175.0,51.086956521739125,12.954942444302995,20.50159125817076,17.157759802469112,38.961838,0.90480745,261.405025,30014271488.0,2025-08-07
2026-02-03,7717.T,,8,0,40,2026-02-04 00:00:00,3101.371089186624,2026-04-03 00:00:00,4385.56689453125,41.40735721120763,55.39682330568216,-0.7936571819481708,CLOSED,3175.0,51.086956521739125,12.954942444302995,20.50159125817076,17.157759802469112,38.961838,0.90480745,261.405025,30014271488.0,2025-08-07
2026-02-03,7717.T,,8,0,50,2026-02-04 00:00:00,3101.371089186624,2026-04-17 00:00:00,4867.33349609375,56.941344847909626,71.67461362488731,-0.7936571819481708,CLOSED,3175.0,51.086956521739125,12.954942444302995,20.50159125817076,17.157759802469112,38.961838,0.90480745,261.405025,30014271488.0,2025-08-07
2026-02-03,7717.T,,8,0,60,2026-02-04 00:00:00,3101.371089186624,2026-05-07 00:00:00,4643.83349609375,49.73485476424098,71.67461362488731,-0.7936571819481708,CLOSED,3175.0,51.086956521739125,12.954942444302995,20.50159125817076,17.157759802469112,38.961838,0.90480745,261.405025,30014271488.0,2025-08-07
2026-02-03,7965.T,,8,2,5,2026-02-04 00:00:00,1541.998758282239,2026-02-10 00:00:00,1599.182861328125,3.7084402784855808,3.772378897646189,-0.5115089514066473,CLOSED,1565.0,51.333333333333336,21.56441169086588,23.02331254701744,27.736129677873038,16.95558,1.1201687,254.621095,99370156032.0,2025-12-29
2026-02-03,7965.T,,8,2,10,2026-02-04 00:00:00,1541.998758282239,2026-02-18 00:00:00,1589.323486328125,3.069050982803967,4.411762624696203,-0.5115089514066473,CLOSED,1565.0,51.333333333333336,21.56441169086588,23.02331254701744,27.736129677873038,16.95558,1.1201687,254.621095,99370156032.0,2025-12-29
2026-02-03,7965.T,,8,2,20,2026-02-04 00:00:00,1541.998758282239,2026-03-05 00:00:00,1533.1253662109375,-0.5754474200216797,4.859337844164857,-2.1739118809318225,CLOSED,1565.0,51.333333333333336,21.56441169086588,23.02331254701744,27.736129677873038,16.95558,1.1201687,254.621095,99370156032.0,2025-12-29
2026-02-03,7965.T,,8,2,40,2026-02-04 00:00:00,1541.998758282239,2026-04-03 00:00:00,1685.9449462890625,9.335039164828984,11.189255271647092,-5.562661137472191,CLOSED,1565.0,51.333333333333336,21.56441169086588,23.02331254701744,27.736129677873038,16.95558,1.1201687,254.621095,99370156032.0,2025-12-29
2026-02-03,7965.T,,8,2,50,2026-02-04 00:00:00,1541.998758282239,2026-04-17 00:00:00,1681.0152587890625,9.015344516988177,12.148335784019281,-5.562661137472191,CLOSED,1565.0,51.333333333333336,21.56441169086588,23.02331254701744,27.736129677873038,16.95558,1.1201687,254.621095,99370156032.0,2025-12-29
2026-02-03,7965.T,,8,2,60,2026-02-04 00:00:00,1541.998758282239,2026-05-07 00:00:00,1543.9705810546875,0.12787447213284953,12.148335784019281,-5.562661137472191,CLOSED,1565.0,51.333333333333336,21.56441169086588,23.02331254701744,27.736129677873038,16.95558,1.1201687,254.621095,99370156032.0,2025-12-29
2026-02-04,4221.T,,8,0,5,2026-02-05 00:00:00,4820.444553061548,2026-02-12 00:00:00,4996.4443359375,3.6511110321592932,7.5050662368775445,-2.0283953358428253,CLOSED,4865.0,48.93617021276596,12.730069214686536,28.914532762512223,23.569923585258216,12.574959,0.8841013,279.677025,54958235648.0,2025-08-07
2026-02-04,4221.T,,8,0,10,2026-02-05 00:00:00,4820.444553061548,2026-02-19 00:00:00,4947.5556640625,2.6369167739979993,7.5050662368775445,-2.0283953358428253,CLOSED,4865.0,48.93617021276596,12.730069214686536,28.914532762512223,23.569923585258216,12.574959,0.8841013,279.677025,54958235648.0,2025-08-07
2026-02-04,4221.T,,8,0,20,2026-02-05 00:00:00,4820.444553061548,2026-03-06 00:00:00,4786.22216796875,-0.7099425108222146,7.5050662368775445,-4.5638988824732944,CLOSED,4865.0,48.93617021276596,12.730069214686536,28.914532762512223,23.569923585258216,12.574959,0.8841013,279.677025,54958235648.0,2025-08-07
2026-02-04,4221.T,,8,0,40,2026-02-05 00:00:00,4820.444553061548,2026-04-06 00:00:00,4644.4443359375,-3.651120040625022,7.5050662368775445,-9.22921209197729,CLOSED,4865.0,48.93617021276596,12.730069214686536,28.914532762512223,23.569923585258216,12.574959,0.8841013,279.677025,54958235648.0,2025-08-07
2026-02-04,4221.T,,8,0,50,2026-02-05 00:00:00,4820.444553061548,2026-04-20 00:00:00,4610.22216796875,-4.361058047214373,7.5050662368775445,-9.22921209197729,CLOSED,4865.0,48.93617021276596,12.730069214686536,28.914532762512223,23.569923585258216,12.574959,0.8841013,279.677025,54958235648.0,2025-08-07
2026-02-04,4221.T,,8,0,60,2026-02-05 00:00:00,4820.444553061548,2026-05-08 00:00:00,4918.22216796875,2.028394141471912,7.5050662368775445,-9.22921209197729,CLOSED,4865.0,48.93617021276596,12.730069214686536,28.914532762512223,23.569923585258216,12.574959,0.8841013,279.677025,54958235648.0,2025-08-07
2026-02-05,2395.T,,8,1,5,2026-02-06 00:00:00,1563.1101324242281,2026-02-13 00:00:00,1665.3878173828125,6.5432168109589295,9.444442983581226,-2.4074074074074026,CLOSED,1631.0,46.75925925925927,19.81629023834938,17.36350551191767,21.767783562039885,14.353604,1.7928752,334.20812,67901526016.0,2025-08-04
2026-02-05,2395.T,,8,1,10,2026-02-06 00:00:00,1563.1101324242281,2026-02-20 00:00:00,1648.0198974609375,5.432103808643518,10.493832445826644,-2.4074074074074026,CLOSED,1631.0,46.75925925925927,19.81629023834938,17.36350551191767,21.767783562039885,14.353604,1.7928752,334.20812,67901526016.0,2025-08-04
2026-02-05,2395.T,,8,1,20,2026-02-06 00:00:00,1563.1101324242281,2026-03-09 00:00:00,1507.14697265625,-3.5802441943860286,10.493832445826644,-7.716048288034738,CLOSED,1631.0,46.75925925925927,19.81629023834938,17.36350551191767,21.767783562039885,14.353604,1.7928752,334.20812,67901526016.0,2025-08-04
2026-02-05,2395.T,,8,1,40,2026-02-06 00:00:00,1563.1101324242281,2026-04-07 00:00:00,1479.615478515625,-5.341572047716891,10.493832445826644,-13.534380115502431,CLOSED,1631.0,46.75925925925927,19.81629023834938,17.36350551191767,21.767783562039885,14.353604,1.7928752,334.20812,67901526016.0,2025-08-04
2026-02-05,2395.T,,8,1,50,2026-02-06 00:00:00,1563.1101324242281,2026-04-21 00:00:00,1486.51123046875,-4.900416187353407,10.493832445826644,-13.534380115502431,CLOSED,1631.0,46.75925925925927,19.81629023834938,17.36350551191767,21.767783562039885,14.353604,1.7928752,334.20812,67901526016.0,2025-08-04
2026-02-05,2395.T,,8,1,60,2026-02-06 00:00:00,1563.1101324242281,2026-05-11 00:00:00,1251.072998046875,-19.962581516467726,10.493832445826644,-21.22301330360997,CLOSED,1631.0,46.75925925925927,19.81629023834938,17.36350551191767,21.767783562039885,14.353604,1.7928752,334.20812,67901526016.0,2025-08-04
2026-02-05,6807.T,,8,0,5,2026-02-06 00:00:00,2480.2613956198898,2026-02-13 00:00:00,2576.069580078125,3.862826096774774,6.267240296824839,-0.4729996058336683,CLOSED,2539.0,42.578125,17.336808677285273,26.62483522291655,26.92440941311872,20.9264,1.2250851,564.61024,171157438464.0,2026-04-22
2026-02-05,6807.T,,8,0,10,2026-02-06 00:00:00,2480.2613956198898,2026-02-20 00:00:00,2560.427490234375,3.232163140387434,6.267240296824839,-0.4729996058336683,CLOSED,2539.0,42.578125,17.336808677285273,26.62483522291655,26.92440941311872,20.9264,1.2250851,564.61024,171157438464.0,2026-04-22
2026-02-05,6807.T,,8,0,20,2026-02-06 00:00:00,2480.2613956198898,2026-03-09 00:00:00,2293.532958984375,-7.528578921773121,6.543158426434714,-9.932993536339119,CLOSED,2539.0,42.578125,17.336808677285273,26.62483522291655,26.92440941311872,20.9264,1.2250851,564.61024,171157438464.0,2026-04-22
2026-02-05,6807.T,,8,0,40,2026-02-06 00:00:00,2480.2613956198898,2026-04-07 00:00:00,2358.8017578125,-4.897049884414839,6.543158426434714,-12.692161012476666,CLOSED,2539.0,42.578125,17.336808677285273,26.62483522291655,26.92440941311872,20.9264,1.2250851,564.61024,171157438464.0,2026-04-22
2026-02-05,6807.T,,8,0,50,2026-02-06 00:00:00,2480.2613956198898,2026-04-21 00:00:00,2448.91552734375,-1.2638130937124625,6.543158426434714,-12.692161012476666,CLOSED,2539.0,42.578125,17.336808677285273,26.62483522291655,26.92440941311872,20.9264,1.2250851,564.61024,171157438464.0,2026-04-22
2026-02-05,6807.T,,8,0,60,2026-02-06 00:00:00,2480.2613956198898,2026-05-11 00:00:00,2396.431640625,-3.379875812401545,6.543158426434714,-12.692161012476666,CLOSED,2539.0,42.578125,17.336808677285273,26.62483522291655,26.92440941311872,20.9264,1.2250851,564.61024,171157438464.0,2026-04-22
2026-02-05,9627.T,,8,0,5,2026-02-06 00:00:00,6425.674488722869,2026-02-13 00:00:00,6317.166015625,-1.688670555726135,0.6447681715929354,-2.5637089346024045,CLOSED,6514.0,53.43035343035344,16.37426637649831,23.17665462919906,22.570773334977595,24.509916,1.5787637,831.563345,228466982912.0,2026-03-10
2026-02-05,9627.T,,8,0,10,2026-02-06 00:00:00,6425.674488722869,2026-02-20 00:00:00,6138.6201171875,-4.467303347518648,0.6447681715929354,-4.467303347518648,CLOSED,6514.0,53.43035343035344,16.37426637649831,23.17665462919906,22.570773334977595,24.509916,1.5787637,831.563345,228466982912.0,2026-03-10
2026-02-05,9627.T,,8,0,20,2026-02-06 00:00:00,6425.674488722869,2026-03-09 00:00:00,5411.61328125,-15.78139710084222,0.6447681715929354,-17.393309843170247,CLOSED,6514.0,53.43035343035344,16.37426637649831,23.17665462919906,22.570773334977595,24.509916,1.5787637,831.563345,228466982912.0,2026-03-10
2026-02-05,9627.T,,8,0,40,2026-02-06 00:00:00,6425.674488722869,2026-04-07 00:00:00,6072.52880859375,-5.495853871043321,0.6447681715929354,-18.222287431323736,CLOSED,6514.0,53.43035343035344,16.37426637649831,23.17665462919906,22.570773334977595,24.509916,1.5787637,831.563345,228466982912.0,2026-03-10
2026-02-05,9627.T,,8,0,50,2026-02-06 00:00:00,6425.674488722869,2026-04-21 00:00:00,5848.6064453125,-8.98066100956607,0.6447681715929354,-18.222287431323736,CLOSED,6514.0,53.43035343035344,16.37426637649831,23.17665462919906,22.570773334977595,24.509916,1.5787637,831.563345,228466982912.0,2026-03-10
2026-02-05,9627.T,,8,0,60,2026-02-06 00:00:00,6425.674488722869,2026-05-11 00:00:00,5528.0,-13.9701208067464,0.6447681715929354,-18.222287431323736,CLOSED,6514.0,53.43035343035344,16.37426637649831,23.17665462919906,22.570773334977595,24.509916,1.5787637,831.563345,228466982912.0,2026-03-10
2026-02-06,7717.T,,8,0,5,2026-02-09 00:00:00,3411.5079345703125,2026-02-16 00:00:00,3628.11181640625,6.3492123128600975,10.101016275050533,-2.3088023088023046,CLOSED,3215.0,51.78571428571429,13.09086030165026,19.77777790468793,16.86158300452873,39.491463,0.9162066,261.67385,30392403968.0,2025-08-07
2026-02-06,7717.T,,8,0,10,2026-02-09 00:00:00,3411.5079345703125,2026-02-24 00:00:00,4332.07373046875,26.98413175504999,27.561332353936564,-2.3088023088023046,CLOSED,3215.0,51.78571428571429,13.09086030165026,19.77777790468793,16.86158300452873,39.491463,0.9162066,261.67385,30392403968.0,2025-08-07
2026-02-06,7717.T,,8,0,20,2026-02-09 00:00:00,3411.5079345703125,2026-03-10 00:00:00,4489.60400390625,31.6017459145006,41.26985028173085,-2.3088023088023046,CLOSED,3215.0,51.78571428571429,13.09086030165026,19.77777790468793,16.86158300452873,39.491463,0.9162066,261.67385,30392403968.0,2025-08-07
2026-02-06,7717.T,,8,0,40,2026-02-09 00:00:00,3411.5079345703125,2026-04-08 00:00:00,4554.43359375,33.50206656704265,41.26985028173085,-2.3088023088023046,CLOSED,3215.0,51.78571428571429,13.09086030165026,19.77777790468793,16.86158300452873,39.491463,0.9162066,261.67385,30392403968.0,2025-08-07
2026-02-06,7717.T,,8,0,50,2026-02-09 00:00:00,3411.5079345703125,2026-04-22 00:00:00,4926.93359375,44.42099177971159,56.06784262413564,-2.3088023088023046,CLOSED,3215.0,51.78571428571429,13.09086030165026,19.77777790468793,16.86158300452873,39.491463,0.9162066,261.67385,30392403968.0,2025-08-07
2026-02-06,7717.T,,8,0,60,2026-02-09 00:00:00,3411.5079345703125,2026-05-12 00:00:00,4832.56689453125,41.65486310498419,56.06784262413564,-2.3088023088023046,CLOSED,3215.0,51.78571428571429,13.09086030165026,19.77777790468793,16.86158300452873,39.491463,0.9162066,261.67385,30392403968.0,2025-08-07
2026-02-09,6807.T,,8,0,5,2026-02-10 00:00:00,2558.471974549098,2026-02-17 00:00:00,2568.24853515625,0.3821249833653173,3.018730065913,-0.726014196123681,CLOSED,2591.0,50.30425963488844,15.809265552479932,29.02376860817417,23.022709220506236,21.63855,1.2501755,573.02498,174662828032.0,2026-04-22
2026-02-09,6807.T,,8,0,10,2026-02-10 00:00:00,2558.471974549098,2026-02-25 00:00:00,2599.532958984375,1.6049026467258365,3.018730065913,-0.726014196123681,CLOSED,2591.0,50.30425963488844,15.809265552479932,29.02376860817417,23.022709220506236,21.63855,1.2501755,573.02498,174662828032.0,2026-04-22
2026-02-09,6807.T,,8,0,20,2026-02-10 00:00:00,2558.471974549098,2026-03-11 00:00:00,2341.43701171875,-8.48299160551086,3.286213584212505,-12.686274708858159,CLOSED,2591.0,50.30425963488844,15.809265552479932,29.02376860817417,23.022709220506236,21.63855,1.2501755,573.02498,174662828032.0,2026-04-22
2026-02-09,6807.T,,8,0,40,2026-02-10 00:00:00,2558.471974549098,2026-04-09 00:00:00,2399.40234375,-6.217368506728793,3.286213584212505,-15.361096494357696,CLOSED,2591.0,50.30425963488844,15.809265552479932,29.02376860817417,23.022709220506236,21.63855,1.2501755,573.02498,174662828032.0,2026-04-22
2026-02-09,6807.T,,8,0,50,2026-02-10 00:00:00,2558.471974549098,2026-04-23 00:00:00,2409.30517578125,-5.830308099979753,3.286213584212505,-15.361096494357696,CLOSED,2591.0,50.30425963488844,15.809265552479932,29.02376860817417,23.022709220506236,21.63855,1.2501755,573.02498,174662828032.0,2026-04-22
2026-02-09,6807.T,,8,0,60,2026-02-10 00:00:00,2558.471974549098,2026-05-13 00:00:00,2444.954345703125,-4.43693071392659,3.286213584212505,-15.361096494357696,CLOSED,2591.0,50.30425963488844,15.809265552479932,29.02376860817417,23.022709220506236,21.63855,1.2501755,573.02498,174662828032.0,2026-04-22
2026-02-10,2158.T,,8,0,5,2026-02-12 00:00:00,879.0,2026-02-18 00:00:00,873.0,-0.6825938566552892,3.981797497155859,-3.1854379977246827,CLOSED,870.0,48.3695652173913,13.483065303275874,24.44408746085943,15.214650291693124,124.82066,10.212346,285.55293,34087909376.0,2026-02-16
2026-02-10,2158.T,,8,0,10,2026-02-12 00:00:00,879.0,2026-02-26 00:00:00,908.0,3.2992036405005587,6.1433447098976135,-3.1854379977246827,CLOSED,870.0,48.3695652173913,13.483065303275874,24.44408746085943,15.214650291693124,124.82066,10.212346,285.55293,34087909376.0,2026-02-16
2026-02-10,2158.T,,8,0,20,2026-02-12 00:00:00,879.0,2026-03-12 00:00:00,848.0,-3.526734926052333,9.328782707622295,-5.5745164960182,CLOSED,870.0,48.3695652173913,13.483065303275874,24.44408746085943,15.214650291693124,124.82066,10.212346,285.55293,34087909376.0,2026-02-16
2026-02-10,2158.T,,8,0,40,2026-02-12 00:00:00,879.0,2026-04-10 00:00:00,812.0,-7.622298065984068,9.328782707622295,-13.310580204778155,CLOSED,870.0,48.3695652173913,13.483065303275874,24.44408746085943,15.214650291693124,124.82066,10.212346,285.55293,34087909376.0,2026-02-16
2026-02-10,2158.T,,8,0,50,2026-02-12 00:00:00,879.0,2026-04-24 00:00:00,782.0,-11.035267349260526,9.328782707622295,-13.310580204778155,CLOSED,870.0,48.3695652173913,13.483065303275874,24.44408746085943,15.214650291693124,124.82066,10.212346,285.55293,34087909376.0,2026-02-16
2026-02-10,2158.T,,8,0,60,2026-02-12 00:00:00,879.0,2026-05-14 00:00:00,794.0,-9.670079635949946,9.328782707622295,-13.310580204778155,CLOSED,870.0,48.3695652173913,13.483065303275874,24.44408746085943,15.214650291693124,124.82066,10.212346,285.55293,34087909376.0,2026-02-16
2026-02-10,6988.T,,8,0,5,2026-02-12 00:00:00,3439.6267372095126,2026-02-18 00:00:00,3547.574951171875,3.138370009588254,3.851636745477527,-0.7988676994449939,CLOSED,3645.0,51.977401129943495,18.44985203217516,29.630419919297097,28.037666429772813,19.908243,2.224935,14392.12704,2455489740800.0,2026-04-24
2026-02-10,6988.T,,8,0,10,2026-02-12 00:00:00,3439.6267372095126,2026-02-26 00:00:00,3532.854736328125,2.710410350927961,5.278170609701149,-0.7988676994449939,CLOSED,3645.0,51.977401129943495,18.44985203217516,29.630419919297097,28.037666429772813,19.908243,2.224935,14392.12704,2455489740800.0,2026-04-24
2026-02-10,6988.T,,8,0,20,2026-02-12 00:00:00,3439.6267372095126,2026-03-12 00:00:00,3241.394287109375,-5.763196568850926,5.278170609701149,-12.724679505916757,CLOSED,3645.0,51.977401129943495,18.44985203217516,29.630419919297097,28.037666429772813,19.908243,2.224935,14392.12704,2455489740800.0,2026-04-24
2026-02-10,6988.T,,8,0,40,2026-02-12 00:00:00,3439.6267372095126,2026-04-10 00:00:00,3163.61376953125,-8.024503493137324,5.278170609701149,-14.952192126815289,CLOSED,3645.0,51.977401129943495,18.44985203217516,29.630419919297097,28.037666429772813,19.908243,2.224935,14392.12704,2455489740800.0,2026-04-24
2026-02-10,6988.T,,8,0,50,2026-02-12 00:00:00,3439.6267372095126,2026-04-24 00:00:00,3194.32861328125,-7.1315332351226886,5.278170609701149,-14.952192126815289,CLOSED,3645.0,51.977401129943495,18.44985203217516,29.630419919297097,28.037666429772813,19.908243,2.224935,14392.12704,2455489740800.0,2026-04-24
2026-02-10,6988.T,,8,0,60,2026-02-12 00:00:00,3439.6267372095126,2026-05-14 00:00:00,3016.975830078125,-12.287696875919574,5.278170609701149,-16.032390155662334,CLOSED,3645.0,51.977401129943495,18.44985203217516,29.630419919297097,28.037666429772813,19.908243,2.224935,14392.12704,2455489740800.0,2026-04-24
2026-02-10,7806.T,,8,1,5,2026-02-12 00:00:00,4977.1041718439365,2026-02-18 00:00:00,5225.95947265625,5.000001852887004,12.599993284979405,-5.699999999999994,CLOSED,4400.0,54.63917525773196,20.969929242218434,21.00022847442857,25.303114173064102,21.985708,3.3892114,578.00785,172967280640.0,2025-07-29
2026-02-10,7806.T,,8,1,10,2026-02-12 00:00:00,4977.1041718439365,2026-02-26 00:00:00,5245.86767578125,5.399997561990766,12.599993284979405,-5.699999999999994,CLOSED,4400.0,54.63917525773196,20.969929242218434,21.00022847442857,25.303114173064102,21.985708,3.3892114,578.00785,172967280640.0,2025-07-29
2026-02-10,7806.T,,8,1,20,2026-02-12 00:00:00,4977.1041718439365,2026-03-12 00:00:00,6261.19677734375,25.799994558363395,29.600001333525782,-5.699999999999994,CLOSED,4400.0,54.63917525773196,20.969929242218434,21.00022847442857,25.303114173064102,21.985708,3.3892114,578.00785,172967280640.0,2025-07-29
2026-02-10,7806.T,,8,1,40,2026-02-12 00:00:00,4977.1041718439365,2026-04-10 00:00:00,6042.2041015625,21.39999270547639,29.99999516015601,-5.699999999999994,CLOSED,4400.0,54.63917525773196,20.969929242218434,21.00022847442857,25.303114173064102,21.985708,3.3892114,578.00785,172967280640.0,2025-07-29
2026-02-10,7806.T,,8,1,50,2026-02-12 00:00:00,4977.1041718439365,2026-04-24 00:00:00,6241.28857421875,25.399998849259653,33.99999758596144,-5.699999999999994,CLOSED,4400.0,54.63917525773196,20.969929242218434,21.00022847442857,25.303114173064102,21.985708,3.3892114,578.00785,172967280640.0,2025-07-29
2026-02-10,7806.T,,8,1,60,2026-02-12 00:00:00,4977.1041718439365,2026-05-14 00:00:00,7147.12158203125,43.59999982446334,46.19999982128511,-5.699999999999994,CLOSED,4400.0,54.63917525773196,20.969929242218434,21.00022847442857,25.303114173064102,21.985708,3.3892114,578.00785,172967280640.0,2025-07-29
2026-02-10,9627.T,,8,0,5,2026-02-12 00:00:00,6405.945869582103,2026-02-18 00:00:00,6333.935546875,-1.12411694031066,0.9547274407144979,-3.526339199939721,CLOSED,6494.0,46.21052631578947,15.02796970509847,18.953372402010167,22.79653723994612,24.584517,1.5739164,794.688755,227765518336.0,2026-03-10
2026-02-10,9627.T,,8,0,10,2026-02-12 00:00:00,6405.945869582103,2026-02-26 00:00:00,5978.81689453125,-6.667695665038719,0.9547274407144979,-6.6830944943300885,CLOSED,6494.0,46.21052631578947,15.02796970509847,18.953372402010167,22.79653723994612,24.584517,1.5739164,794.688755,227765518336.0,2026-03-10
2026-02-10,9627.T,,8,0,20,2026-02-12 00:00:00,6405.945869582103,2026-03-12 00:00:00,5403.72216796875,-15.64521027834932,0.9547274407144979,-17.138903083924607,CLOSED,6494.0,46.21052631578947,15.02796970509847,18.953372402010167,22.79653723994612,24.584517,1.5739164,794.688755,227765518336.0,2026-03-10
2026-02-10,9627.T,,8,0,40,2026-02-12 00:00:00,6405.945869582103,2026-04-10 00:00:00,6050.8271484375,-5.5435797987435915,0.9547274407144979,-17.97043370381547,CLOSED,6494.0,46.21052631578947,15.02796970509847,18.953372402010167,22.79653723994612,24.584517,1.5739164,794.688755,227765518336.0,2026-03-10
2026-02-10,9627.T,,8,0,50,2026-02-12 00:00:00,6405.945869582103,2026-04-24 00:00:00,5721.35595703125,-10.686788906561784,0.9547274407144979,-17.97043370381547,CLOSED,6494.0,46.21052631578947,15.02796970509847,18.953372402010167,22.79653723994612,24.584517,1.5739164,794.688755,227765518336.0,2026-03-10
2026-02-10,9627.T,,8,0,60,2026-02-12 00:00:00,6405.945869582103,2026-05-14 00:00:00,5481.0,-14.438864898532822,0.9547274407144979,-17.97043370381547,CLOSED,6494.0,46.21052631578947,15.02796970509847,18.953372402010167,22.79653723994612,24.584517,1.5739164,794.688755,227765518336.0,2026-03-10
2026-02-12,6632.T,,8,0,5,2026-02-13 00:00:00,1245.9342109649535,2026-02-19 00:00:00,1313.546875,5.426664059788644,7.786082129011818,-2.3594180102241458,CLOSED,1273.0,45.90417310664606,16.47515472022137,25.82377293652635,18.912422708664856,11.370132,1.3038343,1322.63198,183963484160.0,2026-04-30
2026-02-12,6632.T,,8,0,10,2026-02-13 00:00:00,1245.9342109649535,2026-02-27 00:00:00,1274.35107421875,2.2807675560805096,7.786082129011818,-2.3594180102241458,CLOSED,1273.0,45.90417310664606,16.47515472022137,25.82377293652635,18.912422708664856,11.370132,1.3038343,1322.63198,183963484160.0,2026-04-30
2026-02-12,6632.T,,8,0,20,2026-02-13 00:00:00,1245.9342109649535,2026-03-13 00:00:00,1169.992431640625,-6.09516767867807,7.786082129011818,-12.976805816411241,CLOSED,1273.0,45.90417310664606,16.47515472022137,25.82377293652635,18.912422708664856,11.370132,1.3038343,1322.63198,183963484160.0,2026-04-30
2026-02-12,6632.T,,8,0,40,2026-02-13 00:00:00,1245.9342109649535,2026-04-13 00:00:00,1207.938720703125,-3.049558309535594,7.786082129011818,-14.016083927865818,CLOSED,1273.0,45.90417310664606,16.47515472022137,25.82377293652635,18.912422708664856,11.370132,1.3038343,1322.63198,183963484160.0,2026-04-30
2026-02-12,6632.T,,8,0,50,2026-02-13 00:00:00,1245.9342109649535,2026-04-27 00:00:00,1181.70068359375,-5.155450970517606,7.786082129011818,-14.016083927865818,CLOSED,1273.0,45.90417310664606,16.47515472022137,25.82377293652635,18.912422708664856,11.370132,1.3038343,1322.63198,183963484160.0,2026-04-30
2026-02-12,6632.T,,8,0,60,2026-02-13 00:00:00,1245.9342109649535,2026-05-15 00:00:00,1149.0269775390625,-7.777877240471476,7.786082129011818,-16.797454212416284,CLOSED,1273.0,45.90417310664606,16.47515472022137,25.82377293652635,18.912422708664856,11.370132,1.3038343,1322.63198,183963484160.0,2026-04-30
2026-02-12,7839.T,,8,0,5,2026-02-13 00:00:00,1677.899714039254,2026-02-19 00:00:00,1694.4259033203125,0.9849330769164055,1.6801846952291255,-2.2595596755504044,CLOSED,1742.0,45.33678756476684,18.798494402064534,20.765578189915505,25.303924287956715,14.490101,3.0490048,463.14744,89905094656.0,2026-04-24
2026-02-12,7839.T,,8,0,10,2026-02-13 00:00:00,1677.899714039254,2026-02-27 00:00:00,1749.83740234375,4.287365192483317,4.982614293766541,-2.2595596755504044,CLOSED,1742.0,45.33678756476684,18.798494402064534,20.765578189915505,25.303924287956715,14.490101,3.0490048,463.14744,89905094656.0,2026-04-24
2026-02-12,7839.T,,8,0,20,2026-02-13 00:00:00,1677.899714039254,2026-03-13 00:00:00,1572.909423828125,-6.257244657273519,4.982614293766541,-7.300118326104843,CLOSED,1742.0,45.33678756476684,18.798494402064534,20.765578189915505,25.303924287956715,14.490101,3.0490048,463.14744,89905094656.0,2026-04-24
2026-02-12,7839.T,,8,0,40,2026-02-13 00:00:00,1677.899714039254,2026-04-13 00:00:00,1653.596435546875,-1.4484345094661788,4.982614293766541,-10.139053817846955,CLOSED,1742.0,45.33678756476684,18.798494402064534,20.765578189915505,25.303924287956715,14.490101,3.0490048,463.14744,89905094656.0,2026-04-24
2026-02-12,7839.T,,8,0,50,2026-02-13 00:00:00,1677.899714039254,2026-04-27 00:00:00,1595.2684326171875,-4.924685351018143,4.982614293766541,-10.139053817846955,CLOSED,1742.0,45.33678756476684,18.798494402064534,20.765578189915505,25.303924287956715,14.490101,3.0490048,463.14744,89905094656.0,2026-04-24
2026-02-12,7839.T,,8,0,60,2026-02-13 00:00:00,1677.899714039254,2026-05-15 00:00:00,1744.004638671875,3.9397422908836965,9.212044679278609,-10.139053817846955,CLOSED,1742.0,45.33678756476684,18.798494402064534,20.765578189915505,25.303924287956715,14.490101,3.0490048,463.14744,89905094656.0,2026-04-24
2026-02-12,8923.T,,8,1,5,2026-02-13 00:00:00,1659.0,2026-02-19 00:00:00,1655.0,-0.24110910186859735,1.748040988547328,-2.8330319469559995,CLOSED,1645.0,47.368421052631575,20.193214972135436,25.795039896302814,25.357208701910267,10.833773,1.5516249,423.998895,159514984448.0,2025-07-07
2026-02-12,8923.T,,8,1,10,2026-02-13 00:00:00,1659.0,2026-02-27 00:00:00,1650.0,-0.5424954792043413,1.748040988547328,-3.9783001808318286,CLOSED,1645.0,47.368421052631575,20.193214972135436,25.795039896302814,25.357208701910267,10.833773,1.5516249,423.998895,159514984448.0,2025-07-07
2026-02-12,8923.T,,8,1,20,2026-02-13 00:00:00,1659.0,2026-03-13 00:00:00,1582.0,-4.641350210970463,1.748040988547328,-9.704641350210974,CLOSED,1645.0,47.368421052631575,20.193214972135436,25.795039896302814,25.357208701910267,10.833773,1.5516249,423.998895,159514984448.0,2025-07-07
2026-02-12,8923.T,,8,1,40,2026-02-13 00:00:00,1659.0,2026-04-13 00:00:00,1732.0,4.400241109101866,7.233273056057876,-10.970464135021096,CLOSED,1645.0,47.368421052631575,20.193214972135436,25.795039896302814,25.357208701910267,10.833773,1.5516249,423.998895,159514984448.0,2025-07-07
2026-02-12,8923.T,,8,1,50,2026-02-13 00:00:00,1659.0,2026-04-27 00:00:00,1647.0,-0.7233273056057921,7.233273056057876,-10.970464135021096,CLOSED,1645.0,47.368421052631575,20.193214972135436,25.795039896302814,25.357208701910267,10.833773,1.5516249,423.998895,159514984448.0,2025-07-07
2026-02-12,8923.T,,8,1,60,2026-02-13 00:00:00,1659.0,2026-05-15 00:00:00,1583.0,-4.581072935503316,7.233273056057876,-10.970464135021096,CLOSED,1645.0,47.368421052631575,20.193214972135436,25.795039896302814,25.357208701910267,10.833773,1.5516249,423.998895,159514984448.0,2025-07-07
2026-02-13,4390.T,,8,0,5,2026-02-16 00:00:00,3084.4190565664558,2026-02-20 00:00:00,3109.1337890625,0.8012767410261246,4.967949738582433,-0.8012820512820595,CLOSED,3100.0,52.56222547584187,13.382060056772882,30.463452052988384,19.80382317705613,12.85507,2.522446,232.60105,40488398848.0,2025-05-09
2026-02-13,4390.T,,8,0,10,2026-02-16 00:00:00,3084.4190565664558,2026-03-02 00:00:00,3232.70849609375,4.8076943115624715,4.967949738582433,-3.2051274305121558,CLOSED,3100.0,52.56222547584187,13.382060056772882,30.463452052988384,19.80382317705613,12.85507,2.522446,232.60105,40488398848.0,2025-05-09
2026-02-13,4390.T,,8,0,20,2026-02-16 00:00:00,3084.4190565664558,2026-03-16 00:00:00,3203.050537109375,3.8461531447992803,10.256412584548391,-6.217944789423369,CLOSED,3100.0,52.56222547584187,13.382060056772882,30.463452052988384,19.80382317705613,12.85507,2.522446,232.60105,40488398848.0,2025-05-09
2026-02-13,4390.T,,8,0,40,2026-02-16 00:00:00,3084.4190565664558,2026-04-14 00:00:00,3099.63623046875,0.4933562406151726,10.256412584548391,-7.765487537122706,CLOSED,3100.0,52.56222547584187,13.382060056772882,30.463452052988384,19.80382317705613,12.85507,2.522446,232.60105,40488398848.0,2025-05-09
2026-02-13,4390.T,,8,0,50,2026-02-16 00:00:00,3084.4190565664558,2026-04-28 00:00:00,3373.280029296875,9.365166257660729,10.256412584548391,-7.765487537122706,CLOSED,3100.0,52.56222547584187,13.382060056772882,30.463452052988384,19.80382317705613,12.85507,2.522446,232.60105,40488398848.0,2025-05-09
2026-02-13,4390.T,,8,0,60,2026-02-16 00:00:00,3084.4190565664558,2026-05-18 00:00:00,3751.40576171875,21.624386729563817,34.528826998017756,-7.765487537122706,CLOSED,3100.0,52.56222547584187,13.382060056772882,30.463452052988384,19.80382317705613,12.85507,2.522446,232.60105,40488398848.0,2025-05-09
2026-02-16,7839.T,,8,0,5,2026-02-17 00:00:00,1675.955424728789,2026-02-24 00:00:00,1666.234130859375,-0.5800448941526648,1.7981446918209354,-1.7981423604436775,CLOSED,1724.0,43.38624338624338,19.572611155534037,19.07026124075733,30.4024107507598,14.348731,3.0174994,476.93645,88976105472.0,2026-04-24
2026-02-16,7839.T,,8,0,10,2026-02-17 00:00:00,1675.955424728789,2026-03-03 00:00:00,1676.927490234375,0.05800067777717022,5.104405465383799,-1.7981423604436775,CLOSED,1724.0,43.38624338624338,19.572611155534037,19.07026124075733,30.4024107507598,14.348731,3.0174994,476.93645,88976105472.0,2026-04-24
2026-02-16,7839.T,,8,0,20,2026-02-17 00:00:00,1675.955424728789,2026-03-17 00:00:00,1568.048828125,-6.43851232626017,5.104405465383799,-7.424591363527034,CLOSED,1724.0,43.38624338624338,19.572611155534037,19.07026124075733,30.4024107507598,14.348731,3.0174994,476.93645,88976105472.0,2026-04-24
2026-02-16,7839.T,,8,0,40,2026-02-17 00:00:00,1675.955424728789,2026-04-15 00:00:00,1673.0390625,-0.17401192094718132,5.104405465383799,-10.034805414510984,CLOSED,1724.0,43.38624338624338,19.572611155534037,19.07026124075733,30.4024107507598,14.348731,3.0174994,476.93645,88976105472.0,2026-04-24
2026-02-16,7839.T,,8,0,50,2026-02-17 00:00:00,1675.955424728789,2026-04-30 00:00:00,1699.28662109375,1.3921131803810605,5.104405465383799,-10.034805414510984,CLOSED,1724.0,43.38624338624338,19.572611155534037,19.07026124075733,30.4024107507598,14.348731,3.0174994,476.93645,88976105472.0,2026-04-24
2026-02-16,7839.T,,8,0,60,2026-02-17 00:00:00,1675.955424728789,2026-05-19 00:00:00,1717.757080078125,2.4941985170101155,9.338742446958381,-10.034805414510984,CLOSED,1724.0,43.38624338624338,19.572611155534037,19.07026124075733,30.4024107507598,14.348731,3.0174994,476.93645,88976105472.0,2026-04-24
2026-02-16,8923.T,,8,1,5,2026-02-17 00:00:00,1633.0,2026-02-24 00:00:00,1605.0,-1.7146356399265206,1.5309246785058184,-1.8371096142069776,CLOSED,1648.0,53.91849529780564,18.173618249994828,26.946290053673284,26.793092138344488,10.848529,1.5544546,420.67199,159805898752.0,2025-07-07
2026-02-16,8923.T,,8,1,10,2026-02-17 00:00:00,1633.0,2026-03-03 00:00:00,1570.0,-3.8579301898346574,2.5107164727495412,-3.9191671769748915,CLOSED,1648.0,53.91849529780564,18.173618249994828,26.946290053673284,26.793092138344488,10.848529,1.5544546,420.67199,159805898752.0,2025-07-07
2026-02-16,8923.T,,8,1,20,2026-02-17 00:00:00,1633.0,2026-03-17 00:00:00,1608.0,-1.5309246785058184,3.0006123698713916,-8.266993263931411,CLOSED,1648.0,53.91849529780564,18.173618249994828,26.946290053673284,26.793092138344488,10.848529,1.5544546,420.67199,159805898752.0,2025-07-07
2026-02-16,8923.T,,8,1,40,2026-02-17 00:00:00,1633.0,2026-04-15 00:00:00,1728.0,5.817513778322114,8.940600122473974,-9.552969993876303,CLOSED,1648.0,53.91849529780564,18.173618249994828,26.946290053673284,26.793092138344488,10.848529,1.5544546,420.67199,159805898752.0,2025-07-07
2026-02-16,8923.T,,8,1,50,2026-02-17 00:00:00,1633.0,2026-04-30 00:00:00,1632.0,-0.06123698714023407,8.940600122473974,-9.552969993876303,CLOSED,1648.0,53.91849529780564,18.173618249994828,26.946290053673284,26.793092138344488,10.848529,1.5544546,420.67199,159805898752.0,2025-07-07
2026-02-16,8923.T,,8,1,60,2026-02-17 00:00:00,1633.0,2026-05-19 00:00:00,1567.0,-4.04164115125536,8.940600122473974,-9.552969993876303,CLOSED,1648.0,53.91849529780564,18.173618249994828,26.946290053673284,26.793092138344488,10.848529,1.5544546,420.67199,159805898752.0,2025-07-07
2026-02-17,9369.T,,8,1,5,2026-02-18 00:00:00,3123.6172072637646,2026-02-25 00:00:00,3183.3994140625,1.9138774962474958,2.3923464046805787,-0.7974475441439144,CLOSED,3100.0,45.3781512605042,33.57232702759023,27.454252522668625,19.682666429464817,31.16204,1.7013346,201.858895,77055164416.0,2025-07-02
2026-02-17,9369.T,,8,1,10,2026-02-18 00:00:00,3123.6172072637646,2026-03-04 00:00:00,3053.871337890625,-2.2328558445301905,4.1467327080572325,-3.50877289713013,CLOSED,3100.0,45.3781512605042,33.57232702759023,27.454252522668625,19.682666429464817,31.16204,1.7013346,201.858895,77055164416.0,2025-07-02
2026-02-17,9369.T,,8,1,20,2026-02-18 00:00:00,3123.6172072637646,2026-03-18 00:00:00,2952.24169921875,-5.4864439742005615,4.1467327080572325,-10.079748483456408,CLOSED,3100.0,45.3781512605042,33.57232702759023,27.454252522668625,19.682666429464817,31.16204,1.7013346,201.858895,77055164416.0,2025-07-02
2026-02-17,9369.T,,8,1,40,2026-02-18 00:00:00,3123.6172072637646,2026-04-16 00:00:00,3068.81689453125,-1.754386312288203,4.306218236825399,-13.014350728113477,CLOSED,3100.0,45.3781512605042,33.57232702759023,27.454252522668625,19.682666429464817,31.16204,1.7013346,201.858895,77055164416.0,2025-07-02
2026-02-17,9369.T,,8,1,50,2026-02-18 00:00:00,3123.6172072637646,2026-05-01 00:00:00,3063.8349609375,-1.9138787616883701,4.306218236825399,-14.89633262158928,CLOSED,3100.0,45.3781512605042,33.57232702759023,27.454252522668625,19.682666429464817,31.16204,1.7013346,201.858895,77055164416.0,2025-07-02
2026-02-17,9369.T,,8,1,60,2026-02-18 00:00:00,3123.6172072637646,2026-05-20 00:00:00,2873.528564453125,-8.006379342163793,4.306218236825399,-14.89633262158928,CLOSED,3100.0,45.3781512605042,33.57232702759023,27.454252522668625,19.682666429464817,31.16204,1.7013346,201.858895,77055164416.0,2025-07-02
2026-02-18,6810.T,,8,2,5,2026-02-19 00:00:00,2185.7343997395833,2026-02-26 00:00:00,2199.419677734375,0.6261180679785427,3.085864568675145,-0.9391771019677919,CLOSED,2224.0,45.61068702290076,20.70359027490261,23.99137106749508,30.69407049025444,23.85754,0.96418685,520.58642,95911313408.0,2026-04-24
2026-02-18,6810.T,,8,2,10,2026-02-19 00:00:00,2185.7343997395833,2026-03-05 00:00:00,2048.881591796875,-6.261181960581008,3.085864568675145,-10.733453063204323,CLOSED,2224.0,45.61068702290076,20.70359027490261,23.99137106749508,30.69407049025444,23.85754,0.96418685,520.58642,95911313408.0,2026-04-24
2026-02-18,6810.T,,8,2,20,2026-02-19 00:00:00,2185.7343997395833,2026-03-19 00:00:00,1977.522705078125,-9.525937583553857,3.085864568675145,-14.266546294688531,CLOSED,2224.0,45.61068702290076,20.70359027490261,23.99137106749508,30.69407049025444,23.85754,0.96418685,520.58642,95911313408.0,2026-04-24
2026-02-18,6810.T,,8,2,40,2026-02-19 00:00:00,2185.7343997395833,2026-04-17 00:00:00,2090.34912109375,-4.363992196727917,3.085864568675145,-14.266546294688531,CLOSED,2224.0,45.61068702290076,20.70359027490261,23.99137106749508,30.69407049025444,23.85754,0.96418685,520.58642,95911313408.0,2026-04-24
2026-02-18,6810.T,,8,2,50,2026-02-19 00:00:00,2185.7343997395833,2026-05-07 00:00:00,1935.0321044921875,-11.46993409982775,3.085864568675145,-14.266546294688531,CLOSED,2224.0,45.61068702290076,20.70359027490261,23.99137106749508,30.69407049025444,23.85754,0.96418685,520.58642,95911313408.0,2026-04-24
2026-02-18,6810.T,,8,2,60,2026-02-19 00:00:00,2185.7343997395833,2026-05-21 00:00:00,1862.814697265625,-14.773968077385435,3.085864568675145,-15.317096759614868,CLOSED,2224.0,45.61068702290076,20.70359027490261,23.99137106749508,30.69407049025444,23.85754,0.96418685,520.58642,95911313408.0,2026-04-24
2026-02-18,8057.T,,8,0,5,2026-02-19 00:00:00,2039.2726156794024,2026-02-26 00:00:00,2005.509765625,-1.655632003039187,0.5203405865657595,-5.298014655841654,CLOSED,2110.0,53.932584269662925,14.607648920429794,24.98648568933782,27.048247162422363,10.581214,1.4696347,327.64495,104066277376.0,2025-09-01
2026-02-18,8057.T,,8,0,10,2026-02-19 00:00:00,2039.2726156794024,2026-03-05 00:00:00,1949.56005859375,-4.399242965157157,1.9867571641315918,-8.56197121748491,CLOSED,2110.0,53.932584269662925,14.607648920429794,24.98648568933782,27.048247162422363,10.581214,1.4696347,327.64495,104066277376.0,2025-09-01
2026-02-18,8057.T,,8,0,20,2026-02-19 00:00:00,2039.2726156794024,2026-03-19 00:00:00,1965.9591064453125,-3.5950813378457958,1.9867571641315918,-8.561971226247245,CLOSED,2110.0,53.932584269662925,14.607648920429794,24.98648568933782,27.048247162422363,10.581214,1.4696347,327.64495,104066277376.0,2025-09-01
2026-02-18,8057.T,,8,0,40,2026-02-19 00:00:00,2039.2726156794024,2026-04-17 00:00:00,1969.817626953125,-3.405870710578729,1.9867571641315918,-9.318830224479358,CLOSED,2110.0,53.932584269662925,14.607648920429794,24.98648568933782,27.048247162422363,10.581214,1.4696347,327.64495,104066277376.0,2025-09-01
2026-02-18,8057.T,,8,0,50,2026-02-19 00:00:00,2039.2726156794024,2026-05-07 00:00:00,1953.4185791015625,-4.210032337890091,1.9867571641315918,-9.318830224479358,CLOSED,2110.0,53.932584269662925,14.607648920429794,24.98648568933782,27.048247162422363,10.581214,1.4696347,327.64495,104066277376.0,2025-09-01
2026-02-18,8057.T,,8,0,60,2026-02-19 00:00:00,2039.2726156794024,2026-05-21 00:00:00,1982.358154296875,-2.790919710534423,1.9867571641315918,-9.318830224479358,CLOSED,2110.0,53.932584269662925,14.607648920429794,24.98648568933782,27.048247162422363,10.581214,1.4696347,327.64495,104066277376.0,2025-09-01
2026-02-19,4768.T,,8,0,5,2026-02-20 00:00:00,3038.3029335423516,2026-02-27 00:00:00,3086.32763671875,1.580642359463691,1.8709649321011046,-5.3871007498865975,CLOSED,3080.0,49.39668174962293,13.520017142868372,22.27110526333287,17.868732405807485,18.172163,2.9619,4291.8302425,1167939600384.0,2026-04-30
2026-02-19,4768.T,,8,0,10,2026-02-20 00:00:00,3038.3029335423516,2026-03-06 00:00:00,3005.959716796875,-1.0645158647089814,1.8709649321011046,-5.3871007498865975,CLOSED,3080.0,49.39668174962293,13.520017142868372,22.27110526333287,17.868732405807485,18.172163,2.9619,4291.8302425,1167939600384.0,2026-04-30
2026-02-19,4768.T,,8,0,20,2026-02-20 00:00:00,3038.3029335423516,2026-03-23 00:00:00,2864.82568359375,-5.709675886279875,1.8709649321011046,-6.354837187092189,CLOSED,3080.0,49.39668174962293,13.520017142868372,22.27110526333287,17.868732405807485,18.172163,2.9619,4291.8302425,1167939600384.0,2026-04-30
2026-02-19,4768.T,,8,0,40,2026-02-20 00:00:00,3038.3029335423516,2026-04-20 00:00:00,2987.337890625,-1.6774180860870125,2.5161284479891632,-7.0967749427857445,CLOSED,3080.0,49.39668174962293,13.520017142868372,22.27110526333287,17.868732405807485,18.172163,2.9619,4291.8302425,1167939600384.0,2026-04-30
2026-02-19,4768.T,,8,0,50,2026-02-20 00:00:00,3038.3029335423516,2026-05-08 00:00:00,2977.536865234375,-2.000000317187911,2.5161284479891632,-8.79031996195545,CLOSED,3080.0,49.39668174962293,13.520017142868372,22.27110526333287,17.868732405807485,18.172163,2.9619,4291.8302425,1167939600384.0,2026-04-30
2026-02-19,4768.T,,8,0,60,2026-02-20 00:00:00,3038.3029335423516,2026-05-22 00:00:00,2826.601806640625,-6.967742569859703,2.5161284479891632,-8.79031996195545,CLOSED,3080.0,49.39668174962293,13.520017142868372,22.27110526333287,17.868732405807485,18.172163,2.9619,4291.8302425,1167939600384.0,2026-04-30
2026-02-25,6125.T,,8,2,5,2026-02-26 00:00:00,4715.301385543163,2026-03-04 00:00:00,4257.271484375,-9.713693011701341,1.9427456454872205,-11.042936489445253,CLOSED,4860.0,46.63341645885287,24.40338027581319,27.964185863618805,24.906514786601583,14.191853,0.7791333,333.718575,32127152128.0,2025-08-06
2026-02-25,6125.T,,8,2,10,2026-02-26 00:00:00,4715.301385543163,2026-03-11 00:00:00,4440.48291015625,-5.828227146402353,1.9427456454872205,-14.928428255516835,CLOSED,4860.0,46.63341645885287,24.40338027581319,27.964185863618805,24.906514786601583,14.191853,0.7791333,333.718575,32127152128.0,2025-08-06
2026-02-25,6125.T,,8,2,20,2026-02-26 00:00:00,4715.301385543163,2026-03-26 00:00:00,3982.453125,-15.541917697774998,1.9427456454872205,-19.427402738499378,CLOSED,4860.0,46.63341645885287,24.40338027581319,27.964185863618805,24.906514786601583,14.191853,0.7791333,333.718575,32127152128.0,2025-08-06
2026-02-25,6125.T,,8,2,40,2026-02-26 00:00:00,4715.301385543163,2026-04-23 00:00:00,4013.319580078125,-14.887315742261409,1.9427456454872205,-23.02308699434117,CLOSED,4860.0,46.63341645885287,24.40338027581319,27.964185863618805,24.906514786601583,14.191853,0.7791333,333.718575,32127152128.0,2025-08-06
2026-02-25,6125.T,,8,2,50,2026-02-26 00:00:00,4715.301385543163,2026-05-13 00:00:00,4859.2646484375,3.0531084043900147,11.397483847551793,-23.02308699434117,CLOSED,4860.0,46.63341645885287,24.40338027581319,27.964185863618805,24.906514786601583,14.191853,0.7791333,333.718575,32127152128.0,2025-08-06
2026-02-25,6125.T,,8,2,60,2026-02-26 00:00:00,4715.301385543163,2026-05-27 00:00:00,5174.03466796875,9.728610006394,13.900800500933697,-23.02308699434117,CLOSED,4860.0,46.63341645885287,24.40338027581319,27.964185863618805,24.906514786601583,14.191853,0.7791333,333.718575,32127152128.0,2025-08-06
2026-02-26,2395.T,,8,1,5,2026-02-27 00:00:00,1626.7924267090705,2026-03-05 00:00:00,1513.901123046875,-6.939502656191343,1.3048635824436383,-11.3285889380906,CLOSED,1675.0,53.690036900369,19.04554900791821,24.299293234689173,19.497409341680573,14.982111,1.3192436,468.786085,69733326848.0,2025-08-04
2026-02-26,2395.T,,8,1,10,2026-02-27 00:00:00,1626.7924267090705,2026-03-12 00:00:00,1504.2523193359375,-7.532620963882053,1.3048635824436383,-11.3285889380906,CLOSED,1675.0,53.690036900369,19.04554900791821,24.299293234689173,19.497409341680573,14.982111,1.3192436,468.786085,69733326848.0,2025-08-04
2026-02-26,2395.T,,8,1,20,2026-02-27 00:00:00,1626.7924267090705,2026-03-27 00:00:00,1410.65869140625,-13.285882805592442,1.3048635824436383,-15.183866218876329,CLOSED,1675.0,53.690036900369,19.04554900791821,24.299293234689173,19.497409341680573,14.982111,1.3192436,468.786085,69733326848.0,2025-08-04
2026-02-26,2395.T,,8,1,40,2026-02-27 00:00:00,1626.7924267090705,2026-04-24 00:00:00,1415.584228515625,-12.983106801198375,1.3048635824436383,-16.91915678436421,CLOSED,1675.0,53.690036900369,19.04554900791821,24.299293234689173,19.497409341680573,14.982111,1.3192436,468.786085,69733326848.0,2025-08-04
2026-02-26,2395.T,,8,1,50,2026-02-27 00:00:00,1626.7924267090705,2026-05-14 00:00:00,1165.36962890625,-28.363962742084958,1.3048635824436383,-30.90725400567956,CLOSED,1675.0,53.690036900369,19.04554900791821,24.299293234689173,19.497409341680573,14.982111,1.3192436,468.786085,69733326848.0,2025-08-04
2026-02-26,2395.T,,8,1,60,2026-02-27 00:00:00,1626.7924267090705,2026-05-28 00:00:00,1201.8182373046875,-26.12344282079595,1.3048635824436383,-30.90725400567956,CLOSED,1675.0,53.690036900369,19.04554900791821,24.299293234689173,19.497409341680573,14.982111,1.3192436,468.786085,69733326848.0,2025-08-04
2026-02-26,6584.T,,8,0,5,2026-02-27 00:00:00,823.0535764951964,2026-03-05 00:00:00,728.7152709960938,-11.461988404305679,4.327485380116958,-16.491229729622468,CLOSED,859.0,51.82186234817813,13.66659579556794,31.59822810968761,23.533890523291404,12.002235,0.6742268,255.768455,30759567360.0,2025-08-04
2026-02-26,6584.T,,8,0,10,2026-02-27 00:00:00,823.0535764951964,2026-03-12 00:00:00,704.6494140625,-14.38596050294757,4.327485380116958,-19.18127844843728,CLOSED,859.0,51.82186234817813,13.66659579556794,31.59822810968761,23.533890523291404,12.002235,0.6742268,255.768455,30759567360.0,2025-08-04
2026-02-26,6584.T,,8,0,20,2026-02-27 00:00:00,823.0535764951964,2026-03-27 00:00:00,670.9571533203125,-18.479528856742846,4.327485380116958,-24.09356290243889,CLOSED,859.0,51.82186234817813,13.66659579556794,31.59822810968761,23.533890523291404,12.002235,0.6742268,255.768455,30759567360.0,2025-08-04
2026-02-26,6584.T,,8,0,40,2026-02-27 00:00:00,823.0535764951964,2026-04-24 00:00:00,718.11083984375,-12.750413782092206,4.327485380116958,-24.09356290243889,CLOSED,859.0,51.82186234817813,13.66659579556794,31.59822810968761,23.533890523291404,12.002235,0.6742268,255.768455,30759567360.0,2025-08-04
2026-02-26,6584.T,,8,0,50,2026-02-27 00:00:00,823.0535764951964,2026-05-14 00:00:00,862.5188598632812,4.794983521745899,9.68860355863792,-24.09356290243889,CLOSED,859.0,51.82186234817813,13.66659579556794,31.59822810968761,23.533890523291404,12.002235,0.6742268,255.768455,30759567360.0,2025-08-04
2026-02-26,6584.T,,8,0,60,2026-02-27 00:00:00,823.0535764951964,2026-05-28 00:00:00,857.6070556640625,4.19820533628017,12.553158049571799,-24.09356290243889,CLOSED,859.0,51.82186234817813,13.66659579556794,31.59822810968761,23.533890523291404,12.002235,0.6742268,255.768455,30759567360.0,2025-08-04
2026-02-26,6724.T,,8,0,5,2026-02-27 00:00:00,2054.6226183750555,2026-03-05 00:00:00,1944.1121826171875,-5.37862451087332,0.9908034559908963,-7.8556258149858005,CLOSED,2119.0,54.85996705107084,24.627650129853727,33.245261651215245,17.564997338828285,13.532154,0.79324406,3943.303355,678986645504.0,2026-04-30
2026-02-26,6724.T,,8,0,10,2026-02-27 00:00:00,2054.6226183750555,2026-03-12 00:00:00,1927.147705078125,-6.204298159520261,0.9908034559908963,-9.129512477307644,CLOSED,2119.0,54.85996705107084,24.627650129853727,33.245261651215245,17.564997338828285,13.532154,0.79324406,3943.303355,678986645504.0,2026-04-30
2026-02-26,6724.T,,8,0,20,2026-02-27 00:00:00,2054.6226183750555,2026-03-27 00:00:00,1938.780517578125,-5.638120585304707,0.9908034559908963,-10.356215111397326,CLOSED,2119.0,54.85996705107084,24.627650129853727,33.245261651215245,17.564997338828285,13.532154,0.79324406,3943.303355,678986645504.0,2026-04-30
2026-02-26,6724.T,,8,0,40,2026-02-27 00:00:00,2054.6226183750555,2026-04-24 00:00:00,2001.003173828125,-2.609697959488866,5.009432597140906,-10.356215111397326,CLOSED,2119.0,54.85996705107084,24.627650129853727,33.245261651215245,17.564997338828285,13.532154,0.79324406,3943.303355,678986645504.0,2026-04-30
2026-02-26,6724.T,,8,0,50,2026-02-27 00:00:00,2054.6226183750555,2026-05-14 00:00:00,2465.204345703125,19.98331584866846,20.80050990693263,-10.356215111397326,CLOSED,2119.0,54.85996705107084,24.627650129853727,33.245261651215245,17.564997338828285,13.532154,0.79324406,3943.303355,678986645504.0,2026-04-30
2026-02-26,6724.T,,8,0,60,2026-02-27 00:00:00,2054.6226183750555,2026-05-28 00:00:00,2843.97265625,38.4182492110994,46.61421853833492,-10.356215111397326,CLOSED,2119.0,54.85996705107084,24.627650129853727,33.245261651215245,17.564997338828285,13.532154,0.79324406,3943.303355,678986645504.0,2026-04-30
2026-02-27,4293.T,,8,1,5,2026-03-02 00:00:00,402.87034518476844,2026-03-06 00:00:00,409.73187255859375,1.7031601992642198,1.946469194956224,-6.082727271295541,CLOSED,416.0,50.47619047619048,28.02045687432352,21.890877929408923,26.183696670632507,24.747175,1.2966206,319.64346,86288842752.0,2025-08-04
2026-02-27,4293.T,,8,1,10,2026-03-02 00:00:00,402.87034518476844,2026-03-13 00:00:00,409.73187255859375,1.7031601992642198,5.596099672894517,-6.082727271295541,CLOSED,416.0,50.47619047619048,28.02045687432352,21.890877929408923,26.183696670632507,24.747175,1.2966206,319.64346,86288842752.0,2025-08-04
2026-02-27,4293.T,,8,1,20,2026-03-02 00:00:00,402.87034518476844,2026-03-30 00:00:00,411.69232177734375,2.1897805827652217,5.596099672894517,-6.082727271295541,CLOSED,416.0,50.47619047619048,28.02045687432352,21.890877929408923,26.183696670632507,24.747175,1.2966206,319.64346,86288842752.0,2025-08-04
2026-02-27,4293.T,,8,1,40,2026-03-02 00:00:00,402.87034518476844,2026-04-27 00:00:00,413.6527404785156,2.676393391229137,8.515813296545073,-6.082727271295541,CLOSED,416.0,50.47619047619048,28.02045687432352,21.890877929408923,26.183696670632507,24.747175,1.2966206,319.64346,86288842752.0,2025-08-04
2026-02-27,4293.T,,8,1,50,2026-03-02 00:00:00,402.87034518476844,2026-05-15 00:00:00,446.0,10.705591843810435,12.652063788317003,-6.082727271295541,CLOSED,416.0,50.47619047619048,28.02045687432352,21.890877929408923,26.183696670632507,24.747175,1.2966206,319.64346,86288842752.0,2025-08-04
2026-02-27,4293.T,,8,1,60,2026-03-02 00:00:00,402.87034518476844,2026-05-29 00:00:00,555.7846069335938,37.956196969199674,41.60583304167784,-6.082727271295541,CLOSED,416.0,50.47619047619048,28.02045687432352,21.890877929408923,26.183696670632507,24.747175,1.2966206,319.64346,86288842752.0,2025-08-04
2026-02-27,5036.T,,8,2,5,2026-03-02 00:00:00,1559.4095458984375,2026-03-06 00:00:00,1539.0693359375,-1.3043533056749768,1.7391267528770848,-6.024850929533921,CLOSED,1650.0,51.73116089613034,37.70587128495856,26.083227919327364,27.67153829283128,13.980681,2.7469141,264.668125,75036286976.0,2025-05-13
2026-02-27,5036.T,,8,2,10,2026-03-02 00:00:00,1559.4095458984375,2026-03-13 00:00:00,1541.006591796875,-1.180123217147544,2.422359012338715,-6.149069298448595,CLOSED,1650.0,51.73116089613034,37.70587128495856,26.083227919327364,27.67153829283128,13.980681,2.7469141,264.668125,75036286976.0,2025-05-13
2026-02-27,5036.T,,8,2,20,2026-03-02 00:00:00,1559.4095458984375,2026-03-30 00:00:00,1440.2322998046875,-7.6424596993913685,2.422359012338715,-8.650454682208375,CLOSED,1650.0,51.73116089613034,37.70587128495856,26.083227919327364,27.67153829283128,13.980681,2.7469141,264.668125,75036286976.0,2025-05-13
2026-02-27,5036.T,,8,2,40,2026-03-02 00:00:00,1559.4095458984375,2026-04-27 00:00:00,1389.146240234375,-10.918447056572756,3.8234813769773224,-11.61144342474194,CLOSED,1650.0,51.73116089613034,37.70587128495856,26.083227919327364,27.67153829283128,13.980681,2.7469141,264.668125,75036286976.0,2025-05-13
2026-02-27,5036.T,,8,2,50,2026-03-02 00:00:00,1559.4095458984375,2026-05-15 00:00:00,1703.521728515625,9.241458281195714,11.698446097208759,-13.942428639712546,CLOSED,1650.0,51.73116089613034,37.70587128495856,26.083227919327364,27.67153829283128,13.980681,2.7469141,264.668125,75036286976.0,2025-05-13
2026-02-27,5036.T,,8,2,60,2026-03-02 00:00:00,1559.4095458984375,2026-05-29 00:00:00,1649.4884033203125,5.776472105022101,21.211396264416592,-13.942428639712546,CLOSED,1650.0,51.73116089613034,37.70587128495856,26.083227919327364,27.67153829283128,13.980681,2.7469141,264.668125,75036286976.0,2025-05-13
2026-03-02,2492.T,,8,3,5,2026-03-03 00:00:00,398.28489212036135,2026-03-09 00:00:00,400.2663879394531,0.4975071508594775,4.477608492286689,-4.72637151790456,CLOSED,401.0,54.14847161572053,24.318305756854148,24.58831561392937,28.739385490806235,47.17647,7.4731174,1614.49895,90779049984.0,2026-04-30
2026-03-02,2492.T,,8,3,10,2026-03-03 00:00:00,398.28489212036135,2026-03-16 00:00:00,389.3680725097656,-2.238804380232695,6.965170826627998,-4.72637151790456,CLOSED,401.0,54.14847161572053,24.318305756854148,24.58831561392937,28.739385490806235,47.17647,7.4731174,1614.49895,90779049984.0,2026-04-30
2026-03-02,2492.T,,8,3,20,2026-03-03 00:00:00,398.28489212036135,2026-03-31 00:00:00,460.7026672363281,15.671640162816969,17.412933670644314,-4.72637151790456,CLOSED,401.0,54.14847161572053,24.318305756854148,24.58831561392937,28.739385490806235,47.17647,7.4731174,1614.49895,90779049984.0,2026-04-30
2026-03-02,2492.T,,8,3,40,2026-03-03 00:00:00,398.28489212036135,2026-04-28 00:00:00,438.9059753417969,10.199001776135619,21.89054720586072,-4.72637151790456,CLOSED,401.0,54.14847161572053,24.318305756854148,24.58831561392937,28.739385490806235,47.17647,7.4731174,1614.49895,90779049984.0,2026-04-30
2026-03-02,2492.T,,8,3,50,2026-03-03 00:00:00,398.28489212036135,2026-05-18 00:00:00,416.1185302734375,4.477608492286689,21.89054720586072,-4.72637151790456,CLOSED,401.0,54.14847161572053,24.318305756854148,24.58831561392937,28.739385490806235,47.17647,7.4731174,1614.49895,90779049984.0,2026-04-30
2026-03-02,2492.T,,8,3,60,2026-03-03 00:00:00,398.28489212036135,2026-06-01 00:00:00,377.47894287109375,-5.223886132989463,21.89054720586072,-8.706467904109228,CLOSED,401.0,54.14847161572053,24.318305756854148,24.58831561392937,28.739385490806235,47.17647,7.4731174,1614.49895,90779049984.0,2026-04-30
2026-03-02,6125.T,,8,3,5,2026-03-03 00:00:00,4686.373402549342,2026-03-09 00:00:00,4117.451171875,-12.139925306951726,2.5720164609053464,-14.40329959646819,CLOSED,4790.0,44.89361702127659,19.89397625427473,23.070302156609475,22.554408184315463,13.991938,0.7679112,354.9614,31664414720.0,2025-08-06
2026-03-02,6125.T,,8,3,10,2026-03-03 00:00:00,4686.373402549342,2026-03-16 00:00:00,4271.7353515625,-8.847738226776446,2.5720164609053464,-14.40329959646819,CLOSED,4790.0,44.89361702127659,19.89397625427473,23.070302156609475,22.554408184315463,13.991938,0.7679112,354.9614,31664414720.0,2025-08-06
2026-03-02,6125.T,,8,3,20,2026-03-03 00:00:00,4686.373402549342,2026-03-31 00:00:00,3708.385986328125,-20.868747157219726,2.5720164609053464,-22.547924936376873,CLOSED,4790.0,44.89361702127659,19.89397625427473,23.070302156609475,22.554408184315463,13.991938,0.7679112,354.9614,31664414720.0,2025-08-06
2026-03-02,6125.T,,8,3,40,2026-03-03 00:00:00,4686.373402549342,2026-04-28 00:00:00,4106.76708984375,-12.36790718362929,2.5720164609053464,-22.547924936376873,CLOSED,4790.0,44.89361702127659,19.89397625427473,23.070302156609475,22.554408184315463,13.991938,0.7679112,354.9614,31664414720.0,2025-08-06
2026-03-02,6125.T,,8,3,50,2026-03-03 00:00:00,4686.373402549342,2026-05-18 00:00:00,4711.7158203125,0.5407682142735792,12.085116744354973,-22.547924936376873,CLOSED,4790.0,44.89361702127659,19.89397625427473,23.070302156609475,22.554408184315463,13.991938,0.7679112,354.9614,31664414720.0,2025-08-06
2026-03-02,6125.T,,8,3,60,2026-03-03 00:00:00,4686.373402549342,2026-06-01 00:00:00,5252.72705078125,12.085115708530969,17.54244343965794,-22.547924936376873,CLOSED,4790.0,44.89361702127659,19.89397625427473,23.070302156609475,22.554408184315463,13.991938,0.7679112,354.9614,31664414720.0,2025-08-06
2026-03-02,7649.T,,8,0,5,2026-03-03 00:00:00,1765.0036956106615,2026-03-09 00:00:00,1738.800537109375,-1.4845951068799712,0.8123249299719859,-4.509805151934543,CLOSED,3566.0,53.58359538544264,13.393974227138306,20.856008895223894,25.06593166203785,15.642409,2.3003988,2911.274575042725,645349507072.0,2026-04-09
2026-03-02,7649.T,,8,0,10,2026-03-03 00:00:00,1765.0036956106615,2026-03-16 00:00:00,1701.720703125,-3.5854311604580857,0.8123249299719859,-5.882349574559709,CLOSED,3566.0,53.58359538544264,13.393974227138306,20.856008895223894,25.06593166203785,15.642409,2.3003988,2911.274575042725,645349507072.0,2026-04-09
2026-03-02,7649.T,,8,0,20,2026-03-03 00:00:00,1765.0036956106615,2026-03-31 00:00:00,1718.5302734375,-2.6330495674731447,3.1652657211766355,-5.882349574559709,CLOSED,3566.0,53.58359538544264,13.393974227138306,20.856008895223894,25.06593166203785,15.642409,2.3003988,2911.274575042725,645349507072.0,2026-04-09
2026-03-02,7649.T,,8,0,40,2026-03-03 00:00:00,1765.0036956106615,2026-04-28 00:00:00,1604.3240966796875,-9.103640934609004,5.070032299306915,-11.540613775478814,CLOSED,3566.0,53.58359538544264,13.393974227138306,20.856008895223894,25.06593166203785,15.642409,2.3003988,2911.274575042725,645349507072.0,2026-04-09
2026-03-02,7649.T,,8,0,50,2026-03-03 00:00:00,1765.0036956106615,2026-05-18 00:00:00,1496.05078125,-15.238093553543997,5.070032299306915,-17.633055089826055,CLOSED,3566.0,53.58359538544264,13.393974227138306,20.856008895223894,25.06593166203785,15.642409,2.3003988,2911.274575042725,645349507072.0,2026-04-09
2026-03-02,7649.T,,8,0,60,2026-03-03 00:00:00,1765.0036956106615,2026-06-01 00:00:00,1364.29345703125,-22.703082128152285,5.070032299306915,-24.579832806686007,CLOSED,3566.0,53.58359538544264,13.393974227138306,20.856008895223894,25.06593166203785,15.642409,2.3003988,2911.274575042725,645349507072.0,2026-04-09
2026-03-05,2158.T,,8,1,5,2026-03-06 00:00:00,888.0,2026-03-12 00:00:00,848.0,-4.504504504504503,2.3648648648648685,-6.531531531531531,CLOSED,891.0,50.14577259475219,20.595719996524632,20.432010962389857,20.16717764057353,127.46781,9.457595,454.139165,34910720000.0,2026-05-14
2026-03-05,2158.T,,8,1,10,2026-03-06 00:00:00,888.0,2026-03-19 00:00:00,806.0,-9.23423423423423,2.3648648648648685,-9.909909909909908,CLOSED,891.0,50.14577259475219,20.595719996524632,20.432010962389857,20.16717764057353,127.46781,9.457595,454.139165,34910720000.0,2026-05-14
2026-03-05,2158.T,,8,1,20,2026-03-06 00:00:00,888.0,2026-04-03 00:00:00,833.0,-6.1936936936936915,2.3648648648648685,-14.18918918918919,CLOSED,891.0,50.14577259475219,20.595719996524632,20.432010962389857,20.16717764057353,127.46781,9.457595,454.139165,34910720000.0,2026-05-14
2026-03-05,2158.T,,8,1,40,2026-03-06 00:00:00,888.0,2026-05-07 00:00:00,800.0,-9.909909909909908,3.0405405405405483,-14.18918918918919,CLOSED,891.0,50.14577259475219,20.595719996524632,20.432010962389857,20.16717764057353,127.46781,9.457595,454.139165,34910720000.0,2026-05-14
2026-03-05,2158.T,,8,1,50,2026-03-06 00:00:00,888.0,2026-05-21 00:00:00,600.0,-32.432432432432435,3.0405405405405483,-35.13513513513513,CLOSED,891.0,50.14577259475219,20.595719996524632,20.432010962389857,20.16717764057353,127.46781,9.457595,454.139165,34910720000.0,2026-05-14
2026-03-05,2158.T,,8,1,60,2026-03-06 00:00:00,888.0,2026-06-04 00:00:00,573.0,-35.47297297297297,3.0405405405405483,-36.93693693693694,CLOSED,891.0,50.14577259475219,20.595719996524632,20.432010962389857,20.16717764057353,127.46781,9.457595,454.139165,34910720000.0,2026-05-14
2026-03-05,2201.T,,8,1,5,2026-03-06 00:00:00,2685.67028460953,2026-03-12 00:00:00,2568.79638671875,-4.351758983987574,0.9247506799637373,-4.913862390906321,CLOSED,2779.5,53.95973154362416,31.94770851675645,29.586863467775803,23.14473582390636,13.840064,1.7378957,777.87072,233536061440.0,2026-05-11
2026-03-05,2201.T,,8,1,10,2026-03-06 00:00:00,2685.67028460953,2026-03-19 00:00:00,2599.475830078125,-3.2094205690605393,0.9247506799637373,-4.932006080740036,CLOSED,2779.5,53.95973154362416,31.94770851675645,29.586863467775803,23.14473582390636,13.840064,1.7378957,777.87072,233536061440.0,2026-05-11
2026-03-05,2201.T,,8,1,20,2026-03-06 00:00:00,2685.67028460953,2026-04-03 00:00:00,2762.8095703125,2.8722545036530933,2.982356809579212,-5.0951959397636415,CLOSED,2779.5,53.95973154362416,31.94770851675645,29.586863467775803,23.14473582390636,13.840064,1.7378957,777.87072,233536061440.0,2026-05-11
2026-03-05,2201.T,,8,1,40,2026-03-06 00:00:00,2685.67028460953,2026-05-07 00:00:00,2616.931640625,-2.5594595277924737,5.276150835401339,-5.0951959397636415,CLOSED,2779.5,53.95973154362416,31.94770851675645,29.586863467775803,23.14473582390636,13.840064,1.7378957,777.87072,233536061440.0,2026-05-11
2026-03-05,2201.T,,8,1,50,2026-03-06 00:00:00,2685.67028460953,2026-05-21 00:00:00,2522.30810546875,-6.082733985513455,5.276150835401339,-11.165791311595385,CLOSED,2779.5,53.95973154362416,31.94770851675645,29.586863467775803,23.14473582390636,13.840064,1.7378957,777.87072,233536061440.0,2026-05-11
2026-03-05,2201.T,,8,1,60,2026-03-06 00:00:00,2685.67028460953,2026-06-04 00:00:00,2402.55029296875,-10.541874528054462,5.276150835401339,-11.165791311595385,CLOSED,2779.5,53.95973154362416,31.94770851675645,29.586863467775803,23.14473582390636,13.840064,1.7378957,777.87072,233536061440.0,2026-05-11
2026-03-18,4666.T,,8,1,5,2026-03-19 00:00:00,2013.5,2026-03-26 00:00:00,2008.0,-0.2731561956791695,3.575862925254536,-6.878569654829903,CLOSED,2090.5,43.56940509915015,25.18805358951368,37.00898285768389,31.074152000425126,24.496134,5.02262,2403.8818825,356777000960.0,2026-02-27
2026-03-18,4666.T,,8,1,10,2026-03-19 00:00:00,2013.5,2026-04-02 00:00:00,1935.0,-3.8986838837844595,3.575862925254536,-6.878569654829903,CLOSED,2090.5,43.56940509915015,25.18805358951368,37.00898285768389,31.074152000425126,24.496134,5.02262,2403.8818825,356777000960.0,2026-02-27
2026-03-18,4666.T,,8,1,20,2026-03-19 00:00:00,2013.5,2026-04-16 00:00:00,1970.0,-2.1604171840079456,3.575862925254536,-6.878569654829903,CLOSED,2090.5,43.56940509915015,25.18805358951368,37.00898285768389,31.074152000425126,24.496134,5.02262,2403.8818825,356777000960.0,2026-02-27
2026-03-18,4666.T,,8,1,40,2026-03-19 00:00:00,2013.5,2026-05-20 00:00:00,1750.0,-13.08666501117457,3.575862925254536,-13.930965979637444,CLOSED,2090.5,43.56940509915015,25.18805358951368,37.00898285768389,31.074152000425126,24.496134,5.02262,2403.8818825,356777000960.0,2026-02-27
2026-03-18,4666.T,,8,1,50,2026-03-19 00:00:00,2013.5,2026-06-03 00:00:00,1827.0,-9.262478271666252,3.575862925254536,-13.930965979637444,CLOSED,2090.5,43.56940509915015,25.18805358951368,37.00898285768389,31.074152000425126,24.496134,5.02262,2403.8818825,356777000960.0,2026-02-27
2026-03-18,4666.T,,8,1,60,2026-03-19 00:00:00,2013.5,2026-06-17 00:00:00,2118.0,5.189967717904143,10.181276384405269,-13.930965979637444,CLOSED,2090.5,43.56940509915015,25.18805358951368,37.00898285768389,31.074152000425126,24.496134,5.02262,2403.8818825,356777000960.0,2026-02-27
2026-03-18,8613.T,,8,1,5,2026-03-19 00:00:00,1015.0764167039914,2026-03-26 00:00:00,1010.3330688476562,-0.467289730928544,1.3084112034492668,-3.0841119932585537,CLOSED,1079.0,48.064516129032256,24.84810503799008,31.13991298000272,29.294575419296446,15.685419,1.4485321,423.97472,71487938560.0,2025-07-28
2026-03-18,8613.T,,8,1,10,2026-03-19 00:00:00,1015.0764167039914,2026-04-02 00:00:00,1017.219482421875,0.21112358465014136,2.149443189769107,-4.925423323140499,CLOSED,1079.0,48.064516129032256,24.84810503799008,31.13991298000272,29.294575419296446,15.685419,1.4485321,423.97472,71487938560.0,2025-07-28
2026-03-18,8613.T,,8,1,20,2026-03-19 00:00:00,1015.0764167039914,2026-04-16 00:00:00,1067.391845703125,5.153841438756368,6.413749216363573,-4.925423323140499,CLOSED,1079.0,48.064516129032256,24.84810503799008,31.13991298000272,29.294575419296446,15.685419,1.4485321,423.97472,71487938560.0,2025-07-28
2026-03-18,8613.T,,8,1,40,2026-03-19 00:00:00,1015.0764167039914,2026-05-20 00:00:00,1016.2357177734375,0.11420825569077309,6.413749216363573,-4.925423323140499,CLOSED,1079.0,48.064516129032256,24.84810503799008,31.13991298000272,29.294575419296446,15.685419,1.4485321,423.97472,71487938560.0,2025-07-28
2026-03-18,8613.T,,8,1,50,2026-03-19 00:00:00,1015.0764167039914,2026-06-03 00:00:00,1030.9923095703125,1.5679502158074898,6.413749216363573,-4.925423323140499,CLOSED,1079.0,48.064516129032256,24.84810503799008,31.13991298000272,29.294575419296446,15.685419,1.4485321,423.97472,71487938560.0,2025-07-28
2026-03-18,8613.T,,8,1,60,2026-03-19 00:00:00,1015.0764167039914,2026-06-17 00:00:00,1038.8624267578125,2.343272847482325,6.413749216363573,-4.925423323140499,CLOSED,1079.0,48.064516129032256,24.84810503799008,31.13991298000272,29.294575419296446,15.685419,1.4485321,423.97472,71487938560.0,2025-07-28
2026-03-19,2288.T,,8,0,5,2026-03-23 00:00:00,2158.153911820994,2026-03-27 00:00:00,2217.22900390625,2.7372974541658213,3.620302365748751,-1.9867549668874052,CLOSED,2278.0,38.51851851851852,29.53920181019183,25.23158481870978,20.72946621678097,12.61002,0.74809736,536.099755,55765708800.0,2025-08-05
2026-03-19,2288.T,,8,0,10,2026-03-23 00:00:00,2158.153911820994,2026-04-03 00:00:00,2349.85009765625,8.882414955915152,9.018973168652522,-1.9867549668874052,CLOSED,2278.0,38.51851851851852,29.53920181019183,25.23158481870978,20.72946621678097,12.61002,0.74809736,536.099755,55765708800.0,2025-08-05
2026-03-19,2288.T,,8,0,20,2026-03-23 00:00:00,2158.153911820994,2026-04-17 00:00:00,2253.5771484375,4.421521379630899,12.797083692270284,-1.9867549668874052,CLOSED,2278.0,38.51851851851852,29.53920181019183,25.23158481870978,20.72946621678097,12.61002,0.74809736,536.099755,55765708800.0,2025-08-05
2026-03-19,2288.T,,8,0,40,2026-03-23 00:00:00,2158.153911820994,2026-05-21 00:00:00,2201.510986328125,2.00898899145463,12.797083692270284,-1.9867549668874052,CLOSED,2278.0,38.51851851851852,29.53920181019183,25.23158481870978,20.72946621678097,12.61002,0.74809736,536.099755,55765708800.0,2025-08-05
2026-03-19,2288.T,,8,0,50,2026-03-23 00:00:00,2158.153911820994,2026-06-04 00:00:00,2113.096923828125,-2.0877560097116055,12.797083692270284,-2.17880081611177,CLOSED,2278.0,38.51851851851852,29.53920181019183,25.23158481870978,20.72946621678097,12.61002,0.74809736,536.099755,55765708800.0,2025-08-05
2026-03-19,2288.T,,8,0,60,2026-03-23 00:00:00,2158.153911820994,2026-06-18 00:00:00,2160.2509765625,0.09716937842196849,12.797083692270284,-2.17880081611177,CLOSED,2278.0,38.51851851851852,29.53920181019183,25.23158481870978,20.72946621678097,12.61002,0.74809736,536.099755,55765708800.0,2025-08-05
2026-03-23,6523.T,,8,0,5,2026-03-24 00:00:00,1039.000912558066,2026-03-30 00:00:00,1090.14599609375,4.922525371971287,6.424580813553149,-0.8379888268156499,CLOSED,1058.0,47.63513513513514,22.65626598640044,32.79166308532714,29.603242222613986,23.150984,0.8402907,256.345785,133847425024.0,2026-05-13
2026-03-23,6523.T,,8,0,10,2026-03-24 00:00:00,1039.000912558066,2026-04-06 00:00:00,1102.959716796875,6.155798658669087,7.199335405101892,-0.8379888268156499,CLOSED,1058.0,47.63513513513514,22.65626598640044,32.79166308532714,29.603242222613986,23.150984,0.8402907,256.345785,133847425024.0,2026-05-13
2026-03-23,6523.T,,8,0,20,2026-03-24 00:00:00,1039.000912558066,2026-04-20 00:00:00,1035.9344482421875,-0.29513586357962085,7.673665306156763,-0.9592025133940418,CLOSED,1058.0,47.63513513513514,22.65626598640044,32.79166308532714,29.603242222613986,23.150984,0.8402907,256.345785,133847425024.0,2026-05-13
2026-03-23,6523.T,,8,0,40,2026-03-24 00:00:00,1039.000912558066,2026-05-22 00:00:00,1055.647705078125,1.602192290579807,7.673665306156763,-10.445867636854345,CLOSED,1058.0,47.63513513513514,22.65626598640044,32.79166308532714,29.603242222613986,23.150984,0.8402907,256.345785,133847425024.0,2026-05-13
2026-03-23,6523.T,,8,0,50,2026-03-24 00:00:00,1039.000912558066,2026-06-05 00:00:00,1074.3753662109375,3.4046604988804186,7.673665306156763,-10.445867636854345,CLOSED,1058.0,47.63513513513514,22.65626598640044,32.79166308532714,29.603242222613986,23.150984,0.8402907,256.345785,133847425024.0,2026-05-13
2026-03-23,6523.T,,8,0,60,2026-03-24 00:00:00,1039.000912558066,2026-06-19 00:00:00,1028.049072265625,-1.0540741745334037,7.673665306156763,-10.445867636854345,CLOSED,1058.0,47.63513513513514,22.65626598640044,32.79166308532714,29.603242222613986,23.150984,0.8402907,256.345785,133847425024.0,2026-05-13
2026-03-24,4666.T,,8,2,5,2026-03-25 00:00:00,2058.0,2026-03-31 00:00:00,1887.5,-8.28474246841594,1.3362487852283778,-8.527696793002914,CLOSED,2021.5,51.99781061850027,21.073776819452345,34.85059218356779,32.71620144906871,23.726526,4.8568416,2840.70419,345001066496.0,2026-02-27
2026-03-24,4666.T,,8,2,10,2026-03-25 00:00:00,2058.0,2026-04-07 00:00:00,1945.0,-5.490767735665692,1.3362487852283778,-8.527696793002914,CLOSED,2021.5,51.99781061850027,21.073776819452345,34.85059218356779,32.71620144906871,23.726526,4.8568416,2840.70419,345001066496.0,2026-02-27
2026-03-24,4666.T,,8,2,20,2026-03-25 00:00:00,2058.0,2026-04-21 00:00:00,1987.0,-3.449951409135088,1.3362487852283778,-8.527696793002914,CLOSED,2021.5,51.99781061850027,21.073776819452345,34.85059218356779,32.71620144906871,23.726526,4.8568416,2840.70419,345001066496.0,2026-02-27
2026-03-24,4666.T,,8,2,40,2026-03-25 00:00:00,2058.0,2026-05-25 00:00:00,1849.0,-10.155490767735664,1.3362487852283778,-15.792031098153547,CLOSED,2021.5,51.99781061850027,21.073776819452345,34.85059218356779,32.71620144906871,23.726526,4.8568416,2840.70419,345001066496.0,2026-02-27
2026-03-24,4666.T,,8,2,50,2026-03-25 00:00:00,2058.0,2026-06-08 00:00:00,1798.0,-12.633624878522841,1.3362487852283778,-15.792031098153547,CLOSED,2021.5,51.99781061850027,21.073776819452345,34.85059218356779,32.71620144906871,23.726526,4.8568416,2840.70419,345001066496.0,2026-02-27
2026-03-24,4666.T,,8,2,60,2026-03-25 00:00:00,2058.0,2026-06-22 00:00:00,2030.0,-1.3605442176870763,7.798833819241979,-15.792031098153547,CLOSED,2021.5,51.99781061850027,21.073776819452345,34.85059218356779,32.71620144906871,23.726526,4.8568416,2840.70419,345001066496.0,2026-02-27
2026-03-24,8613.T,,8,1,5,2026-03-25 00:00:00,1020.7684327307412,2026-03-31 00:00:00,982.7874755859375,-3.7208201122753914,0.7434945370198953,-5.455578838170894,CLOSED,1066.0,50.0,20.69968323219918,30.11470837855542,29.58023141223432,15.498692,1.4310799,513.268045,70626639872.0,2025-07-28
2026-03-24,8613.T,,8,1,10,2026-03-25 00:00:00,1020.7684327307412,2026-04-07 00:00:00,1048.7001953125,2.736346627318431,3.025473306382165,-5.455578838170894,CLOSED,1066.0,50.0,20.69968323219918,30.11470837855542,29.58023141223432,15.498692,1.4310799,513.268045,70626639872.0,2025-07-28
2026-03-24,8613.T,,8,1,20,2026-03-25 00:00:00,1020.7684327307412,2026-04-21 00:00:00,1030.9923095703125,1.0015863061341612,5.820364128635402,-5.455578838170894,CLOSED,1066.0,50.0,20.69968323219918,30.11470837855542,29.58023141223432,15.498692,1.4310799,513.268045,70626639872.0,2025-07-28
2026-03-24,8613.T,,8,1,40,2026-03-25 00:00:00,1020.7684327307412,2026-05-25 00:00:00,1040.8299560546875,1.9653353964207199,5.820364128635402,-5.455578838170894,CLOSED,1066.0,50.0,20.69968323219918,30.11470837855542,29.58023141223432,15.498692,1.4310799,513.268045,70626639872.0,2025-07-28
2026-03-24,8613.T,,8,1,50,2026-03-25 00:00:00,1020.7684327307412,2026-06-08 00:00:00,1024.1058349609375,0.32694998426510136,5.820364128635402,-5.455578838170894,CLOSED,1066.0,50.0,20.69968323219918,30.11470837855542,29.58023141223432,15.498692,1.4310799,513.268045,70626639872.0,2025-07-28
2026-03-24,8613.T,,8,1,60,2026-03-25 00:00:00,1020.7684327307412,2026-06-22 00:00:00,1032.9598388671875,1.194336124191464,5.820364128635402,-5.455578838170894,CLOSED,1066.0,50.0,20.69968323219918,30.11470837855542,29.58023141223432,15.498692,1.4310799,513.268045,70626639872.0,2025-07-28
2026-03-24,9003.T,,8,0,5,2026-03-25 00:00:00,2834.9381275398637,2026-03-31 00:00:00,2887.85400390625,1.8665619490012109,3.2586570900876577,-0.7038626609442211,CLOSED,2865.5,46.75496688741722,23.17704228574488,26.28639787326046,24.375283257675893,13.911545,1.4283706,850.5000575,275001081856.0,2026-04-28
2026-03-24,9003.T,,8,0,10,2026-03-25 00:00:00,2834.9381275398637,2026-04-07 00:00:00,3084.192626953125,8.792237720883245,9.801506720853048,-0.7038626609442211,CLOSED,2865.5,46.75496688741722,23.17704228574488,26.28639787326046,24.375283257675893,13.911545,1.4283706,850.5000575,275001081856.0,2026-04-28
2026-03-24,9003.T,,8,0,20,2026-03-25 00:00:00,2834.9381275398637,2026-04-21 00:00:00,2829.64306640625,-0.18677871951331415,10.21913662437386,-0.9872348802734909,CLOSED,2865.5,46.75496688741722,23.17704228574488,26.28639787326046,24.375283257675893,13.911545,1.4283706,850.5000575,275001081856.0,2026-04-28
2026-03-24,9003.T,,8,0,40,2026-03-25 00:00:00,2834.9381275398637,2026-05-25 00:00:00,2505.043212890625,-11.636758892354337,10.21913662437386,-12.837440979086834,CLOSED,2865.5,46.75496688741722,23.17704228574488,26.28639787326046,24.375283257675893,13.911545,1.4283706,850.5000575,275001081856.0,2026-04-28
2026-03-24,9003.T,,8,0,50,2026-03-25 00:00:00,2834.9381275398637,2026-06-08 00:00:00,2363.46240234375,-16.630900005047256,10.21913662437386,-19.15407615189895,CLOSED,2865.5,46.75496688741722,23.17704228574488,26.28639787326046,24.375283257675893,13.911545,1.4283706,850.5000575,275001081856.0,2026-04-28
2026-03-24,9003.T,,8,0,60,2026-03-25 00:00:00,2834.9381275398637,2026-06-22 00:00:00,2377.275146484375,-16.14366735589552,10.21913662437386,-19.15407615189895,CLOSED,2865.5,46.75496688741722,23.17704228574488,26.28639787326046,24.375283257675893,13.911545,1.4283706,850.5000575,275001081856.0,2026-04-28
2026-03-25,5352.T,,8,1,5,,,,,,,,PRICE_DOWNLOAD_FAILED,4185.0,50.0,60.757710636334295,68.98148951476477,4.372772087910749,7.369255,1.3203462,696.58165,140933758976.0,2025-07-29
2026-03-25,5352.T,,8,1,10,,,,,,,,PRICE_DOWNLOAD_FAILED,4185.0,50.0,60.757710636334295,68.98148951476477,4.372772087910749,7.369255,1.3203462,696.58165,140933758976.0,2025-07-29
2026-03-25,5352.T,,8,1,20,,,,,,,,PRICE_DOWNLOAD_FAILED,4185.0,50.0,60.757710636334295,68.98148951476477,4.372772087910749,7.369255,1.3203462,696.58165,140933758976.0,2025-07-29
2026-03-25,5352.T,,8,1,40,,,,,,,,PRICE_DOWNLOAD_FAILED,4185.0,50.0,60.757710636334295,68.98148951476477,4.372772087910749,7.369255,1.3203462,696.58165,140933758976.0,2025-07-29
2026-03-25,5352.T,,8,1,50,,,,,,,,PRICE_DOWNLOAD_FAILED,4185.0,50.0,60.757710636334295,68.98148951476477,4.372772087910749,7.369255,1.3203462,696.58165,140933758976.0,2025-07-29
2026-03-25,5352.T,,8,1,60,,,,,,,,PRICE_DOWNLOAD_FAILED,4185.0,50.0,60.757710636334295,68.98148951476477,4.372772087910749,7.369255,1.3203462,696.58165,140933758976.0,2025-07-29
2026-03-27,2292.T,,8,0,5,2026-03-30 00:00:00,2909.645381490983,2026-04-03 00:00:00,2997.965087890625,3.0354113584242004,4.38448642985203,-1.0455311973018633,CLOSED,3035.0,50.42589437819421,22.383686616872705,28.92492380926412,28.25324861028715,17.155615,0.7670847,241.919445,96129417216.0,2025-07-10
2026-03-27,2292.T,,8,0,10,2026-03-30 00:00:00,2909.645381490983,2026-04-10 00:00:00,2988.15185546875,2.698145776704175,6.408093367771883,-1.0455311973018633,CLOSED,3035.0,50.42589437819421,22.383686616872705,28.92492380926412,28.25324861028715,17.155615,0.7670847,241.919445,96129417216.0,2025-07-10
2026-03-27,2292.T,,8,0,20,2026-03-30 00:00:00,2909.645381490983,2026-04-24 00:00:00,2808.568359375,-3.4738605178129323,6.408093367771883,-4.182129917069766,CLOSED,3035.0,50.42589437819421,22.383686616872705,28.92492380926412,28.25324861028715,17.155615,0.7670847,241.919445,96129417216.0,2025-07-10
2026-03-27,2292.T,,8,0,40,2026-03-30 00:00:00,2909.645381490983,2026-05-28 00:00:00,2673.14453125,-8.128167499222648,6.408093367771883,-9.00506457889233,CLOSED,3035.0,50.42589437819421,22.383686616872705,28.92492380926412,28.25324861028715,17.155615,0.7670847,241.919445,96129417216.0,2025-07-10
2026-03-27,2292.T,,8,0,50,2026-03-30 00:00:00,2909.645381490983,2026-06-11 00:00:00,2580.899658203125,-11.298480748860174,6.408093367771883,-13.794271828621874,CLOSED,3035.0,50.42589437819421,22.383686616872705,28.92492380926412,28.25324861028715,17.155615,0.7670847,241.919445,96129417216.0,2025-07-10
2026-03-27,2292.T,,8,0,60,2026-03-30 00:00:00,2909.645381490983,2026-06-25 00:00:00,2585.80615234375,-11.129852153367526,6.408093367771883,-13.794271828621874,CLOSED,3035.0,50.42589437819421,22.383686616872705,28.92492380926412,28.25324861028715,17.155615,0.7670847,241.919445,96129417216.0,2025-07-10
2026-03-27,6282.T,,8,0,5,2026-03-30 00:00:00,2339.257121951081,2026-04-03 00:00:00,2418.970947265625,3.4076555572504885,4.417326107973851,-0.9255363904080771,CLOSED,2497.0,50.10706638115632,24.22546240694654,33.6092577599948,29.308476956812367,12.652647,0.93654597,472.96931,72723415040.0,2025-08-05
2026-03-27,6282.T,,8,0,10,2026-03-30 00:00:00,2339.257121951081,2026-04-10 00:00:00,2652.207763671875,13.378206217013645,14.556161606281325,-0.9255363904080771,CLOSED,2497.0,50.10706638115632,24.22546240694654,33.6092577599948,29.308476956812367,12.652647,0.93654597,472.96931,72723415040.0,2025-08-05
2026-03-27,6282.T,,8,0,20,2026-03-30 00:00:00,2339.257121951081,2026-04-24 00:00:00,2477.0341796875,5.8897782737754145,14.556161606281325,-0.9255363904080771,CLOSED,2497.0,50.10706638115632,24.22546240694654,33.6092577599948,29.308476956812367,12.652647,0.93654597,472.96931,72723415040.0,2025-08-05
2026-03-27,6282.T,,8,0,40,2026-03-30 00:00:00,2339.257121951081,2026-05-28 00:00:00,2521.319580078125,7.78291776558504,20.4880137788652,-0.9255363904080771,CLOSED,2497.0,50.10706638115632,24.22546240694654,33.6092577599948,29.308476956812367,12.652647,0.93654597,472.96931,72723415040.0,2025-08-05
2026-03-27,6282.T,,8,0,50,2026-03-30 00:00:00,2339.257121951081,2026-06-11 00:00:00,2629.572998046875,12.410601355940432,20.4880137788652,-0.9255363904080771,CLOSED,2497.0,50.10706638115632,24.22546240694654,33.6092577599948,29.308476956812367,12.652647,0.93654597,472.96931,72723415040.0,2025-08-05
2026-03-27,6282.T,,8,0,60,2026-03-30 00:00:00,2339.257121951081,2026-06-25 00:00:00,2738.810546875,17.080355176632622,20.4880137788652,-0.9255363904080771,CLOSED,2497.0,50.10706638115632,24.22546240694654,33.6092577599948,29.308476956812367,12.652647,0.93654597,472.96931,72723415040.0,2025-08-05
2026-03-31,9533.T,,8,0,5,2026-04-01 00:00:00,1274.4537194615748,2026-04-07 00:00:00,1280.39990234375,0.4665671880723421,2.4883402119809217,-0.8553654743390204,CLOSED,1259.0,49.57426639625727,22.74657357185045,28.210400641486245,26.07919238679834,17.425606,1.0082777,1359.4676875,461130170368.0,2026-04-30
2026-03-31,9533.T,,8,0,10,2026-04-01 00:00:00,1274.4537194615748,2026-04-14 00:00:00,1298.7337646484375,1.9051335341639941,6.143083202348332,-0.8553654743390204,CLOSED,1259.0,49.57426639625727,22.74657357185045,28.210400641486245,26.07919238679834,17.425606,1.0082777,1359.4676875,461130170368.0,2026-04-30
2026-03-31,9533.T,,8,0,20,2026-04-01 00:00:00,1274.4537194615748,2026-04-28 00:00:00,1251.6602783203125,-1.7884871606708486,6.143083202348332,-4.548987272764915,CLOSED,1259.0,49.57426639625727,22.74657357185045,28.210400641486245,26.07919238679834,17.425606,1.0082777,1359.4676875,461130170368.0,2026-04-30
2026-03-31,9533.T,,8,0,40,2026-04-01 00:00:00,1274.4537194615748,2026-06-01 00:00:00,1199.1361083984375,-5.909795696226395,6.143083202348332,-9.525663184941225,CLOSED,1259.0,49.57426639625727,22.74657357185045,28.210400641486245,26.07919238679834,17.425606,1.0082777,1359.4676875,461130170368.0,2026-04-30
2026-03-31,9533.T,,8,0,50,2026-04-01 00:00:00,1274.4537194615748,2026-06-15 00:00:00,1249.67822265625,-1.9440091410923732,6.143083202348332,-9.525663184941225,CLOSED,1259.0,49.57426639625727,22.74657357185045,28.210400641486245,26.07919238679834,17.425606,1.0082777,1359.4676875,461130170368.0,2026-04-30
2026-03-31,9533.T,,8,0,60,2026-04-01 00:00:00,1274.4537194615748,2026-06-29 00:00:00,1210.5328369140625,-5.015551492487091,6.143083202348332,-9.525663184941225,CLOSED,1259.0,49.57426639625727,22.74657357185045,28.210400641486245,26.07919238679834,17.425606,1.0082777,1359.4676875,461130170368.0,2026-04-30
2026-04-02,3612.T,,8,0,5,2026-04-03 00:00:00,1518.7068041191726,2026-04-09 00:00:00,1595.2802734375,5.042017926741216,8.661927467601238,-0.9049814679521817,CLOSED,1547.0,44.54022988505747,20.71739667921863,34.22501421139609,27.18052465503952,8.79427,1.2186333,534.761785,117901500416.0,2025-07-01
2026-04-02,3612.T,,8,0,10,2026-04-03 00:00:00,1518.7068041191726,2026-04-16 00:00:00,1539.32275390625,1.357467401289103,8.661927467601238,-1.6160312539223787,CLOSED,1547.0,44.54022988505747,20.71739667921863,34.22501421139609,27.18052465503952,8.79427,1.2186333,534.761785,117901500416.0,2025-07-01
2026-04-02,3612.T,,8,0,20,2026-04-03 00:00:00,1518.7068041191726,2026-05-01 00:00:00,1477.4749755859375,-2.714930124853754,8.661927467601238,-3.4259837917152813,CLOSED,1547.0,44.54022988505747,20.71739667921863,34.22501421139609,27.18052465503952,8.79427,1.2186333,534.761785,117901500416.0,2025-07-01
2026-04-02,3612.T,,8,0,40,2026-04-03 00:00:00,1518.7068041191726,2026-06-03 00:00:00,1441.151611328125,-5.106659993930062,8.661927467601238,-7.304464184483961,CLOSED,1547.0,44.54022988505747,20.71739667921863,34.22501421139609,27.18052465503952,8.79427,1.2186333,534.761785,117901500416.0,2025-07-01
2026-04-02,3612.T,,8,0,50,2026-04-03 00:00:00,1518.7068041191726,2026-06-17 00:00:00,1481.4017333984375,-2.4563708162466225,8.661927467601238,-7.304464184483961,CLOSED,1547.0,44.54022988505747,20.71739667921863,34.22501421139609,27.18052465503952,8.79427,1.2186333,534.761785,117901500416.0,2025-07-01
2026-04-02,3612.T,,8,0,60,2026-04-03 00:00:00,1518.7068041191726,2026-07-01 00:00:00,1539.32275390625,1.357467401289103,8.661927467601238,-7.304464184483961,CLOSED,1547.0,44.54022988505747,20.71739667921863,34.22501421139609,27.18052465503952,8.79427,1.2186333,534.761785,117901500416.0,2025-07-01
2026-04-06,3402.T,,8,0,5,2026-04-07 00:00:00,1114.7984941692964,2026-04-13 00:00:00,1138.5491943359375,2.130492666689432,5.770077192677925,-1.0208610741233914,CLOSED,1126.5,54.2539840155292,21.14260301476,27.83282736408419,26.927419359528347,29.290173,0.94891524,6444.0835375,1650111021056.0,2026-05-13
2026-04-06,3402.T,,8,0,10,2026-04-07 00:00:00,1114.7984941692964,2026-04-20 00:00:00,1135.08544921875,1.819786728772943,5.770077192677925,-1.0208610741233914,CLOSED,1126.5,54.2539840155292,21.14260301476,27.83282736408419,26.927419359528347,29.290173,0.94891524,6444.0835375,1650111021056.0,2026-05-13
2026-04-06,3402.T,,8,0,20,2026-04-07 00:00:00,1114.7984941692964,2026-05-08 00:00:00,1117.2724609375,0.22192053372362963,5.770077192677925,-2.885052057363968,CLOSED,1126.5,54.2539840155292,21.14260301476,27.83282736408419,26.927419359528347,29.290173,0.94891524,6444.0835375,1650111021056.0,2026-05-13
2026-04-06,3402.T,,8,0,40,2026-04-07 00:00:00,1114.7984941692964,2026-06-05 00:00:00,1109.850341796875,-0.4438606975432413,8.699507194823841,-6.258322017218621,CLOSED,1126.5,54.2539840155292,21.14260301476,27.83282736408419,26.927419359528347,29.290173,0.94891524,6444.0835375,1650111021056.0,2026-05-13
2026-04-06,3402.T,,8,0,50,2026-04-07 00:00:00,1114.7984941692964,2026-06-19 00:00:00,1146.9608154296875,2.8850345088021534,8.699507194823841,-6.258322017218621,CLOSED,1126.5,54.2539840155292,21.14260301476,27.83282736408419,26.927419359528347,29.290173,0.94891524,6444.0835375,1650111021056.0,2026-05-13
2026-04-06,3402.T,,8,0,60,2026-04-07 00:00:00,1114.7984941692964,2026-07-03 00:00:00,1161.3101806640625,4.1722057159240045,8.699507194823841,-6.258322017218621,CLOSED,1126.5,54.2539840155292,21.14260301476,27.83282736408419,26.927419359528347,29.290173,0.94891524,6444.0835375,1650111021056.0,2026-05-13
2026-04-07,3462.T,,8,0,5,2026-04-08 00:00:00,159992.1970042579,2026-04-14 00:00:00,159992.1875,-5.940450897856664e-06,0.426822818151118,-1.8292686931512536,CLOSED,161700.0,43.83561643835616,21.431395371970204,22.37258775201146,21.377352960386204,23.43784,1.2456639,1534.700595,751317090304.0,2026-04-17
2026-04-07,3462.T,,8,0,10,2026-04-08 00:00:00,159992.1970042579,2026-04-21 00:00:00,157650.84375,-1.463417152897517,1.0365836539706796,-2.0121934373092176,CLOSED,161700.0,43.83561643835616,21.431395371970204,22.37258775201146,21.377352960386204,23.43784,1.2456639,1534.700595,751317090304.0,2026-04-17
2026-04-07,3462.T,,8,0,20,2026-04-08 00:00:00,159992.1970042579,2026-05-11 00:00:00,154626.609375,-3.353655821799306,1.0365836539706796,-3.4146314332681893,CLOSED,161700.0,43.83561643835616,21.431395371970204,22.37258775201146,21.377352960386204,23.43784,1.2456639,1534.700595,751317090304.0,2026-04-17
2026-04-07,3462.T,,8,0,40,2026-04-08 00:00:00,159992.1970042579,2026-06-08 00:00:00,145358.765625,-9.146340667394215,1.0365836539706796,-10.487809843691998,CLOSED,161700.0,43.83561643835616,21.431395371970204,22.37258775201146,21.377352960386204,23.43784,1.2456639,1534.700595,751317090304.0,2026-04-17
2026-04-07,3462.T,,8,0,50,2026-04-08 00:00:00,159992.1970042579,2026-06-22 00:00:00,144090.53125,-9.939025810011671,1.0365836539706796,-10.487809843691998,CLOSED,161700.0,43.83561643835616,21.431395371970204,22.37258775201146,21.377352960386204,23.43784,1.2456639,1534.700595,751317090304.0,2026-04-17
2026-04-07,3462.T,,8,0,60,2026-04-08 00:00:00,159992.1970042579,2026-07-06 00:00:00,150334.125,-6.036589399419823,1.0365836539706796,-10.487809843691998,CLOSED,161700.0,43.83561643835616,21.431395371970204,22.37258775201146,21.377352960386204,23.43784,1.2456639,1534.700595,751317090304.0,2026-04-17
2026-04-08,4041.T,,8,0,5,2026-04-09 00:00:00,3676.770997404572,2026-04-15 00:00:00,3564.166748046875,-3.0625853347185372,0.3994673768308976,-3.3288969315124706,CLOSED,3730.0,51.57294983827146,28.449880228743023,27.099507703686182,26.696209644191065,13.26128,1.0184796,622.9338,199997767680.0,2026-05-14
2026-04-08,4041.T,,8,0,10,2026-04-09 00:00:00,3676.770997404572,2026-04-22 00:00:00,3539.6875,-3.72836647975463,0.3994673768308976,-4.127833838759798,CLOSED,3730.0,51.57294983827146,28.449880228743023,27.099507703686182,26.696209644191065,13.26128,1.0184796,622.9338,199997767680.0,2026-05-14
2026-04-08,4041.T,,8,0,20,2026-04-09 00:00:00,3676.770997404572,2026-05-12 00:00:00,3603.33349609375,-1.9973368306772876,0.3994673768308976,-5.059919983640382,CLOSED,3730.0,51.57294983827146,28.449880228743023,27.099507703686182,26.696209644191065,13.26128,1.0184796,622.9338,199997767680.0,2026-05-14
2026-04-08,4041.T,,8,0,40,2026-04-09 00:00:00,3676.770997404572,2026-06-09 00:00:00,3407.5,-7.323572710801141,0.3994673768308976,-11.850867328787174,CLOSED,3730.0,51.57294983827146,28.449880228743023,27.099507703686182,26.696209644191065,13.26128,1.0184796,622.9338,199997767680.0,2026-05-14
2026-04-08,4041.T,,8,0,50,2026-04-09 00:00:00,3676.770997404572,2026-06-23 00:00:00,3451.5625,-6.125170633785637,0.3994673768308976,-11.850867328787174,CLOSED,3730.0,51.57294983827146,28.449880228743023,27.099507703686182,26.696209644191065,13.26128,1.0184796,622.9338,199997767680.0,2026-05-14
2026-04-08,4041.T,,8,0,60,2026-04-09 00:00:00,3676.770997404572,2026-07-07 00:00:00,3554.375,-3.3288991207494623,0.3994673768308976,-11.850867328787174,CLOSED,3730.0,51.57294983827146,28.449880228743023,27.099507703686182,26.696209644191065,13.26128,1.0184796,622.9338,199997767680.0,2026-05-14
2026-04-08,4042.T,,8,0,5,2026-04-09 00:00:00,2398.3075439453123,2026-04-15 00:00:00,2341.89404296875,-2.3522213036848427,0.0,-3.620370247161242,CLOSED,2425.0,54.30496588550481,23.79538702909225,29.945108251766577,28.81679961095303,19.106524,0.9369196,2735.538575,748445696000.0,2026-05-12
2026-04-08,4042.T,,8,0,10,2026-04-09 00:00:00,2398.3075439453123,2026-04-22 00:00:00,2353.1767578125,-1.8817764321655939,1.820413172427915,-3.620370247161242,CLOSED,2425.0,54.30496588550481,23.79538702909225,29.945108251766577,28.81679961095303,19.106524,0.9369196,2735.538575,748445696000.0,2026-05-12
2026-04-08,4042.T,,8,0,20,2026-04-09 00:00:00,2398.3075439453123,2026-05-12 00:00:00,2629.357421875,9.633871957455531,16.322358443957086,-3.6817345060339512,CLOSED,2425.0,54.30496588550481,23.79538702909225,29.945108251766577,28.81679961095303,19.106524,0.9369196,2735.538575,748445696000.0,2026-05-12
2026-04-08,4042.T,,8,0,40,2026-04-09 00:00:00,2398.3075439453123,2026-06-09 00:00:00,2729.920654296875,13.82696356806874,18.183677643689933,-3.6817345060339512,CLOSED,2425.0,54.30496588550481,23.79538702909225,29.945108251766577,28.81679961095303,19.106524,0.9369196,2735.538575,748445696000.0,2026-05-12
2026-04-08,4042.T,,8,0,50,2026-04-09 00:00:00,2398.3075439453123,2026-06-23 00:00:00,2822.634765625,17.692777673611126,26.242589521140182,-3.6817345060339512,CLOSED,2425.0,54.30496588550481,23.79538702909225,29.945108251766577,28.81679961095303,19.106524,0.9369196,2735.538575,748445696000.0,2026-05-12
2026-04-08,4042.T,,8,0,60,2026-04-09 00:00:00,2398.3075439453123,2026-07-07 00:00:00,2699.996826171875,12.579257526341747,26.242589521140182,-3.6817345060339512,CLOSED,2425.0,54.30496588550481,23.79538702909225,29.945108251766577,28.81679961095303,19.106524,0.9369196,2735.538575,748445696000.0,2026-05-12
2026-04-08,4203.T,,8,0,5,2026-04-09 00:00:00,5156.679672877976,2026-04-15 00:00:00,5210.28125,1.039459119478492,3.0606287471713234,-1.1934552454282987,CLOSED,5195.0,44.96464122023146,21.262985769119645,31.9836510580148,28.818461955574243,23.24281,1.3885592,1888.23886,455789379584.0,2026-05-11
2026-04-08,4203.T,,8,0,10,2026-04-09 00:00:00,5156.679672877976,2026-04-22 00:00:00,5174.546875,0.3464865621961799,3.195371908710065,-1.1934552454282987,CLOSED,5195.0,44.96464122023146,21.262985769119645,31.9836510580148,28.818461955574243,23.24281,1.3885592,1888.23886,455789379584.0,2026-05-11
2026-04-08,4203.T,,8,0,20,2026-04-09 00:00:00,5156.679672877976,2026-05-12 00:00:00,6641.64453125,28.79691880382509,30.08662042687935,-2.7911492256858073,CLOSED,5195.0,44.96464122023146,21.262985769119645,31.9836510580148,28.818461955574243,23.24281,1.3885592,1888.23886,455789379584.0,2026-05-11
2026-04-08,4203.T,,8,0,40,2026-04-09 00:00:00,5156.679672877976,2026-06-09 00:00:00,6208.8603515625,20.404228019408755,36.8238637274398,-2.7911492256858073,CLOSED,5195.0,44.96464122023146,21.262985769119645,31.9836510580148,28.818461955574243,23.24281,1.3885592,1888.23886,455789379584.0,2026-05-11
2026-04-08,4203.T,,8,0,50,2026-04-09 00:00:00,5156.679672877976,2026-06-23 00:00:00,7338.4658203125,42.309902608646134,53.70548340314842,-2.7911492256858073,CLOSED,5195.0,44.96464122023146,21.262985769119645,31.9836510580148,28.818461955574243,23.24281,1.3885592,1888.23886,455789379584.0,2026-05-11
2026-04-08,4203.T,,8,0,60,2026-04-09 00:00:00,5156.679672877976,2026-07-07 00:00:00,7169.72021484375,39.03753325135828,53.70548340314842,-2.7911492256858073,CLOSED,5195.0,44.96464122023146,21.262985769119645,31.9836510580148,28.818461955574243,23.24281,1.3885592,1888.23886,455789379584.0,2026-05-11
2026-04-08,4204.T,,8,0,5,2026-04-09 00:00:00,2690.15413391761,2026-04-15 00:00:00,2578.453857421875,-4.152188719873406,0.0914578379367148,-4.152188719873406,CLOSED,2733.5,50.0214835841964,21.7696433560201,28.93419799270201,26.014675228665933,16.083195,1.3512471,4780.6383025,1103530557440.0,2026-04-28
2026-04-08,4204.T,,8,0,10,2026-04-09 00:00:00,2690.15413391761,2026-04-22 00:00:00,2416.5625,-10.170109975043884,0.0914578379367148,-10.170109975043884,CLOSED,2733.5,50.0214835841964,21.7696433560201,28.93419799270201,26.014675228665933,16.083195,1.3512471,4780.6383025,1103530557440.0,2026-04-28
2026-04-08,4204.T,,8,0,20,2026-04-09 00:00:00,2690.15413391761,2026-05-12 00:00:00,2325.037109375,-13.572345909076166,0.0914578379367148,-14.724711489588849,CLOSED,2733.5,50.0214835841964,21.7696433560201,28.93419799270201,26.014675228665933,16.083195,1.3512471,4780.6383025,1103530557440.0,2026-04-28
2026-04-08,4204.T,,8,0,40,2026-04-09 00:00:00,2690.15413391761,2026-06-09 00:00:00,2313.719482421875,-13.993051429642133,0.0914578379367148,-17.76111324497427,CLOSED,2733.5,50.0214835841964,21.7696433560201,28.93419799270201,26.014675228665933,16.083195,1.3512471,4780.6383025,1103530557440.0,2026-04-28
2026-04-08,4204.T,,8,0,50,2026-04-09 00:00:00,2690.15413391761,2026-06-23 00:00:00,2422.95947265625,-9.932317925302314,0.0914578379367148,-17.76111324497427,CLOSED,2733.5,50.0214835841964,21.7696433560201,28.93419799270201,26.014675228665933,16.083195,1.3512471,4780.6383025,1103530557440.0,2026-04-28
2026-04-08,4204.T,,8,0,60,2026-04-09 00:00:00,2690.15413391761,2026-07-07 00:00:00,2612.89892578125,-2.871776273423232,0.0914578379367148,-17.76111324497427,CLOSED,2733.5,50.0214835841964,21.7696433560201,28.93419799270201,26.014675228665933,16.083195,1.3512471,4780.6383025,1103530557440.0,2026-04-28
2026-04-08,5232.T,,8,0,5,2026-04-09 00:00:00,1313.8520929553088,2026-04-15 00:00:00,1369.362548828125,4.225015598822379,9.186935726019785,-0.9579955784819405,CLOSED,4110.0,53.85618729391308,26.99783970998008,33.13882407674987,28.950913440558303,9.910779,0.6834458,792.720405,130260836352.0,2026-05-12
2026-04-08,5232.T,,8,0,10,2026-04-09 00:00:00,1313.8520929553088,2026-04-22 00:00:00,1272.2193603515625,-3.168753380001843,9.186935726019785,-3.168753380001843,CLOSED,4110.0,53.85618729391308,26.99783970998008,33.13882407674987,28.950913440558303,9.910779,0.6834458,792.720405,130260836352.0,2026-05-12
2026-04-08,5232.T,,8,0,20,2026-04-09 00:00:00,1313.8520929553088,2026-05-12 00:00:00,1333.2161865234375,1.4738412087598185,9.186935726019785,-5.772540121844472,CLOSED,4110.0,53.85618729391308,26.99783970998008,33.13882407674987,28.950913440558303,9.910779,0.6834458,792.720405,130260836352.0,2026-05-12
2026-04-08,5232.T,,8,0,40,2026-04-09 00:00:00,1313.8520929553088,2026-06-09 00:00:00,1697.58349609375,29.206590695859557,43.25718446209028,-5.772540121844472,CLOSED,4110.0,53.85618729391308,26.99783970998008,33.13882407674987,28.950913440558303,9.910779,0.6834458,792.720405,130260836352.0,2026-05-12
2026-04-08,5232.T,,8,0,50,2026-04-09 00:00:00,1313.8520929553088,2026-06-23 00:00:00,1934.7933349609375,47.26112211070248,60.08351973214274,-5.772540121844472,CLOSED,4110.0,53.85618729391308,26.99783970998008,33.13882407674987,28.950913440558303,9.910779,0.6834458,792.720405,130260836352.0,2026-05-12
2026-04-08,5232.T,,8,0,60,2026-04-09 00:00:00,1313.8520929553088,2026-07-07 00:00:00,1847.332275390625,40.604279986747535,60.08351973214274,-5.772540121844472,CLOSED,4110.0,53.85618729391308,26.99783970998008,33.13882407674987,28.950913440558303,9.910779,0.6834458,792.720405,130260836352.0,2026-05-12
2026-04-08,5991.T,,8,0,5,2026-04-09 00:00:00,2616.588912875734,2026-04-15 00:00:00,2507.151611328125,-4.182441537113036,0.18925056775171978,-6.131726274162618,CLOSED,2626.0,41.43004308490332,21.25711809434958,30.115777648703123,29.3258638446014,13.572463,1.2480923,1292.0815825,532011745280.0,2026-05-11
2026-04-08,5991.T,,8,0,10,2026-04-09 00:00:00,2616.588912875734,2026-04-22 00:00:00,2788.915283203125,6.585916858372598,7.229368771224998,-6.131726274162618,CLOSED,2626.0,41.43004308490332,21.25711809434958,30.115777648703123,29.3258638446014,13.572463,1.2480923,1292.0815825,532011745280.0,2026-05-11
2026-04-08,5991.T,,8,0,20,2026-04-09 00:00:00,2616.588912875734,2026-05-12 00:00:00,3411.865478515625,30.393638134232216,30.393638134232216,-6.131726274162618,CLOSED,2626.0,41.43004308490332,21.25711809434958,30.115777648703123,29.3258638446014,13.572463,1.2480923,1292.0815825,532011745280.0,2026-05-11
2026-04-08,5991.T,,8,0,40,2026-04-09 00:00:00,2616.588912875734,2026-06-09 00:00:00,3938.74853515625,50.5298946951285,56.16956624247178,-6.131726274162618,CLOSED,2626.0,41.43004308490332,21.25711809434958,30.115777648703123,29.3258638446014,13.572463,1.2480923,1292.0815825,532011745280.0,2026-05-11
2026-04-08,5991.T,,8,0,50,2026-04-09 00:00:00,2616.588912875734,2026-06-23 00:00:00,4015.008056640625,53.444357915129025,64.2694850751228,-6.131726274162618,CLOSED,2626.0,41.43004308490332,21.25711809434958,30.115777648703123,29.3258638446014,13.572463,1.2480923,1292.0815825,532011745280.0,2026-05-11
2026-04-08,5991.T,,8,0,60,2026-04-09 00:00:00,2616.588912875734,2026-07-07 00:00:00,3874.373779296875,48.069639836499434,64.2694850751228,-6.131726274162618,CLOSED,2626.0,41.43004308490332,21.25711809434958,30.115777648703123,29.3258638446014,13.572463,1.2480923,1292.0815825,532011745280.0,2026-05-11
2026-04-08,6080.T,,8,0,5,2026-04-09 00:00:00,3243.529911747685,2026-04-15 00:00:00,3297.5888671875,1.6666704766316265,3.4848523629499306,-3.030298985796931,CLOSED,3295.0,48.64572047670639,26.186204181623843,27.4640153005388,23.7815225397351,20.961893,2.4204075,449.481815,104644517888.0,2025-07-28
2026-04-08,6080.T,,8,0,10,2026-04-09 00:00:00,3243.529911747685,2026-04-22 00:00:00,3277.930908203125,1.060603644530711,5.000000567380636,-3.030298985796931,CLOSED,3295.0,48.64572047670639,26.186204181623843,27.4640153005388,23.7815225397351,20.961893,2.4204075,449.481815,104644517888.0,2025-07-28
2026-04-08,6080.T,,8,0,20,2026-04-09 00:00:00,3243.529911747685,2026-05-12 00:00:00,3287.760009765625,1.3636408240831566,7.727274341205392,-4.545450020809683,CLOSED,3295.0,48.64572047670639,26.186204181623843,27.4640153005388,23.7815225397351,20.961893,2.4204075,449.481815,104644517888.0,2025-07-28
2026-04-08,6080.T,,8,0,40,2026-04-09 00:00:00,3243.529911747685,2026-06-09 00:00:00,3405.70654296875,5.00000418166886,9.84848922324666,-4.545450020809683,CLOSED,3295.0,48.64572047670639,26.186204181623843,27.4640153005388,23.7815225397351,20.961893,2.4204075,449.481815,104644517888.0,2025-07-28
2026-04-08,6080.T,,8,0,50,2026-04-09 00:00:00,3243.529911747685,2026-06-23 00:00:00,3371.305419921875,3.9393966342472053,11.515153501685216,-4.545450020809683,CLOSED,3295.0,48.64572047670639,26.186204181623843,27.4640153005388,23.7815225397351,20.961893,2.4204075,449.481815,104644517888.0,2025-07-28
2026-04-08,6080.T,,8,0,60,2026-04-09 00:00:00,3243.529911747685,2026-07-07 00:00:00,3562.968505859375,9.848486149448487,12.121213616108228,-4.545450020809683,CLOSED,3295.0,48.64572047670639,26.186204181623843,27.4640153005388,23.7815225397351,20.961893,2.4204075,449.481815,104644517888.0,2025-07-28
2026-04-08,6103.T,,8,0,5,2026-04-09 00:00:00,3988.860800121245,2026-04-15 00:00:00,4220.88623046875,5.8168344791688975,6.806933515231295,-1.2376237623762387,CLOSED,4035.0,52.37705755716763,22.35301876714945,34.752683369007656,30.549369106062464,23.124533,1.0158479,1503.052275,241963941888.0,2026-05-12
2026-04-08,6103.T,,8,0,10,2026-04-09 00:00:00,3988.860800121245,2026-04-22 00:00:00,4117.21533203125,3.2178242947485947,9.777222299652655,-1.2376237623762387,CLOSED,4035.0,52.37705755716763,22.35301876714945,34.752683369007656,30.549369106062464,23.124533,1.0158479,1503.052275,241963941888.0,2026-05-12
2026-04-08,6103.T,,8,0,20,2026-04-09 00:00:00,3988.860800121245,2026-05-12 00:00:00,5035.44287109375,26.237618292939512,28.71286571044813,-1.2376237623762387,CLOSED,4035.0,52.37705755716763,22.35301876714945,34.752683369007656,30.549369106062464,23.124533,1.0158479,1503.052275,241963941888.0,2026-05-12
2026-04-08,6103.T,,8,0,40,2026-04-09 00:00:00,3988.860800121245,2026-06-09 00:00:00,3969.11376953125,-0.49505439220628444,28.71286571044813,-4.33168681631787,CLOSED,4035.0,52.37705755716763,22.35301876714945,34.752683369007656,30.549369106062464,23.124533,1.0158479,1503.052275,241963941888.0,2026-05-12
2026-04-08,6103.T,,8,0,50,2026-04-09 00:00:00,3988.860800121245,2026-06-23 00:00:00,4378.86083984375,9.777228619024525,28.71286571044813,-5.69307254091822,CLOSED,4035.0,52.37705755716763,22.35301876714945,34.752683369007656,30.549369106062464,23.124533,1.0158479,1503.052275,241963941888.0,2026-05-12
2026-04-08,6103.T,,8,0,60,2026-04-09 00:00:00,3988.860800121245,2026-07-07 00:00:00,4783.6708984375,19.925741662684636,28.71286571044813,-5.69307254091822,CLOSED,4035.0,52.37705755716763,22.35301876714945,34.752683369007656,30.549369106062464,23.124533,1.0158479,1503.052275,241963941888.0,2026-05-12
2026-04-08,6315.T,,8,0,5,2026-04-09 00:00:00,2459.0,2026-04-15 00:00:00,2711.0,10.248068320455461,15.73810492069947,-0.7726718178121206,CLOSED,2546.0,45.92648052495595,20.485145290880222,24.69088270007964,23.12030385843512,31.117086,2.8295333,5284.80568,191017779200.0,2026-05-08
2026-04-08,6315.T,,8,0,10,2026-04-09 00:00:00,2459.0,2026-04-22 00:00:00,2598.0,5.6527043513623365,15.73810492069947,-0.7726718178121206,CLOSED,2546.0,45.92648052495595,20.485145290880222,24.69088270007964,23.12030385843512,31.117086,2.8295333,5284.80568,191017779200.0,2026-05-08
2026-04-08,6315.T,,8,0,20,2026-04-09 00:00:00,2459.0,2026-05-12 00:00:00,2675.0,8.784058560390395,38.674257828385514,-0.7726718178121206,CLOSED,2546.0,45.92648052495595,20.485145290880222,24.69088270007964,23.12030385843512,31.117086,2.8295333,5284.80568,191017779200.0,2026-05-08
2026-04-08,6315.T,,8,0,40,2026-04-09 00:00:00,2459.0,2026-06-09 00:00:00,2832.0,15.168767791785287,38.674257828385514,-0.7726718178121206,CLOSED,2546.0,45.92648052495595,20.485145290880222,24.69088270007964,23.12030385843512,31.117086,2.8295333,5284.80568,191017779200.0,2026-05-08
2026-04-08,6315.T,,8,0,50,2026-04-09 00:00:00,2459.0,2026-06-23 00:00:00,3155.0,28.304188694591303,46.19764131760877,-0.7726718178121206,CLOSED,2546.0,45.92648052495595,20.485145290880222,24.69088270007964,23.12030385843512,31.117086,2.8295333,5284.80568,191017779200.0,2026-05-08
2026-04-08,6315.T,,8,0,60,2026-04-09 00:00:00,2459.0,2026-07-07 00:00:00,3105.0,26.270841805612033,51.89101260675071,-0.7726718178121206,CLOSED,2546.0,45.92648052495595,20.485145290880222,24.69088270007964,23.12030385843512,31.117086,2.8295333,5284.80568,191017779200.0,2026-05-08
2026-04-08,7202.T,,8,0,5,2026-04-09 00:00:00,2399.0508652466074,2026-04-15 00:00:00,2306.102294921875,-3.8743893125074647,0.2039151712887488,-5.995105606026085,CLOSED,2440.5,53.10662059519317,25.820900489354703,33.42924582552979,31.476979287888017,13.24056,1.1535342,5934.295355,1677203603456.0,2026-05-14
2026-04-08,7202.T,,8,0,10,2026-04-09 00:00:00,2399.0508652466074,2026-04-22 00:00:00,2271.368896484375,-5.322186811954377,0.2039151712887488,-5.995105606026085,CLOSED,2440.5,53.10662059519317,25.820900489354703,33.42924582552979,31.476979287888017,13.24056,1.1535342,5934.295355,1677203603456.0,2026-05-14
2026-04-08,7202.T,,8,0,20,2026-04-09 00:00:00,2399.0508652466074,2026-05-12 00:00:00,2091.831298828125,-12.805879644694496,0.2039151712887488,-14.78385547034755,CLOSED,2440.5,53.10662059519317,25.820900489354703,33.42924582552979,31.476979287888017,13.24056,1.1535342,5934.295355,1677203603456.0,2026-05-14
2026-04-08,7202.T,,8,0,40,2026-04-09 00:00:00,2399.0508652466074,2026-06-09 00:00:00,2113.845458984375,-11.888260077925239,2.222676688538505,-14.78385547034755,CLOSED,2440.5,53.10662059519317,25.820900489354703,33.42924582552979,31.476979287888017,13.24056,1.1535342,5934.295355,1677203603456.0,2026-05-14
2026-04-08,7202.T,,8,0,50,2026-04-09 00:00:00,2399.0508652466074,2026-06-23 00:00:00,2158.363037109375,-10.032627137002837,2.222676688538505,-16.170477427129647,CLOSED,2440.5,53.10662059519317,25.820900489354703,33.42924582552979,31.476979287888017,13.24056,1.1535342,5934.295355,1677203603456.0,2026-05-14
2026-04-08,7202.T,,8,0,60,2026-04-09 00:00:00,2399.0508652466074,2026-07-07 00:00:00,2337.900390625,-2.548944480813309,2.222676688538505,-16.170477427129647,CLOSED,2440.5,53.10662059519317,25.820900489354703,33.42924582552979,31.476979287888017,13.24056,1.1535342,5934.295355,1677203603456.0,2026-05-14
2026-04-08,7943.T,,8,0,5,2026-04-09 00:00:00,3386.917527721774,2026-04-15 00:00:00,3230.297119140625,-4.624275828957092,0.43352601156068094,-5.491327866875673,CLOSED,3430.0,53.28114610756154,22.472792932817026,30.752983523882083,26.64550738384757,34.63597,0.940821,288.050525,113889280000.0,2025-07-29
2026-04-08,7943.T,,8,0,10,2026-04-09 00:00:00,3386.917527721774,2026-04-22 00:00:00,3156.88134765625,-6.7919037940158855,0.43352601156068094,-6.936412470304232,CLOSED,3430.0,53.28114610756154,22.472792932817026,30.752983523882083,26.64550738384757,34.63597,0.940821,288.050525,113889280000.0,2025-07-29
2026-04-08,7943.T,,8,0,20,2026-04-09 00:00:00,3386.917527721774,2026-05-12 00:00:00,3147.092529296875,-7.0809222976922825,0.43352601156068094,-11.560696620662448,CLOSED,3430.0,53.28114610756154,22.472792932817026,30.752983523882083,26.64550738384757,34.63597,0.940821,288.050525,113889280000.0,2025-07-29
2026-04-08,7943.T,,8,0,40,2026-04-09 00:00:00,3386.917527721774,2026-06-09 00:00:00,2843.640380859375,-16.04045986994661,0.43352601156068094,-19.479770843426635,CLOSED,3430.0,53.28114610756154,22.472792932817026,30.752983523882083,26.64550738384757,34.63597,0.940821,288.050525,113889280000.0,2025-07-29
2026-04-08,7943.T,,8,0,50,2026-04-09 00:00:00,3386.917527721774,2026-06-23 00:00:00,2898.45751953125,-14.421963457701581,0.43352601156068094,-19.479770843426635,CLOSED,3430.0,53.28114610756154,22.472792932817026,30.752983523882083,26.64550738384757,34.63597,0.940821,288.050525,113889280000.0,2025-07-29
2026-04-08,7943.T,,8,0,60,2026-04-09 00:00:00,3386.917527721774,2026-07-07 00:00:00,2941.528076171875,-13.15028924986823,0.43352601156068094,-19.479770843426635,CLOSED,3430.0,53.28114610756154,22.472792932817026,30.752983523882083,26.64550738384757,34.63597,0.940821,288.050525,113889280000.0,2025-07-29
2026-04-08,8016.T,,8,0,5,2026-04-09 00:00:00,739.5127972273948,2026-04-15 00:00:00,787.5076904296875,6.4900693243222785,9.403976693893279,-1.0596026490066301,CLOSED,758.0,53.69127516778523,23.201257455626344,25.303182240408844,24.79412792674582,11.166765,1.1989535,406.70897,103092011008.0,2025-07-02
2026-04-08,8016.T,,8,0,10,2026-04-09 00:00:00,739.5127972273948,2026-04-22 00:00:00,746.3692016601562,0.9271515595764779,9.403976693893279,-1.0596026490066301,CLOSED,758.0,53.69127516778523,23.201257455626344,25.303182240408844,24.79412792674582,11.166765,1.1989535,406.70897,103092011008.0,2025-07-02
2026-04-08,8016.T,,8,0,20,2026-04-09 00:00:00,739.5127972273948,2026-05-12 00:00:00,716.005126953125,-3.1788050676615054,9.403976693893279,-3.8410567429852938,CLOSED,758.0,53.69127516778523,23.201257455626344,25.303182240408844,24.79412792674582,11.166765,1.1989535,406.70897,103092011008.0,2025-07-02
2026-04-08,8016.T,,8,0,40,2026-04-09 00:00:00,739.5127972273948,2026-06-09 00:00:00,706.2102661132812,-4.503306939240604,9.403976693893279,-6.3576123220570935,CLOSED,758.0,53.69127516778523,23.201257455626344,25.303182240408844,24.79412792674582,11.166765,1.1989535,406.70897,103092011008.0,2025-07-02
2026-04-08,8016.T,,8,0,50,2026-04-09 00:00:00,739.5127972273948,2026-06-23 00:00:00,699.3538208007812,-5.430464026745563,9.403976693893279,-6.3576123220570935,CLOSED,758.0,53.69127516778523,23.201257455626344,25.303182240408844,24.79412792674582,11.166765,1.1989535,406.70897,103092011008.0,2025-07-02
2026-04-08,8016.T,,8,0,60,2026-04-09 00:00:00,739.5127972273948,2026-07-07 00:00:00,726.7794799804688,-1.7218521835817069,9.403976693893279,-6.3576123220570935,CLOSED,758.0,53.69127516778523,23.201257455626344,25.303182240408844,24.79412792674582,11.166765,1.1989535,406.70897,103092011008.0,2025-07-02
2026-04-08,8473.T,,8,0,5,2026-04-09 00:00:00,3087.0498739249315,2026-04-15 00:00:00,3138.566650390625,1.6688028561130386,1.9897271075528078,-3.337615978900288,CLOSED,3156.0,53.17109504301857,21.19602646891088,28.637286596749696,26.800862038315756,7.3228455,1.1870816,12260.8897025,2039316873216.0,2026-05-01
2026-04-08,8473.T,,8,0,10,2026-04-09 00:00:00,3087.0498739249315,2026-04-22 00:00:00,2999.867431640625,-2.824134557096125,4.204107320816797,-3.337615978900288,CLOSED,3156.0,53.17109504301857,21.19602646891088,28.637286596749696,26.800862038315756,7.3228455,1.1870816,12260.8897025,2039316873216.0,2026-05-01
2026-04-08,8473.T,,8,0,20,2026-04-09 00:00:00,3087.0498739249315,2026-05-12 00:00:00,3027.607177734375,-1.9255502378709544,4.204107320816797,-6.86778137176317,CLOSED,3156.0,53.17109504301857,21.19602646891088,28.637286596749696,26.800862038315756,7.3228455,1.1870816,12260.8897025,2039316873216.0,2026-05-01
2026-04-08,8473.T,,8,0,40,2026-04-09 00:00:00,3087.0498739249315,2026-06-09 00:00:00,2879.99169921875,-6.707315500637634,4.204107320816797,-10.237484086008752,CLOSED,3156.0,53.17109504301857,21.19602646891088,28.637286596749696,26.800862038315756,7.3228455,1.1870816,12260.8897025,2039316873216.0,2026-05-01
2026-04-08,8473.T,,8,0,50,2026-04-09 00:00:00,3087.0498739249315,2026-06-23 00:00:00,2758.13427734375,-10.654690076742824,4.204107320816797,-11.103983405640417,CLOSED,3156.0,53.17109504301857,21.19602646891088,28.637286596749696,26.800862038315756,7.3228455,1.1870816,12260.8897025,2039316873216.0,2026-05-01
2026-04-08,8473.T,,8,0,60,2026-04-09 00:00:00,3087.0498739249315,2026-07-07 00:00:00,2712.561767578125,-12.130938003624658,4.204107320816797,-15.564825552962224,CLOSED,3156.0,53.17109504301857,21.19602646891088,28.637286596749696,26.800862038315756,7.3228455,1.1870816,12260.8897025,2039316873216.0,2026-05-01
2026-04-08,8984.T,,8,0,5,2026-04-09 00:00:00,127862.92793663061,2026-04-15 00:00:00,127765.4765625,-0.0762155033544265,0.6097601339223102,-2.439020145030968,CLOSED,131100.0,48.23529411764706,31.969702933669232,22.80713889574474,22.28837272687263,21.355303,0.58818066,1308.01324,601811648512.0,2026-04-16
2026-04-08,8984.T,,8,0,10,2026-04-09 00:00:00,127862.92793663061,2026-04-22 00:00:00,123185.0234375,-3.658530720842712,0.9908557187557676,-3.658530720842712,CLOSED,131100.0,48.23529411764706,31.969702933669232,22.80713889574474,22.28837272687263,21.355303,0.58818066,1308.01324,601811648512.0,2026-04-16
2026-04-08,8984.T,,8,0,20,2026-04-09 00:00:00,127862.92793663061,2026-05-12 00:00:00,119774.0390625,-6.326219025845791,0.9908557187557676,-7.012194639163427,CLOSED,131100.0,48.23529411764706,31.969702933669232,22.80713889574474,22.28837272687263,21.355303,0.58818066,1308.01324,601811648512.0,2026-04-16
2026-04-08,8984.T,,8,0,40,2026-04-09 00:00:00,127862.92793663061,2026-06-09 00:00:00,114998.671875,-10.060974098767861,0.9908557187557676,-11.128047287426545,CLOSED,131100.0,48.23529411764706,31.969702933669232,22.80713889574474,22.28837272687263,21.355303,0.58818066,1308.01324,601811648512.0,2026-04-16
2026-04-08,8984.T,,8,0,50,2026-04-09 00:00:00,127862.92793663061,2026-06-23 00:00:00,115680.8671875,-9.527437659778993,0.9908557187557676,-11.128047287426545,CLOSED,131100.0,48.23529411764706,31.969702933669232,22.80713889574474,22.28837272687263,21.355303,0.58818066,1308.01324,601811648512.0,2026-04-16
2026-04-08,8984.T,,8,0,60,2026-04-09 00:00:00,127862.92793663061,2026-07-07 00:00:00,119481.671875,-6.554875753967093,0.9908557187557676,-11.128047287426545,CLOSED,131100.0,48.23529411764706,31.969702933669232,22.80713889574474,22.28837272687263,21.355303,0.58818066,1308.01324,601811648512.0,2026-04-16
2026-04-09,3249.T,,8,0,5,2026-04-10 00:00:00,142516.3286046214,2026-04-16 00:00:00,146310.28125,2.6621178657387556,2.6621178657387556,-0.6143344709897414,CLOSED,146600.0,45.801526717557245,22.943302760248496,24.61233278148901,22.874639700155274,18.34665,1.5877135,1014.292505,371809255424.0,2026-03-19
2026-04-09,3249.T,,8,0,10,2026-04-10 00:00:00,142516.3286046214,2026-04-23 00:00:00,144267.375,1.2286636994673472,3.2081909300185396,-0.6143344709897414,CLOSED,146600.0,45.801526717557245,22.943302760248496,24.61233278148901,22.874639700155274,18.34665,1.5877135,1014.292505,371809255424.0,2026-03-19
2026-04-09,3249.T,,8,0,20,2026-04-10 00:00:00,142516.3286046214,2026-05-13 00:00:00,138916.9375,-2.5255990944076934,3.2081909300185396,-3.617749244610402,CLOSED,146600.0,45.801526717557245,22.943302760248496,24.61233278148901,22.874639700155274,18.34665,1.5877135,1014.292505,371809255424.0,2026-03-19
2026-04-09,3249.T,,8,0,40,2026-04-10 00:00:00,142516.3286046214,2026-06-10 00:00:00,136582.203125,-4.16382146363331,3.2081909300185396,-7.3037516976971695,CLOSED,146600.0,45.801526717557245,22.943302760248496,24.61233278148901,22.874639700155274,18.34665,1.5877135,1014.292505,371809255424.0,2026-03-19
2026-04-09,3249.T,,8,0,50,2026-04-10 00:00:00,142516.3286046214,2026-06-24 00:00:00,137749.578125,-3.3447047971924992,3.2081909300185396,-7.3037516976971695,CLOSED,146600.0,45.801526717557245,22.943302760248496,24.61233278148901,22.874639700155274,18.34665,1.5877135,1014.292505,371809255424.0,2026-03-19
2026-04-09,3249.T,,8,0,60,2026-04-10 00:00:00,142516.3286046214,2026-07-08 00:00:00,139987.03125,-1.7747421501702831,3.2081909300185396,-7.3037516976971695,CLOSED,146600.0,45.801526717557245,22.943302760248496,24.61233278148901,22.874639700155274,18.34665,1.5877135,1014.292505,371809255424.0,2026-03-19
2026-04-09,3481.T,,8,0,5,2026-04-10 00:00:00,124674.984375,2026-04-16 00:00:00,127402.25,2.1875002741503335,2.1875002741503335,-0.8593750000000067,CLOSED,127900.0,49.142857142857146,25.11211559589328,22.85658726926334,18.841755703920697,22.41288,0.4297403,428.111685,189932912640.0,2026-04-16
2026-04-09,3481.T,,8,0,10,2026-04-10 00:00:00,124674.984375,2026-04-23 00:00:00,121265.90625,-2.734372209541336,2.1875002741503335,-3.593747309632367,CLOSED,127900.0,49.142857142857146,25.11211559589328,22.85658726926334,18.841755703920697,22.41288,0.4297403,428.111685,189932912640.0,2026-04-16
2026-04-09,3481.T,,8,0,20,2026-04-10 00:00:00,124674.984375,2026-05-13 00:00:00,116493.1953125,-6.562494556157827,2.1875002741503335,-6.9531195789163665,CLOSED,127900.0,49.142857142857146,25.11211559589328,22.85658726926334,18.841755703920697,22.41288,0.4297403,428.111685,189932912640.0,2026-04-16
2026-04-09,3481.T,,8,0,40,2026-04-10 00:00:00,124674.984375,2026-06-10 00:00:00,116103.5859375,-6.874994595322159,2.1875002741503335,-9.296869808415353,CLOSED,127900.0,49.142857142857146,25.11211559589328,22.85658726926334,18.841755703920697,22.41288,0.4297403,428.111685,189932912640.0,2026-04-16
2026-04-09,3481.T,,8,0,50,2026-04-10 00:00:00,124674.984375,2026-06-24 00:00:00,115713.9765625,-7.187494634486491,2.1875002741503335,-9.296869808415353,CLOSED,127900.0,49.142857142857146,25.11211559589328,22.85658726926334,18.841755703920697,22.41288,0.4297403,428.111685,189932912640.0,2026-04-16
2026-04-09,3481.T,,8,0,60,2026-04-10 00:00:00,124674.984375,2026-07-08 00:00:00,118441.2421875,-4.999994360336169,2.1875002741503335,-9.296869808415353,CLOSED,127900.0,49.142857142857146,25.11211559589328,22.85658726926334,18.841755703920697,22.41288,0.4297403,428.111685,189932912640.0,2026-04-16
2026-04-09,6332.T,,8,0,5,2026-04-10 00:00:00,2960.5819727537437,2026-04-16 00:00:00,2859.273193359375,-3.4219211062795796,0.8305647840531671,-4.285710338133153,CLOSED,2960.0,51.26662551209383,22.1102190769119,30.723672328187234,27.42844958771155,7.2279744,1.2613091,382.923215,116643201024.0,2025-08-07
2026-04-09,6332.T,,8,0,10,2026-04-10 00:00:00,2960.5819727537437,2026-04-23 00:00:00,2894.68212890625,-2.2259084346919034,0.8305647840531671,-5.614615559123948,CLOSED,2960.0,51.26662551209383,22.1102190769119,30.723672328187234,27.42844958771155,7.2279744,1.2613091,382.923215,116643201024.0,2025-08-07
2026-04-09,6332.T,,8,0,20,2026-04-10 00:00:00,2960.5819727537437,2026-05-13 00:00:00,2960.58203125,1.975836405598841e-06,12.126253367643326,-5.614615559123948,CLOSED,2960.0,51.26662551209383,22.1102190769119,30.723672328187234,27.42844958771155,7.2279744,1.2613091,382.923215,116643201024.0,2025-08-07
2026-04-09,6332.T,,8,0,40,2026-04-10 00:00:00,2960.5819727537437,2026-06-10 00:00:00,2477.643310546875,-16.312288146430554,12.126253367643326,-18.903649586250648,CLOSED,2960.0,51.26662551209383,22.1102190769119,30.723672328187234,27.42844958771155,7.2279744,1.2613091,382.923215,116643201024.0,2025-08-07
2026-04-09,6332.T,,8,0,50,2026-04-10 00:00:00,2960.5819727537437,2026-06-24 00:00:00,2588.7880859375,-12.558135199020516,12.126253367643326,-19.102991572584415,CLOSED,2960.0,51.26662551209383,22.1102190769119,30.723672328187234,27.42844958771155,7.2279744,1.2613091,382.923215,116643201024.0,2025-08-07
2026-04-09,6332.T,,8,0,60,2026-04-10 00:00:00,2960.5819727537437,2026-07-08 00:00:00,2615.3447265625,-11.66112775692294,12.126253367643326,-19.102991572584415,CLOSED,2960.0,51.26662551209383,22.1102190769119,30.723672328187234,27.42844958771155,7.2279744,1.2613091,382.923215,116643201024.0,2025-08-07
2026-04-14,2979.T,,8,0,5,2026-04-15 00:00:00,124605.86921751969,2026-04-21 00:00:00,124508.140625,-0.07843016796350577,1.3333345549380926,-0.9411740896938636,CLOSED,127300.0,51.41242937853107,23.28801852678312,21.27338861074825,21.213155541132625,23.425928,1.1751652,204.61855,92610748416.0,2025-01-17
2026-04-14,2979.T,,8,0,10,2026-04-15 00:00:00,124605.86921751969,2026-04-28 00:00:00,122455.8046875,-1.725492180682442,1.3333345549380926,-1.9607862935778653,CLOSED,127300.0,51.41242937853107,23.28801852678312,21.27338861074825,21.213155541132625,23.425928,1.1751652,204.61855,92610748416.0,2025-01-17
2026-04-14,2979.T,,8,0,20,2026-04-15 00:00:00,124605.86921751969,2026-05-18 00:00:00,118057.953125,-5.254901822553193,1.3333345549380926,-6.823529275822182,CLOSED,127300.0,51.41242937853107,23.28801852678312,21.27338861074825,21.213155541132625,23.425928,1.1751652,204.61855,92610748416.0,2025-01-17
2026-04-14,2979.T,,8,0,40,2026-04-15 00:00:00,124605.86921751969,2026-06-15 00:00:00,114400.0,-8.190520463930717,1.3333345549380926,-11.079629959821002,CLOSED,127300.0,51.41242937853107,23.28801852678312,21.27338861074825,21.213155541132625,23.425928,1.1751652,204.61855,92610748416.0,2025-01-17
2026-04-14,2979.T,,8,0,50,2026-04-15 00:00:00,124605.86921751969,2026-06-29 00:00:00,113100.0,-9.23381000411332,1.3333345549380926,-12.925449915528697,CLOSED,127300.0,51.41242937853107,23.28801852678312,21.27338861074825,21.213155541132625,23.425928,1.1751652,204.61855,92610748416.0,2025-01-17
2026-04-14,2979.T,,8,0,60,2026-04-15 00:00:00,124605.86921751969,2026-07-13 00:00:00,110900.0,-10.9993769182685,1.3333345549380926,-12.925449915528697,CLOSED,127300.0,51.41242937853107,23.28801852678312,21.27338861074825,21.213155541132625,23.425928,1.1751652,204.61855,92610748416.0,2025-01-17
2026-04-14,8954.T,,8,0,5,2026-04-15 00:00:00,99240.32791615099,2026-04-21 00:00:00,98362.09375,-0.8849569369551169,0.2949852507374784,-1.474927215503663,CLOSED,101300.0,53.10344827586207,23.140391064773976,22.486016460176785,22.07415100054304,23.779343,0.8013643,1208.52358,559176024064.0,2026-04-21
2026-04-14,8954.T,,8,0,10,2026-04-15 00:00:00,99240.32791615099,2026-04-28 00:00:00,97386.2734375,-1.8682470297936682,0.2949852507374784,-3.638150878505164,CLOSED,101300.0,53.10344827586207,23.140391064773976,22.486016460176785,22.07415100054304,23.779343,0.8013643,1208.52358,559176024064.0,2026-04-21
2026-04-14,8954.T,,8,0,20,2026-04-15 00:00:00,99240.32791615099,2026-05-18 00:00:00,93678.1796875,-5.604725765669061,0.2949852507374784,-6.489681461615914,CLOSED,101300.0,53.10344827586207,23.140391064773976,22.486016460176785,22.07415100054304,23.779343,0.8013643,1208.52358,559176024064.0,2026-04-21
2026-04-14,8954.T,,8,0,40,2026-04-15 00:00:00,99240.32791615099,2026-06-15 00:00:00,93287.859375,-5.998033930500791,0.2949852507374784,-10.12783339838922,CLOSED,101300.0,53.10344827586207,23.140391064773976,22.486016460176785,22.07415100054304,23.779343,0.8013643,1208.52358,559176024064.0,2026-04-21
2026-04-14,8954.T,,8,0,50,2026-04-15 00:00:00,99240.32791615099,2026-06-29 00:00:00,95434.6484375,-3.834811470863375,0.2949852507374784,-10.12783339838922,CLOSED,101300.0,53.10344827586207,23.140391064773976,22.486016460176785,22.07415100054304,23.779343,0.8013643,1208.52358,559176024064.0,2026-04-21
2026-04-14,8954.T,,8,0,60,2026-04-15 00:00:00,99240.32791615099,2026-07-13 00:00:00,95629.8125,-3.638153452295667,0.2949852507374784,-10.12783339838922,CLOSED,101300.0,53.10344827586207,23.140391064773976,22.486016460176785,22.07415100054304,23.779343,0.8013643,1208.52358,559176024064.0,2026-04-21
2026-04-14,8966.T,,8,0,5,2026-04-15 00:00:00,145327.24544841537,2026-04-21 00:00:00,143870.09375,-1.0026693163551315,0.0,-1.2700512432757494,CLOSED,148900.0,48.26086956521739,24.029185194080554,22.876680935660783,20.85670247080137,18.043434,1.5642338,385.12398,186353270784.0,2026-01-20
2026-04-14,8966.T,,8,0,10,2026-04-15 00:00:00,145327.24544841537,2026-04-28 00:00:00,143870.09375,-1.0026693163551315,0.0,-2.072193846410586,CLOSED,148900.0,48.26086956521739,24.029185194080554,22.876680935660783,20.85670247080137,18.043434,1.5642338,385.12398,186353270784.0,2026-01-20
2026-04-14,8966.T,,8,0,20,2026-04-15 00:00:00,145327.24544841537,2026-05-18 00:00:00,136487.15625,-6.0828849890733006,0.0,-6.4171095976531145,CLOSED,148900.0,48.26086956521739,24.029185194080554,22.876680935660783,20.85670247080137,18.043434,1.5642338,385.12398,186353270784.0,2026-01-20
2026-04-14,8966.T,,8,0,40,2026-04-15 00:00:00,145327.24544841537,2026-06-15 00:00:00,136100.0,-6.349288063600311,0.0,-10.409091152687445,CLOSED,148900.0,48.26086956521739,24.029185194080554,22.876680935660783,20.85670247080137,18.043434,1.5642338,385.12398,186353270784.0,2026-01-20
2026-04-14,8966.T,,8,0,50,2026-04-15 00:00:00,145327.24544841537,2026-06-29 00:00:00,134300.0,-7.58787205688114,0.0,-10.409091152687445,CLOSED,148900.0,48.26086956521739,24.029185194080554,22.876680935660783,20.85670247080137,18.043434,1.5642338,385.12398,186353270784.0,2026-01-20
2026-04-14,8966.T,,8,0,60,2026-04-15 00:00:00,145327.24544841537,2026-07-13 00:00:00,133600.0,-8.06954360982367,0.0,-10.409091152687445,CLOSED,148900.0,48.26086956521739,24.029185194080554,22.876680935660783,20.85670247080137,18.043434,1.5642338,385.12398,186353270784.0,2026-01-20
2026-04-15,3283.T,,8,0,5,2026-04-16 00:00:00,88492.13315029102,2026-04-22 00:00:00,86536.5,-2.2099514167769674,0.0,-2.2099514167769674,CLOSED,90000.0,50.40650406504064,26.789616638462387,23.77678979997068,18.67984305101233,24.619223,1.5151258,1344.661315,755019612160.0,2026-01-21
2026-04-15,3283.T,,8,0,10,2026-04-16 00:00:00,88492.13315029102,2026-04-30 00:00:00,87416.5390625,-1.2154685953431388,0.0,-2.3204412357374693,CLOSED,90000.0,50.40650406504064,26.789616638462387,23.77678979997068,18.67984305101233,24.619223,1.5151258,1344.661315,755019612160.0,2026-01-21
2026-04-15,3283.T,,8,0,20,2026-04-16 00:00:00,88492.13315029102,2026-05-19 00:00:00,84385.3125,-4.640887844025842,3.314912928166125,-6.961329977890052,CLOSED,90000.0,50.40650406504064,26.789616638462387,23.77678979997068,18.67984305101233,24.619223,1.5151258,1344.661315,755019612160.0,2026-01-21
2026-04-15,3283.T,,8,0,40,2026-04-16 00:00:00,88492.13315029102,2026-06-16 00:00:00,84700.0,-4.285277137404552,3.314912928166125,-7.223391416539715,CLOSED,90000.0,50.40650406504064,26.789616638462387,23.77678979997068,18.67984305101233,24.619223,1.5151258,1344.661315,755019612160.0,2026-01-21
2026-04-15,3283.T,,8,0,50,2026-04-16 00:00:00,88492.13315029102,2026-06-30 00:00:00,86800.0,-1.9121848350261539,3.314912928166125,-7.223391416539715,CLOSED,90000.0,50.40650406504064,26.789616638462387,23.77678979997068,18.67984305101233,24.619223,1.5151258,1344.661315,755019612160.0,2026-01-21
2026-04-15,3283.T,,8,0,60,2026-04-16 00:00:00,88492.13315029102,2026-07-14 00:00:00,88500.0,0.008889885946827825,3.314912928166125,-7.223391416539715,CLOSED,90000.0,50.40650406504064,26.789616638462387,23.77678979997068,18.67984305101233,24.619223,1.5151258,1344.661315,755019612160.0,2026-01-21
2026-04-15,6135.T,,8,0,5,2026-04-16 00:00:00,2203.6815364443023,2026-04-22 00:00:00,2199.88525390625,-0.1722700161193802,0.2584010394488523,-0.25839793281654533,CLOSED,11610.0,54.54545454545455,20.31245236409529,27.758266007548816,14.305163285596397,17.667736,1.0800753,1180.759,271579267072.0,2025-07-29
2026-04-15,6135.T,,8,0,10,2026-04-16 00:00:00,2203.6815364443023,2026-04-30 00:00:00,2258.72607421875,2.4978444872421735,2.8423750569471773,-10.6804473744033,CLOSED,11610.0,54.54545454545455,20.31245236409529,27.758266007548816,14.305163285596397,17.667736,1.0800753,1180.759,271579267072.0,2025-07-29
2026-04-15,6135.T,,8,0,20,2026-04-16 00:00:00,2203.6815364443023,2026-05-19 00:00:00,2621.26123046875,18.9491851303625,22.049950935410713,-10.6804473744033,CLOSED,11610.0,54.54545454545455,20.31245236409529,27.758266007548816,14.305163285596397,17.667736,1.0800753,1180.759,271579267072.0,2025-07-29
2026-04-15,6135.T,,8,0,40,2026-04-16 00:00:00,2203.6815364443023,2026-06-16 00:00:00,2731.350341796875,23.94487572845849,29.198962759559443,-10.6804473744033,CLOSED,11610.0,54.54545454545455,20.31245236409529,27.758266007548816,14.305163285596397,17.667736,1.0800753,1180.759,271579267072.0,2025-07-29
2026-04-15,6135.T,,8,0,50,2026-04-16 00:00:00,2203.6815364443023,2026-06-30 00:00:00,2885.095458984375,30.921615091423416,37.29543928211789,-10.6804473744033,CLOSED,11610.0,54.54545454545455,20.31245236409529,27.758266007548816,14.305163285596397,17.667736,1.0800753,1180.759,271579267072.0,2025-07-29
2026-04-15,6135.T,,8,0,60,2026-04-16 00:00:00,2203.6815364443023,2026-07-14 00:00:00,2807.27392578125,27.390182263398177,37.29543928211789,-10.6804473744033,CLOSED,11610.0,54.54545454545455,20.31245236409529,27.758266007548816,14.305163285596397,17.667736,1.0800753,1180.759,271579267072.0,2025-07-29
2026-04-16,8966.T,,8,0,5,2026-04-17 00:00:00,144647.24155490892,2026-04-23 00:00:00,143190.078125,-1.0073910945310183,0.1343183344526544,-1.6118235776716117,CLOSED,149100.0,51.834862385321095,21.27121715272276,21.36544068992751,20.227127842167278,18.082634,1.5663348,385.21306,186603569152.0,2026-01-20
2026-04-16,8966.T,,8,0,10,2026-04-17 00:00:00,144647.24155490892,2026-05-01 00:00:00,143481.515625,-0.8059095475155709,0.1343183344526544,-1.8804562281111936,CLOSED,149100.0,51.834862385321095,21.27121715272276,21.36544068992751,20.227127842167278,18.082634,1.5663348,385.21306,186603569152.0,2026-01-20
2026-04-16,8966.T,,8,0,20,2026-04-17 00:00:00,144647.24155490892,2026-05-20 00:00:00,135515.71875,-6.312960210473517,0.20147658327824836,-6.7159152203209445,CLOSED,149100.0,51.834862385321095,21.27121715272276,21.36544068992751,20.227127842167278,18.082634,1.5663348,385.21306,186603569152.0,2026-01-20
2026-04-16,8966.T,,8,0,40,2026-04-17 00:00:00,144647.24155490892,2026-06-17 00:00:00,133000.0,-8.052169837257184,0.20147658327824836,-9.987913630157031,CLOSED,149100.0,51.834862385321095,21.27121715272276,21.36544068992751,20.227127842167278,18.082634,1.5663348,385.21306,186603569152.0,2026-01-20
2026-04-16,8966.T,,8,0,50,2026-04-17 00:00:00,144647.24155490892,2026-07-01 00:00:00,132900.0,-8.121303544146464,0.20147658327824836,-9.987913630157031,CLOSED,149100.0,51.834862385321095,21.27121715272276,21.36544068992751,20.227127842167278,18.082634,1.5663348,385.21306,186603569152.0,2026-01-20
2026-04-16,8966.T,,8,0,60,2026-04-17 00:00:00,144647.24155490892,2026-07-15 00:00:00,135500.0,-6.323827165025175,0.20147658327824836,-9.987913630157031,CLOSED,149100.0,51.834862385321095,21.27121715272276,21.36544068992751,20.227127842167278,18.082634,1.5663348,385.21306,186603569152.0,2026-01-20
2026-04-21,1813.T,,8,0,5,2026-04-22 00:00:00,3069.557931947314,2026-04-28 00:00:00,3025.0,-1.451607460591131,0.0,-5.225803262330508,CLOSED,3110.0,49.03846153846154,26.74831210592415,32.442407897172046,25.4271818566719,15.585848,1.2762849,207.22293,47116103680.0,2025-08-06
2026-04-21,1813.T,,8,0,10,2026-04-22 00:00:00,3069.557931947314,2026-05-11 00:00:00,2817.062255859375,-8.225799339377737,1.7742014355934144,-10.419347896468178,CLOSED,3110.0,49.03846153846154,26.74831210592415,32.442407897172046,25.4271818566719,15.585848,1.2762849,207.22293,47116103680.0,2025-08-06
2026-04-21,1813.T,,8,0,20,2026-04-22 00:00:00,3069.557931947314,2026-05-25 00:00:00,2771.513916015625,-9.709672289605919,1.7742014355934144,-13.22580705538815,CLOSED,3110.0,49.03846153846154,26.74831210592415,32.442407897172046,25.4271818566719,15.585848,1.2762849,207.22293,47116103680.0,2025-08-06
2026-04-21,1813.T,,8,0,40,2026-04-22 00:00:00,3069.557931947314,2026-06-22 00:00:00,2628.927978515625,-14.354834253027281,1.7742014355934144,-17.483870201941077,CLOSED,3110.0,49.03846153846154,26.74831210592415,32.442407897172046,25.4271818566719,15.585848,1.2762849,207.22293,47116103680.0,2025-08-06
2026-04-21,1813.T,,8,0,50,2026-04-22 00:00:00,3069.557931947314,2026-07-06 00:00:00,2774.484375,-9.612900733237527,1.7742014355934144,-18.903220094863325,CLOSED,3110.0,49.03846153846154,26.74831210592415,32.442407897172046,25.4271818566719,15.585848,1.2762849,207.22293,47116103680.0,2025-08-06
2026-04-21,1813.T,,8,0,60,2026-04-22 00:00:00,3069.557931947314,2026-07-21 00:00:00,2699.230712890625,-12.064513107975616,1.7742014355934144,-18.903220094863325,CLOSED,3110.0,49.03846153846154,26.74831210592415,32.442407897172046,25.4271818566719,15.585848,1.2762849,207.22293,47116103680.0,2025-08-06
2026-04-28,1870.T,,8,0,5,2026-04-30 00:00:00,2103.455137671494,2026-05-11 00:00:00,2064.466064453125,-1.8535728440364774,0.5097222109678556,-2.2706209453197457,CLOSED,2190.0,52.45398773006136,21.110017025840907,31.756725151107336,25.828953430915572,9.046597,1.2887918,336.98559,94567964672.0,2025-08-06
2026-04-28,1870.T,,8,0,10,2026-04-30 00:00:00,2103.455137671494,2026-05-18 00:00:00,1845.153076171875,-12.279894012170711,0.5097222109678556,-13.531054099326056,CLOSED,2190.0,52.45398773006136,21.110017025840907,31.756725151107336,25.828953430915572,9.046597,1.2887918,336.98559,94567964672.0,2025-08-06
2026-04-28,1870.T,,8,0,20,2026-04-30 00:00:00,2103.455137671494,2026-06-01 00:00:00,1808.113525390625,-14.040784944327811,0.5097222109678556,-15.848014730701154,CLOSED,2190.0,52.45398773006136,21.110017025840907,31.756725151107336,25.828953430915572,9.046597,1.2887918,336.98559,94567964672.0,2025-08-06
2026-04-28,1870.T,,8,0,40,2026-04-30 00:00:00,2103.455137671494,2026-06-29 00:00:00,1786.669677734375,-15.060243228567149,0.5097222109678556,-17.516221541603826,CLOSED,2190.0,52.45398773006136,21.110017025840907,31.756725151107336,25.828953430915572,9.046597,1.2887918,336.98559,94567964672.0,2025-08-06
2026-04-28,1870.T,,8,0,50,2026-04-30 00:00:00,2103.455137671494,2026-07-13 00:00:00,1796.4168701171875,-14.596853626942341,0.5097222109678556,-17.516221541603826,CLOSED,2190.0,52.45398773006136,21.110017025840907,31.756725151107336,25.828953430915572,9.046597,1.2887918,336.98559,94567964672.0,2025-08-06
2026-04-28,1870.T,,8,0,60,2026-04-30 00:00:00,2103.455137671494,2026-07-28 00:00:00,1887.0662841796875,-10.287305377539314,0.5097222109678556,-17.516221541603826,CLOSED,2190.0,52.45398773006136,21.110017025840907,31.756725151107336,25.828953430915572,9.046597,1.2887918,336.98559,94567964672.0,2025-08-06
2026-04-28,5482.T,,8,0,5,2026-04-30 00:00:00,2905.382157170681,2026-05-11 00:00:00,2848.739501953125,-1.9495767562885957,0.10084033613446675,-5.983192006693594,CLOSED,3005.0,54.14965986394557,22.34508468417308,37.77699205164363,28.2441204418682,18.651854,0.8525059,705.282975,192377405440.0,2025-07-29
2026-04-28,5482.T,,8,0,10,2026-04-30 00:00:00,2905.382157170681,2026-05-18 00:00:00,2751.07958984375,-5.310921557981674,0.10084033613446675,-5.983192006693594,CLOSED,3005.0,54.14965986394557,22.34508468417308,37.77699205164363,28.2441204418682,18.651854,0.8525059,705.282975,192377405440.0,2025-07-29
2026-04-28,5482.T,,8,0,20,2026-04-30 00:00:00,2905.382157170681,2026-06-01 00:00:00,2796.979736328125,-3.731089921338271,0.10084033613446675,-7.294118196117161,CLOSED,3005.0,54.14965986394557,22.34508468417308,37.77699205164363,28.2441204418682,18.651854,0.8525059,705.282975,192377405440.0,2025-07-29
2026-04-28,5482.T,,8,0,40,2026-04-30 00:00:00,2905.382157170681,2026-06-29 00:00:00,3003.0419921875,3.3613421482536543,6.890758197481217,-7.294118196117161,CLOSED,3005.0,54.14965986394557,22.34508468417308,37.77699205164363,28.2441204418682,18.651854,0.8525059,705.282975,192377405440.0,2025-07-29
2026-04-28,5482.T,,8,0,50,2026-04-30 00:00:00,2905.382157170681,2026-07-13 00:00:00,2913.19482421875,0.2689032500866384,7.394955709255524,-7.294118196117161,CLOSED,3005.0,54.14965986394557,22.34508468417308,37.77699205164363,28.2441204418682,18.651854,0.8525059,705.282975,192377405440.0,2025-07-29
2026-04-28,5482.T,,8,0,60,2026-04-30 00:00:00,2905.382157170681,2026-07-28 00:00:00,3100.701904296875,6.722686949946732,7.394955709255524,-7.294118196117161,CLOSED,3005.0,54.14965986394557,22.34508468417308,37.77699205164363,28.2441204418682,18.651854,0.8525059,705.282975,192377405440.0,2025-07-29
2026-04-28,7949.T,,8,0,5,2026-04-30 00:00:00,2602.8560073093427,2026-05-11 00:00:00,2469.00048828125,-5.142640186479753,0.0,-5.292797572832752,CLOSED,2685.0,48.92787524366472,27.421355882287468,36.69732561029547,26.6077279528428,17.59156,1.2502863,216.50044,47258320896.0,2025-07-23
2026-04-28,7949.T,,8,0,10,2026-04-30 00:00:00,2602.8560073093427,2026-05-18 00:00:00,2395.7216796875,-7.957963369474452,0.0,-7.957963369474452,CLOSED,2685.0,48.92787524366472,27.421355882287468,36.69732561029547,26.6077279528428,17.59156,1.2502863,216.50044,47258320896.0,2025-07-23
2026-04-28,7949.T,,8,0,20,2026-04-30 00:00:00,2602.8560073093427,2026-06-01 00:00:00,2366.410400390625,-9.08408326295158,0.0,-10.773274850299819,CLOSED,2685.0,48.92787524366472,27.421355882287468,36.69732561029547,26.6077279528428,17.59156,1.2502863,216.50044,47258320896.0,2025-07-23
2026-04-28,7949.T,,8,0,40,2026-04-30 00:00:00,2602.8560073093427,2026-06-29 00:00:00,2482.678955078125,-4.617122572041499,0.0,-10.885887984341691,CLOSED,2685.0,48.92787524366472,27.421355882287468,36.69732561029547,26.6077279528428,17.59156,1.2502863,216.50044,47258320896.0,2025-07-23
2026-04-28,7949.T,,8,0,50,2026-04-30 00:00:00,2602.8560073093427,2026-07-13 00:00:00,2521.760986328125,-3.115616874444327,0.0,-10.885887984341691,CLOSED,2685.0,48.92787524366472,27.421355882287468,36.69732561029547,26.6077279528428,17.59156,1.2502863,216.50044,47258320896.0,2025-07-23
2026-04-28,7949.T,,8,0,60,2026-04-30 00:00:00,2602.8560073093427,2026-07-28 00:00:00,2689.813232421875,3.340838865782003,3.603601623522823,-10.885887984341691,CLOSED,2685.0,48.92787524366472,27.421355882287468,36.69732561029547,26.6077279528428,17.59156,1.2502863,216.50044,47258320896.0,2025-07-23
2026-05-01,2664.T,,8,0,5,2026-05-07 00:00:00,2984.3959470243,2026-05-13 00:00:00,2989.328857421875,0.16529007829855225,2.8099131777058473,-1.4876049148876413,CLOSED,3000.0,46.42857142857143,25.03174178523802,28.25095676778989,25.166361903784058,20.965826,0.5767794,258.417565,67002744832.0,2025-07-24
2026-05-01,2664.T,,8,0,10,2026-05-07 00:00:00,2984.3959470243,2026-05-20 00:00:00,3009.060302734375,0.8264438146911246,2.8099131777058473,-1.4876049148876413,CLOSED,3000.0,46.42857142857143,25.03174178523802,28.25095676778989,25.166361903784058,20.965826,0.5767794,258.417565,67002744832.0,2025-07-24
2026-05-01,2664.T,,8,0,20,2026-05-07 00:00:00,2984.3959470243,2026-06-03 00:00:00,3334.630859375,11.735537729164736,12.396694757147975,-1.4876049148876413,CLOSED,3000.0,46.42857142857143,25.03174178523802,28.25095676778989,25.166361903784058,20.965826,0.5767794,258.417565,67002744832.0,2025-07-24
2026-05-01,2664.T,,8,0,40,2026-05-07 00:00:00,2984.3959470243,2026-07-01 00:00:00,3319.83203125,11.239664246299451,19.999994565780256,-1.4876049148876413,CLOSED,3000.0,46.42857142857143,25.03174178523802,28.25095676778989,25.166361903784058,20.965826,0.5767794,258.417565,67002744832.0,2025-07-24
2026-05-01,2664.T,,8,0,50,2026-05-07 00:00:00,2984.3959470243,2026-07-15 00:00:00,3354.3623046875,12.39669146555733,19.999994565780256,-1.4876049148876413,CLOSED,3000.0,46.42857142857143,25.03174178523802,28.25095676778989,25.166361903784058,20.965826,0.5767794,258.417565,67002744832.0,2025-07-24
2026-05-01,2664.T,,8,0,60,2026-05-07 00:00:00,2984.3959470243,2026-07-30 00:00:00,3369.160888671875,12.89255676785177,19.999994565780256,-1.4876049148876413,CLOSED,3000.0,46.42857142857143,25.03174178523802,28.25095676778989,25.166361903784058,20.965826,0.5767794,258.417565,67002744832.0,2025-07-24
2026-05-07,5445.T,,8,0,5,2026-05-08 00:00:00,1897.5363190437583,2026-05-14 00:00:00,1847.523681640625,-2.635661668301381,0.0,-4.651162790697672,CLOSED,1932.0,49.84615384615385,45.50464083103941,29.33728900568936,27.487624279217847,4.8587885,0.7943925,532.48465,48898920448.0,2025-07-29
2026-05-07,5445.T,,8,0,10,2026-05-08 00:00:00,1897.5363190437583,2026-05-21 00:00:00,1813.201416015625,-4.444442100092871,0.0,-6.8217028888553415,CLOSED,1932.0,49.84615384615385,45.50464083103941,29.33728900568936,27.487624279217847,4.8587885,0.7943925,532.48465,48898920448.0,2025-07-29
2026-05-07,5445.T,,8,0,20,2026-05-08 00:00:00,1897.5363190437583,2026-06-04 00:00:00,1728.866455078125,-8.888887252004352,0.0,-9.198964776954988,CLOSED,1932.0,49.84615384615385,45.50464083103941,29.33728900568936,27.487624279217847,4.8587885,0.7943925,532.48465,48898920448.0,2025-07-29
2026-05-07,5445.T,,8,0,40,2026-05-08 00:00:00,1897.5363190437583,2026-07-02 00:00:00,1798.4918212890625,-5.219636470758471,0.0,-9.30232395193853,CLOSED,1932.0,49.84615384615385,45.50464083103941,29.33728900568936,27.487624279217847,4.8587885,0.7943925,532.48465,48898920448.0,2025-07-29
2026-05-07,5445.T,,8,0,50,2026-05-08 00:00:00,1897.5363190437583,2026-07-16 00:00:00,1890.671875,-0.36175560777764737,0.5684769643489185,-9.30232395193853,CLOSED,1932.0,49.84615384615385,45.50464083103941,29.33728900568936,27.487624279217847,4.8587885,0.7943925,532.48465,48898920448.0,2025-07-29
2026-05-07,5445.T,,8,0,60,2026-05-08 00:00:00,1897.5363190437583,2026-07-31 00:00:00,1884.7879638671875,-0.671837215900839,2.428938902165667,-9.30232395193853,CLOSED,1932.0,49.84615384615385,45.50464083103941,29.33728900568936,27.487624279217847,4.8587885,0.7943925,532.48465,48898920448.0,2025-07-29
2026-05-11,2053.T,,8,0,5,2026-05-12 00:00:00,1699.9415649621078,2026-05-18 00:00:00,1759.8125,3.521940769724452,4.849884820770667,0.0,CLOSED,1743.0,50.0,23.20138736916257,33.712658582929684,22.185766964028225,9.143367,0.6891834,221.656705,50017603584.0,2025-07-29
2026-05-11,2053.T,,8,0,10,2026-05-12 00:00:00,1699.9415649621078,2026-05-25 00:00:00,1706.81201171875,0.4041578192010009,5.946879522767579,-1.2124711515748898,CLOSED,1743.0,50.0,23.20138736916257,33.712658582929684,22.185766964028225,9.143367,0.6891834,221.656705,50017603584.0,2025-07-29
2026-05-11,2053.T,,8,0,20,2026-05-12 00:00:00,1699.9415649621078,2026-06-08 00:00:00,1706.81201171875,0.4041578192010009,5.946879522767579,-3.5219429276975633,CLOSED,1743.0,50.0,23.20138736916257,33.712658582929684,22.185766964028225,9.143367,0.6891834,221.656705,50017603584.0,2025-07-29
2026-05-11,2053.T,,8,0,40,2026-05-12 00:00:00,1699.9415649621078,2026-07-06 00:00:00,1858.9429931640625,9.353346696096509,10.739027963628889,-3.5219429276975633,CLOSED,1743.0,50.0,23.20138736916257,33.712658582929684,22.185766964028225,9.143367,0.6891834,221.656705,50017603584.0,2025-07-29
2026-05-11,2053.T,,8,0,50,2026-05-12 00:00:00,1699.9415649621078,2026-07-21 00:00:00,1913.906494140625,12.586604950934689,14.203233124589133,-3.5219429276975633,CLOSED,1743.0,50.0,23.20138736916257,33.712658582929684,22.185766964028225,9.143367,0.6891834,221.656705,50017603584.0,2025-07-29
2026-05-11,2053.T,,8,0,60,2026-05-12 00:00:00,1699.9415649621078,2026-08-04 00:00:00,1845.2021484375,8.545033927600333,15.819857604707167,-3.5219429276975633,CLOSED,1743.0,50.0,23.20138736916257,33.712658582929684,22.185766964028225,9.143367,0.6891834,221.656705,50017603584.0,2025-07-29
2026-05-14,4540.T,,8,0,5,2026-05-15 00:00:00,3698.6591285071468,2026-05-21 00:00:00,3815.2216796875,3.1514813106716444,6.329448196294196,-0.6885593220338992,CLOSED,3731.0,48.40085287846482,26.03820989661484,28.90942737466163,23.94170618326331,9.919706,0.91089755,1105.104665,278129082368.0,2026-08-05
2026-05-14,4540.T,,8,0,10,2026-05-15 00:00:00,3698.6591285071468,2026-05-28 00:00:00,3673.191650390625,-0.6885597518363595,6.329448196294196,-1.483052645546934,CLOSED,3731.0,48.40085287846482,26.03820989661484,28.90942737466163,23.94170618326331,9.919706,0.91089755,1105.104665,278129082368.0,2026-08-05
2026-05-14,4540.T,,8,0,20,2026-05-15 00:00:00,3698.6591285071468,2026-06-11 00:00:00,3667.314453125,-0.8474605064456964,6.329448196294196,-3.0455527453571496,CLOSED,3731.0,48.40085287846482,26.03820989661484,28.90942737466163,23.94170618326331,9.919706,0.91089755,1105.104665,278129082368.0,2026-08-05
2026-05-14,4540.T,,8,0,40,2026-05-15 00:00:00,3698.6591285071468,2026-07-09 00:00:00,3722.16748046875,0.6355912006168474,6.329448196294196,-3.0455527453571496,CLOSED,3731.0,48.40085287846482,26.03820989661484,28.90942737466163,23.94170618326331,9.919706,0.91089755,1105.104665,278129082368.0,2026-08-05
2026-05-14,4540.T,,8,0,50,2026-05-15 00:00:00,3698.6591285071468,2026-07-24 00:00:00,3721.18798828125,0.6091088416465329,6.329448196294196,-3.0455527453571496,CLOSED,3731.0,48.40085287846482,26.03820989661484,28.90942737466163,23.94170618326331,9.919706,0.91089755,1105.104665,278129082368.0,2026-08-05
2026-05-14,4540.T,,8,0,60,2026-05-15 00:00:00,3698.6591285071468,2026-08-07 00:00:00,3693.761474609375,-0.13241701188475563,8.024364498395876,-3.0455527453571496,CLOSED,3731.0,48.40085287846482,26.03820989661484,28.90942737466163,23.94170618326331,9.919706,0.91089755,1105.104665,278129082368.0,2026-08-05
2026-05-14,9008.T,,8,0,5,2026-05-15 00:00:00,753.199777877279,2026-05-21 00:00:00,753.8899536132812,0.09163249330044199,2.212329957145398,-1.2959827623700515,CLOSED,770.5999755859375,43.169794355189765,21.83387074670784,27.03630357116436,25.58412030970177,15.006816,1.0257789,1432.23292361969,446087659520.0,2026-08-05
2026-05-14,9008.T,,8,0,10,2026-05-15 00:00:00,753.199777877279,2026-05-28 00:00:00,723.3241577148438,-3.96649349082826,2.212329957145398,-4.215212345227959,CLOSED,770.5999755859375,43.169794355189765,21.83387074670784,27.03630357116436,25.58412030970177,15.006816,1.0257789,1432.23292361969,446087659520.0,2026-08-05
2026-05-14,9008.T,,8,0,20,2026-05-15 00:00:00,753.199777877279,2026-06-11 00:00:00,737.5224609375,-2.0814287789571395,2.212329957145398,-6.87262874977489,CLOSED,770.5999755859375,43.169794355189765,21.83387074670784,27.03630357116436,25.58412030970177,15.006816,1.0257789,1432.23292361969,446087659520.0,2026-08-05
2026-05-14,9008.T,,8,0,40,2026-05-15 00:00:00,753.199777877279,2026-07-09 00:00:00,741.9594116210938,-1.4923485888250765,2.212329957145398,-6.87262874977489,CLOSED,770.5999755859375,43.169794355189765,21.83387074670784,27.03630357116436,25.58412030970177,15.006816,1.0257789,1432.23292361969,446087659520.0,2026-08-05
2026-05-14,9008.T,,8,0,50,2026-05-15 00:00:00,753.199777877279,2026-07-24 00:00:00,773.0181884765625,2.631228948996389,5.197010239929822,-6.87262874977489,CLOSED,770.5999755859375,43.169794355189765,21.83387074670784,27.03630357116436,25.58412030970177,15.006816,1.0257789,1432.23292361969,446087659520.0,2026-08-05
2026-05-14,9008.T,,8,0,60,2026-05-15 00:00:00,753.199777877279,2026-08-07 00:00:00,743.8328247070312,-1.2436213399645846,11.179469893012616,-6.87262874977489,CLOSED,770.5999755859375,43.169794355189765,21.83387074670784,27.03630357116436,25.58412030970177,15.006816,1.0257789,1432.23292361969,446087659520.0,2026-08-05
2026-05-14,9433.T,,8,0,5,2026-05-15 00:00:00,2602.8107361646476,2026-05-21 00:00:00,2679.7119140625,2.9545435950971033,6.5340889849928585,-1.4015151515151536,CLOSED,2645.5,52.4804177545692,21.116932681179907,24.48283304577994,19.83530788533418,14.423182,1.9838771,23501.7995825,10071625957376.0,2026-07-31
2026-05-14,9433.T,,8,0,10,2026-05-15 00:00:00,2602.8107361646476,2026-05-28 00:00:00,2675.768310546875,2.803030330577694,6.5340889849928585,-1.4015151515151536,CLOSED,2645.5,52.4804177545692,21.116932681179907,24.48283304577994,19.83530788533418,14.423182,1.9838771,23501.7995825,10071625957376.0,2026-07-31
2026-05-14,9433.T,,8,0,20,2026-05-15 00:00:00,2602.8107361646476,2026-06-11 00:00:00,2718.655517578125,4.450757014479656,6.5340889849928585,-1.4015151515151536,CLOSED,2645.5,52.4804177545692,21.116932681179907,24.48283304577994,19.83530788533418,14.423182,1.9838771,23501.7995825,10071625957376.0,2026-07-31
2026-05-14,9433.T,,8,0,40,2026-05-15 00:00:00,2602.8107361646476,2026-07-09 00:00:00,2765.486328125,6.249996962901028,7.765149380008607,-1.4015151515151536,CLOSED,2645.5,52.4804177545692,21.116932681179907,24.48283304577994,19.83530788533418,14.423182,1.9838771,23501.7995825,10071625957376.0,2026-07-31
2026-05-14,9433.T,,8,0,50,2026-05-15 00:00:00,2602.8107361646476,2026-07-24 00:00:00,2881.331298828125,10.700761249889768,10.871215801001677,-1.4015151515151536,CLOSED,2645.5,52.4804177545692,21.116932681179907,24.48283304577994,19.83530788533418,14.423182,1.9838771,23501.7995825,10071625957376.0,2026-07-31
2026-05-14,9433.T,,8,0,60,2026-05-15 00:00:00,2602.8107361646476,2026-08-07 00:00:00,2939.007080078125,12.91666502071054,18.2196950887213,-1.4015151515151536,CLOSED,2645.5,52.4804177545692,21.116932681179907,24.48283304577994,19.83530788533418,14.423182,1.9838771,23501.7995825,10071625957376.0,2026-07-31
2026-05-15,3087.T,,8,0,5,2026-05-18 00:00:00,2845.6302756953482,2026-05-22 00:00:00,2804.99267578125,-1.4280702683403979,0.6269595012012408,-2.020202020202022,CLOSED,2868.0,49.48453608247423,26.10469253431702,26.23557632143189,24.53099743213419,16.791569,1.145879,430.648685,120520138752.0,2025-07-10
2026-05-15,3087.T,,8,0,10,2026-05-18 00:00:00,2845.6302756953482,2026-05-29 00:00:00,2639.46826171875,-7.244862965418841,0.6269595012012408,-8.463947803109207,CLOSED,2868.0,49.48453608247423,26.10469253431702,26.23557632143189,24.53099743213419,16.791569,1.145879,430.648685,120520138752.0,2025-07-10
2026-05-15,3087.T,,8,0,20,2026-05-18 00:00:00,2845.6302756953482,2026-06-12 00:00:00,2653.3447265625,-6.757221792836809,0.6269595012012408,-10.69313126836482,CLOSED,2868.0,49.48453608247423,26.10469253431702,26.23557632143189,24.53099743213419,16.791569,1.145879,430.648685,120520138752.0,2025-07-10
2026-05-15,3087.T,,8,0,40,2026-05-18 00:00:00,2845.6302756953482,2026-07-10 00:00:00,2731.646484375,-4.005572765158172,0.6269595012012408,-10.69313126836482,CLOSED,2868.0,49.48453608247423,26.10469253431702,26.23557632143189,24.53099743213419,16.791569,1.145879,430.648685,120520138752.0,2025-07-10
2026-05-15,3087.T,,8,0,50,2026-05-18 00:00:00,2845.6302756953482,2026-07-27 00:00:00,3181.634765625,11.807735277470188,12.156045979269159,-10.69313126836482,CLOSED,2868.0,49.48453608247423,26.10469253431702,26.23557632143189,24.53099743213419,16.791569,1.145879,430.648685,120520138752.0,2025-07-10
2026-05-15,3087.T,,8,0,60,2026-05-18 00:00:00,2845.6302756953482,2026-08-10 00:00:00,3102.341796875,9.021253511822525,18.42564023680342,-10.69313126836482,CLOSED,2868.0,49.48453608247423,26.10469253431702,26.23557632143189,24.53099743213419,16.791569,1.145879,430.648685,120520138752.0,2025-07-10
2026-05-15,7458.T,,8,0,5,2026-05-18 00:00:00,1659.9514995374177,2026-05-22 00:00:00,1704.6292724609375,2.691510742089176,4.288669140893475,-0.5619639160011736,CLOSED,1696.5,49.65357967667436,22.48069460226444,30.58632607398993,25.60517068483878,12.06872,1.4795907,431.76984,175378907136.0,2026-08-06
2026-05-15,7458.T,,8,0,10,2026-05-18 00:00:00,1659.9514995374177,2026-05-29 00:00:00,1602.9996337890625,-3.430935528190193,4.288669140893475,-3.874595226700861,CLOSED,1696.5,49.65357967667436,22.48069460226444,30.58632607398993,25.60517068483878,12.06872,1.4795907,431.76984,175378907136.0,2026-08-06
2026-05-15,7458.T,,8,0,20,2026-05-18 00:00:00,1659.9514995374177,2026-06-12 00:00:00,1662.40625,0.14788085454704447,4.288669140893475,-5.353444838544874,CLOSED,1696.5,49.65357967667436,22.48069460226444,30.58632607398993,25.60517068483878,12.06872,1.4795907,431.76984,175378907136.0,2026-08-06
2026-05-15,7458.T,,8,0,40,2026-05-18 00:00:00,1659.9514995374177,2026-07-10 00:00:00,1715.4305419921875,3.34220864104946,5.146405998967052,-5.353444838544874,CLOSED,1696.5,49.65357967667436,22.48069460226444,30.58632607398993,25.60517068483878,12.06872,1.4795907,431.76984,175378907136.0,2026-08-06
2026-05-15,7458.T,,8,0,50,2026-05-18 00:00:00,1659.9514995374177,2026-07-27 00:00:00,1788.584228515625,7.749185986099816,8.222420844164912,-5.353444838544874,CLOSED,1696.5,49.65357967667436,22.48069460226444,30.58632607398993,25.60517068483878,12.06872,1.4795907,431.76984,175378907136.0,2026-08-06
2026-05-15,7458.T,,8,0,60,2026-05-18 00:00:00,1659.9514995374177,2026-08-10 00:00:00,1783.18359375,7.423837036619663,12.511090609097186,-5.353444838544874,CLOSED,1696.5,49.65357967667436,22.48069460226444,30.58632607398993,25.60517068483878,12.06872,1.4795907,431.76984,175378907136.0,2026-08-06
2026-05-18,6201.T,,8,0,5,,,,,,,,PRICE_DOWNLOAD_FAILED,20450.0,45.45454545454545,26.190156953455418,28.01391589848059,18.56041953311607,27.430885,0.9073867,22043.91925,6144663748608.0,2026-04-28
2026-05-18,6201.T,,8,0,10,,,,,,,,PRICE_DOWNLOAD_FAILED,20450.0,45.45454545454545,26.190156953455418,28.01391589848059,18.56041953311607,27.430885,0.9073867,22043.91925,6144663748608.0,2026-04-28
2026-05-18,6201.T,,8,0,20,,,,,,,,PRICE_DOWNLOAD_FAILED,20450.0,45.45454545454545,26.190156953455418,28.01391589848059,18.56041953311607,27.430885,0.9073867,22043.91925,6144663748608.0,2026-04-28
2026-05-18,6201.T,,8,0,40,,,,,,,,PRICE_DOWNLOAD_FAILED,20450.0,45.45454545454545,26.190156953455418,28.01391589848059,18.56041953311607,27.430885,0.9073867,22043.91925,6144663748608.0,2026-04-28
2026-05-18,6201.T,,8,0,50,,,,,,,,PRICE_DOWNLOAD_FAILED,20450.0,45.45454545454545,26.190156953455418,28.01391589848059,18.56041953311607,27.430885,0.9073867,22043.91925,6144663748608.0,2026-04-28
2026-05-18,6201.T,,8,0,60,,,,,,,,PRICE_DOWNLOAD_FAILED,20450.0,45.45454545454545,26.190156953455418,28.01391589848059,18.56041953311607,27.430885,0.9073867,22043.91925,6144663748608.0,2026-04-28
2026-05-19,2229.T,,8,0,5,2026-05-20 00:00:00,3000.0,2026-05-26 00:00:00,2890.0,-3.6666666666666625,0.23333333333332984,-3.9833333333333387,CLOSED,3000.0,50.625,26.260564442124565,24.39453505164111,22.843460305238857,21.420921,1.7764398,1447.71803,364763578368.0,2026-07-30
2026-05-19,2229.T,,8,0,10,2026-05-20 00:00:00,3000.0,2026-06-02 00:00:00,2868.0,-4.400000000000004,0.23333333333332984,-5.449999999999999,CLOSED,3000.0,50.625,26.260564442124565,24.39453505164111,22.843460305238857,21.420921,1.7764398,1447.71803,364763578368.0,2026-07-30
2026-05-19,2229.T,,8,0,20,2026-05-20 00:00:00,3000.0,2026-06-16 00:00:00,2808.5,-6.383333333333329,0.23333333333332984,-7.199999999999996,CLOSED,3000.0,50.625,26.260564442124565,24.39453505164111,22.843460305238857,21.420921,1.7764398,1447.71803,364763578368.0,2026-07-30
2026-05-19,2229.T,,8,0,40,2026-05-20 00:00:00,3000.0,2026-07-14 00:00:00,2998.0,-0.06666666666667043,3.266666666666662,-8.133333333333336,CLOSED,3000.0,50.625,26.260564442124565,24.39453505164111,22.843460305238857,21.420921,1.7764398,1447.71803,364763578368.0,2026-07-30
2026-05-19,2229.T,,8,0,50,2026-05-20 00:00:00,3000.0,2026-07-29 00:00:00,3195.0,6.499999999999995,6.9666666666666766,-8.133333333333336,CLOSED,3000.0,50.625,26.260564442124565,24.39453505164111,22.843460305238857,21.420921,1.7764398,1447.71803,364763578368.0,2026-07-30
2026-05-19,2229.T,,8,0,60,2026-05-20 00:00:00,3000.0,2026-08-13 00:00:00,3041.0,1.3666666666666716,6.9666666666666766,-8.133333333333336,CLOSED,3000.0,50.625,26.260564442124565,24.39453505164111,22.843460305238857,21.420921,1.7764398,1447.71803,364763578368.0,2026-07-30
2026-05-19,3167.T,,8,0,5,2026-05-20 00:00:00,1139.8737854588228,2026-05-26 00:00:00,1101.4178466796875,-3.3737014807877164,0.9515570934256035,-4.152248201175279,CLOSED,1155.0,52.631578947368425,24.54085524511173,25.164520406360783,24.17073468844622,14.013589,1.4664135,310.93624,148875034624.0,2026-08-05
2026-05-19,3167.T,,8,0,10,2026-05-20 00:00:00,1139.8737854588228,2026-06-02 00:00:00,1060.98974609375,-6.920418766654968,0.9515570934256035,-8.217996571952524,CLOSED,1155.0,52.631578947368425,24.54085524511173,25.164520406360783,24.17073468844622,14.013589,1.4664135,310.93624,148875034624.0,2026-08-05
2026-05-19,3167.T,,8,0,20,2026-05-20 00:00:00,1139.8737854588228,2026-06-16 00:00:00,1093.5294189453125,-4.065745445216617,0.9515570934256035,-8.217996571952524,CLOSED,1155.0,52.631578947368425,24.54085524511173,25.164520406360783,24.17073468844622,14.013589,1.4664135,310.93624,148875034624.0,2026-08-05
2026-05-19,3167.T,,8,0,40,2026-05-20 00:00:00,1139.8737854588228,2026-07-14 00:00:00,1130.999267578125,-0.778552677841049,2.5086440826062706,-8.217996571952524,CLOSED,1155.0,52.631578947368425,24.54085524511173,25.164520406360783,24.17073468844622,14.013589,1.4664135,310.93624,148875034624.0,2026-08-05
2026-05-19,3167.T,,8,0,50,2026-05-20 00:00:00,1139.8737854588228,2026-07-29 00:00:00,1178.3297119140625,3.3737003996245463,4.498267851670668,-8.217996571952524,CLOSED,1155.0,52.631578947368425,24.54085524511173,25.164520406360783,24.17073468844622,14.013589,1.4664135,310.93624,148875034624.0,2026-08-05
2026-05-19,3167.T,,8,0,60,2026-05-20 00:00:00,1139.8737854588228,2026-08-13 00:00:00,1221.7159423828125,7.17993149487568,8.131479547313901,-8.217996571952524,CLOSED,1155.0,52.631578947368425,24.54085524511173,25.164520406360783,24.17073468844622,14.013589,1.4664135,310.93624,148875034624.0,2026-08-05
2026-05-19,4912.T,,8,0,5,2026-05-20 00:00:00,1611.456151948976,2026-05-26 00:00:00,1565.41455078125,-2.8571426601984085,0.12288786482335112,-3.7480798771121426,CLOSED,1627.5,54.78260869565218,22.58907808360916,31.56334933795386,23.86416887085101,16.323973,1.3932954,2209.45926,450274918400.0,2026-08-06
2026-05-19,4912.T,,8,0,10,2026-05-20 00:00:00,1611.456151948976,2026-06-02 00:00:00,1567.3948974609375,-2.734250909324998,0.8294942484070145,-3.7480798771121426,CLOSED,1627.5,54.78260869565218,22.58907808360916,31.56334933795386,23.86416887085101,16.323973,1.3932954,2209.45926,450274918400.0,2026-08-06
2026-05-19,4912.T,,8,0,20,2026-05-20 00:00:00,1611.456151948976,2026-06-16 00:00:00,1657.002685546875,2.8264209077493607,4.024582824148526,-4.0860190473483105,CLOSED,1627.5,54.78260869565218,22.58907808360916,31.56334933795386,23.86416887085101,16.323973,1.3932954,2209.45926,450274918400.0,2026-08-06
2026-05-19,4912.T,,8,0,40,2026-05-20 00:00:00,1611.456151948976,2026-07-14 00:00:00,1676.5,4.036339925995303,9.931629095675909,-4.0860190473483105,CLOSED,1627.5,54.78260869565218,22.58907808360916,31.56334933795386,23.86416887085101,16.323973,1.3932954,2209.45926,450274918400.0,2026-08-06
2026-05-19,4912.T,,8,0,50,2026-05-20 00:00:00,1611.456151948976,2026-07-29 00:00:00,1775.0,10.148823959822039,10.707325039054938,-4.0860190473483105,CLOSED,1627.5,54.78260869565218,22.58907808360916,31.56334933795386,23.86416887085101,16.323973,1.3932954,2209.45926,450274918400.0,2026-08-06
2026-05-19,4912.T,,8,0,60,2026-05-20 00:00:00,1611.456151948976,2026-08-13 00:00:00,1889.5,17.25419880117396,19.271008253959423,-4.0860190473483105,CLOSED,1627.5,54.78260869565218,22.58907808360916,31.56334933795386,23.86416887085101,16.323973,1.3932954,2209.45926,450274918400.0,2026-08-06
2026-05-20,1377.T,,8,0,5,2026-05-21 00:00:00,4125.356679781287,2026-05-27 00:00:00,4155.0,0.7185638120455584,1.9161652549563701,-0.7185591441519312,CLOSED,4175.0,53.424657534246585,22.68870473613293,26.22933256450364,23.302189721673354,15.617986,1.0194384,619.75325,176434233344.0,2026-04-07
2026-05-20,1377.T,,8,0,10,2026-05-21 00:00:00,4125.356679781287,2026-06-03 00:00:00,4185.0,1.4457736590639536,3.8698064824585376,-1.8266706525187693,CLOSED,4175.0,53.424657534246585,22.68870473613293,26.22933256450364,23.302189721673354,15.617986,1.0194384,619.75325,176434233344.0,2026-04-07
2026-05-20,1377.T,,8,0,20,2026-05-21 00:00:00,4125.356679781287,2026-06-17 00:00:00,4150.0,0.5973621708758259,3.8698064824585376,-1.8266706525187693,CLOSED,4175.0,53.424657534246585,22.68870473613293,26.22933256450364,23.302189721673354,15.617986,1.0194384,619.75325,176434233344.0,2026-04-07
2026-05-20,1377.T,,8,0,40,2026-05-21 00:00:00,4125.356679781287,2026-07-15 00:00:00,4375.0,6.051436023513679,14.293147623055313,-1.8266706525187693,CLOSED,4175.0,53.424657534246585,22.68870473613293,26.22933256450364,23.302189721673354,15.617986,1.0194384,619.75325,176434233344.0,2026-04-07
2026-05-20,1377.T,,8,0,50,2026-05-21 00:00:00,4125.356679781287,2026-07-30 00:00:00,4435.0,7.505855717550447,14.293147623055313,-1.8266706525187693,CLOSED,4175.0,53.424657534246585,22.68870473613293,26.22933256450364,23.302189721673354,15.617986,1.0194384,619.75325,176434233344.0,2026-04-07
2026-05-20,1377.T,,8,0,60,2026-05-21 00:00:00,4125.356679781287,2026-08-14 00:00:00,4365.0,5.809032741174214,14.293147623055313,-1.8266706525187693,CLOSED,4175.0,53.424657534246585,22.68870473613293,26.22933256450364,23.302189721673354,15.617986,1.0194384,619.75325,176434233344.0,2026-04-07
2026-05-25,7453.T,,8,0,5,2026-05-26 00:00:00,3645.37578166768,2026-06-01 00:00:00,3662.3125,0.46460829683165894,7.297076430589611,-2.54167805411315,CLOSED,3660.0,52.21421215242018,20.358572773505347,24.93927293201249,24.480427497947,32.544907,5.3161125,13205.62793,1942831497216.0,2026-07-10
2026-05-25,7453.T,,8,0,10,2026-05-26 00:00:00,3645.37578166768,2026-06-08 00:00:00,3541.762939453125,-2.842308953047201,7.297076430589611,-4.318122455539408,CLOSED,3660.0,52.21421215242018,20.358572773505347,24.93927293201249,24.480427497947,32.544907,5.3161125,13205.62793,1942831497216.0,2026-07-10
2026-05-25,7453.T,,8,0,20,2026-05-26 00:00:00,3645.37578166768,2026-06-22 00:00:00,3486.9677734375,-4.345450722167021,7.297076430589611,-5.657284578622901,CLOSED,3660.0,52.21421215242018,20.358572773505347,24.93927293201249,24.480427497947,32.544907,5.3161125,13205.62793,1942831497216.0,2026-07-10
2026-05-25,7453.T,,8,0,40,2026-05-26 00:00:00,3645.37578166768,2026-07-21 00:00:00,4228.197265625,15.98796719088018,25.416776594002876,-7.679697309695133,CLOSED,3660.0,52.21421215242018,20.358572773505347,24.93927293201249,24.480427497947,32.544907,5.3161125,13205.62793,1942831497216.0,2026-07-10
2026-05-25,7453.T,,8,0,50,2026-05-26 00:00:00,3645.37578166768,2026-08-04 00:00:00,4196.31640625,15.11341100560768,25.416776594002876,-7.679697309695133,CLOSED,3660.0,52.21421215242018,20.358572773505347,24.93927293201249,24.480427497947,32.544907,5.3161125,13205.62793,1942831497216.0,2026-07-10
2026-05-25,7453.T,,8,0,60,2026-05-26 00:00:00,3645.37578166768,2026-08-19 00:00:00,4225.20849609375,15.905979222828147,26.40064869319736,-7.679697309695133,CLOSED,3660.0,52.21421215242018,20.358572773505347,24.93927293201249,24.480427497947,32.544907,5.3161125,13205.62793,1942831497216.0,2026-07-10
2026-05-29,4044.T,,8,0,5,2026-06-01 00:00:00,4029.556762093981,2026-06-05 00:00:00,3877.405517578125,-3.7758804131298507,0.0,-5.481117671560288,CLOSED,4105.0,42.85714285714285,21.976890628155918,26.790128817844128,26.153476128947844,12.172701,0.8232476,337.496425,101774376960.0,2026-08-06
2026-05-29,4044.T,,8,0,10,2026-06-01 00:00:00,4029.556762093981,2026-06-12 00:00:00,3990.2919921875,-0.9744190794343521,0.4872131112750866,-5.724724987474428,CLOSED,4105.0,42.85714285714285,21.976890628155918,26.790128817844128,26.153476128947844,12.172701,0.8232476,337.496425,101774376960.0,2026-08-06
2026-05-29,4044.T,,8,0,20,2026-06-01 00:00:00,4029.556762093981,2026-06-26 00:00:00,4314.22705078125,7.064555867909861,10.109626274651951,-5.724724987474428,CLOSED,4105.0,42.85714285714285,21.976890628155918,26.790128817844128,26.153476128947844,12.172701,0.8232476,337.496425,101774376960.0,2026-08-06
2026-05-29,4044.T,,8,0,40,2026-06-01 00:00:00,4029.556762093981,2026-07-27 00:00:00,4117.90283203125,2.192451308003407,10.962243368925439,-5.724724987474428,CLOSED,4105.0,42.85714285714285,21.976890628155918,26.790128817844128,26.153476128947844,12.172701,0.8232476,337.496425,101774376960.0,2026-08-06
2026-05-29,4044.T,,8,0,50,2026-06-01 00:00:00,4029.556762093981,2026-08-10 00:00:00,4535.091796875,12.545673497804621,16.686964513957612,-5.724724987474428,CLOSED,4105.0,42.85714285714285,21.976890628155918,26.790128817844128,26.153476128947844,12.172701,0.8232476,337.496425,101774376960.0,2026-08-06
2026-05-29,4044.T,,8,0,60,2026-06-01 00:00:00,4029.556762093981,2026-08-25 00:00:00,4412.38916015625,9.500608147863087,16.686964513957612,-5.724724987474428,CLOSED,4105.0,42.85714285714285,21.976890628155918,26.790128817844128,26.153476128947844,12.172701,0.8232476,337.496425,101774376960.0,2026-08-06
2026-05-29,9715.T,,8,0,5,2026-06-01 00:00:00,3860.0,2026-06-05 00:00:00,3820.0,-1.0362694300518172,0.90673575129534,-1.6839378238341918,CLOSED,3890.0,52.631578947368425,25.074947591061328,25.07147011027573,22.80115836800856,11.893115,1.1363686,367.6387,145769103360.0,2026-07-30
2026-05-29,9715.T,,8,0,10,2026-06-01 00:00:00,3860.0,2026-06-12 00:00:00,3780.0,-2.072538860103623,0.90673575129534,-3.626943005181349,CLOSED,3890.0,52.631578947368425,25.074947591061328,25.07147011027573,22.80115836800856,11.893115,1.1363686,367.6387,145769103360.0,2026-07-30
2026-05-29,9715.T,,8,0,20,2026-06-01 00:00:00,3860.0,2026-06-26 00:00:00,3600.0,-6.735751295336789,0.90673575129534,-7.642487046632129,CLOSED,3890.0,52.631578947368425,25.074947591061328,25.07147011027573,22.80115836800856,11.893115,1.1363686,367.6387,145769103360.0,2026-07-30
2026-05-29,9715.T,,8,0,40,2026-06-01 00:00:00,3860.0,2026-07-27 00:00:00,3745.0,-2.979274611398963,0.90673575129534,-9.32642487046632,CLOSED,3890.0,52.631578947368425,25.074947591061328,25.07147011027573,22.80115836800856,11.893115,1.1363686,367.6387,145769103360.0,2026-07-30
2026-05-29,9715.T,,8,0,50,2026-06-01 00:00:00,3860.0,2026-08-10 00:00:00,3610.0,-6.476683937823835,2.849740932642497,-9.32642487046632,CLOSED,3890.0,52.631578947368425,25.074947591061328,25.07147011027573,22.80115836800856,11.893115,1.1363686,367.6387,145769103360.0,2026-07-30
2026-05-29,9715.T,,8,0,60,2026-06-01 00:00:00,3860.0,2026-08-25 00:00:00,3735.0,-3.2383419689119175,2.849740932642497,-9.32642487046632,CLOSED,3890.0,52.631578947368425,25.074947591061328,25.07147011027573,22.80115836800856,11.893115,1.1363686,367.6387,145769103360.0,2026-07-30
2026-06-04,5019.T,,8,0,5,2026-06-05 00:00:00,1391.8165932889437,2026-06-11 00:00:00,1329.4964599609375,-4.477611032121709,0.4264392324093702,-6.147838594771038,CLOSED,1397.0,45.78804347826087,21.00754239297989,25.798601573187312,22.971389800170805,9.955106,0.8872884,7550.8215625,1692755165184.0,2026-08-07
2026-06-04,5019.T,,8,0,10,2026-06-05 00:00:00,1391.8165932889437,2026-06-18 00:00:00,1232.553955078125,-11.442789156182698,0.4264392324093702,-11.620472163493723,CLOSED,1397.0,45.78804347826087,21.00754239297989,25.798601573187312,22.971389800170805,9.955106,0.8872884,7550.8215625,1692755165184.0,2026-08-07
2026-06-04,5019.T,,8,0,20,2026-06-05 00:00:00,1391.8165932889437,2026-07-02 00:00:00,1190.0179443359375,-14.498939725682124,0.4264392324093702,-16.453449718273315,CLOSED,1397.0,45.78804347826087,21.00754239297989,25.798601573187312,22.971389800170805,9.955106,0.8872884,7550.8215625,1692755165184.0,2026-08-07
2026-06-04,5019.T,,8,0,40,2026-06-05 00:00:00,1391.8165932889437,2026-07-31 00:00:00,1296.8525390625,-6.823029318973573,0.4264392324093702,-16.453449718273315,CLOSED,1397.0,45.78804347826087,21.00754239297989,25.798601573187312,22.971389800170805,9.955106,0.8872884,7550.8215625,1692755165184.0,2026-08-07
2026-06-04,5019.T,,8,0,50,2026-06-05 00:00:00,1391.8165932889437,2026-08-17 00:00:00,1315.6474609375,-5.4726414901730465,0.4264392324093702,-16.453449718273315,CLOSED,1397.0,45.78804347826087,21.00754239297989,25.798601573187312,22.971389800170805,9.955106,0.8872884,7550.8215625,1692755165184.0,2026-08-07
2026-06-04,5019.T,,8,0,60,2026-06-05 00:00:00,1391.8165932889437,2026-08-31 00:00:00,1404.67626953125,0.9239490536549821,0.9239490536549821,-16.453449718273315,CLOSED,1397.0,45.78804347826087,21.00754239297989,25.798601573187312,22.971389800170805,9.955106,0.8872884,7550.8215625,1692755165184.0,2026-08-07
2026-06-04,8194.T,,8,0,5,2026-06-05 00:00:00,2483.421451822917,2026-06-11 00:00:00,2677.87060546875,7.829889425457792,10.214627120086428,0.0,CLOSED,2515.0,47.477064220183486,26.639364324407023,26.384199761692145,24.39941105953075,11.56056,1.3990076,518.65358,217591889920.0,2025-07-07
2026-06-04,8194.T,,8,0,10,2026-06-05 00:00:00,2483.421451822917,2026-06-18 00:00:00,2482.434326171875,-0.03974861577833444,10.214627120086428,-1.3116086731521315,CLOSED,2515.0,47.477064220183486,26.639364324407023,26.384199761692145,24.39941105953075,11.56056,1.3990076,518.65358,217591889920.0,2025-07-07
2026-06-04,8194.T,,8,0,20,2026-06-05 00:00:00,2483.421451822917,2026-07-02 00:00:00,2518.955322265625,1.4308433398054543,10.214627120086428,-2.305245139227563,CLOSED,2515.0,47.477064220183486,26.639364324407023,26.384199761692145,24.39941105953075,11.56056,1.3990076,518.65358,217591889920.0,2025-07-07
2026-06-04,8194.T,,8,0,40,2026-06-05 00:00:00,2483.421451822917,2026-07-31 00:00:00,2550.540771484375,2.702695493436691,10.214627120086428,-4.173296991586007,CLOSED,2515.0,47.477064220183486,26.639364324407023,26.384199761692145,24.39941105953075,11.56056,1.3990076,518.65358,217591889920.0,2025-07-07
2026-06-04,8194.T,,8,0,50,2026-06-05 00:00:00,2483.421451822917,2026-08-17 00:00:00,2551.52783203125,2.7424414876637604,10.214627120086428,-4.173296991586007,CLOSED,2515.0,47.477064220183486,26.639364324407023,26.384199761692145,24.39941105953075,11.56056,1.3990076,518.65358,217591889920.0,2025-07-07
2026-06-04,8194.T,,8,0,60,2026-06-05 00:00:00,2483.421451822917,2026-08-31 00:00:00,2703.0,8.841775447172084,10.214627120086428,-4.173296991586007,CLOSED,2515.0,47.477064220183486,26.639364324407023,26.384199761692145,24.39941105953075,11.56056,1.3990076,518.65358,217591889920.0,2025-07-07
2026-06-05,9101.T,,8,0,5,2026-06-08 00:00:00,5476.508717454835,2026-06-12 00:00:00,5537.48974609375,1.113501900299263,5.1724093071845,-0.8620703562197352,CLOSED,5609.0,52.76273022751896,21.45095077268045,28.514894618591907,19.453802412237437,11.1146345,0.74036753,17702.029775,2263548428288.0,2026-08-05
2026-06-05,9101.T,,8,0,10,2026-06-08 00:00:00,5476.508717454835,2026-06-19 00:00:00,5067.34423828125,-7.471265002637328,5.1724093071845,-7.6149431625711195,CLOSED,5609.0,52.76273022751896,21.45095077268045,28.514894618591907,19.453802412237437,11.1146345,0.74036753,17702.029775,2263548428288.0,2026-08-05
2026-06-05,9101.T,,8,0,20,2026-06-08 00:00:00,5476.508717454835,2026-07-03 00:00:00,5125.375,-6.41163441109287,5.1724093071845,-9.087643791457378,CLOSED,5609.0,52.76273022751896,21.45095077268045,28.514894618591907,19.453802412237437,11.1146345,0.74036753,17702.029775,2263548428288.0,2026-08-05
2026-06-05,9101.T,,8,0,40,2026-06-08 00:00:00,5476.508717454835,2026-08-03 00:00:00,5942.72021484375,8.512932626273306,10.775858864791443,-9.087643791457378,CLOSED,5609.0,52.76273022751896,21.45095077268045,28.514894618591907,19.453802412237437,11.1146345,0.74036753,17702.029775,2263548428288.0,2026-08-05
2026-06-05,9101.T,,8,0,50,2026-06-08 00:00:00,5476.508717454835,2026-08-18 00:00:00,6672.52783203125,21.839079900748427,22.072556911171446,-9.087643791457378,CLOSED,5609.0,52.76273022751896,21.45095077268045,28.514894618591907,19.453802412237437,11.1146345,0.74036753,17702.029775,2263548428288.0,2026-08-05
2026-06-05,9101.T,,8,0,60,2026-06-08 00:00:00,5476.508717454835,2026-09-01 00:00:00,6975.466796875,27.370687362236023,32.992094827270016,-9.087643791457378,CLOSED,5609.0,52.76273022751896,21.45095077268045,28.514894618591907,19.453802412237437,11.1146345,0.74036753,17702.029775,2263548428288.0,2026-08-05
2026-06-05,9104.T,,8,0,5,2026-06-08 00:00:00,5702.775429572352,2026-06-12 00:00:00,5684.04248046875,-0.3284882832043534,4.218537061143723,-2.956433909790368,CLOSED,5801.0,47.61904761904762,27.346813755486536,21.394018133906155,18.490057785504234,9.376111,0.6934665,15955.633805,1992475279360.0,2026-08-07
2026-06-05,9104.T,,8,0,10,2026-06-08 00:00:00,5702.775429572352,2026-06-19 00:00:00,5190.07763671875,-8.990320576099709,4.218537061143723,-9.526281834105198,CLOSED,5801.0,47.61904761904762,27.346813755486536,21.394018133906155,18.490057785504234,9.376111,0.6934665,15955.633805,1992475279360.0,2026-08-07
2026-06-05,9104.T,,8,0,20,2026-06-08 00:00:00,5702.775429572352,2026-07-03 00:00:00,5120.07470703125,-10.217844446748591,4.218537061143723,-13.381745895156971,CLOSED,5801.0,47.61904761904762,27.346813755486536,21.394018133906155,18.490057785504234,9.376111,0.6934665,15955.633805,1992475279360.0,2026-08-07
2026-06-05,9104.T,,8,0,40,2026-06-08 00:00:00,5702.775429572352,2026-08-03 00:00:00,5719.53662109375,0.29391288028775,4.218537061143723,-13.381745895156971,CLOSED,5801.0,47.61904761904762,27.346813755486536,21.394018133906155,18.490057785504234,9.376111,0.6934665,15955.633805,1992475279360.0,2026-08-07
2026-06-05,9104.T,,8,0,50,2026-06-08 00:00:00,5702.775429572352,2026-08-18 00:00:00,6784.3701171875,18.966110466255138,20.159056494764304,-13.381745895156971,CLOSED,5801.0,47.61904761904762,27.346813755486536,21.394018133906155,18.490057785504234,9.376111,0.6934665,15955.633805,1992475279360.0,2026-08-07
2026-06-05,9104.T,,8,0,60,2026-06-08 00:00:00,5702.775429572352,2026-09-01 00:00:00,6948.0390625,21.836098024660068,29.823649135733497,-13.381745895156971,CLOSED,5801.0,47.61904761904762,27.346813755486536,21.394018133906155,18.490057785504234,9.376111,0.6934665,15955.633805,1992475279360.0,2026-08-07
2026-06-10,7181.T,,8,0,5,2026-06-11 00:00:00,1548.6104430158287,2026-06-17 00:00:00,1495.3460693359375,-3.4394946721502118,1.6560465061004281,-3.4394946721502118,CLOSED,1568.0,53.09734513274336,20.042771901979325,37.83949831414687,24.93755063222548,10.274556,0.40906507,4768.4002075,1699104292864.0,2026-08-07
2026-06-10,7181.T,,8,0,10,2026-06-11 00:00:00,1548.6104430158287,2026-06-24 00:00:00,1466.7412109375,-5.28662533870643,1.6560465061004281,-5.796179472728181,CLOSED,1568.0,53.09734513274336,20.042771901979325,37.83949831414687,24.93755063222548,10.274556,0.40906507,4768.4002075,1699104292864.0,2026-08-07
2026-06-10,7181.T,,8,0,20,2026-06-11 00:00:00,1548.6104430158287,2026-07-08 00:00:00,1623.574951171875,4.840759565721209,7.324833959356902,-6.59235600373822,CLOSED,1568.0,53.09734513274336,20.042771901979325,37.83949831414687,24.93755063222548,10.274556,0.40906507,4768.4002075,1699104292864.0,2026-08-07
2026-06-10,7181.T,,8,0,40,2026-06-11 00:00:00,1548.6104430158287,2026-08-06 00:00:00,1726.6512451171875,11.49681011802004,14.490443230279082,-6.59235600373822,CLOSED,1568.0,53.09734513274336,20.042771901979325,37.83949831414687,24.93755063222548,10.274556,0.40906507,4768.4002075,1699104292864.0,2026-08-07
2026-06-10,7181.T,,8,0,50,2026-06-11 00:00:00,1548.6104430158287,2026-08-21 00:00:00,1629.0,5.191076771225789,14.490443230279082,-6.59235600373822,CLOSED,1568.0,53.09734513274336,20.042771901979325,37.83949831414687,24.93755063222548,10.274556,0.40906507,4768.4002075,1699104292864.0,2026-08-07
2026-06-10,7181.T,,8,0,60,2026-06-11 00:00:00,1548.6104430158287,2026-09-04 00:00:00,1711.8555908203125,10.541395257969043,14.490443230279082,-6.59235600373822,CLOSED,1568.0,53.09734513274336,20.042771901979325,37.83949831414687,24.93755063222548,10.274556,0.40906507,4768.4002075,1699104292864.0,2026-08-07
2026-06-10,9956.T,,8,0,5,2026-06-11 00:00:00,1784.5631376437057,2026-06-17 00:00:00,1755.26806640625,-1.6415822236548139,1.91518676702489,-4.514362855013498,CLOSED,3610.0,50.318471337579616,25.02947480961712,27.036787894701213,24.49057191855016,11.537232,1.0264819,455.06965,190151753728.0,2026-08-07
2026-06-10,9956.T,,8,0,10,2026-06-11 00:00:00,1784.5631376437057,2026-06-24 00:00:00,1816.299560546875,1.7783861065892692,1.91518676702489,-4.514362855013498,CLOSED,3610.0,50.318471337579616,25.02947480961712,27.036787894701213,24.49057191855016,11.537232,1.0264819,455.06965,190151753728.0,2026-08-07
2026-06-10,9956.T,,8,0,20,2026-06-11 00:00:00,1784.5631376437057,2026-07-08 00:00:00,1586.8209228515625,-11.080707127753254,8.207935494145001,-11.080710598974164,CLOSED,3610.0,50.318471337579616,25.02947480961712,27.036787894701213,24.49057191855016,11.537232,1.0264819,455.06965,190151753728.0,2026-08-07
2026-06-10,9956.T,,8,0,40,2026-06-11 00:00:00,1784.5631376437057,2026-08-06 00:00:00,1547.7606201171875,-13.269495067525972,8.207935494145001,-14.77428300799476,CLOSED,3610.0,50.318471337579616,25.02947480961712,27.036787894701213,24.49057191855016,11.537232,1.0264819,455.06965,190151753728.0,2026-08-07
2026-06-10,9956.T,,8,0,50,2026-06-11 00:00:00,1784.5631376437057,2026-08-21 00:00:00,1586.8209228515625,-11.080707127753254,8.207935494145001,-14.77428300799476,CLOSED,3610.0,50.318471337579616,25.02947480961712,27.036787894701213,24.49057191855016,11.537232,1.0264819,455.06965,190151753728.0,2026-08-07
2026-06-10,9956.T,,8,0,60,2026-06-11 00:00:00,1784.5631376437057,2026-09-04 00:00:00,1591.703369140625,-10.807113765541976,8.207935494145001,-14.77428300799476,CLOSED,3610.0,50.318471337579616,25.02947480961712,27.036787894701213,24.49057191855016,11.537232,1.0264819,455.06965,190151753728.0,2026-08-07
2026-06-11,2501.T,,8,0,5,2026-06-12 00:00:00,1676.6107893671106,2026-06-18 00:00:00,1755.3411865234375,4.695806424223603,4.695806424223603,-2.9238042207004766,CLOSED,1693.0,50.45992115637319,20.381547998187344,27.19629483167448,21.85307140460802,43.792034,3.070873,2195.2607375,660001783808.0,2026-08-06
2026-06-11,2501.T,,8,0,10,2026-06-12 00:00:00,1676.6107893671106,2026-06-25 00:00:00,2018.76611328125,20.40755827673617,20.496158393201757,-2.9238042207004766,CLOSED,1693.0,50.45992115637319,20.381547998187344,27.19629483167448,21.85307140460802,43.792034,3.070873,2195.2607375,660001783808.0,2026-08-06
2026-06-11,2501.T,,8,0,20,2026-06-12 00:00:00,1676.6107893671106,2026-07-09 00:00:00,2070.0,23.463359124712934,25.998234855534342,-2.9238042207004766,CLOSED,1693.0,50.45992115637319,20.381547998187344,27.19629483167448,21.85307140460802,43.792034,3.070873,2195.2607375,660001783808.0,2026-08-06
2026-06-11,2501.T,,8,0,40,2026-06-12 00:00:00,1676.6107893671106,2026-08-07 00:00:00,1960.0,16.90250429199871,31.127630452019982,-2.9238042207004766,CLOSED,1693.0,50.45992115637319,20.381547998187344,27.19629483167448,21.85307140460802,43.792034,3.070873,2195.2607375,660001783808.0,2026-08-06
2026-06-11,2501.T,,8,0,50,2026-06-12 00:00:00,1676.6107893671106,2026-08-24 00:00:00,1917.0,14.337806493755888,31.127630452019982,-2.9238042207004766,CLOSED,1693.0,50.45992115637319,20.381547998187344,27.19629483167448,21.85307140460802,43.792034,3.070873,2195.2607375,660001783808.0,2026-08-06
2026-06-11,2501.T,,8,0,60,2026-06-12 00:00:00,1676.6107893671106,2026-09-07 00:00:00,1851.0,10.40129359412736,31.127630452019982,-2.9238042207004766,CLOSED,1693.0,50.45992115637319,20.381547998187344,27.19629483167448,21.85307140460802,43.792034,3.070873,2195.2607375,660001783808.0,2026-08-06
2026-06-18,1815.T,,8,0,5,2026-06-19 00:00:00,2312.5,2026-06-25 00:00:00,2172.5,-6.054054054054059,1.6216216216216273,-6.054054054054059,CLOSED,4615.0,50.97276264591439,22.412356050679318,26.80142178370598,21.3033202581796,18.999588,0.8198353,342.730475,64291229696.0,2025-08-07
2026-06-18,1815.T,,8,0,10,2026-06-19 00:00:00,2312.5,2026-07-02 00:00:00,2202.5,-4.756756756756753,1.6216216216216273,-6.594594594594594,CLOSED,4615.0,50.97276264591439,22.412356050679318,26.80142178370598,21.3033202581796,18.999588,0.8198353,342.730475,64291229696.0,2025-08-07
2026-06-18,1815.T,,8,0,20,2026-06-19 00:00:00,2312.5,2026-07-16 00:00:00,2290.0,-0.9729729729729741,4.0000000000000036,-6.594594594594594,CLOSED,4615.0,50.97276264591439,22.412356050679318,26.80142178370598,21.3033202581796,18.999588,0.8198353,342.730475,64291229696.0,2025-08-07
2026-06-18,1815.T,,8,0,40,2026-06-19 00:00:00,2312.5,2026-08-17 00:00:00,2227.5,-3.6756756756756714,4.0000000000000036,-9.405405405405409,CLOSED,4615.0,50.97276264591439,22.412356050679318,26.80142178370598,21.3033202581796,18.999588,0.8198353,342.730475,64291229696.0,2025-08-07
2026-06-18,1815.T,,8,0,50,2026-06-19 00:00:00,2312.5,2026-08-31 00:00:00,2275.0,-1.6216216216216162,4.0000000000000036,-9.405405405405409,CLOSED,4615.0,50.97276264591439,22.412356050679318,26.80142178370598,21.3033202581796,18.999588,0.8198353,342.730475,64291229696.0,2025-08-07
2026-06-18,1815.T,,8,0,60,2026-06-19 00:00:00,2312.5,2026-09-14 00:00:00,2227.5,-3.6756756756756714,4.0000000000000036,-9.405405405405409,CLOSED,4615.0,50.97276264591439,22.412356050679318,26.80142178370598,21.3033202581796,18.999588,0.8198353,342.730475,64291229696.0,2025-08-07
2026-06-18,2986.T,,8,0,5,2026-06-19 00:00:00,2865.8662623678224,2026-06-25 00:00:00,2794.05615234375,-2.5057034575207915,1.9362112343573878,-4.1002308115857815,CLOSED,8780.0,43.87351778656127,23.528705985594456,24.843241122926884,21.168298652090883,10.155572,2.2921803,716.1621,67091693568.0,2025-08-07
2026-06-18,2986.T,,8,0,10,2026-06-19 00:00:00,2865.8662623678224,2026-07-02 00:00:00,2767.0,-3.4497863234601023,1.9362112343573878,-6.206369944871981,CLOSED,8780.0,43.87351778656127,23.528705985594456,24.843241122926884,21.168298652090883,10.155572,2.2921803,716.1621,67091693568.0,2025-08-07
2026-06-18,2986.T,,8,0,20,2026-06-19 00:00:00,2865.8662623678224,2026-07-16 00:00:00,2778.0,-3.0659582242761774,4.854858004337692,-6.206369944871981,CLOSED,8780.0,43.87351778656127,23.528705985594456,24.843241122926884,21.168298652090883,10.155572,2.2921803,716.1621,67091693568.0,2025-08-07
2026-06-18,2986.T,,8,0,40,2026-06-19 00:00:00,2865.8662623678224,2026-08-17 00:00:00,2832.0,-1.1817111919186885,4.854858004337692,-8.509338539975564,CLOSED,8780.0,43.87351778656127,23.528705985594456,24.843241122926884,21.168298652090883,10.155572,2.2921803,716.1621,67091693568.0,2025-08-07
2026-06-18,2986.T,,8,0,50,2026-06-19 00:00:00,2865.8662623678224,2026-08-31 00:00:00,2855.0,-0.3791615299886475,4.854858004337692,-8.509338539975564,CLOSED,8780.0,43.87351778656127,23.528705985594456,24.843241122926884,21.168298652090883,10.155572,2.2921803,716.1621,67091693568.0,2025-08-07
2026-06-18,2986.T,,8,0,60,2026-06-19 00:00:00,2865.8662623678224,2026-09-14 00:00:00,2828.0,-1.3212850461673975,4.854858004337692,-8.509338539975564,CLOSED,8780.0,43.87351778656127,23.528705985594456,24.843241122926884,21.168298652090883,10.155572,2.2921803,716.1621,67091693568.0,2025-08-07
2026-06-18,5214.T,,8,0,5,2026-06-19 00:00:00,6732.7094424562365,2026-06-25 00:00:00,6614.193359375,-1.760302952239079,2.8898348990466616,-5.266246918019279,CLOSED,6765.0,53.41943058409158,20.72495092083724,25.878746002946684,22.7475749805975,17.683039,1.0129079,5414.61219,498470584320.0,2026-07-29
2026-06-18,5214.T,,8,0,10,2026-06-19 00:00:00,6732.7094424562365,2026-07-02 00:00:00,6284.0,-6.6646191446595004,2.8898348990466616,-7.1993221540153645,CLOSED,6765.0,53.41943058409158,20.72495092083724,25.878746002946684,22.7475749805975,17.683039,1.0129079,5414.61219,498470584320.0,2026-07-29
2026-06-18,5214.T,,8,0,20,2026-06-19 00:00:00,6732.7094424562365,2026-07-16 00:00:00,5764.0,-14.38810705757756,2.8898348990466616,-15.308984462579323,CLOSED,6765.0,53.41943058409158,20.72495092083724,25.878746002946684,22.7475749805975,17.683039,1.0129079,5414.61219,498470584320.0,2026-07-29
2026-06-18,5214.T,,8,0,40,2026-06-19 00:00:00,6732.7094424562365,2026-08-17 00:00:00,5194.0,-22.854238039045427,2.8898348990466616,-35.791080293183164,CLOSED,6765.0,53.41943058409158,20.72495092083724,25.878746002946684,22.7475749805975,17.683039,1.0129079,5414.61219,498470584320.0,2026-07-29
2026-06-18,5214.T,,8,0,50,2026-06-19 00:00:00,6732.7094424562365,2026-08-31 00:00:00,4850.0,-27.96362235066814,2.8898348990466616,-35.791080293183164,CLOSED,6765.0,53.41943058409158,20.72495092083724,25.878746002946684,22.7475749805975,17.683039,1.0129079,5414.61219,498470584320.0,2026-07-29
2026-06-18,5214.T,,8,0,60,2026-06-19 00:00:00,6732.7094424562365,2026-09-14 00:00:00,4772.0,-29.12214553760585,2.8898348990466616,-35.791080293183164,CLOSED,6765.0,53.41943058409158,20.72495092083724,25.878746002946684,22.7475749805975,17.683039,1.0129079,5414.61219,498470584320.0,2026-07-29
2026-06-24,9793.T,,8,0,5,2026-06-25 00:00:00,3921.114478597836,2026-07-01 00:00:00,3931.00390625,0.2522096130103346,0.6305198379650934,-2.143755701754202,CLOSED,3940.0,53.90625,25.82165482041175,22.98670505585442,20.33232354843252,20.398655,2.2790995,520.77995,186304970752.0,2026-07-02
2026-06-24,9793.T,,8,0,10,2026-06-25 00:00:00,3921.114478597836,2026-07-08 00:00:00,3856.833984375,-1.6393424515833588,2.9003776830748063,-7.1878930989559,CLOSED,3940.0,53.90625,25.82165482041175,22.98670505585442,20.33232354843252,20.398655,2.2790995,520.77995,186304970752.0,2026-07-02
2026-06-24,9793.T,,8,0,20,2026-06-25 00:00:00,3921.114478597836,2026-07-23 00:00:00,3752.99609375,-4.287515342014547,2.9003776830748063,-7.1878930989559,CLOSED,3940.0,53.90625,25.82165482041175,22.98670505585442,20.33232354843252,20.398655,2.2790995,520.77995,186304970752.0,2026-07-02
2026-06-24,9793.T,,8,0,40,2026-06-25 00:00:00,3921.114478597836,2026-08-21 00:00:00,3762.885498046875,-4.035306324633048,2.9003776830748063,-7.1878930989559,CLOSED,3940.0,53.90625,25.82165482041175,22.98670505585442,20.33232354843252,20.398655,2.2790995,520.77995,186304970752.0,2026-07-02
2026-06-24,9793.T,,8,0,50,2026-06-25 00:00:00,3921.114478597836,2026-09-04 00:00:00,3710.0,-5.384042719235504,2.9003776830748063,-7.1878930989559,CLOSED,3940.0,53.90625,25.82165482041175,22.98670505585442,20.33232354843252,20.398655,2.2790995,520.77995,186304970752.0,2026-07-02
2026-06-24,9793.T,,8,0,60,2026-06-25 00:00:00,3921.114478597836,2026-09-18 00:00:00,3715.0,-5.256527952010748,2.9003776830748063,-8.316882365404755,CLOSED,3940.0,53.90625,25.82165482041175,22.98670505585442,20.33232354843252,20.398655,2.2790995,520.77995,186304970752.0,2026-07-02
2026-06-25,4676.T,,8,0,5,2026-06-26 00:00:00,3878.9296875,2026-07-02 00:00:00,3898.44140625,0.5030181086519203,2.515090543259557,-4.275653923541245,CLOSED,3989.0,38.90865954922894,20.156596841890668,26.852123753018585,19.82806243259193,121.87595,1.0393263,3041.74758,568216387584.0,2026-07-30
2026-06-25,4676.T,,8,0,10,2026-06-26 00:00:00,3878.9296875,2026-07-09 00:00:00,3975.5126953125,2.4899396378269545,4.879275653923543,-4.275653923541245,CLOSED,3989.0,38.90865954922894,20.156596841890668,26.852123753018585,19.82806243259193,121.87595,1.0393263,3041.74758,568216387584.0,2026-07-30
2026-06-25,4676.T,,8,0,20,2026-06-26 00:00:00,3878.9296875,2026-07-24 00:00:00,3956.0009765625,1.9869215291750564,7.8722334004024175,-4.275653923541245,CLOSED,3989.0,38.90865954922894,20.156596841890668,26.852123753018585,19.82806243259193,121.87595,1.0393263,3041.74758,568216387584.0,2026-07-30
2026-06-25,4676.T,,8,0,40,2026-06-26 00:00:00,3878.9296875,2026-08-24 00:00:00,4073.0712890625,5.005030181086512,7.8722334004024175,-4.275653923541245,CLOSED,3989.0,38.90865954922894,20.156596841890668,26.852123753018585,19.82806243259193,121.87595,1.0393263,3041.74758,568216387584.0,2026-07-30
2026-06-25,4676.T,,8,0,50,2026-06-26 00:00:00,3878.9296875,2026-09-07 00:00:00,3992.09765625,2.917505030181089,7.8722334004024175,-4.275653923541245,CLOSED,3989.0,38.90865954922894,20.156596841890668,26.852123753018585,19.82806243259193,121.87595,1.0393263,3041.74758,568216387584.0,2026-07-30
2026-06-25,4676.T,,8,0,60,2026-06-26 00:00:00,3878.9296875,2026-09-24 00:00:00,3976.48828125,2.515090543259557,7.8722334004024175,-4.275653923541245,CLOSED,3989.0,38.90865954922894,20.156596841890668,26.852123753018585,19.82806243259193,121.87595,1.0393263,3041.74758,568216387584.0,2026-07-30
2026-07-02,2432.T,,8,0,5,2026-07-03 00:00:00,2675.5,2026-07-09 00:00:00,2550.5,-4.672023920762469,0.8970285927863975,-5.512988226499715,CLOSED,2664.5,49.662921348314605,23.761346520109942,30.969220012753297,24.027684121522945,15.594639,1.2300285,3856.6270175,260277731328.0,2026-08-06
2026-07-02,2432.T,,8,0,10,2026-07-03 00:00:00,2675.5,2026-07-16 00:00:00,2410.0,-9.923378807699489,0.8970285927863975,-10.484021678190992,CLOSED,2664.5,49.662921348314605,23.761346520109942,30.969220012753297,24.027684121522945,15.594639,1.2300285,3856.6270175,260277731328.0,2026-08-06
2026-07-02,2432.T,,8,0,20,2026-07-03 00:00:00,2675.5,2026-07-31 00:00:00,2471.5,-7.624743038684356,0.8970285927863975,-11.287609792562137,CLOSED,2664.5,49.662921348314605,23.761346520109942,30.969220012753297,24.027684121522945,15.594639,1.2300285,3856.6270175,260277731328.0,2026-08-06
2026-07-02,2432.T,,8,0,40,2026-07-03 00:00:00,2675.5,2026-08-31 00:00:00,2571.5,-3.887123902074374,0.8970285927863975,-11.287609792562137,CLOSED,2664.5,49.662921348314605,23.761346520109942,30.969220012753297,24.027684121522945,15.594639,1.2300285,3856.6270175,260277731328.0,2026-08-06
2026-07-02,2432.T,,8,0,50,2026-07-03 00:00:00,2675.5,2026-09-14 00:00:00,2552.0,-4.615959633713329,0.8970285927863975,-11.287609792562137,CLOSED,2664.5,49.662921348314605,23.761346520109942,30.969220012753297,24.027684121522945,15.594639,1.2300285,3856.6270175,260277731328.0,2026-08-06
2026-07-02,2432.T,,8,0,60,2026-07-03 00:00:00,2675.5,2026-10-01 00:00:00,2556.5,-4.447766772565876,0.8970285927863975,-11.287609792562137,CLOSED,2664.5,49.662921348314605,23.761346520109942,30.969220012753297,24.027684121522945,15.594639,1.2300285,3856.6270175,260277731328.0,2026-08-06
2026-07-07,2432.T,,8,0,5,2026-07-08 00:00:00,2661.0,2026-07-14 00:00:00,2486.0,-6.576475009394967,0.3945885005637084,-7.196542653137916,CLOSED,2660.0,50.78468298807282,21.84447089781869,28.37964494902707,21.42518193912166,15.559195,1.2279512,4155.40412,249085001728.0,2026-08-06
2026-07-07,2432.T,,8,0,10,2026-07-08 00:00:00,2661.0,2026-07-22 00:00:00,2429.5,-8.699736940999625,0.3945885005637084,-10.015031942878617,CLOSED,2660.0,50.78468298807282,21.84447089781869,28.37964494902707,21.42518193912166,15.559195,1.2279512,4155.40412,249085001728.0,2026-08-06
2026-07-07,2432.T,,8,0,20,2026-07-08 00:00:00,2661.0,2026-08-05 00:00:00,2461.5,-7.49718151071026,0.3945885005637084,-10.80420894400601,CLOSED,2660.0,50.78468298807282,21.84447089781869,28.37964494902707,21.42518193912166,15.559195,1.2279512,4155.40412,249085001728.0,2026-08-06
2026-07-07,2432.T,,8,0,40,2026-07-08 00:00:00,2661.0,2026-09-03 00:00:00,2584.5,-2.8748590755355075,0.3945885005637084,-10.80420894400601,CLOSED,2660.0,50.78468298807282,21.84447089781869,28.37964494902707,21.42518193912166,15.559195,1.2279512,4155.40412,249085001728.0,2026-08-06
2026-07-07,2432.T,,8,0,50,2026-07-08 00:00:00,2661.0,2026-09-17 00:00:00,2578.0,-3.119128147313044,0.3945885005637084,-10.80420894400601,CLOSED,2660.0,50.78468298807282,21.84447089781869,28.37964494902707,21.42518193912166,15.559195,1.2279512,4155.40412,249085001728.0,2026-08-06
2026-07-07,2432.T,,8,0,60,2026-07-08 00:00:00,2661.0,,,,,,OPEN_INSUFFICIENT_DAYS,2660.0,50.78468298807282,21.84447089781869,28.37964494902707,21.42518193912166,15.559195,1.2279512,4155.40412,249085001728.0,2026-08-06
2026-07-13,7613.T,,8,0,5,2026-07-14 00:00:00,1337.0,2026-07-21 00:00:00,1393.0,4.188481675392675,4.712041884816753,-1.3462976813762184,CLOSED,1338.0,54.899023913171256,21.06806121684867,20.031511563425934,16.75667300216345,25.321726,0.59541184,250.404695,63070179328.0,2025-08-07
2026-07-13,7613.T,,8,0,10,2026-07-14 00:00:00,1337.0,2026-07-28 00:00:00,1402.0,4.861630516080773,8.077786088257287,-1.3462976813762184,CLOSED,1338.0,54.899023913171256,21.06806121684867,20.031511563425934,16.75667300216345,25.321726,0.59541184,250.404695,63070179328.0,2025-08-07
2026-07-13,7613.T,,8,0,20,2026-07-14 00:00:00,1337.0,2026-08-12 00:00:00,1621.0,21.24158563949139,26.626776364996264,-1.3462976813762184,CLOSED,1338.0,54.899023913171256,21.06806121684867,20.031511563425934,16.75667300216345,25.321726,0.59541184,250.404695,63070179328.0,2025-08-07
2026-07-13,7613.T,,8,0,40,2026-07-14 00:00:00,1337.0,2026-09-09 00:00:00,1515.0,13.31338818249812,26.626776364996264,-1.3462976813762184,CLOSED,1338.0,54.899023913171256,21.06806121684867,20.031511563425934,16.75667300216345,25.321726,0.59541184,250.404695,63070179328.0,2025-08-07
2026-07-13,7613.T,,8,0,50,2026-07-14 00:00:00,1337.0,2026-09-28 00:00:00,1604.0,19.97008227374719,26.626776364996264,-1.3462976813762184,CLOSED,1338.0,54.899023913171256,21.06806121684867,20.031511563425934,16.75667300216345,25.321726,0.59541184,250.404695,63070179328.0,2025-08-07
2026-07-13,7613.T,,8,0,60,2026-07-14 00:00:00,1337.0,,,,,,OPEN_INSUFFICIENT_DAYS,1338.0,54.899023913171256,21.06806121684867,20.031511563425934,16.75667300216345,25.321726,0.59541184,250.404695,63070179328.0,2025-08-07
2026-07-27,2702.T,,8,0,5,2026-07-28 00:00:00,7750.0,2026-08-03 00:00:00,8220.0,6.064516129032249,6.967741935483862,-0.5161290322580614,CLOSED,7730.0,53.91304347826088,21.04375951092707,29.974622542847225,16.289916329038267,30.311348,3.6186697,4794.5244,1027771006976.0,2026-08-07
2026-07-27,2702.T,,8,0,10,2026-07-28 00:00:00,7750.0,2026-08-10 00:00:00,7920.0,2.1935483870967776,6.967741935483862,-0.5161290322580614,CLOSED,7730.0,53.91304347826088,21.04375951092707,29.974622542847225,16.289916329038267,30.311348,3.6186697,4794.5244,1027771006976.0,2026-08-07
2026-07-27,2702.T,,8,0,20,2026-07-28 00:00:00,7750.0,2026-08-25 00:00:00,8180.0,5.548387096774188,7.354838709677414,-1.4193548387096744,CLOSED,7730.0,53.91304347826088,21.04375951092707,29.974622542847225,16.289916329038267,30.311348,3.6186697,4794.5244,1027771006976.0,2026-08-07
2026-07-27,2702.T,,8,0,40,2026-07-28 00:00:00,7750.0,2026-09-25 00:00:00,7580.0,-2.1935483870967776,7.354838709677414,-2.83870967741936,CLOSED,7730.0,53.91304347826088,21.04375951092707,29.974622542847225,16.289916329038267,30.311348,3.6186697,4794.5244,1027771006976.0,2026-08-07
2026-07-27,2702.T,,8,0,50,2026-07-28 00:00:00,7750.0,,,,,,OPEN_INSUFFICIENT_DAYS,7730.0,53.91304347826088,21.04375951092707,29.974622542847225,16.289916329038267,30.311348,3.6186697,4794.5244,1027771006976.0,2026-08-07
2026-07-27,2702.T,,8,0,60,2026-07-28 00:00:00,7750.0,,,,,,OPEN_INSUFFICIENT_DAYS,7730.0,53.91304347826088,21.04375951092707,29.974622542847225,16.289916329038267,30.311348,3.6186697,4794.5244,1027771006976.0,2026-08-07
2026-08-03,1377.T,,8,1,5,2026-08-04 00:00:00,4310.0,2026-08-10 00:00:00,4395.0,1.9721577726218076,2.436194895591637,-1.044083526682138,CLOSED,4330.0,46.09929078014185,36.42271206370947,29.17662401142092,16.339739907157597,15.227178,1.0253409,691.982275,182984491008.0,2026-10-06
2026-08-03,1377.T,,8,1,10,2026-08-04 00:00:00,4310.0,2026-08-18 00:00:00,4460.0,3.480278422273786,3.7122969837587005,-1.044083526682138,CLOSED,4330.0,46.09929078014185,36.42271206370947,29.17662401142092,16.339739907157597,15.227178,1.0253409,691.982275,182984491008.0,2026-10-06
2026-08-03,1377.T,,8,1,20,2026-08-04 00:00:00,4310.0,2026-09-01 00:00:00,4415.0,2.436194895591637,5.336426914153125,-1.044083526682138,CLOSED,4330.0,46.09929078014185,36.42271206370947,29.17662401142092,16.339739907157597,15.227178,1.0253409,691.982275,182984491008.0,2026-10-06
2026-08-03,1377.T,,8,1,40,2026-08-04 00:00:00,4310.0,,,,,,OPEN_INSUFFICIENT_DAYS,4330.0,46.09929078014185,36.42271206370947,29.17662401142092,16.339739907157597,15.227178,1.0253409,691.982275,182984491008.0,2026-10-06
2026-08-03,1377.T,,8,1,50,2026-08-04 00:00:00,4310.0,,,,,,OPEN_INSUFFICIENT_DAYS,4330.0,46.09929078014185,36.42271206370947,29.17662401142092,16.339739907157597,15.227178,1.0253409,691.982275,182984491008.0,2026-10-06
2026-08-03,1377.T,,8,1,60,2026-08-04 00:00:00,4310.0,,,,,,OPEN_INSUFFICIENT_DAYS,4330.0,46.09929078014185,36.42271206370947,29.17662401142092,16.339739907157597,15.227178,1.0253409,691.982275,182984491008.0,2026-10-06
2026-08-04,5121.T,,8,0,5,2026-08-05 00:00:00,2590.1553103827528,2026-08-12 00:00:00,2649.291259765625,2.283104381649359,6.88737256997165,-3.0060888880862224,CLOSED,2581.0,50.11441647597254,21.970789545950385,23.239255276063258,19.330872662861136,12.374742,1.2581713,213.5378,47679746048.0,2025-08-07
2026-08-04,5121.T,,8,0,10,2026-08-05 00:00:00,2590.1553103827528,2026-08-19 00:00:00,2739.966552734375,5.783871019282016,7.686455534182035,-3.0060888880862224,CLOSED,2581.0,50.11441647597254,21.970789545950385,23.239255276063258,19.330872662861136,12.374742,1.2581713,213.5378,47679746048.0,2025-08-07
2026-08-04,5121.T,,8,0,20,2026-08-05 00:00:00,2590.1553103827528,2026-09-02 00:00:00,2641.406494140625,1.978691530675003,7.686455534182035,-3.0060888880862224,CLOSED,2581.0,50.11441647597254,21.970789545950385,23.239255276063258,19.330872662861136,12.374742,1.2581713,213.5378,47679746048.0,2025-08-07
2026-08-04,5121.T,,8,0,40,2026-08-05 00:00:00,2590.1553103827528,,,,,,OPEN_INSUFFICIENT_DAYS,2581.0,50.11441647597254,21.970789545950385,23.239255276063258,19.330872662861136,12.374742,1.2581713,213.5378,47679746048.0,2025-08-07
2026-08-04,5121.T,,8,0,50,2026-08-05 00:00:00,2590.1553103827528,,,,,,OPEN_INSUFFICIENT_DAYS,2581.0,50.11441647597254,21.970789545950385,23.239255276063258,19.330872662861136,12.374742,1.2581713,213.5378,47679746048.0,2025-08-07
2026-08-04,5121.T,,8,0,60,2026-08-05 00:00:00,2590.1553103827528,,,,,,OPEN_INSUFFICIENT_DAYS,2581.0,50.11441647597254,21.970789545950385,23.239255276063258,19.330872662861136,12.374742,1.2581713,213.5378,47679746048.0,2025-08-07
2026-08-04,9824.T,,8,0,5,2026-08-05 00:00:00,6520.0,2026-08-12 00:00:00,6730.0,3.220858895705514,5.21472392638036,-0.30674846625766694,CLOSED,6450.0,52.52525252525253,20.18494749338449,24.108568946027823,23.50469801861305,14.750949,1.7845858,492.87385,110101954560.0,2025-09-03
2026-08-04,9824.T,,8,0,10,2026-08-05 00:00:00,6520.0,2026-08-19 00:00:00,6940.0,6.44171779141105,10.122699386503076,-0.30674846625766694,CLOSED,6450.0,52.52525252525253,20.18494749338449,24.108568946027823,23.50469801861305,14.750949,1.7845858,492.87385,110101954560.0,2025-09-03
2026-08-04,9824.T,,8,0,20,2026-08-05 00:00:00,6520.0,2026-09-02 00:00:00,7240.0,11.042944785276077,16.104294478527613,-0.30674846625766694,CLOSED,6450.0,52.52525252525253,20.18494749338449,24.108568946027823,23.50469801861305,14.750949,1.7845858,492.87385,110101954560.0,2025-09-03
2026-08-04,9824.T,,8,0,40,2026-08-05 00:00:00,6520.0,,,,,,OPEN_INSUFFICIENT_DAYS,6450.0,52.52525252525253,20.18494749338449,24.108568946027823,23.50469801861305,14.750949,1.7845858,492.87385,110101954560.0,2025-09-03
2026-08-04,9824.T,,8,0,50,2026-08-05 00:00:00,6520.0,,,,,,OPEN_INSUFFICIENT_DAYS,6450.0,52.52525252525253,20.18494749338449,24.108568946027823,23.50469801861305,14.750949,1.7845858,492.87385,110101954560.0,2025-09-03
2026-08-04,9824.T,,8,0,60,2026-08-05 00:00:00,6520.0,,,,,,OPEN_INSUFFICIENT_DAYS,6450.0,52.52525252525253,20.18494749338449,24.108568946027823,23.50469801861305,14.750949,1.7845858,492.87385,110101954560.0,2025-09-03
2026-08-05,4975.T,,8,0,5,2026-08-06 00:00:00,6528.173818359375,2026-08-13 00:00:00,5582.91796875,-14.479636662721884,1.5082956259426794,-18.09954347869417,CLOSED,6730.0,48.88888888888889,26.2749723332004,29.401012284576623,28.759726877657897,18.403063,3.0364637,671.9161,165690736640.0,2025-08-05
2026-08-05,4975.T,,8,0,10,2026-08-06 00:00:00,6528.173818359375,2026-08-20 00:00:00,5356.4501953125,-17.948719743821805,1.5082956259426794,-22.17194482420445,CLOSED,6730.0,48.88888888888889,26.2749723332004,29.401012284576623,28.759726877657897,18.403063,3.0364637,671.9161,165690736640.0,2025-08-05
2026-08-05,4975.T,,8,0,20,2026-08-06 00:00:00,6528.173818359375,2026-09-03 00:00:00,5533.68603515625,-15.233782231813409,1.5082956259426794,-22.17194482420445,CLOSED,6730.0,48.88888888888889,26.2749723332004,29.401012284576623,28.759726877657897,18.403063,3.0364637,671.9161,165690736640.0,2025-08-05
2026-08-05,4975.T,,8,0,40,2026-08-06 00:00:00,6528.173818359375,,,,,,OPEN_INSUFFICIENT_DAYS,6730.0,48.88888888888889,26.2749723332004,29.401012284576623,28.759726877657897,18.403063,3.0364637,671.9161,165690736640.0,2025-08-05
2026-08-05,4975.T,,8,0,50,2026-08-06 00:00:00,6528.173818359375,,,,,,OPEN_INSUFFICIENT_DAYS,6730.0,48.88888888888889,26.2749723332004,29.401012284576623,28.759726877657897,18.403063,3.0364637,671.9161,165690736640.0,2025-08-05
2026-08-05,4975.T,,8,0,60,2026-08-06 00:00:00,6528.173818359375,,,,,,OPEN_INSUFFICIENT_DAYS,6730.0,48.88888888888889,26.2749723332004,29.401012284576623,28.759726877657897,18.403063,3.0364637,671.9161,165690736640.0,2025-08-05
2026-08-05,6145.T,,8,0,5,2026-08-06 00:00:00,2765.057656919165,2026-08-13 00:00:00,2369.20556640625,-14.316232774472216,2.4572649572649485,-19.19515367957796,CLOSED,2836.0,51.97132616487456,28.505088100025358,25.559520843090805,24.728197295197997,13.909461,1.188763,302.490215,47856029696.0,2025-08-07
2026-08-05,6145.T,,8,0,10,2026-08-06 00:00:00,2765.057656919165,2026-08-20 00:00:00,2319.97021484375,-16.09685935342602,2.4572649572649485,-19.19515367957796,CLOSED,2836.0,51.97132616487456,28.505088100025358,25.559520843090805,24.728197295197997,13.909461,1.188763,302.490215,47856029696.0,2025-08-07
2026-08-05,6145.T,,8,0,20,2026-08-06 00:00:00,2765.057656919165,2026-09-03 00:00:00,2372.15966796875,-14.209395886094578,2.4572649572649485,-19.19515367957796,CLOSED,2836.0,51.97132616487456,28.505088100025358,25.559520843090805,24.728197295197997,13.909461,1.188763,302.490215,47856029696.0,2025-08-07
2026-08-05,6145.T,,8,0,40,2026-08-06 00:00:00,2765.057656919165,,,,,,OPEN_INSUFFICIENT_DAYS,2836.0,51.97132616487456,28.505088100025358,25.559520843090805,24.728197295197997,13.909461,1.188763,302.490215,47856029696.0,2025-08-07
2026-08-05,6145.T,,8,0,50,2026-08-06 00:00:00,2765.057656919165,,,,,,OPEN_INSUFFICIENT_DAYS,2836.0,51.97132616487456,28.505088100025358,25.559520843090805,24.728197295197997,13.909461,1.188763,302.490215,47856029696.0,2025-08-07
2026-08-05,6145.T,,8,0,60,2026-08-06 00:00:00,2765.057656919165,,,,,,OPEN_INSUFFICIENT_DAYS,2836.0,51.97132616487456,28.505088100025358,25.559520843090805,24.728197295197997,13.909461,1.188763,302.490215,47856029696.0,2025-08-07
2026-08-05,6651.T,,8,0,5,2026-08-06 00:00:00,4475.558438387784,2026-08-13 00:00:00,4387.1279296875,-1.9758541848498123,4.0614646148404265,-3.7321653974197844,CLOSED,4620.0,53.98230088495575,22.60677150239863,27.43258867087166,24.12792783165525,15.249035,1.4167311,417.6442,175269494784.0,2025-08-04
2026-08-05,6651.T,,8,0,10,2026-08-06 00:00:00,4475.558438387784,2026-08-20 00:00:00,4328.17431640625,-3.2930889856646717,4.0614646148404265,-5.598248045030219,CLOSED,4620.0,53.98230088495575,22.60677150239863,27.43258867087166,24.12792783165525,15.249035,1.4167311,417.6442,175269494784.0,2025-08-04
2026-08-05,6651.T,,8,0,20,2026-08-06 00:00:00,4475.558438387784,2026-09-03 00:00:00,4239.744140625,-5.268935731911273,4.0614646148404265,-5.817783149455236,CLOSED,4620.0,53.98230088495575,22.60677150239863,27.43258867087166,24.12792783165525,15.249035,1.4167311,417.6442,175269494784.0,2025-08-04
2026-08-05,6651.T,,8,0,40,2026-08-06 00:00:00,4475.558438387784,,,,,,OPEN_INSUFFICIENT_DAYS,4620.0,53.98230088495575,22.60677150239863,27.43258867087166,24.12792783165525,15.249035,1.4167311,417.6442,175269494784.0,2025-08-04
2026-08-05,6651.T,,8,0,50,2026-08-06 00:00:00,4475.558438387784,,,,,,OPEN_INSUFFICIENT_DAYS,4620.0,53.98230088495575,22.60677150239863,27.43258867087166,24.12792783165525,15.249035,1.4167311,417.6442,175269494784.0,2025-08-04
2026-08-05,6651.T,,8,0,60,2026-08-06 00:00:00,4475.558438387784,,,,,,OPEN_INSUFFICIENT_DAYS,4620.0,53.98230088495575,22.60677150239863,27.43258867087166,24.12792783165525,15.249035,1.4167311,417.6442,175269494784.0,2025-08-04
2026-08-06,7516.T,,8,0,5,2026-08-07 00:00:00,4090.5811550978624,2026-08-14 00:00:00,4223.48828125,3.2491013162396998,3.3694406739015026,0.0,CLOSED,4155.0,52.83018867924528,20.75550968062284,28.820011030870518,23.34631393208173,9.616497,0.65668577,469.69965,120017674240.0,2025-07-09
2026-08-06,7516.T,,8,0,10,2026-08-07 00:00:00,4090.5811550978624,2026-08-21 00:00:00,4420.3876953125,8.06258396324977,8.06258396324977,0.0,CLOSED,4155.0,52.83018867924528,20.75550968062284,28.820011030870518,23.34631393208173,9.616497,0.65668577,469.69965,120017674240.0,2025-07-09
2026-08-06,7516.T,,8,0,20,2026-08-07 00:00:00,4090.5811550978624,2026-09-04 00:00:00,4495.0,9.886586515906991,11.108906721868127,0.0,CLOSED,4155.0,52.83018867924528,20.75550968062284,28.820011030870518,23.34631393208173,9.616497,0.65668577,469.69965,120017674240.0,2025-07-09
2026-08-06,7516.T,,8,0,40,2026-08-07 00:00:00,4090.5811550978624,,,,,,OPEN_INSUFFICIENT_DAYS,4155.0,52.83018867924528,20.75550968062284,28.820011030870518,23.34631393208173,9.616497,0.65668577,469.69965,120017674240.0,2025-07-09
2026-08-06,7516.T,,8,0,50,2026-08-07 00:00:00,4090.5811550978624,,,,,,OPEN_INSUFFICIENT_DAYS,4155.0,52.83018867924528,20.75550968062284,28.820011030870518,23.34631393208173,9.616497,0.65668577,469.69965,120017674240.0,2025-07-09
2026-08-06,7516.T,,8,0,60,2026-08-07 00:00:00,4090.5811550978624,,,,,,OPEN_INSUFFICIENT_DAYS,4155.0,52.83018867924528,20.75550968062284,28.820011030870518,23.34631393208173,9.616497,0.65668577,469.69965,120017674240.0,2025-07-09
2026-08-06,9824.T,,8,0,5,2026-08-07 00:00:00,6730.0,2026-08-14 00:00:00,6790.0,0.8915304606240682,1.9316493313521477,-3.4175334323922724,CLOSED,6670.0,50.24875621890547,20.041964940396312,29.34393149897948,19.912753908664538,15.270845,1.8454554,480.51065,113857363968.0,2025-09-03
2026-08-06,9824.T,,8,0,10,2026-08-07 00:00:00,6730.0,2026-08-21 00:00:00,6940.0,3.1203566121842385,6.686478454680533,-3.4175334323922724,CLOSED,6670.0,50.24875621890547,20.041964940396312,29.34393149897948,19.912753908664538,15.270845,1.8454554,480.51065,113857363968.0,2025-09-03
2026-08-06,9824.T,,8,0,20,2026-08-07 00:00:00,6730.0,2026-09-04 00:00:00,7380.0,9.658246656760783,12.481426448736999,-3.4175334323922724,CLOSED,6670.0,50.24875621890547,20.041964940396312,29.34393149897948,19.912753908664538,15.270845,1.8454554,480.51065,113857363968.0,2025-09-03
2026-08-06,9824.T,,8,0,40,2026-08-07 00:00:00,6730.0,,,,,,OPEN_INSUFFICIENT_DAYS,6670.0,50.24875621890547,20.041964940396312,29.34393149897948,19.912753908664538,15.270845,1.8454554,480.51065,113857363968.0,2025-09-03
2026-08-06,9824.T,,8,0,50,2026-08-07 00:00:00,6730.0,,,,,,OPEN_INSUFFICIENT_DAYS,6670.0,50.24875621890547,20.041964940396312,29.34393149897948,19.912753908664538,15.270845,1.8454554,480.51065,113857363968.0,2025-09-03
2026-08-06,9824.T,,8,0,60,2026-08-07 00:00:00,6730.0,,,,,,OPEN_INSUFFICIENT_DAYS,6670.0,50.24875621890547,20.041964940396312,29.34393149897948,19.912753908664538,15.270845,1.8454554,480.51065,113857363968.0,2025-09-03
2026-08-10,9039.T,,8,0,5,2026-08-12 00:00:00,2938.7103973863254,2026-08-18 00:00:00,2963.4638671875,0.8423242325337643,1.583556266369146,-1.4487870619946164,CLOSED,2948.0,47.4169741697417,20.90493265663101,29.816988894551333,24.414639945622504,13.821558,1.1946579,227.05501,118685679616.0,2025-08-07
2026-08-10,9039.T,,8,0,10,2026-08-12 00:00:00,2938.7103973863254,2026-08-25 00:00:00,2980.2958984375,1.4150935419890542,2.257415133355689,-1.4487870619946164,CLOSED,2948.0,47.4169741697417,20.90493265663101,29.816988894551333,24.414639945622504,13.821558,1.1946579,227.05501,118685679616.0,2025-08-07
2026-08-10,9039.T,,8,0,20,2026-08-12 00:00:00,2938.7103973863254,2026-09-08 00:00:00,2962.4736328125,0.8086280106848642,2.257415133355689,-1.4487870619946164,CLOSED,2948.0,47.4169741697417,20.90493265663101,29.816988894551333,24.414639945622504,13.821558,1.1946579,227.05501,118685679616.0,2025-08-07
2026-08-10,9039.T,,8,0,40,2026-08-12 00:00:00,2938.7103973863254,,,,,,OPEN_INSUFFICIENT_DAYS,2948.0,47.4169741697417,20.90493265663101,29.816988894551333,24.414639945622504,13.821558,1.1946579,227.05501,118685679616.0,2025-08-07
2026-08-10,9039.T,,8,0,50,2026-08-12 00:00:00,2938.7103973863254,,,,,,OPEN_INSUFFICIENT_DAYS,2948.0,47.4169741697417,20.90493265663101,29.816988894551333,24.414639945622504,13.821558,1.1946579,227.05501,118685679616.0,2025-08-07
2026-08-10,9039.T,,8,0,60,2026-08-12 00:00:00,2938.7103973863254,,,,,,OPEN_INSUFFICIENT_DAYS,2948.0,47.4169741697417,20.90493265663101,29.816988894551333,24.414639945622504,13.821558,1.1946579,227.05501,118685679616.0,2025-08-07
2026-08-12,1982.T,,8,0,5,2026-08-13 00:00:00,2902.27245046498,2026-08-19 00:00:00,2823.6201171875,-2.7100258373358055,6.199186686513225,-3.1165299076533426,CLOSED,2927.0,52.23880597014925,23.32609958642495,26.98526731747079,17.18379514198351,14.68051,1.6733775,379.820515,120782774272.0,2025-08-06
2026-08-12,1982.T,,8,0,10,2026-08-13 00:00:00,2902.27245046498,2026-08-26 00:00:00,2949.4638671875,1.6260160797432865,6.199186686513225,-3.1165299076533426,CLOSED,2927.0,52.23880597014925,23.32609958642495,26.98526731747079,17.18379514198351,14.68051,1.6733775,379.820515,120782774272.0,2025-08-06
2026-08-12,1982.T,,8,0,20,2026-08-13 00:00:00,2902.27245046498,2026-09-09 00:00:00,3146.094970703125,8.40108998722988,8.909220835545838,-3.1165299076533426,CLOSED,2927.0,52.23880597014925,23.32609958642495,26.98526731747079,17.18379514198351,14.68051,1.6733775,379.820515,120782774272.0,2025-08-06
2026-08-12,1982.T,,8,0,40,2026-08-13 00:00:00,2902.27245046498,,,,,,OPEN_INSUFFICIENT_DAYS,2927.0,52.23880597014925,23.32609958642495,26.98526731747079,17.18379514198351,14.68051,1.6733775,379.820515,120782774272.0,2025-08-06
2026-08-12,1982.T,,8,0,50,2026-08-13 00:00:00,2902.27245046498,,,,,,OPEN_INSUFFICIENT_DAYS,2927.0,52.23880597014925,23.32609958642495,26.98526731747079,17.18379514198351,14.68051,1.6733775,379.820515,120782774272.0,2025-08-06
2026-08-12,1982.T,,8,0,60,2026-08-13 00:00:00,2902.27245046498,,,,,,OPEN_INSUFFICIENT_DAYS,2927.0,52.23880597014925,23.32609958642495,26.98526731747079,17.18379514198351,14.68051,1.6733775,379.820515,120782774272.0,2025-08-06
2026-08-17,1975.T,,8,0,5,2026-08-18 00:00:00,3927.5472626431297,2026-08-24 00:00:00,3834.26806640625,-2.3749986950915902,1.2499999999999956,-7.250001982264964,CLOSED,3940.0,44.31372549019608,21.241820196512588,29.05714244729153,24.79284779887136,10.999748,1.9958614,426.733425,101950193664.0,2025-08-06
2026-08-17,1975.T,,8,0,10,2026-08-18 00:00:00,3927.5472626431297,2026-08-31 00:00:00,3863.724609375,-1.6250002609816794,1.2499999999999956,-7.250001982264964,CLOSED,3940.0,44.31372549019608,21.241820196512588,29.05714244729153,24.79284779887136,10.999748,1.9958614,426.733425,101950193664.0,2025-08-06
2026-08-17,1975.T,,8,0,20,2026-08-18 00:00:00,3927.5472626431297,2026-09-14 00:00:00,3711.5322265625,-5.499998386658689,1.5000015335477235,-7.499998420803477,CLOSED,3940.0,44.31372549019608,21.241820196512588,29.05714244729153,24.79284779887136,10.999748,1.9958614,426.733425,101950193664.0,2025-08-06
2026-08-17,1975.T,,8,0,40,2026-08-18 00:00:00,3927.5472626431297,,,,,,OPEN_INSUFFICIENT_DAYS,3940.0,44.31372549019608,21.241820196512588,29.05714244729153,24.79284779887136,10.999748,1.9958614,426.733425,101950193664.0,2025-08-06
2026-08-17,1975.T,,8,0,50,2026-08-18 00:00:00,3927.5472626431297,,,,,,OPEN_INSUFFICIENT_DAYS,3940.0,44.31372549019608,21.241820196512588,29.05714244729153,24.79284779887136,10.999748,1.9958614,426.733425,101950193664.0,2025-08-06
2026-08-17,1975.T,,8,0,60,2026-08-18 00:00:00,3927.5472626431297,,,,,,OPEN_INSUFFICIENT_DAYS,3940.0,44.31372549019608,21.241820196512588,29.05714244729153,24.79284779887136,10.999748,1.9958614,426.733425,101950193664.0,2025-08-06
2026-08-17,1982.T,,8,0,5,2026-08-18 00:00:00,3003.5373714192706,2026-08-24 00:00:00,2964.211181640625,-1.309329131472159,0.49099836333879043,-6.382977341947427,CLOSED,3010.0,54.14235705950992,24.92073010995785,33.23668510260111,14.598718051946186,15.098314,1.720829,393.275745,124207767552.0,2025-08-06
2026-08-17,1982.T,,8,0,10,2026-08-18 00:00:00,3003.5373714192706,2026-08-31 00:00:00,2903.255615234375,-3.338788361321743,0.49099836333879043,-6.382977341947427,CLOSED,3010.0,54.14235705950992,24.92073010995785,33.23668510260111,14.598718051946186,15.098314,1.720829,393.275745,124207767552.0,2025-08-06
2026-08-17,1982.T,,8,0,20,2026-08-18 00:00:00,3003.5373714192706,2026-09-14 00:00:00,3008.453125,0.16366547083803695,5.237322578493853,-6.382977341947427,CLOSED,3010.0,54.14235705950992,24.92073010995785,33.23668510260111,14.598718051946186,15.098314,1.720829,393.275745,124207767552.0,2025-08-06
2026-08-17,1982.T,,8,0,40,2026-08-18 00:00:00,3003.5373714192706,,,,,,OPEN_INSUFFICIENT_DAYS,3010.0,54.14235705950992,24.92073010995785,33.23668510260111,14.598718051946186,15.098314,1.720829,393.275745,124207767552.0,2025-08-06
2026-08-17,1982.T,,8,0,50,2026-08-18 00:00:00,3003.5373714192706,,,,,,OPEN_INSUFFICIENT_DAYS,3010.0,54.14235705950992,24.92073010995785,33.23668510260111,14.598718051946186,15.098314,1.720829,393.275745,124207767552.0,2025-08-06
2026-08-17,1982.T,,8,0,60,2026-08-18 00:00:00,3003.5373714192706,,,,,,OPEN_INSUFFICIENT_DAYS,3010.0,54.14235705950992,24.92073010995785,33.23668510260111,14.598718051946186,15.098314,1.720829,393.275745,124207767552.0,2025-08-06
2026-08-20,7818.T,,8,0,5,2026-08-21 00:00:00,1228.3468266760574,2026-08-27 00:00:00,1203.0,-2.063491037351939,1.2698412698412653,-2.2222211977452,CLOSED,1261.0,52.17391304347826,28.962710138048468,26.49220733317334,24.07468183310256,16.980877,3.265266,308.04423,71300956160.0,2025-07-09
2026-08-20,7818.T,,8,0,10,2026-08-21 00:00:00,1228.3468266760574,2026-09-03 00:00:00,1140.0,-7.19233564636842,1.2698412698412653,-7.762207269592469,CLOSED,1261.0,52.17391304347826,28.962710138048468,26.49220733317334,24.07468183310256,16.980877,3.265266,308.04423,71300956160.0,2025-07-09
2026-08-20,7818.T,,8,0,20,2026-08-21 00:00:00,1228.3468266760574,2026-09-17 00:00:00,1232.0,0.29740568743341633,1.5999693976598284,-7.762207269592469,CLOSED,1261.0,52.17391304347826,28.962710138048468,26.49220733317334,24.07468183310256,16.980877,3.265266,308.04423,71300956160.0,2025-07-09
2026-08-20,7818.T,,8,0,40,2026-08-21 00:00:00,1228.3468266760574,,,,,,OPEN_INSUFFICIENT_DAYS,1261.0,52.17391304347826,28.962710138048468,26.49220733317334,24.07468183310256,16.980877,3.265266,308.04423,71300956160.0,2025-07-09
2026-08-20,7818.T,,8,0,50,2026-08-21 00:00:00,1228.3468266760574,,,,,,OPEN_INSUFFICIENT_DAYS,1261.0,52.17391304347826,28.962710138048468,26.49220733317334,24.07468183310256,16.980877,3.265266,308.04423,71300956160.0,2025-07-09
2026-08-20,7818.T,,8,0,60,2026-08-21 00:00:00,1228.3468266760574,,,,,,OPEN_INSUFFICIENT_DAYS,1261.0,52.17391304347826,28.962710138048468,26.49220733317334,24.07468183310256,16.980877,3.265266,308.04423,71300956160.0,2025-07-09
2026-08-27,1982.T,,8,0,5,2026-08-28 00:00:00,2964.211194438319,2026-09-03 00:00:00,2905.221923828125,-1.9900495187682443,1.6583740783798095,-3.3499168520103706,CLOSED,3015.0,51.65238678090575,25.35515741212621,29.571678747969138,16.07965327420639,15.112782,1.7236875,352.06368,124414099456.0,2025-08-06
2026-08-27,1982.T,,8,0,10,2026-08-28 00:00:00,2964.211194438319,2026-09-10 00:00:00,3042.86376953125,2.6534065872399593,6.633505677892582,-3.3499168520103706,CLOSED,3015.0,51.65238678090575,25.35515741212621,29.571678747969138,16.07965327420639,15.112782,1.7236875,352.06368,124414099456.0,2025-08-06
2026-08-27,1982.T,,8,0,20,2026-08-28 00:00:00,2964.211194438319,2026-09-29 00:00:00,3175.0,7.111126425714165,12.106141201115484,-3.3499168520103706,CLOSED,3015.0,51.65238678090575,25.35515741212621,29.571678747969138,16.07965327420639,15.112782,1.7236875,352.06368,124414099456.0,2025-08-06
2026-08-27,1982.T,,8,0,40,2026-08-28 00:00:00,2964.211194438319,,,,,,OPEN_INSUFFICIENT_DAYS,3015.0,51.65238678090575,25.35515741212621,29.571678747969138,16.07965327420639,15.112782,1.7236875,352.06368,124414099456.0,2025-08-06
2026-08-27,1982.T,,8,0,50,2026-08-28 00:00:00,2964.211194438319,,,,,,OPEN_INSUFFICIENT_DAYS,3015.0,51.65238678090575,25.35515741212621,29.571678747969138,16.07965327420639,15.112782,1.7236875,352.06368,124414099456.0,2025-08-06
2026-08-27,1982.T,,8,0,60,2026-08-28 00:00:00,2964.211194438319,,,,,,OPEN_INSUFFICIENT_DAYS,3015.0,51.65238678090575,25.35515741212621,29.571678747969138,16.07965327420639,15.112782,1.7236875,352.06368,124414099456.0,2025-08-06
2026-08-29,1982.T,,8,0,5,2026-08-31 00:00:00,2885.558831937992,2026-09-04 00:00:00,2941.5986328125,1.9420779176029024,4.429300527949542,-0.7155025779694069,CLOSED,3015.0,51.65238678090575,25.35515741212621,29.571678747969138,16.07965327420639,14.910567,1.701391,352.06368,122804756480.0,2025-08-06
2026-08-29,1982.T,,8,0,10,2026-08-31 00:00:00,2885.558831937992,2026-09-11 00:00:00,3023.20068359375,4.770024098358627,9.540040471232935,-0.7155025779694069,CLOSED,3015.0,51.65238678090575,25.35515741212621,29.571678747969138,16.07965327420639,14.910567,1.701391,352.06368,122804756480.0,2025-08-06
2026-08-29,1982.T,,8,0,20,2026-08-31 00:00:00,2885.558831937992,2026-09-30 00:00:00,3190.0,10.550509824730891,15.161844920849067,-0.7155025779694069,CLOSED,3015.0,51.65238678090575,25.35515741212621,29.571678747969138,16.07965327420639,14.910567,1.701391,352.06368,122804756480.0,2025-08-06
2026-08-29,1982.T,,8,0,40,2026-08-31 00:00:00,2885.558831937992,,,,,,OPEN_INSUFFICIENT_DAYS,3015.0,51.65238678090575,25.35515741212621,29.571678747969138,16.07965327420639,14.910567,1.701391,352.06368,122804756480.0,2025-08-06
2026-08-29,1982.T,,8,0,50,2026-08-31 00:00:00,2885.558831937992,,,,,,OPEN_INSUFFICIENT_DAYS,3015.0,51.65238678090575,25.35515741212621,29.571678747969138,16.07965327420639,14.910567,1.701391,352.06368,122804756480.0,2025-08-06
2026-08-29,1982.T,,8,0,60,2026-08-31 00:00:00,2885.558831937992,,,,,,OPEN_INSUFFICIENT_DAYS,3015.0,51.65238678090575,25.35515741212621,29.571678747969138,16.07965327420639,14.910567,1.701391,352.06368,122804756480.0,2025-08-06
2026-09-01,1377.T,,8,0,5,2026-09-02 00:00:00,4390.0,2026-09-08 00:00:00,4310.0,-1.8223234624145768,1.0250569476081939,-2.277904328018221,CLOSED,4415.0,52.17391304347826,33.14791396550022,27.543313614719544,18.14251529253133,15.518999,1.0454688,393.604525,186576470016.0,2026-10-06
2026-09-01,1377.T,,8,0,10,2026-09-02 00:00:00,4390.0,2026-09-15 00:00:00,4375.0,-0.3416856492027387,1.0250569476081939,-2.8473804100227817,CLOSED,4415.0,52.17391304347826,33.14791396550022,27.543313614719544,18.14251529253133,15.518999,1.0454688,393.604525,186576470016.0,2026-10-06
2026-09-01,1377.T,,8,0,20,2026-09-02 00:00:00,4390.0,,,,,,OPEN_INSUFFICIENT_DAYS,4415.0,52.17391304347826,33.14791396550022,27.543313614719544,18.14251529253133,15.518999,1.0454688,393.604525,186576470016.0,2026-10-06
2026-09-01,1377.T,,8,0,40,2026-09-02 00:00:00,4390.0,,,,,,OPEN_INSUFFICIENT_DAYS,4415.0,52.17391304347826,33.14791396550022,27.543313614719544,18.14251529253133,15.518999,1.0454688,393.604525,186576470016.0,2026-10-06
2026-09-01,1377.T,,8,0,50,2026-09-02 00:00:00,4390.0,,,,,,OPEN_INSUFFICIENT_DAYS,4415.0,52.17391304347826,33.14791396550022,27.543313614719544,18.14251529253133,15.518999,1.0454688,393.604525,186576470016.0,2026-10-06
2026-09-01,1377.T,,8,0,60,2026-09-02 00:00:00,4390.0,,,,,,OPEN_INSUFFICIENT_DAYS,4415.0,52.17391304347826,33.14791396550022,27.543313614719544,18.14251529253133,15.518999,1.0454688,393.604525,186576470016.0,2026-10-06
2026-09-04,1982.T,,8,0,5,2026-09-07 00:00:00,2998.6217836790447,2026-09-11 00:00:00,3023.20068359375,0.8196732261628981,5.409836263112777,-2.2950809060275024,CLOSED,2992.0,48.725212464589234,24.30882972773572,28.25937859623648,16.80106776048331,14.814815,1.7105383,301.375985,123464998912.0,2026-11-11
2026-09-04,1982.T,,8,0,10,2026-09-07 00:00:00,2998.6217836790447,2026-09-18 00:00:00,3165.758056640625,5.5737697188512625,6.557376269026882,-2.2950809060275024,CLOSED,2992.0,48.725212464589234,24.30882972773572,28.25937859623648,16.80106776048331,14.814815,1.7105383,301.375985,123464998912.0,2026-11-11
2026-09-04,1982.T,,8,0,20,2026-09-07 00:00:00,2998.6217836790447,,,,,,OPEN_INSUFFICIENT_DAYS,2992.0,48.725212464589234,24.30882972773572,28.25937859623648,16.80106776048331,14.814815,1.7105383,301.375985,123464998912.0,2026-11-11
2026-09-04,1982.T,,8,0,40,2026-09-07 00:00:00,2998.6217836790447,,,,,,OPEN_INSUFFICIENT_DAYS,2992.0,48.725212464589234,24.30882972773572,28.25937859623648,16.80106776048331,14.814815,1.7105383,301.375985,123464998912.0,2026-11-11
2026-09-04,1982.T,,8,0,50,2026-09-07 00:00:00,2998.6217836790447,,,,,,OPEN_INSUFFICIENT_DAYS,2992.0,48.725212464589234,24.30882972773572,28.25937859623648,16.80106776048331,14.814815,1.7105383,301.375985,123464998912.0,2026-11-11
2026-09-04,1982.T,,8,0,60,2026-09-07 00:00:00,2998.6217836790447,,,,,,OPEN_INSUFFICIENT_DAYS,2992.0,48.725212464589234,24.30882972773572,28.25937859623648,16.80106776048331,14.814815,1.7105383,301.375985,123464998912.0,2026-11-11
2026-09-14,6345.T,,8,0,5,2026-09-15 00:00:00,1415.7352683212057,2026-09-24 00:00:00,1434.3118896484375,1.312153602647781,1.5193426980430802,-0.5524861878453025,CLOSED,1452.0,48.3695652173913,21.680137961747548,22.463476355349098,22.323411022148484,14.423364,1.2576122,297.825785,93740146688.0,2025-07-24
2026-09-14,6345.T,,8,0,10,2026-09-15 00:00:00,1415.7352683212057,2026-10-01 00:00:00,1438.0,1.5726620772255062,3.1767989074436898,-0.5524861878453025,CLOSED,1452.0,48.3695652173913,21.680137961747548,22.463476355349098,22.323411022148484,14.423364,1.2576122,297.825785,93740146688.0,2025-07-24
2026-09-14,6345.T,,8,0,20,2026-09-15 00:00:00,1415.7352683212057,,,,,,OPEN_INSUFFICIENT_DAYS,1452.0,48.3695652173913,21.680137961747548,22.463476355349098,22.323411022148484,14.423364,1.2576122,297.825785,93740146688.0,2025-07-24
2026-09-14,6345.T,,8,0,40,2026-09-15 00:00:00,1415.7352683212057,,,,,,OPEN_INSUFFICIENT_DAYS,1452.0,48.3695652173913,21.680137961747548,22.463476355349098,22.323411022148484,14.423364,1.2576122,297.825785,93740146688.0,2025-07-24
2026-09-14,6345.T,,8,0,50,2026-09-15 00:00:00,1415.7352683212057,,,,,,OPEN_INSUFFICIENT_DAYS,1452.0,48.3695652173913,21.680137961747548,22.463476355349098,22.323411022148484,14.423364,1.2576122,297.825785,93740146688.0,2025-07-24
2026-09-14,6345.T,,8,0,60,2026-09-15 00:00:00,1415.7352683212057,,,,,,OPEN_INSUFFICIENT_DAYS,1452.0,48.3695652173913,21.680137961747548,22.463476355349098,22.323411022148484,14.423364,1.2576122,297.825785,93740146688.0,2025-07-24
2026-09-15,9041.T,,8,0,5,2026-09-16 00:00:00,3519.6018591233033,2026-09-25 00:00:00,3520.591796875,0.02812641291032314,0.9001385627369629,-1.4627333217375749,CLOSED,3540.0,46.64804469273744,20.092172559721494,31.877220762877982,15.174374321878512,12.525653,1.0833149,1905.90691,673125105664.0,2026-11-13
2026-09-15,9041.T,,8,0,10,2026-09-16 00:00:00,3519.6018591233033,,,,,,OPEN_INSUFFICIENT_DAYS,3540.0,46.64804469273744,20.092172559721494,31.877220762877982,15.174374321878512,12.525653,1.0833149,1905.90691,673125105664.0,2026-11-13
2026-09-15,9041.T,,8,0,20,2026-09-16 00:00:00,3519.6018591233033,,,,,,OPEN_INSUFFICIENT_DAYS,3540.0,46.64804469273744,20.092172559721494,31.877220762877982,15.174374321878512,12.525653,1.0833149,1905.90691,673125105664.0,2026-11-13
2026-09-15,9041.T,,8,0,40,2026-09-16 00:00:00,3519.6018591233033,,,,,,OPEN_INSUFFICIENT_DAYS,3540.0,46.64804469273744,20.092172559721494,31.877220762877982,15.174374321878512,12.525653,1.0833149,1905.90691,673125105664.0,2026-11-13
2026-09-15,9041.T,,8,0,50,2026-09-16 00:00:00,3519.6018591233033,,,,,,OPEN_INSUFFICIENT_DAYS,3540.0,46.64804469273744,20.092172559721494,31.877220762877982,15.174374321878512,12.525653,1.0833149,1905.90691,673125105664.0,2026-11-13
2026-09-15,9041.T,,8,0,60,2026-09-16 00:00:00,3519.6018591233033,,,,,,OPEN_INSUFFICIENT_DAYS,3540.0,46.64804469273744,20.092172559721494,31.877220762877982,15.174374321878512,12.525653,1.0833149,1905.90691,673125105664.0,2026-11-13
2026-09-16,7818.T,,8,0,5,2026-09-17 00:00:00,1225.0,2026-09-28 00:00:00,1225.0,0.0,2.448979591836742,-0.4897959183673417,CLOSED,1221.0,54.45544554455446,20.860196307445733,28.90384737633285,21.67467796385064,16.451092,3.1616888,281.42937,69039235072.0,2025-07-09
2026-09-16,7818.T,,8,0,10,2026-09-17 00:00:00,1225.0,,,,,,OPEN_INSUFFICIENT_DAYS,1221.0,54.45544554455446,20.860196307445733,28.90384737633285,21.67467796385064,16.451092,3.1616888,281.42937,69039235072.0,2025-07-09
2026-09-16,7818.T,,8,0,20,2026-09-17 00:00:00,1225.0,,,,,,OPEN_INSUFFICIENT_DAYS,1221.0,54.45544554455446,20.860196307445733,28.90384737633285,21.67467796385064,16.451092,3.1616888,281.42937,69039235072.0,2025-07-09
2026-09-16,7818.T,,8,0,40,2026-09-17 00:00:00,1225.0,,,,,,OPEN_INSUFFICIENT_DAYS,1221.0,54.45544554455446,20.860196307445733,28.90384737633285,21.67467796385064,16.451092,3.1616888,281.42937,69039235072.0,2025-07-09
2026-09-16,7818.T,,8,0,50,2026-09-17 00:00:00,1225.0,,,,,,OPEN_INSUFFICIENT_DAYS,1221.0,54.45544554455446,20.860196307445733,28.90384737633285,21.67467796385064,16.451092,3.1616888,281.42937,69039235072.0,2025-07-09
2026-09-16,7818.T,,8,0,60,2026-09-17 00:00:00,1225.0,,,,,,OPEN_INSUFFICIENT_DAYS,1221.0,54.45544554455446,20.860196307445733,28.90384737633285,21.67467796385064,16.451092,3.1616888,281.42937,69039235072.0,2025-07-09
2026-09-16,8771.T,,8,0,5,2026-09-17 00:00:00,1751.6695992896348,2026-09-28 00:00:00,1738.0,-0.7803754369647309,1.1148292207172839,-1.3935287961469478,CLOSED,1793.0,45.703125,25.126289328461937,25.545557445486587,22.718704741985903,23.261545,4.0635853,262.320755,79768182784.0,2026-11-13
2026-09-16,8771.T,,8,0,10,2026-09-17 00:00:00,1751.6695992896348,,,,,,OPEN_INSUFFICIENT_DAYS,1793.0,45.703125,25.126289328461937,25.545557445486587,22.718704741985903,23.261545,4.0635853,262.320755,79768182784.0,2026-11-13
2026-09-16,8771.T,,8,0,20,2026-09-17 00:00:00,1751.6695992896348,,,,,,OPEN_INSUFFICIENT_DAYS,1793.0,45.703125,25.126289328461937,25.545557445486587,22.718704741985903,23.261545,4.0635853,262.320755,79768182784.0,2026-11-13
2026-09-16,8771.T,,8,0,40,2026-09-17 00:00:00,1751.6695992896348,,,,,,OPEN_INSUFFICIENT_DAYS,1793.0,45.703125,25.126289328461937,25.545557445486587,22.718704741985903,23.261545,4.0635853,262.320755,79768182784.0,2026-11-13
2026-09-16,8771.T,,8,0,50,2026-09-17 00:00:00,1751.6695992896348,,,,,,OPEN_INSUFFICIENT_DAYS,1793.0,45.703125,25.126289328461937,25.545557445486587,22.718704741985903,23.261545,4.0635853,262.320755,79768182784.0,2026-11-13
2026-09-16,8771.T,,8,0,60,2026-09-17 00:00:00,1751.6695992896348,,,,,,OPEN_INSUFFICIENT_DAYS,1793.0,45.703125,25.126289328461937,25.545557445486587,22.718704741985903,23.261545,4.0635853,262.320755,79768182784.0,2026-11-13
2026-09-18,4290.T,,8,0,5,2026-09-24 00:00:00,693.9004592038273,2026-09-30 00:00:00,682.0,-1.7150095587891268,2.9660968780672814,-2.723799783259029,CLOSED,708.0,44.55445544554456,20.24717748815633,31.140485707135284,24.80981835712074,15.108834,1.8109455,431.192815,88312217600.0,2026-10-29
2026-09-18,4290.T,,8,0,10,2026-09-24 00:00:00,693.9004592038273,,,,,,OPEN_INSUFFICIENT_DAYS,708.0,44.55445544554456,20.24717748815633,31.140485707135284,24.80981835712074,15.108834,1.8109455,431.192815,88312217600.0,2026-10-29
2026-09-18,4290.T,,8,0,20,2026-09-24 00:00:00,693.9004592038273,,,,,,OPEN_INSUFFICIENT_DAYS,708.0,44.55445544554456,20.24717748815633,31.140485707135284,24.80981835712074,15.108834,1.8109455,431.192815,88312217600.0,2026-10-29
2026-09-18,4290.T,,8,0,40,2026-09-24 00:00:00,693.9004592038273,,,,,,OPEN_INSUFFICIENT_DAYS,708.0,44.55445544554456,20.24717748815633,31.140485707135284,24.80981835712074,15.108834,1.8109455,431.192815,88312217600.0,2026-10-29
2026-09-18,4290.T,,8,0,50,2026-09-24 00:00:00,693.9004592038273,,,,,,OPEN_INSUFFICIENT_DAYS,708.0,44.55445544554456,20.24717748815633,31.140485707135284,24.80981835712074,15.108834,1.8109455,431.192815,88312217600.0,2026-10-29
2026-09-18,4290.T,,8,0,60,2026-09-24 00:00:00,693.9004592038273,,,,,,OPEN_INSUFFICIENT_DAYS,708.0,44.55445544554456,20.24717748815633,31.140485707135284,24.80981835712074,15.108834,1.8109455,431.192815,88312217600.0,2026-10-29
2026-09-24,3093.T,,8,0,5,2026-09-25 00:00:00,1977.0,2026-10-01 00:00:00,1973.0,-0.20232675771371111,1.365705614567525,-3.995953464845725,CLOSED,1977.0,51.11821086261981,21.6296776883424,24.439185558450237,22.32721068929509,14.605496,3.4425235,336.847325,46343266304.0,2025-07-08
2026-09-24,3093.T,,8,0,10,2026-09-25 00:00:00,1977.0,,,,,,OPEN_INSUFFICIENT_DAYS,1977.0,51.11821086261981,21.6296776883424,24.439185558450237,22.32721068929509,14.605496,3.4425235,336.847325,46343266304.0,2025-07-08
2026-09-24,3093.T,,8,0,20,2026-09-25 00:00:00,1977.0,,,,,,OPEN_INSUFFICIENT_DAYS,1977.0,51.11821086261981,21.6296776883424,24.439185558450237,22.32721068929509,14.605496,3.4425235,336.847325,46343266304.0,2025-07-08
2026-09-24,3093.T,,8,0,40,2026-09-25 00:00:00,1977.0,,,,,,OPEN_INSUFFICIENT_DAYS,1977.0,51.11821086261981,21.6296776883424,24.439185558450237,22.32721068929509,14.605496,3.4425235,336.847325,46343266304.0,2025-07-08
2026-09-24,3093.T,,8,0,50,2026-09-25 00:00:00,1977.0,,,,,,OPEN_INSUFFICIENT_DAYS,1977.0,51.11821086261981,21.6296776883424,24.439185558450237,22.32721068929509,14.605496,3.4425235,336.847325,46343266304.0,2025-07-08
2026-09-24,3093.T,,8,0,60,2026-09-25 00:00:00,1977.0,,,,,,OPEN_INSUFFICIENT_DAYS,1977.0,51.11821086261981,21.6296776883424,24.439185558450237,22.32721068929509,14.605496,3.4425235,336.847325,46343266304.0,2025-07-08
2026-09-25,3964.T,,8,0,5,2026-09-28 00:00:00,1368.0,,,,,,OPEN_INSUFFICIENT_DAYS,1367.0,53.38645418326693,23.16905008367099,27.172542844011723,26.01065429507729,17.711842,4.1857915,950.345545,124015116288.0,2025-08-06
2026-09-25,3964.T,,8,0,10,2026-09-28 00:00:00,1368.0,,,,,,OPEN_INSUFFICIENT_DAYS,1367.0,53.38645418326693,23.16905008367099,27.172542844011723,26.01065429507729,17.711842,4.1857915,950.345545,124015116288.0,2025-08-06
2026-09-25,3964.T,,8,0,20,2026-09-28 00:00:00,1368.0,,,,,,OPEN_INSUFFICIENT_DAYS,1367.0,53.38645418326693,23.16905008367099,27.172542844011723,26.01065429507729,17.711842,4.1857915,950.345545,124015116288.0,2025-08-06
2026-09-25,3964.T,,8,0,40,2026-09-28 00:00:00,1368.0,,,,,,OPEN_INSUFFICIENT_DAYS,1367.0,53.38645418326693,23.16905008367099,27.172542844011723,26.01065429507729,17.711842,4.1857915,950.345545,124015116288.0,2025-08-06
2026-09-25,3964.T,,8,0,50,2026-09-28 00:00:00,1368.0,,,,,,OPEN_INSUFFICIENT_DAYS,1367.0,53.38645418326693,23.16905008367099,27.172542844011723,26.01065429507729,17.711842,4.1857915,950.345545,124015116288.0,2025-08-06
2026-09-25,3964.T,,8,0,60,2026-09-28 00:00:00,1368.0,,,,,,OPEN_INSUFFICIENT_DAYS,1367.0,53.38645418326693,23.16905008367099,27.172542844011723,26.01065429507729,17.711842,4.1857915,950.345545,124015116288.0,2025-08-06
2026-09-25,7956.T,,8,0,5,2026-09-28 00:00:00,2052.5,,,,,,OPEN_INSUFFICIENT_DAYS,2040.0,40.86538461538461,21.44200888919304,27.94524015007889,20.686040800539462,26.617954,2.852094,2026.96721,243682803712.0,2026-11-05
2026-09-25,7956.T,,8,0,10,2026-09-28 00:00:00,2052.5,,,,,,OPEN_INSUFFICIENT_DAYS,2040.0,40.86538461538461,21.44200888919304,27.94524015007889,20.686040800539462,26.617954,2.852094,2026.96721,243682803712.0,2026-11-05
2026-09-25,7956.T,,8,0,20,2026-09-28 00:00:00,2052.5,,,,,,OPEN_INSUFFICIENT_DAYS,2040.0,40.86538461538461,21.44200888919304,27.94524015007889,20.686040800539462,26.617954,2.852094,2026.96721,243682803712.0,2026-11-05
2026-09-25,7956.T,,8,0,40,2026-09-28 00:00:00,2052.5,,,,,,OPEN_INSUFFICIENT_DAYS,2040.0,40.86538461538461,21.44200888919304,27.94524015007889,20.686040800539462,26.617954,2.852094,2026.96721,243682803712.0,2026-11-05
2026-09-25,7956.T,,8,0,50,2026-09-28 00:00:00,2052.5,,,,,,OPEN_INSUFFICIENT_DAYS,2040.0,40.86538461538461,21.44200888919304,27.94524015007889,20.686040800539462,26.617954,2.852094,2026.96721,243682803712.0,2026-11-05
2026-09-25,7956.T,,8,0,60,2026-09-28 00:00:00,2052.5,,,,,,OPEN_INSUFFICIENT_DAYS,2040.0,40.86538461538461,21.44200888919304,27.94524015007889,20.686040800539462,26.617954,2.852094,2026.96721,243682803712.0,2026-11-05
2026-09-25,9031.T,,8,0,5,2026-09-28 00:00:00,3104.2151162790697,,,,,,OPEN_INSUFFICIENT_DAYS,3125.0,49.58904109589041,20.507487755796877,18.273307768796663,13.52667228684028,7.391027,0.8102412,871.78047,236064604160.0,2026-11-06
2026-09-25,9031.T,,8,0,10,2026-09-28 00:00:00,3104.2151162790697,,,,,,OPEN_INSUFFICIENT_DAYS,3125.0,49.58904109589041,20.507487755796877,18.273307768796663,13.52667228684028,7.391027,0.8102412,871.78047,236064604160.0,2026-11-06
2026-09-25,9031.T,,8,0,20,2026-09-28 00:00:00,3104.2151162790697,,,,,,OPEN_INSUFFICIENT_DAYS,3125.0,49.58904109589041,20.507487755796877,18.273307768796663,13.52667228684028,7.391027,0.8102412,871.78047,236064604160.0,2026-11-06
2026-09-25,9031.T,,8,0,40,2026-09-28 00:00:00,3104.2151162790697,,,,,,OPEN_INSUFFICIENT_DAYS,3125.0,49.58904109589041,20.507487755796877,18.273307768796663,13.52667228684028,7.391027,0.8102412,871.78047,236064604160.0,2026-11-06
2026-09-25,9031.T,,8,0,50,2026-09-28 00:00:00,3104.2151162790697,,,,,,OPEN_INSUFFICIENT_DAYS,3125.0,49.58904109589041,20.507487755796877,18.273307768796663,13.52667228684028,7.391027,0.8102412,871.78047,236064604160.0,2026-11-06
2026-09-25,9031.T,,8,0,60,2026-09-28 00:00:00,3104.2151162790697,,,,,,OPEN_INSUFFICIENT_DAYS,3125.0,49.58904109589041,20.507487755796877,18.273307768796663,13.52667228684028,7.391027,0.8102412,871.78047,236064604160.0,2026-11-06
2026-09-28,8923.T,,8,0,5,2026-09-29 00:00:00,1765.0,,,,,,OPEN_INSUFFICIENT_DAYS,1765.0,52.91479820627803,20.10049945207091,27.55674353542592,19.966024600884595,10.57773,1.5398145,344.29491,171215765504.0,2025-07-07
2026-09-28,8923.T,,8,0,10,2026-09-29 00:00:00,1765.0,,,,,,OPEN_INSUFFICIENT_DAYS,1765.0,52.91479820627803,20.10049945207091,27.55674353542592,19.966024600884595,10.57773,1.5398145,344.29491,171215765504.0,2025-07-07
2026-09-28,8923.T,,8,0,20,2026-09-29 00:00:00,1765.0,,,,,,OPEN_INSUFFICIENT_DAYS,1765.0,52.91479820627803,20.10049945207091,27.55674353542592,19.966024600884595,10.57773,1.5398145,344.29491,171215765504.0,2025-07-07
2026-09-28,8923.T,,8,0,40,2026-09-29 00:00:00,1765.0,,,,,,OPEN_INSUFFICIENT_DAYS,1765.0,52.91479820627803,20.10049945207091,27.55674353542592,19.966024600884595,10.57773,1.5398145,344.29491,171215765504.0,2025-07-07
2026-09-28,8923.T,,8,0,50,2026-09-29 00:00:00,1765.0,,,,,,OPEN_INSUFFICIENT_DAYS,1765.0,52.91479820627803,20.10049945207091,27.55674353542592,19.966024600884595,10.57773,1.5398145,344.29491,171215765504.0,2025-07-07
2026-09-28,8923.T,,8,0,60,2026-09-29 00:00:00,1765.0,,,,,,OPEN_INSUFFICIENT_DAYS,1765.0,52.91479820627803,20.10049945207091,27.55674353542592,19.966024600884595,10.57773,1.5398145,344.29491,171215765504.0,2025-07-07
