score,gc_multi,rsi,macd_buy_like,vol_surge,vol_quiet,vol_down,hurst,close,close_adj,adv20,adv20_m,hh252,pct_of_52w_high,max_dd_252,dev200,atr14,natr14,pullback_20d,pullback_60d,adx14,plus_di14,minus_di14,skip_reason,sell_score,sell_reason,sell_trend_break,sell_cross_sma25_down,sell_macd_sell_like,sell_rsi_reversal,sell_trailing_stop,sell_ext_dev200,sell_di_bear,sell_vol_distribution,sell_natr_spike,ticker,price_date,bar_is_current,skip_reason_yahoo,mkt_price,pe_ttm,pbr,eps_ttm,bps,market_cap,earn_ts,earn_start_ts,earn_end_ts,market_risk_on,market_close,market_ma200,fund_ok,earn_ts_pick,next_earn_date,days_to_earnings
8,True,46.648044692737436,True,False,True,True,0.3887179836089353,3540.0,3540.0,1905906910.0,1905.90691,3649.0,0.9701288024116196,-0.21299629568581868,0.06745996337170213,54.53004706523723,1.540396809752464,-0.012276785714285698,-0.02960526315789469,20.092172559721494,31.877220762877982,15.174374321878512,,0,,False,False,False,False,False,False,False,False,False,9041.T,2026-09-15,True,,3540.0,12.525653,1.0833149,282.62,3267.748,673125105664.0,1786343400.0,1794551400.0,1794551400.0,True,,,True,1794551400.0,2026-11-13,43.0
7,True,45.703839122486286,True,False,True,True,0.29450194275353575,6381.0,6381.0,7485492715.0,7485.492715,7172.0,0.8897099832682654,-0.12409369771332956,0.04806493414433266,120.4802626140918,1.8881094282101833,-0.017703201970443394,-0.11029001673173455,18.69201794113656,23.872474717013468,21.588613750814446,,0,,False,False,False,False,False,False,False,False,False,9735.T,2026-09-15,True,,6381.0,23.089449,1.9579625,276.36,3259.0,2545567662080.0,1794378600.0,1794378600.0,1794378600.0,True,,,True,1794378600.0,2026-11-11,41.0
7,True,45.46742209631728,False,False,True,True,0.43341862682575294,3011.0,3011.0,5373628125.0,5373.628125,3167.8994140625,0.9504720972623014,-0.22882652487153698,0.06775183999112921,50.60194935919089,1.6805695569309493,-0.016655780535597686,-0.03307642903018626,8.473202815680414,26.41826167633304,21.697805271756025,,0,,False,False,False,False,False,False,False,False,False,9201.T,2026-09-15,True,,3011.0,9.811333,0.894201,306.89,3367.252,1294211219456.0,1793601000.0,1793601000.0,1793601000.0,True,,,True,1793601000.0,2026-11-02,34.0
7,True,40.11220196353435,False,False,True,False,0.24574013480894655,1619.5,1619.5,3839368462.5,3839.3684625,1745.5,0.9278143798338585,-0.290870396279856,0.12131145693199974,40.0377294090114,2.472227811609225,-0.0721856201661415,-0.0721856201661415,23.688486538452374,28.276631618793026,26.057228643589,,0,,False,False,False,False,False,False,False,False,False,7752.T,2026-09-15,True,,1619.5,16.583042,0.7757605,97.66,2087.629,906411180032.0,1785738600.0,1793860200.0,1793860200.0,True,,,True,1793860200.0,2026-11-05,37.0
7,True,50.0,True,False,True,True,0.3807329893820414,2057.0,2057.0,1910104000.0,1910.104,2173.5,0.9463998159650333,-0.13782788771283938,0.030786583358606734,38.27105880969785,1.8605278954641635,-0.012007684918347694,-0.05360018403496669,10.835695819371614,24.648555751175664,18.06105139337376,,0,,False,False,False,False,False,False,False,False,False,2002.T,2026-09-15,True,,2057.0,18.13933,1.1150701,113.4,1844.727,575166676992.0,1793169000.0,1793169000.0,1793169000.0,True,,,True,1793169000.0,2026-10-28,31.0
7,True,46.97986577181208,True,False,True,True,0.2480090544880547,1574.5,1574.5,1039081695.0,1039.081695,1651.5,0.953375719043294,-0.11909146715776553,0.032148372186337815,22.5553925987856,1.4325431945878435,-0.007250945775535977,-0.04662428095670601,10.72157229363763,22.423594823651648,17.05762735145378,,0,,False,False,False,False,False,False,False,False,False,9006.T,2026-09-15,True,,1574.5,15.455973,1.110308,101.87,1418.075,414890950656.0,1785911400.0,1794292200.0,1794292200.0,True,,,True,1794292200.0,2026-11-10,40.0
7,True,50.709219858156025,True,True,False,True,0.3878514571219851,1897.5,1897.5,990035295.0,990.035295,1994.5,0.9513662572073202,-0.13736715205249883,0.07097006873110367,25.089477198646016,1.322238587543927,-0.0060240963855421326,-0.048633742792679846,10.801860637731549,25.06775200421799,16.871076166773314,,0,,False,False,False,False,False,False,False,False,False,9048.T,2026-09-15,True,,1897.5,18.234673,0.749173,104.06,2532.793,372157186048.0,1786343400.0,1793946600.0,1793946600.0,True,,,True,1793946600.0,2026-11-06,38.0
7,True,42.36111111111111,False,False,True,True,0.34438160056902295,5460.0,5460.0,888397600.0,888.3976,5890.0,0.9269949066213922,-0.1994275319397003,0.1417953814000652,168.74107676470072,3.0904959114414052,-0.07300509337860783,-0.07300509337860783,26.858033928067258,25.534402628828097,25.37079355852422,,1,macd_sell_like,False,False,True,False,False,False,False,False,False,3097.T,2026-09-15,True,,5460.0,24.066647,4.4466014,226.87,1227.904,209666441216.0,1794551400.0,1794551400.0,1794551400.0,True,,,True,1794551400.0,2026-11-13,43.0
7,True,54.987212276214834,True,False,True,True,0.38204002060073805,4498.0,4498.0,774502785.0,774.502785,4591.0,0.979742975386626,-0.10797260400927322,0.04309864543365993,61.40781175609773,1.3652248056046628,-0.0004444444444444695,-0.020257024613373975,10.220515533054755,23.24598384923985,17.498383522003447,,0,,False,False,False,False,False,False,False,False,False,8424.T,2026-09-15,True,,4498.0,18.839003,0.79386276,238.76,5665.967,405726265344.0,1793946600.0,1793946600.0,1793946600.0,True,,,True,1793946600.0,2026-11-06,38.0
7,True,46.97105377857854,True,False,True,True,0.2274624344921796,1880.0,1880.0,727709220.0,727.70922,2002.6407470703125,0.9387604854990965,-0.127926304337053,0.013155630772920812,31.26381183830156,1.6629687148032746,-0.012490574361236684,-0.0471573867334093,11.482196045951575,20.651022451078177,20.022275210424628,,0,,False,False,False,False,False,False,False,False,False,9842.T,2026-09-15,True,,1880.0,14.528594,0.9249024,129.4,2032.647,118107267072.0,,1751522400.0,1751868000.0,True,,,True,1751522400.0,2025-07-03,-313.0
7,True,55.511811023622045,True,True,False,True,0.47334071867065175,3128.0,3128.0,638205205.0,638.205205,3245.0,0.9639445300462249,-0.15780525502318388,0.06412044149401219,59.382815474138155,1.898427604671936,-0.006668783740870099,-0.036055469953775066,20.336006327422634,23.21098486720364,11.78996331347282,,1,vol_distribution,False,False,False,False,False,False,False,True,False,9031.T,2026-09-15,True,,3128.0,7.4017982,0.81101906,422.6,3856.876,236291227648.0,1793946600.0,1793946600.0,1793946600.0,True,,,True,1793946600.0,2026-11-06,38.0
7,True,52.51798561151079,True,False,False,False,0.3001028477389594,1753.0,1753.0,574925110.0,574.92511,1902.0,0.9216614090431126,-0.3069386165368785,0.0705758137712107,43.874356582317084,2.50281554947616,-0.036283672347443674,-0.036283672347443674,13.000926851369169,26.54685050079394,16.94119384785034,,0,,False,False,False,False,False,False,False,False,False,5423.T,2026-09-15,True,,1753.0,15.582222,0.8222168,112.5,2132.041,178098044928.0,1792737000.0,1792737000.0,1792737000.0,True,,,True,1792737000.0,2026-10-23,28.0
7,True,50.70422535211267,False,False,True,True,0.388100904835554,3730.0,3730.0,518034450.0,518.03445,4005.0,0.9313358302122348,-0.10986267166042452,0.0995036527683455,76.74583250287904,2.0575290215249074,-0.022280471821756187,-0.06866416978776524,20.761675621195185,24.313124391562358,17.678674014743134,,1,macd_sell_like,False,False,True,False,False,False,False,False,False,2270.T,2026-09-15,True,,3730.0,7.10774,0.91896164,524.78,4058.929,222215290880.0,1794292200.0,1794292200.0,1794292200.0,True,,,True,1794292200.0,2026-11-10,40.0
7,True,53.846153846153854,True,False,True,True,0.4701403064965398,3825.0,3825.0,456276425.0,456.276425,4239.23388671875,0.9022856728861981,-0.12955970380390303,0.013254480932118451,68.33914536082295,1.7866443231587699,-0.016709511568123392,-0.06707317073170727,17.755373746617952,23.289065508499263,17.19332171350479,,0,,False,False,False,False,False,False,False,False,False,1926.T,2026-09-15,True,,3825.0,13.26283,1.8595538,288.4,2056.945,157026959360.0,,1754377200.0,1754982000.0,True,,,True,1754377200.0,2025-08-05,-290.0
7,True,45.45454545454546,False,False,True,True,0.4241119558479542,4145.0,4145.0,385916350.0,385.91635,4275.0,0.9695906432748538,-0.12816796519492368,0.07790894996570485,70.91161228339519,1.710774723362972,-0.03040935672514622,-0.03040935672514622,24.592698018920625,23.686162840313486,16.09745684876299,,0,,False,False,False,False,False,False,False,False,False,9303.T,2026-09-15,True,,4145.0,17.953049,1.0004708,230.88,4143.05,313807896576.0,1786084200.0,1793860200.0,1793860200.0,True,,,True,1793860200.0,2026-11-05,37.0
7,True,41.25000000000001,False,False,True,True,0.31053015857007754,4375.0,4375.0,377469125.0,377.469125,4565.0654296875,0.9583652342743068,-0.12770564368023374,0.03824565592107909,61.01277541470321,1.3945777237646448,-0.03314917127071826,-0.03314917127071826,21.16454224045805,23.250404514841144,17.60846879250168,,0,,False,False,False,False,False,False,False,False,False,1377.T,2026-09-15,True,,4375.0,15.390839,1.0359912,284.26,4223.009,184365613056.0,1791268200.0,1791268200.0,1791268200.0,True,,,True,1791268200.0,2026-10-06,15.0
7,True,36.76470588235295,False,False,True,True,0.4872394939244414,4820.0,4820.0,367903000.0,367.903,5040.0,0.9563492063492064,-0.15754900966144403,0.05406454505196523,65.87677076430097,1.3667379826618458,-0.02429149797570851,-0.04365079365079361,20.45697046653474,26.320722947456552,21.01339294315748,,0,,False,False,False,False,False,False,False,False,False,4928.T,2026-09-15,True,,4820.0,20.326403,3.2270827,237.13,1493.609,164632920064.0,1794292200.0,1794292200.0,1794292200.0,True,,,True,1794292200.0,2026-11-10,40.0
7,True,44.881889763779526,True,False,False,True,0.2265588085175779,2268.0,2268.0,306535220.0,306.53522,2524.0,0.8985736925515055,-0.13589540412044376,0.052193076223450596,42.2457021033699,1.8626852779263625,-0.017331022530329254,-0.10142630744849446,10.413290854290224,23.97703790936366,15.828058168055753,,0,,False,False,False,False,False,False,False,False,False,3191.T,2026-09-15,True,,2268.0,15.193943,1.0811538,149.27,2097.759,136700239872.0,,1753941600.0,1754287200.0,True,,,True,1753941600.0,2025-07-31,-293.0
7,True,49.44444444444445,False,False,True,False,0.23227166090925186,1443.0,1443.0,292276785.0,292.276785,1479.0,0.9756592292089249,-0.11732107956299875,0.05483779128455035,23.180343937758593,1.6063994412861118,-0.024340770791075106,-0.024340770791075106,20.15389506225908,21.563621616956294,21.4291671007001,,1,macd_sell_like,False,False,True,False,False,False,False,False,False,6345.T,2026-09-15,True,,1443.0,14.319738,1.249817,100.77,1154.569,93159112704.0,,1753339200.0,1753684800.0,True,,,True,1753339200.0,2025-07-24,-298.0
7,True,44.767112228897886,True,False,True,True,0.5113577389151708,1199.0,1199.0,283112765.0,283.112765,1386.277099609375,0.8649064464369022,-0.2425171752047368,0.016159986437292995,27.792066096438,2.3179371223050875,-0.02466535519273272,-0.13509355356309782,21.365368176420468,27.028924308939057,23.17446113444217,,0,,False,False,False,False,False,False,False,False,False,7818.T,2026-09-15,True,,1199.0,16.15903,3.1047215,74.2,386.186,67795283968.0,,1752040800.0,1752472800.0,True,,,True,1752040800.0,2025-07-09,-309.0
7,True,40.16064257028112,True,False,True,True,0.3377095823124397,1776.0,1776.0,261716500.0,261.7165,1899.0,0.9352290679304898,-0.18422504368919645,0.02023585353355184,31.44268073810012,1.7704212127308625,-0.04051863857374394,-0.06477093206951023,26.608539984212552,23.438277092199893,24.108211482057555,,1,di_bear,False,False,False,False,False,False,True,False,False,8771.T,2026-09-15,True,,1776.0,23.02606,4.025057,77.13,441.236,79011872768.0,1794551400.0,1794551400.0,1794551400.0,True,,,True,1794551400.0,2026-11-13,43.0
7,True,41.06463878326996,False,False,True,True,0.35728654018253964,2393.0,2393.0,231468275.0,231.468275,2679.690673828125,0.8930135195721798,-0.20522251568032945,0.028945538260974013,46.30674033813959,1.9350915310547259,-0.023265306122448925,-0.023265306122448925,18.141786300167375,14.690417727186897,23.01257640345065,,0,,False,False,False,False,False,False,False,False,False,9830.T,2026-09-15,True,,2393.0,9.656981,0.8162327,247.8,2931.762,157778198528.0,1793341800.0,1793341800.0,1793341800.0,True,,,True,1793341800.0,2026-10-30,33.0
7,True,43.88984509466437,True,False,True,True,0.42757077451515935,1955.0,1955.0,212290455.0,212.290455,2228.0,0.8774685816876122,-0.3242966133352916,0.10611040846247,78.37173760289105,4.008784532117189,-0.035044422507403805,-0.12253141831238779,13.892112196421083,18.40100918421265,24.070281811880598,,0,,False,False,False,False,False,False,False,False,False,6638.T,2026-09-15,True,,1955.0,8.387319,1.3785614,233.09,1418.145,56621461504.0,,1754373600.0,1754978400.0,True,,,True,1754373600.0,2025-08-05,-290.0
6,True,46.312178387650086,False,False,True,True,0.31523215004436805,5221.0,5221.0,49650304550.0,49650.30455,5784.69091796875,0.9025547041385081,-0.22830794880783367,0.04241476647703224,147.30379732673137,2.8213713335899513,-0.05927927927927923,-0.09467660828853819,15.62948927628136,26.023072953135586,24.991934054241067,,0,,False,False,False,False,False,False,False,False,False,6501.T,2026-09-15,True,,5221.0,29.532215,3.5621376,176.79,1465.693,23369929981952.0,1785306600.0,1793255400.0,1793255400.0,True,,,True,1793255400.0,2026-10-29,32.0
6,True,50.36023105444976,False,False,True,False,0.5175045697948788,678.0,678.0,26028321644.15985,26028.321644159852,704.5999755859375,0.9622481173607518,-0.22365269014896305,0.11266217961597658,16.14959891200261,2.381946742183276,-0.037751882639248224,-0.037751882639248224,38.27688118801529,32.21077825429283,20.704390153126074,,1,macd_sell_like,False,False,True,False,False,False,False,False,False,5401.T,2026-09-15,True,,678.0,206.70732,0.6286964,3.28,1078.422,3543427186688.0,1785825000.0,1793773800.0,1793773800.0,True,,,True,1793773800.0,2026-11-04,36.0
6,True,37.45364647713226,False,False,True,True,0.3805958711906257,6780.0,6780.0,21428434185.0,21428.434185,7135.0,0.9502452697967765,-0.0819773526384705,0.13050550883190182,117.95524801372756,1.7397529205564537,-0.03829787234042559,-0.04975473020322352,24.056383631370917,21.009522900185292,29.242145666314084,,1,di_bear,False,False,False,False,False,False,True,False,False,2914.T,2026-09-15,True,,6780.0,20.21226,2.7395535,335.44,2474.856,12036924768256.0,1785393000.0,1793255400.0,1793255400.0,True,,,True,1793255400.0,2026-10-29,32.0
6,True,50.94117647058823,False,False,True,False,0.4156420576193734,1770.0,1770.0,18436515705.0,18436.515705,1924.75,0.9195999480452006,-0.21340433822574356,0.13383437717161129,51.79936749464654,2.9265179375506523,-0.054234571199572534,-0.054234571199572534,26.837528267031733,22.06856050527329,21.344046159760133,,1,macd_sell_like,False,False,True,False,False,False,False,False,False,8053.T,2026-09-15,True,,1770.0,14.189514,1.7713268,124.74,999.251,8366658682880.0,1785479400.0,1793255400.0,1793255400.0,True,,,True,1793255400.0,2026-10-29,32.0
6,True,46.47342995169082,False,False,True,True,0.26592366612933677,6800.0,6800.0,14431117320.0,14431.11732,7361.0,0.9237875288683602,-0.13473193473193468,0.13263983799925527,150.7811195513123,2.217369405166357,-0.024110218140068862,-0.07621247113163976,14.601372987104298,29.354496462105462,21.06777965776781,,0,,False,False,False,False,False,False,False,False,False,8630.T,2026-09-15,True,,6800.0,27.107832,1.1407404,250.85,5961.041,6030136180736.0,1795069800.0,1795069800.0,1795069800.0,True,,,True,1795069800.0,2026-11-19,47.0
6,True,35.34246575342466,False,False,True,True,0.3560094865759535,4425.0,4425.0,13892352730.0,13892.35273,4836.39306640625,0.9149380414789278,-0.1874619444674689,0.0018789896408584195,80.91489367207855,1.8285851677305887,-0.06842105263157894,-0.06842105263157894,23.226586886107075,24.78570967149739,28.691095373938087,,1,di_bear,False,False,False,False,False,False,True,False,False,7751.T,2026-09-15,True,,4425.0,11.185259,1.078786,395.61,4101.833,3734492676096.0,1785133800.0,1792996200.0,1792996200.0,True,,,True,1792996200.0,2026-10-26,29.0
6,True,37.5736160188457,False,False,True,True,0.535979391748113,2315.0,2315.0,13858819877.5,13858.8198775,2657.5,0.8711194731890874,-0.2071495766698025,0.021696214884243004,51.130357184354054,2.2086547379850563,-0.043586035942986934,-0.043586035942986934,18.605974598869746,30.397175622851368,31.865237180385385,,0,,False,False,False,False,False,False,False,False,False,4503.T,2026-09-15,True,,2315.0,14.262831,2.1366436,162.31,1083.475,4150826893312.0,1785911400.0,1793255400.0,1793255400.0,True,,,True,1793255400.0,2026-10-29,32.0
6,True,48.163548163548164,False,False,True,False,0.3407866360642705,2767.0,2767.0,13689686900.0,13689.6869,3211.365234375,0.8616273136364438,-0.25154229758931135,0.05453386170606889,92.1384835814225,3.32990544204635,-0.0861955085865258,-0.0861955085865258,16.644635800606196,24.755978658224773,25.91080946916501,,2,macd_sell_like;trailing_stop,False,False,True,False,True,False,False,False,False,6326.T,2026-09-15,True,,2767.0,11.739001,1.115202,235.71,2481.165,3116727795712.0,1785825000.0,1793946600.0,1793946600.0,True,,,True,1793946600.0,2026-11-06,38.0
6,True,41.67300380228137,False,False,True,False,0.43018222534042,5624.0,5624.0,13442537300.0,13442.5373,6900.181640625,0.8150510077718176,-0.2881346816900483,0.046265863547111596,180.55700919974515,3.210473136553079,-0.06733001658374793,-0.06733001658374793,16.888140777138723,23.529737636229697,24.507039528938382,,1,macd_sell_like,False,False,True,False,False,False,False,False,False,6305.T,2026-09-15,True,,5624.0,16.341711,1.2996995,344.15,4327.154,1195531960320.0,1785393000.0,1793082600.0,1793082600.0,True,,,True,1793082600.0,2026-10-27,30.0
6,True,52.610441767068274,False,False,True,False,0.4104419714153008,2642.0,2642.0,10566983170.0,10566.98317,3120.0,0.8467948717948718,-0.42503816793893134,0.09406834407248499,104.69653979236438,3.96277591946875,-0.060455192034139404,-0.06145648312611007,15.049838574314975,18.33130599680568,21.258674351858584,,1,cross_sma25_down,False,True,False,False,False,False,False,False,False,6594.T,2026-09-15,True,,2642.0,25.193096,1.721315,104.87,1534.873,3028550680576.0,,1784097000.0,1784097000.0,True,,,True,1784097000.0,2026-07-15,-44.0
6,True,28.23691460055096,False,False,True,True,0.5195384761958858,1975.0,1975.0,9472216180.0,9472.21618,2187.0,0.903063557384545,-0.38067104991860845,0.11042236812328787,53.95252926105695,2.731773633471238,-0.09693644261545498,-0.09693644261545498,25.529067539870454,25.12924424867401,25.08620309015448,,1,trailing_stop,False,False,False,False,True,False,False,False,False,7733.T,2026-09-15,True,,1975.0,32.28707,2.8066096,61.17,703.696,2099134070784.0,1794292200.0,1794292200.0,1794292200.0,True,,,True,1794292200.0,2026-11-10,40.0
6,True,47.31117824773415,False,False,True,False,0.271560029308083,2889.0,2889.0,9148824967.5,9148.8249675,3250.0,0.8889230769230769,-0.1812307692307692,0.09039866919020323,93.39279921385611,3.2327033303515442,-0.05742251223491024,-0.11107692307692307,15.802610329854826,24.825685108273362,24.74169905972165,,2,cross_sma25_down;macd_sell_like,False,True,True,False,False,False,False,False,False,9502.T,2026-09-15,True,,2889.0,9.582725,0.68870676,301.48,4194.819,2182331891712.0,1785306600.0,1793082600.0,1793082600.0,True,,,True,1793082600.0,2026-10-27,30.0
6,True,40.96774193548387,False,False,True,False,0.3416359353712132,1147.5,1147.5,8355545215.0,8355.545215,1351.4073486328125,0.8491148143902718,-0.2667643657432135,0.004758884329964186,33.93475880416518,2.957277455700669,-0.097877358490566,-0.097877358490566,16.765186270347957,21.33373751927586,24.22909868524295,,1,trailing_stop,False,False,False,False,True,False,False,False,False,7261.T,2026-09-15,True,,1147.5,20.642202,0.37735897,55.59,3040.871,724038320128.0,1785825000.0,1793860200.0,1793860200.0,True,,,True,1793860200.0,2026-11-05,37.0
6,True,37.36111111111111,False,False,True,True,0.2603657998748982,2197.5,2197.5,7383726045.0,7383.726045,2294.0,0.9579337401918047,-0.21289102142924432,0.1312905422441062,52.68074944495921,2.397303729008383,-0.04164849542084603,-0.04206625980819534,9.476241310756151,20.041323736852018,23.606030053631592,,1,macd_sell_like,False,False,True,False,False,False,False,False,False,8697.T,2026-09-15,True,,2197.5,37.42974,6.981266,58.71,314.771,2238024515584.0,1793082600.0,1793082600.0,1793082600.0,True,,,True,1793082600.0,2026-10-27,30.0
6,True,35.85434173669468,False,False,True,True,0.36922612255971804,2976.0,2976.0,6231418282.5,6231.4182825,3328.84814453125,0.8940029315813275,-0.21849844539354046,0.0037175562358271463,44.986339955915675,1.511637767335876,-0.032824179395515074,-0.07606333436820867,19.914703609621498,17.607984055561534,24.79946420095803,,0,,False,False,False,False,False,False,False,False,False,9202.T,2026-09-15,True,,2976.0,9.266986,0.9285352,321.14,3205.048,1277869817856.0,1793255400.0,1793255400.0,1793255400.0,True,,,True,1793255400.0,2026-10-29,32.0
6,True,44.64285714285714,False,False,True,True,0.5250085419662401,4767.0,4767.0,5337622810.0,5337.62281,5163.0,0.9233004067402673,-0.2789076118535735,0.04183647929335499,99.50464655427373,2.0873640980548296,-0.03929866989117292,-0.06712328767123288,14.169237207998261,29.53205855538895,22.38082896902132,,0,,False,False,False,False,False,False,False,False,False,4523.T,2026-09-15,True,,4767.0,34.89751,1.4822674,136.6,3216.019,1345418952704.0,1794292200.0,1794292200.0,1794292200.0,True,,,True,1794292200.0,2026-11-10,40.0
6,True,41.45454545454545,False,False,True,True,0.45973933689569374,1384.0,1384.0,5117909877.5,5117.9098775,1518.0,0.9117259552042161,-0.17012858555885257,0.01039426823391576,21.095200972004754,1.524219723410748,-0.02259887005649719,-0.08827404479578393,13.42859789673574,19.261759418222788,25.737307081955695,,1,macd_sell_like,False,False,True,False,False,False,False,False,False,8593.T,2026-09-15,True,,1384.0,14.574558,0.98757607,94.96,1401.411,1984378699776.0,1794465000.0,1794465000.0,1794465000.0,True,,,True,1794465000.0,2026-11-12,42.0
6,True,42.37288135593221,False,False,True,True,0.33739175957589856,1226.5,1226.5,4869567907.5,4869.5679075,1373.5,0.8929741536221333,-0.21716418191700593,0.06648402508420226,31.24837628072188,2.5477681435566146,-0.06836308393467527,-0.10702584637786672,17.55870813803075,15.891094751053306,23.738095923835616,,0,,False,False,False,False,False,False,False,False,False,3402.T,2026-09-15,True,,1226.5,23.198412,0.98319155,52.87,1247.468,1786596163584.0,1785997800.0,1794551400.0,1794551400.0,True,,,True,1794551400.0,2026-11-13,43.0
6,True,49.63680387409201,False,False,True,False,0.44055087604531495,2119.5,2119.5,4666791455.0,4666.791455,2353.532470703125,0.9005611889292494,-0.24546779696286403,0.022054302698423234,65.60412823736067,3.09526436599956,-0.08642241379310345,-0.08642241379310345,13.799199594544708,20.133364394274206,24.913501623271507,,1,trailing_stop,False,False,False,False,True,False,False,False,False,4183.T,2026-09-15,True,,2119.5,23.128546,0.87739813,91.64,2415.665,766278107136.0,1794378600.0,1794378600.0,1794378600.0,True,,,True,1794378600.0,2026-11-11,41.0
6,True,45.64102564102564,False,False,True,True,0.5624534005747119,3323.0,3323.0,4651660970.0,4651.66097,3798.0,0.8749341758820431,-0.23091100579252233,0.023641820857422724,61.30671365306538,1.8449206636492739,-0.012481426448736954,-0.07720077756178845,12.693938051155635,23.238007835778955,18.04366317688475,,0,,False,False,False,False,False,False,False,False,False,1878.T,2026-09-15,True,,3323.0,11.113712,2.1905828,299.0,1516.948,1082408370176.0,1793341800.0,1793341800.0,1793341800.0,True,,,True,1793341800.0,2026-10-30,33.0
6,True,37.006599420969586,False,False,True,True,0.35236967187064416,961.0,961.0,4553335639.607849,4553.335639607849,1082.295654296875,0.8879274310902818,-0.45623484670088843,0.021467468185957683,20.17249347673956,2.099114825883409,-0.04235176880916791,-0.08519752498810096,13.826408142950084,25.678003717414093,25.98173412502287,,0,,False,False,False,False,False,False,False,False,False,8113.T,2026-09-15,True,,961.0,25.805584,2.0375798,37.24,471.638,1653689024512.0,1793946600.0,1793946600.0,1793946600.0,True,,,True,1793946600.0,2026-11-06,38.0
6,True,42.199194012665515,False,False,True,False,0.34775033886684376,5569.0,5569.0,4374053365.0,4374.053365,6196.6748046875,0.8987078030603296,-0.2504378372032001,0.09364354523395946,223.3891900592741,4.0112980797140265,-0.06716917922948074,-0.07152384128042677,13.478316982847309,18.136535647810597,29.403863159996106,,0,,False,False,False,False,False,False,False,False,False,6302.T,2026-09-15,True,,5569.0,16.435001,0.9423827,338.85,5909.489,660491272192.0,1793341800.0,1793341800.0,1793341800.0,True,,,True,1793341800.0,2026-10-30,33.0
6,True,48.913043478260875,False,False,True,True,0.5509622777290063,8090.0,8090.0,3925194100.0,3925.1941,8590.0,0.9417927823050058,-0.17345750873108268,0.08209318129934329,152.6938741350156,1.887439729728252,-0.020581113801452777,-0.020581113801452777,17.280280650734916,24.80086108705796,19.668671540142117,,1,macd_sell_like,False,False,True,False,False,False,False,False,False,2702.T,2026-09-15,True,,8090.0,29.28931,3.675313,276.21,2201.173,1075635552256.0,1786084200.0,1793946600.0,1793946600.0,True,,,True,1793946600.0,2026-11-06,38.0
6,True,52.7027027027027,False,False,True,True,0.45455260538630676,2996.0,2996.0,3614029040.0,3614.02904,3277.98291015625,0.913976699121104,-0.3489217231450731,0.02980029041352439,67.07524961713425,2.2388267562461364,-0.029163966299416755,-0.03261220536002585,18.833109798522052,32.18666716574411,17.17490379771476,,0,,False,False,False,False,False,False,False,False,False,2897.T,2026-09-15,True,,2996.0,19.16704,1.6351409,156.31,1832.258,858587922432.0,1794378600.0,1794378600.0,1794378600.0,True,,,True,1794378600.0,2026-11-11,41.0
6,True,42.55319148936171,False,False,True,True,0.36655685642812724,4666.0,4666.0,3242270610.0,3242.27061,5111.0,0.9129328898454314,-0.16501516683518702,0.056796297747946145,86.76680780760034,1.8595543893613447,-0.02180293501048214,-0.08706711015456858,6.340934112497956,17.462330302063116,16.865143461658818,,0,,False,False,False,False,False,False,False,False,False,9042.T,2026-09-15,True,,4666.0,14.129974,0.9790655,330.22,4765.769,1076265746432.0,1793341800.0,1793341800.0,1793341800.0,True,,,True,1793341800.0,2026-10-30,33.0
6,True,47.27047146401985,False,False,True,True,0.11122175630171466,2853.0,2853.0,3237982850.0,3237.98285,3087.0,0.924198250728863,-0.3088608494516356,0.07355628175871698,56.20654030015516,1.9700855345305,-0.0408472012102874,-0.0408472012102874,9.658226547797602,24.842971794671303,17.12308980543041,,0,,False,False,False,False,False,False,False,False,False,2267.T,2026-09-15,True,,2853.0,18.931652,1.3650365,150.7,2090.054,818342658048.0,1794551400.0,1794551400.0,1794551400.0,True,,,True,1794551400.0,2026-11-13,43.0
6,True,36.218375499334215,False,False,True,True,0.27954413768372094,4600.0,4600.0,3057406845.0,3057.406845,4844.0,0.9496284062758051,-0.15630220576229126,0.06605074263310917,102.94093506563325,2.237846414470288,-0.0430622009569378,-0.05037159372419486,8.792711421698144,19.619569582294577,20.819937244277508,,0,,False,False,False,False,False,False,False,False,False,8253.T,2026-09-15,True,,4600.0,10.838832,0.8574631,424.4,5364.662,660898840576.0,1794551400.0,1794551400.0,1794551400.0,True,,,True,1794551400.0,2026-11-13,43.0
6,True,47.7393633750529,False,False,True,False,0.5364402118261581,293.5,293.5,2999962181.114044,2999.962181114044,304.29998779296875,0.9645087472027224,-0.2489274150259958,0.1385840286355693,7.250616560890031,2.4703974653799086,-0.035491252797277606,-0.035491252797277606,24.004937741236553,31.02781364829625,22.39481211488626,,0,,False,False,False,False,False,False,False,False,False,2181.T,2026-09-15,True,,293.5,15.302398,2.9568212,19.18,99.262,654696185856.0,1794378600.0,1794378600.0,1794378600.0,True,,,True,1794378600.0,2026-11-11,41.0
6,True,53.65853658536585,True,False,True,True,0.4297375479007325,1155.5,1155.5,2827433732.5,2827.4337325,1414.3402099609375,0.8169887215692705,-0.37408047404083233,0.007488561348486744,24.739224364002485,2.14099734868044,-0.013657703798548915,-0.056349530420579774,9.117919781100312,31.918110828149597,24.29003005563785,,0,,False,False,False,False,False,False,False,False,False,3092.T,2026-09-15,True,,1155.5,21.334934,10.33311,54.16,111.825,1005944569856.0,1793255400.0,1793255400.0,1793255400.0,True,,,True,1793255400.0,2026-10-29,32.0
6,True,43.08942148090501,False,False,True,True,0.6000982192929765,869.7999877929688,869.7999877929688,2752768925.2731323,2752.7689252731325,967.4888305664062,0.8990284541928545,-0.2062957213009855,0.021350329804822987,13.54098772395063,1.5567932759242207,-0.024450413178446206,-0.029782501067519562,10.76120587591869,20.64166010841784,18.384491109202603,,0,,False,False,False,False,False,False,False,False,False,3861.T,2026-09-15,True,,869.8,14.23568,0.6812071,61.1,1276.851,738663989248.0,1785911400.0,1793946600.0,1793946600.0,True,,,True,1793946600.0,2026-11-06,38.0
6,True,36.79452403643955,False,False,True,True,0.5468159193051689,6700.0,6700.0,2736641500.0,2736.6415,8269.7158203125,0.8101850348403892,-0.2951048965445542,0.0925294568535262,241.5783317008692,3.605646741804018,-0.10427807486631013,-0.18981496515961083,19.244386214735854,18.85941980782316,28.402704419128384,,2,macd_sell_like;trailing_stop,False,False,True,False,True,False,False,False,False,7581.T,2026-09-15,True,,6700.0,27.249063,2.506787,245.88,2672.744,329161572352.0,1791959400.0,1791959400.0,1791959400.0,True,,,True,1791959400.0,2026-10-14,21.0
6,True,49.74554707379135,False,False,True,False,0.44563005269913536,1779.0,1779.0,2680661022.5,2680.6610225,1954.5,0.9102072141212586,-0.34620444773087944,0.06291838705059738,41.724814842823704,2.345408366656757,-0.06614173228346454,-0.0897927858787414,18.740910774090516,21.00643570624308,23.86615235778685,,0,,False,False,False,False,False,False,False,False,False,3405.T,2026-09-15,True,,1779.0,65.59734,0.7092668,27.12,2508.224,536007114752.0,1786084200.0,1794378600.0,1794378600.0,True,,,True,1794378600.0,2026-11-11,41.0
6,True,37.38738738738739,False,False,True,True,0.3067671409272774,1249.5,1249.5,2609846755.0,2609.846755,1406.0,0.8886913229018493,-0.22816794550479136,0.07574590771360135,29.167321362349643,2.3343194367626765,-0.0764966740576497,-0.11130867709815073,19.277665627786575,23.293752029738506,32.82084504804744,,0,,False,False,False,False,False,False,False,False,False,7951.T,2026-09-15,True,,1249.5,23.696188,1.1146189,52.73,1121.011,549651251200.0,1793860200.0,1793860200.0,1793860200.0,True,,,True,1793860200.0,2026-11-05,37.0
6,True,62.28239845261122,True,False,True,True,0.38180471495253043,2193.0,2193.0,2542298312.5,2542.2983125,2354.0,0.9316057774001699,-0.2448207129310559,0.10022865200259079,50.78572857421649,2.3158106964987,-0.01526717557251911,-0.06839422259983008,13.040610834898137,31.74106098156695,19.79286868095154,,0,,False,False,False,False,False,False,False,False,False,2871.T,2026-09-15,True,,2193.0,20.09714,1.9081213,109.12,1149.298,549603639296.0,1794292200.0,1794292200.0,1794292200.0,True,,,True,1794292200.0,2026-11-10,40.0
6,True,39.10969793322734,False,False,True,False,0.38290653563813903,5138.0,5138.0,2434552150.0,2434.55215,5581.0,0.9206235441677119,-0.2177278362589019,0.12437470433504427,146.74748696995977,2.8561208051763285,-0.07937645583228814,-0.07937645583228814,20.533242875542726,22.411455292267586,23.437469487161636,,1,di_bear,False,False,False,False,False,False,True,False,False,7282.T,2026-09-15,True,,5138.0,10.409871,1.036203,493.57,4958.488,602489094144.0,1793255400.0,1793255400.0,1793255400.0,True,,,True,1793255400.0,2026-10-29,32.0
6,True,40.046936921705885,False,False,True,True,0.4452551847300835,623.0999755859375,623.0999755859375,2309127415.7003784,2309.1274157003786,721.8002319335938,0.8632582091540021,-0.33629527375121293,0.025554066834050815,24.35922023919018,3.9093598449083187,-0.10474141438802087,-0.10474141438802087,17.333028399867597,23.798438986082243,27.021140632117675,,1,trailing_stop,False,False,False,False,True,False,False,False,False,4902.T,2026-09-15,True,,623.1,9.5935335,0.55972356,64.95,1113.228,307925843968.0,1785393000.0,1793773800.0,1793773800.0,True,,,True,1793773800.0,2026-11-04,36.0
6,True,44.08973252804142,False,False,True,False,0.3880023812176166,2345.5,2345.5,2207402620.0,2207.40262,2618.0,0.895912910618793,-0.1742177070833999,0.14965313624146837,64.8953662115334,2.7668030787266424,-0.10408708938120703,-0.10408708938120703,15.567139692372603,19.75704915552724,26.170004694423593,,1,trailing_stop,False,False,False,False,True,False,False,False,False,4205.T,2026-09-15,True,,2345.5,12.564281,1.1359543,186.68,2064.784,448800882688.0,1785306600.0,1793255400.0,1793255400.0,True,,,True,1793255400.0,2026-10-29,32.0
6,True,46.67832167832169,False,False,True,True,0.2652311209004565,4109.0,4109.0,2155290845.0,2155.290845,4386.0,0.936844505243958,-0.1823973499830821,0.06702751955003383,89.7030962718177,2.1830882519303407,-0.02120057170080991,-0.0352195351021366,10.761102926149086,26.7641483883791,21.362942265007224,,0,,False,False,False,False,False,False,False,False,False,4676.T,2026-09-15,True,,4109.0,125.04565,1.0854104,32.86,3785.665,585514418176.0,1785825000.0,1794292200.0,1794292200.0,True,,,True,1794292200.0,2026-11-10,40.0
6,True,52.50338294993234,False,False,True,True,0.507215001405766,2331.5,2331.5,2136863525.0,2136.863525,2958.0,0.7882014874915484,-0.2753549695740365,0.12896971301938165,95.46159207639656,4.094428139669592,-0.041718043567611995,-0.2117985125084516,10.08873514050259,25.472832177219008,23.368330340492957,,0,,False,False,False,False,False,False,False,False,False,5471.T,2026-09-15,True,,2331.5,14.4088745,0.962416,161.81,2422.549,465959157760.0,1793255400.0,1793255400.0,1793255400.0,True,,,True,1793255400.0,2026-10-29,32.0
6,True,47.17868338557993,False,False,True,True,0.48177159586210117,5387.0,5387.0,2116687440.0,2116.68744,5903.0,0.9125868202608843,-0.14144395837367774,0.0473518040395442,113.04673876434471,2.0985100940104826,-0.029369369369369402,-0.029369369369369402,12.623752470624225,19.010464776995047,17.19889569889331,,1,macd_sell_like,False,False,True,False,False,False,False,False,False,1721.T,2026-09-15,True,,5387.0,17.400433,1.562792,309.59,3447.036,618342121472.0,1793946600.0,1793946600.0,1793946600.0,True,,,True,1793946600.0,2026-11-06,38.0
6,True,66.66666666666666,True,False,True,True,0.17159076361899137,1827.5,1827.5,2071925622.5,2071.9256225,1855.0,0.9851752021563343,-0.1272862182918687,0.08444684223415266,29.960168262086604,1.6394072920430425,-0.0027285129604365244,-0.014824797843665749,24.60714812564018,28.015131022180427,13.742145171585829,,0,,False,False,False,False,False,False,False,False,False,9007.T,2026-09-15,True,,1827.5,16.874422,1.2305096,108.3,1485.157,626053545984.0,1794378600.0,1794378600.0,1794378600.0,True,,,True,1794378600.0,2026-11-11,41.0
6,True,43.81139489194499,False,True,False,True,0.4828645171807367,2859.5,2859.5,2044604557.5,2044.6045575,3029.0,0.9440409376031693,-0.1812714671039971,0.12261761544638361,46.905496571504244,1.6403391002449463,-0.01988003427592111,-0.05595906239683068,18.15008639718042,23.17353445687784,20.836196660970817,,1,vol_distribution,False,False,False,False,False,False,False,True,False,4613.T,2026-09-15,True,,2859.5,19.277962,1.6865312,148.33,1695.492,507820572672.0,1793946600.0,1793946600.0,1793946600.0,True,,,True,1793946600.0,2026-11-06,38.0
6,True,41.9391206313416,False,False,True,False,0.3711204618995475,2602.5,2602.5,2028482247.5,2028.4822475,2909.5,0.894483588245403,-0.1543220484619351,0.017764798393630654,55.05660089759,2.115527412011143,-0.05638143582306021,-0.07876106194690269,17.697198792780025,16.563118383740154,27.917921556966803,,0,,False,False,False,False,False,False,False,False,False,7276.T,2026-09-15,True,,2602.5,43.26683,1.0931765,60.15,2380.677,670116741120.0,1785306600.0,1793169000.0,1793169000.0,True,,,True,1793169000.0,2026-10-28,31.0
6,True,45.50810014727541,False,False,True,True,0.4510577689596567,1996.5,1996.5,1973138717.5,1973.1387175,2319.0,0.8609314359637775,-0.24536438119879256,0.0018114396680197764,40.839463312179554,2.045552883154498,-0.03829479768786126,-0.03829479768786126,9.968248839878562,22.877181366334135,19.05430445504558,,0,,False,False,False,False,False,False,False,False,False,4666.T,2026-09-15,True,,1996.5,9.12227,2.8930001,218.86,690.114,340864761856.0,1788157800.0,1788157800.0,1788157800.0,True,,,True,1788157800.0,2026-08-31,-11.0
6,True,42.39543726235741,False,False,True,True,0.4068646892061286,2975.0,2975.0,1916682985.0,1916.682985,3198.0,0.9302689180737961,-0.13280409262861703,0.04597064459300193,48.154535483096666,1.6186398481713165,-0.022346368715083775,-0.06973108192620392,14.451858929589642,23.52535281248126,20.07803016726572,,0,,False,False,False,False,False,False,False,False,False,9001.T,2026-09-15,True,,2975.0,10.516084,0.927474,282.9,3207.637,581705728000.0,1785825000.0,1793773800.0,1793773800.0,True,,,True,1793773800.0,2026-11-04,36.0
6,True,46.05597964376591,False,False,True,True,0.43326036720317274,4142.0,4142.0,1684076450.0,1684.07645,4755.0703125,0.8710701898795529,-0.3091436936559495,0.03422432147951637,108.60901021867741,2.62213930996324,-0.04075961093098657,-0.04408031387029776,11.309067723698409,20.720284510790865,24.91168019733749,,0,,False,False,False,False,False,False,False,False,False,5233.T,2026-09-15,True,,4142.0,18.175436,0.6695718,227.89,6186.043,451325493248.0,1794292200.0,1794292200.0,1794292200.0,True,,,True,1794292200.0,2026-11-10,40.0
6,True,37.68382352941176,False,False,False,False,0.4695279701316329,3466.0,3466.0,1676280900.0,1676.2809,3787.0,0.9152363348296805,-0.14924240356084428,0.06545125664233642,78.82315297966073,2.2741821402094846,-0.06044998644619137,-0.06044998644619137,14.64713967738815,20.628033016203922,27.128407225613504,,0,,False,False,False,False,False,False,False,False,False,6923.T,2026-09-15,True,,3466.0,14.405652,0.9243882,240.6,3749.507,426700308480.0,1792996200.0,1792996200.0,1792996200.0,True,,,True,1792996200.0,2026-10-26,29.0
6,True,40.17161664153549,False,False,True,False,0.28612120494191434,7180.0,7180.0,1529844200.0,1529.8442,7817.4453125,0.9184586156962643,-0.1893333417866493,0.0426037660059988,232.7386888276294,3.241485916819351,-0.06143790849673203,-0.0815413843037357,14.362132135900008,14.814142524845908,27.177922523577674,,0,,False,False,False,False,False,False,False,False,False,6432.T,2026-09-15,True,,7180.0,11.729534,1.779845,612.13,4034.059,331665145856.0,1791873000.0,1791873000.0,1791873000.0,True,,,True,1791873000.0,2026-10-13,20.0
6,True,44.444444444444436,False,False,True,True,0.502422395662586,2966.0,2966.0,1497856575.0,1497.856575,3231.342529296875,0.9178847408186677,-0.4979472016364006,0.24642281274169786,46.030279597363204,1.551931206923911,-0.049358974358974406,-0.07888198757763976,26.247440138916204,28.306598102251918,15.466054217921513,,0,ext_dev200,False,False,False,False,False,True,False,False,False,4413.T,2026-09-15,True,,2966.0,37.71138,11.462492,78.65,258.757,92525117440.0,,1744700400.0,1744700400.0,True,,,True,1744700400.0,2025-04-15,-370.0
6,True,39.0988359431938,False,False,True,True,0.30403151079201357,2675.0,2675.0,1497019440.0,1497.01944,3159.062255859375,0.846770270208653,-0.25622119338439087,0.020998453954898855,55.3212418159805,2.0680838062048785,-0.033267686331856616,-0.08027753176130692,14.646826869767123,23.325149077845506,24.997874132393687,,0,,False,False,False,False,False,False,False,False,False,2670.T,2026-09-15,True,,2675.0,14.284188,1.6503626,187.27,1620.856,662374449152.0,1791354600.0,1791354600.0,1791354600.0,True,,,True,1791354600.0,2026-10-07,16.0
6,True,42.980769230769226,False,False,True,True,0.23173190434671842,2098.0,2098.0,1466624107.5,1466.6241075,2291.5,0.9155574950905521,-0.24845327581318322,0.09252437987150608,55.16694238296795,2.6295015435161084,-0.08444250490944794,-0.08444250490944794,15.623174397234441,22.09460619360833,25.060323522639322,,2,macd_sell_like;trailing_stop,False,False,True,False,True,False,False,False,False,8088.T,2026-09-15,True,,2098.0,10.128416,1.014706,207.14,2067.594,482907717632.0,1785997800.0,1794378600.0,1794378600.0,True,,,True,1794378600.0,2026-11-11,41.0
6,True,47.624690819179925,False,False,True,True,0.3033906984582255,768.0,768.0,1370826570.0,1370.82657,814.9531860351562,0.942385419383917,-0.16321064914206518,0.02699891413836575,15.496311505493102,2.0177488939444146,-0.01847760232596618,-0.05111439599913303,8.204609701717338,22.933086221699067,23.5847292789497,,1,macd_sell_like,False,False,True,False,False,False,False,False,False,3387.T,2026-09-15,True,,768.0,68.87893,7.1148005,11.15,107.944,346368770048.0,1791959400.0,1791959400.0,1791959400.0,True,,,True,1791959400.0,2026-10-14,21.0
6,True,50.1937984496124,False,False,True,True,0.39016776918706775,2923.5,2923.5,1362639712.5,1362.6397125,3064.0,0.954144908616188,-0.16313418149915282,0.04311079232923132,55.86391609316483,1.9108574001424603,-0.005104645227156701,-0.04585509138381205,21.265665278567607,25.104823908877094,13.837529141970043,,0,,False,False,False,False,False,False,False,False,False,7459.T,2026-09-15,True,,2923.5,14.151902,0.92105865,206.58,3174.065,598436478976.0,1793860200.0,1793860200.0,1793860200.0,True,,,True,1793860200.0,2026-11-05,37.0
6,True,36.55083655083655,False,False,True,False,0.4194321761237914,4870.0,4870.0,1331045695.0,1331.045695,5458.7265625,0.8921494682396449,-0.25843510319628693,0.01675957417000795,108.028530297045,2.2182449752986653,-0.0811320754716981,-0.08733133433283358,13.28650999744496,20.041497436402786,26.737387281683095,,1,trailing_stop,False,False,False,False,True,False,False,False,False,7988.T,2026-09-15,True,,4870.0,13.469784,1.5183704,361.55,3207.386,454244794368.0,1793341800.0,1793341800.0,1793341800.0,True,,,True,1793341800.0,2026-10-30,33.0
6,True,54.33333333333332,False,False,True,True,0.3921949025756209,1536.5,1536.5,1282658845.0,1282.658845,1637.0,0.9386072083078802,-0.1552023779559647,0.09955314763285217,26.867852919140805,1.7486399556876542,-0.01062459755312295,-0.06139279169211975,11.329634665150731,22.034435442813482,19.666253668233548,,0,,False,False,False,False,False,False,False,False,False,9301.T,2026-09-15,True,,1536.5,9.863902,1.3786612,155.77,1114.487,522069311488.0,1793341800.0,1793341800.0,1793341800.0,True,,,True,1793341800.0,2026-10-30,33.0
6,True,39.01960784313726,False,False,True,True,0.49436414249417404,1523.0,1523.0,1271531030.0,1271.53103,1636.5,0.9306446684998473,-0.21787888074662443,0.12273100632088196,34.53320300539422,2.267446027931334,-0.0667892156862745,-0.06935533150015272,24.180483458792903,19.526603243166974,31.379300284907213,,1,di_bear,False,False,False,False,False,False,True,False,False,3941.T,2026-09-15,True,,1523.0,17.99173,0.74013376,84.65,2057.736,365952729088.0,1793860200.0,1793860200.0,1793860200.0,True,,,True,1793860200.0,2026-11-05,37.0
6,True,52.820512820512825,False,False,False,False,0.5923267002015727,3400.0,3400.0,1256982600.0,1256.9826,3582.686279296875,0.9490085748359948,-0.17101309786385166,0.04154058382341219,47.92030289346735,1.4094206733372752,-0.006719252118025154,-0.006719252118025154,22.729066634853645,34.28648502732643,20.454657924946897,,0,,False,False,False,False,False,False,False,False,False,9744.T,2026-09-15,True,,3400.0,17.446634,5.94961,194.88,571.466,262502825984.0,1793255400.0,1793255400.0,1793255400.0,True,,,True,1793255400.0,2026-10-29,32.0
6,True,38.67521367521367,False,False,True,False,0.5411912091096307,1405.5,1405.5,1240306882.5,1240.3068825,1614.8819580078125,0.8703422519710883,-0.29406604962857297,0.02470126831102215,29.884465165373385,2.1262515236836275,-0.0753289473684211,-0.0753289473684211,20.097478721586686,15.500031778854812,25.32240778926968,,1,di_bear,False,False,False,False,False,False,True,False,False,4202.T,2026-09-15,True,,1405.5,36.31783,0.97579366,38.7,1440.366,359122108416.0,1793860200.0,1793860200.0,1793860200.0,True,,,True,1793860200.0,2026-11-05,37.0
6,True,57.735849056603776,True,False,True,False,0.3448822102317638,5814.0,5814.0,1234755510.0,1234.75551,6067.66943359375,0.9581932673870951,-0.19181966141966145,0.046658863727127686,100.65108339937898,1.7311847849910382,-0.016742770167427756,-0.016742770167427756,30.321448615213008,29.895108240474528,9.561129026559717,,0,,False,False,False,False,False,False,False,False,False,4967.T,2026-09-15,True,,5814.0,264.27274,2.06119,22.0,2820.701,432204775424.0,1794378600.0,1794378600.0,1794378600.0,True,,,True,1794378600.0,2026-11-11,41.0
6,True,36.57587548638132,False,False,True,True,0.45590430885870287,1891.0,1891.0,1231718595.0,1231.718595,2138.5,0.884264671498714,-0.1716156184241291,0.06476998025403868,38.18616100299987,2.019363352882066,-0.04180390169749182,-0.046394351991931426,16.454514207880393,19.61436988932431,26.280323519300055,,0,,False,False,False,False,False,False,False,False,False,8282.T,2026-09-15,True,,1891.0,20.72783,1.1490104,91.23,1645.764,292179279872.0,1785997800.0,1793860200.0,1793860200.0,True,,,True,1793860200.0,2026-11-05,37.0
6,True,41.92139737991266,False,False,True,True,0.33999669158108525,1715.5,1715.5,1231539787.5,1231.5397875,1935.0,0.8865633074935401,-0.1791937581274382,0.0718237629759999,37.353302484946745,2.1774003197287524,-0.04295676429567641,-0.11343669250645994,12.152471730323464,16.772946272578356,27.471582900067627,,1,macd_sell_like,False,False,True,False,False,False,False,False,False,5463.T,2026-09-15,True,,1715.5,14.543066,1.0781212,117.96,1591.194,378734313472.0,1794205800.0,1794205800.0,1794205800.0,True,,,True,1794205800.0,2026-11-09,39.0
6,True,39.53974895397489,False,False,True,True,0.41927622487833943,4420.0,4420.0,1205079430.0,1205.07943,4876.16845703125,0.9064494057063446,-0.25966462565613024,0.06965701907100863,129.76117387007488,2.9357731644813323,-0.07434554973821994,-0.07434554973821994,21.128951231236567,20.389109547837833,25.994538847486997,,1,di_bear,False,False,False,False,False,False,True,False,False,4401.T,2026-09-15,True,,4420.0,15.894708,1.333166,278.08,3315.416,428633817088.0,1794378600.0,1794378600.0,1794378600.0,True,,,True,1794378600.0,2026-11-11,41.0
6,True,43.47826086956522,False,False,True,True,0.33681704915432004,723.0,723.0,1176901830.0,1176.90183,840.2625732421875,0.8604453215264306,-0.3818351533239255,0.03962947981365961,17.045933401858882,2.3576671371865676,-0.05490196078431375,-0.05859375,15.668067211610849,22.85046968232773,19.54483360118786,,0,,False,False,False,False,False,False,False,False,False,8698.T,2026-09-15,True,,723.0,16.647478,1.3949207,43.43,518.309,181735948288.0,1785997800.0,1793860200.0,1793860200.0,True,,,True,1793860200.0,2026-11-05,37.0
6,True,46.943972835314085,False,False,True,True,0.5776688191757547,3976.0,3976.0,1151526445.0,1151.526445,4343.0,0.915496200782869,-0.32731704760192315,0.1277883219613445,119.81533382916659,3.0134641305122383,-0.06644752289269784,-0.08450379921713103,18.625237894095903,24.461333378112744,24.560921114400564,,0,,False,False,False,False,False,False,False,False,False,9449.T,2026-09-15,True,,3976.0,22.152887,2.4863706,179.48,1599.118,372911439872.0,1794551400.0,1794551400.0,1794551400.0,True,,,True,1794551400.0,2026-11-13,43.0
6,True,45.211930926216645,False,False,True,False,0.4165926723076463,2968.0,2968.0,1058834132.5,1058.8341325,3253.59375,0.9122220621428229,-0.15570282860298712,0.01675198132916833,66.14580484002161,2.2286322385452024,-0.04350628424105707,-0.04688503532434163,12.477282353090073,19.18333392289435,21.022994576529047,,1,macd_sell_like,False,False,True,False,False,False,False,False,False,7240.T,2026-09-15,True,,2968.0,10.42391,0.7459794,284.73,3978.662,466467651584.0,1785997800.0,1794292200.0,1794292200.0,True,,,True,1794292200.0,2026-11-10,40.0
6,True,78.51387880288051,True,False,True,False,0.5120009938647352,1115.0,1115.0,1018594211.4572144,1018.5942114572143,1119.1273193359375,0.9963120198527666,-0.28542535027957905,0.14956779404613396,29.069354785304427,2.607117021103536,0.0,0.0,40.46782689117656,30.219650594331227,9.429193935518892,,0,,False,False,False,False,False,False,False,False,False,9505.T,2026-09-15,True,,1115.0,4.276783,0.4944934,260.71,2254.833,232929329152.0,1785306600.0,1793255400.0,1793255400.0,True,,,True,1793255400.0,2026-10-29,32.0
6,True,48.3739837398374,True,False,True,True,0.4862793565678445,5634.0,5634.0,1018518685.0,1018.518685,6372.0,0.884180790960452,-0.2031451449060646,0.2057556245071368,192.9086185936024,3.4240081397515514,-0.023400936037441533,-0.11581920903954801,11.585747869017087,17.6662432074155,20.68932371685278,,0,ext_dev200,False,False,False,False,False,True,False,False,False,5232.T,2026-09-15,True,,5634.0,16.120173,0.9158824,349.5,6151.445,178548588544.0,1785825000.0,1794292200.0,1794292200.0,True,,,True,1794292200.0,2026-11-10,40.0
6,True,43.769309989701334,False,False,True,True,0.30157745163156424,4057.0,4057.0,1004422500.0,1004.4225,4711.6865234375,0.8610504921792078,-0.27329630632940405,0.04362234842731927,114.71510425668099,2.8275845269085775,-0.03816974869606449,-0.03816974869606449,14.973557205816562,24.80358259799829,17.924327883665057,,0,,False,False,False,False,False,False,False,False,False,3549.T,2026-09-15,True,,4057.0,22.948132,2.7316608,176.79,1485.177,385265139712.0,1790836200.0,1790836200.0,1790836200.0,True,,,True,1790836200.0,2026-10-01,12.0
6,True,50.09523809523809,False,False,True,True,0.5013043862611564,4151.0,4151.0,983103675.0,983.103675,4206.0,0.9869234427009035,-0.14533971476379892,0.13883455941235257,72.03595559714803,1.7353879931859317,-0.01284185493460166,-0.013076557299096514,33.646409489286555,32.34458652723756,22.392451722105996,,0,,False,False,False,False,False,False,False,False,False,4206.T,2026-09-15,True,,4151.0,15.043125,1.3564725,275.94,3060.143,262657261568.0,1794551400.0,1794551400.0,1794551400.0,True,,,True,1794551400.0,2026-11-13,43.0
6,True,41.00135317997293,False,False,True,True,0.2995342822900231,2709.5,2709.5,951566947.5,951.5669475,2827.0,0.9584365051291122,-0.10118579396351013,0.07476081391291522,48.88742740808027,1.8042970071260478,-0.03918439716312061,-0.04156349487088784,18.118193785674187,25.79931771544392,22.00184548370188,,0,,False,False,False,False,False,False,False,False,False,9076.T,2026-09-15,True,,2709.5,18.637363,0.9584213,145.38,2827.045,440597676032.0,1785997800.0,1794465000.0,1794465000.0,True,,,True,1794465000.0,2026-11-12,42.0
6,True,42.77879341864717,False,False,True,False,0.4331122617937543,2053.5,2053.5,891711635.0,891.711635,2180.5,0.9417564778720477,-0.12772299931208442,0.09352299243208306,40.212603623864915,1.9582470720167964,-0.02907801418439715,-0.04086875291919667,16.938503106444532,14.241284360316325,22.528138257498057,,0,,False,False,False,False,False,False,False,False,False,4272.T,2026-09-15,True,,2053.5,12.734883,1.0701667,161.25,1918.86,296090861568.0,1794292200.0,1794292200.0,1794292200.0,True,,,True,1794292200.0,2026-11-10,40.0
6,False,54.30711610486892,True,False,True,True,0.22409259125584055,3265.0,3265.0,868421975.0,868.421975,3469.76123046875,0.9409869391960761,-0.1312604474575435,0.006305259309500988,48.894183956529325,1.4975247766165185,-0.003965832824893267,-0.04921374490390218,11.4388416001329,24.605867942465952,16.572396137592506,,1,trend_break,True,False,False,False,False,False,False,False,False,9045.T,2026-09-15,True,,3265.0,9.813056,0.963103,332.72,3390.084,329439903744.0,1786084200.0,1793946600.0,1793946600.0,True,,,True,1793946600.0,2026-11-06,38.0
6,True,35.98435462842242,False,False,True,False,0.5218618590882359,3045.0,3045.0,861128130.0,861.12813,3345.0,0.9103139013452914,-0.2532427652422552,0.1415492178679354,95.3572170059732,3.131599901673997,-0.06595092024539873,-0.08968609865470856,16.292085725383405,17.918322466366224,23.21631952229804,,0,,False,False,False,False,False,False,False,False,False,7716.T,2026-09-15,True,,3045.0,110.44614,2.072747,27.57,1469.065,249103482880.0,1794551400.0,1794551400.0,1794551400.0,True,,,True,1794551400.0,2026-11-13,43.0
6,True,44.39355847928713,False,False,True,True,0.3969333708695559,899.5999755859375,899.5999755859375,834147128.1002808,834.1471281002807,948.6768188476562,0.9482681116617441,-0.18664314586497788,0.04431984244952125,16.444677995598234,1.827998937515233,-0.03216785843363368,-0.03216785843363368,31.937631029939148,21.002528253155926,13.766167749013919,,1,macd_sell_like,False,False,True,False,False,False,False,False,False,7984.T,2026-09-15,True,,899.6,17.276743,1.4871781,52.07,604.904,372830273536.0,1793255400.0,1793255400.0,1793255400.0,True,,,True,1793255400.0,2026-10-29,32.0
6,True,35.51231185842937,False,False,True,True,0.3066713331851785,1599.0,1599.0,820173240.0,820.17324,1673.817138671875,0.9553014860803491,-0.14449125598683765,0.048825040573896805,26.888700598291944,1.6815947841333299,-0.04469851391965085,-0.04469851391965085,20.09399039212753,21.62695103823249,26.36708706152594,,1,di_bear,False,False,False,False,False,False,True,False,False,3612.T,2026-09-15,True,,1599.0,9.3345,1.2268922,171.3,1303.293,121845088256.0,,1751349600.0,1751868000.0,True,,,True,1751349600.0,2025-07-01,-315.0
6,True,87.43169398907104,True,False,False,True,0.3661858462210033,3196.0,3196.0,803442035.0,803.442035,3268.0,0.97796817625459,-0.19736842105263153,0.08276898393492327,57.20435327966934,1.7898733817168129,0.0,-0.00929944203347799,28.449471706419065,25.01985175074692,8.6178110051009,,1,rsi_reversal,False,False,False,True,False,False,False,False,False,9044.T,2026-09-15,True,,3196.0,14.05144,1.0051241,227.45,3179.707,345806176256.0,1793601000.0,1793601000.0,1793601000.0,True,,,True,1793601000.0,2026-11-02,34.0
6,True,39.688715953307394,False,False,True,True,0.3484421040840421,1324.0,1324.0,798168260.0,798.16826,1590.0,0.8327044025157233,-0.2132450331125828,0.03978182662722318,37.2195075695638,2.8111410551030063,-0.06497175141242939,-0.1672955974842767,16.470046804184577,17.855842908169432,21.535905668789866,,0,,False,False,False,False,False,False,False,False,False,3863.T,2026-09-15,True,,1324.0,13.023805,0.29629415,101.66,4468.532,152668454912.0,1785911400.0,1793860200.0,1793860200.0,True,,,True,1793860200.0,2026-11-05,37.0
6,True,51.46871008939975,False,False,True,True,0.5054857503951704,3922.0,3922.0,791952760.0,791.95276,4596.287109375,0.8532974347926039,-0.3211912298437215,0.024461603931256848,97.48312152404043,2.4855461887822647,-0.03825404610102989,-0.03825404610102989,14.280084404761958,30.277828221195445,21.880351386130226,,0,,False,False,False,False,False,False,False,False,False,2327.T,2026-09-15,True,,3922.0,23.28011,2.5970209,168.47,1510.192,717653082112.0,1793601000.0,1793601000.0,1793601000.0,True,,,True,1793601000.0,2026-11-02,34.0
6,True,36.29441624365482,False,False,False,True,0.42219778000486974,2038.5,2038.5,766194930.0,766.19493,2158.5,0.9444058373870744,-0.18367344605152225,0.09086407464833846,37.9579911180352,1.8620549972055533,-0.050093196644920734,-0.0555941626129256,18.053010085430586,23.488010167448927,24.650248229007694,,0,,False,False,False,False,False,False,False,False,False,7616.T,2026-09-15,True,,2038.5,129.59314,2.5715778,15.73,792.704,216704352256.0,1786516200.0,1793946600.0,1793946600.0,True,,,True,1793946600.0,2026-11-06,38.0
6,True,43.069306930693074,False,False,True,True,0.42578575546810726,3902.0,3902.0,758435775.0,758.435775,4160.31201171875,0.9379104233069208,-0.19201906376752953,0.014394686445317717,57.63264314164016,1.4770026433019006,-0.031040476781723392,-0.03391928695221591,23.117689784353267,24.053516905995497,22.919339761237595,,0,,False,False,False,False,False,False,False,False,False,6436.T,2026-09-15,True,,3902.0,13.628585,2.0638483,286.31,1890.643,270255423488.0,1785220200.0,1793255400.0,1793255400.0,True,,,True,1793255400.0,2026-10-29,32.0
6,True,39.43870014771049,False,False,True,False,0.30099797879554774,3516.0,3516.0,745777910.0,745.77791,3888.0244140625,0.9043153091536839,-0.25365794204308756,0.0672358422790682,79.57023331010971,2.2630896845878756,-0.047154471544715415,-0.047154471544715415,20.284795843240577,27.064059860485614,22.489107410228,,0,,False,False,False,False,False,False,False,False,False,4544.T,2026-09-15,True,,3516.0,28.957338,1.4380903,121.42,2444.909,191959433216.0,1794378600.0,1794378600.0,1794378600.0,True,,,True,1794378600.0,2026-11-11,41.0
6,True,41.0958904109589,False,False,True,True,0.24453298502820126,3030.0,3030.0,742028165.0,742.028165,3195.0,0.9483568075117371,-0.20745274520927315,0.020475419773130277,49.474540734650816,1.6328231265561326,-0.021633839199225013,-0.05164319248826288,13.183306539622961,23.862500184545247,20.3607816043161,,0,,False,False,False,False,False,False,False,False,False,2229.T,2026-09-15,True,,3030.0,21.63822,1.7752582,140.03,1706.794,368411213824.0,1793946600.0,1793946600.0,1793946600.0,True,,,True,1793946600.0,2026-11-06,38.0
6,True,39.285714285714285,False,False,True,True,0.4482697860513085,489.0,489.0,718290665.0,718.290665,579.408203125,0.8439645786211012,-0.45537063224937646,0.10483499734158364,18.6160111664336,3.8069552487594276,-0.10603290676416821,-0.12678571428571428,30.062029122200187,26.24516162231485,25.03379380022846,,1,trailing_stop,False,False,False,False,True,False,False,False,False,3660.T,2026-09-15,True,,489.0,16.245848,2.0693946,30.1,236.301,47663951872.0,,1754978400.0,1755496800.0,True,,,True,1754978400.0,2025-08-12,-285.0
6,True,52.813299232736576,False,False,True,True,0.34375281572377225,2507.0,2507.0,717708805.0,717.708805,2629.0,0.9535945226321796,-0.24228884552460928,0.1383368896647439,88.3541957126226,3.524299789095436,-0.046405477367820414,-0.046405477367820414,29.680257626843762,24.861307238095264,15.106292139650684,,1,macd_sell_like,False,False,True,False,False,False,False,False,False,6810.T,2026-09-15,True,,2507.0,12.414578,1.0203629,201.94,2456.969,92411109376.0,1785479400.0,1793341800.0,1793341800.0,True,,,True,1793341800.0,2026-10-30,33.0
6,True,52.26480836236933,False,False,False,True,0.4627753488253563,2736.5,2736.5,679867482.5,679.8674825,2937.409423828125,0.9316031935492691,-0.15904118615363072,0.013406747979349376,41.0001436779845,1.4982694565315,-0.00959102424900471,-0.04468493628905568,19.3742550834202,24.426951240960925,17.026899050346447,,1,macd_sell_like,False,False,True,False,False,False,False,False,False,2811.T,2026-09-15,True,,2736.5,18.722631,1.2826594,146.16,2133.458,247490379776.0,1793255400.0,1793255400.0,1793255400.0,True,,,True,1793255400.0,2026-10-29,32.0
6,True,40.98360655737705,False,False,True,True,0.18070037549886228,4280.0,4280.0,643361075.0,643.361075,4915.0,0.8708036622583927,-0.2115971515768057,0.0034089979440738993,133.95079558414272,3.129691485610811,-0.049944506104328545,-0.12742099898063197,14.789511760029624,21.586905929113613,25.893143670614798,,0,,False,False,False,False,False,False,False,False,False,6104.T,2026-09-15,True,,4280.0,98.12013,0.8614549,43.62,4968.339,101209210880.0,,1753768800.0,1754287200.0,True,,,True,1753768800.0,2025-07-29,-295.0
6,True,37.96992481203007,False,True,False,True,0.2659322163986589,2490.0,2490.0,631597280.0,631.59728,2667.0,0.9336332958380202,-0.1781027371578553,0.10702045645868785,45.41404107658814,1.8238570713489215,-0.02810304449648715,-0.044512663085187976,19.758126597253657,19.92854148572925,17.940692968089348,,1,vol_distribution,False,False,False,False,False,False,False,True,False,2730.T,2026-09-15,True,,2490.0,17.047789,1.0977418,146.06,2268.293,263291879424.0,1793860200.0,1793860200.0,1793860200.0,True,,,True,1793860200.0,2026-11-05,37.0
6,True,41.53225806451612,False,False,True,True,0.38459695902081603,1371.5,1371.5,631326095.0,631.326095,1428.5,0.960098004900245,-0.13633144160549904,0.0492812492020156,22.006000860849806,1.6045206606525562,-0.024537695590327147,-0.039901995099755005,16.931297965324063,25.744656879521028,23.31387730211842,,0,,False,False,False,False,False,False,False,False,False,4927.T,2026-09-15,True,,1371.5,26.714064,1.8761175,51.34,731.031,303489941504.0,1794205800.0,1794205800.0,1794205800.0,True,,,True,1794205800.0,2026-11-09,39.0
6,True,46.171693735498835,True,False,True,True,0.45709236917936336,1415.0,1415.0,617421075.0,617.421075,1713.0,0.8260361938120256,-0.45845070422535217,0.22675451905154098,76.33002500595293,5.394348056957805,-0.03412969283276446,-0.17396380618797436,13.24294704861941,25.501249577308727,22.40049489097006,,0,ext_dev200,False,False,False,False,False,True,False,False,False,4419.T,2026-09-15,True,,1415.0,48.592033,6.7670646,29.12,209.101,73436069888.0,,1747094400.0,1747094400.0,True,,,True,1747094400.0,2025-05-13,-350.0
6,True,43.40770791075051,True,False,False,True,0.5131374710637093,3000.0,3000.0,593184245.0,593.184245,3715.0,0.8075370121130552,-0.2134589502018842,0.021367574876333784,69.44039311490211,2.314679770496737,-0.033816425120772986,-0.19246298788694483,38.06284340251866,16.598712182405993,29.740280491442473,,1,di_bear,False,False,False,False,False,False,True,False,False,6013.T,2026-09-15,True,,3000.0,16.19958,1.9673008,185.19,1524.932,215551639552.0,1785911400.0,1793860200.0,1793860200.0,True,,,True,1793860200.0,2026-11-05,37.0
6,True,52.835715431326115,False,False,True,True,0.1696619884692711,2712.0,2712.0,585512455.0,585.512455,2782.0,0.9748382458662832,-0.1392433181243078,0.0700519283126555,62.855740261210435,2.317689537655252,-0.025161754133716796,-0.025161754133716796,21.214019269651722,25.96456404659648,17.90890832342604,,0,,False,False,False,False,False,False,False,False,False,8194.T,2026-09-15,True,,2712.0,12.470686,1.4887586,217.47,1821.652,234635853824.0,,1751868000.0,1752213600.0,True,,,True,1751868000.0,2025-07-07,-311.0
6,True,52.94117647058823,False,True,False,True,0.6696581336937716,2262.0,2262.0,544285575.0,544.285575,2347.0,0.9637835534725181,-0.08128261225123123,0.5260134405542309,22.886783769088943,1.011794154247964,-0.036216446527481905,-0.036216446527481905,80.483796962491,46.908269970843655,8.551769392615483,,0,ext_dev200,False,False,False,False,False,True,False,False,False,3276.T,2026-09-15,True,,2262.0,20.327103,3.85885,111.28,586.185,37863063552.0,,1754375400.0,1754980200.0,True,,,True,1754375400.0,2025-08-05,-290.0
6,True,39.83957219251337,False,False,True,True,0.3679638675432941,1807.0,1807.0,542747785.0,542.747785,1963.528076171875,0.9202822317279798,-0.13551749549990666,0.0029881693808326837,23.612804105712566,1.3067406810023556,-0.03523758675920985,-0.04391534391534391,18.03863536140787,19.397141532344424,24.318761942504725,,0,,False,False,False,False,False,False,False,False,False,7313.T,2026-09-15,True,,1807.0,29.907316,0.6773118,60.42,2667.9,211043614720.0,1786084200.0,1794551400.0,1794551400.0,True,,,True,1794551400.0,2026-11-13,43.0
6,True,43.85964912280702,False,False,False,True,0.45085978940941285,2215.0,2215.0,537623525.0,537.623525,2250.0,0.9844444444444445,-0.20976023909939778,0.10842250533180109,34.57941397428406,1.561147357755488,-0.015555555555555545,-0.015555555555555545,25.26840172971138,32.796831923174885,23.038271070841084,,0,,False,False,False,False,False,False,False,False,False,6412.T,2026-09-15,True,,2215.0,18.736254,0.8648435,118.22,2561.157,218458652672.0,1794465000.0,1794465000.0,1794465000.0,True,,,True,1794465000.0,2026-11-12,42.0
6,True,52.94117647058823,False,False,True,True,0.5030950297773048,4155.0,4155.0,535633550.0,535.63355,4250.0,0.9776470588235294,-0.1822784751579215,0.16277635029825555,89.23070242769475,2.1475499982598016,-0.022352941176470575,-0.022352941176470575,22.018059100519796,23.379487313641565,20.88413739122853,,0,,False,False,False,False,False,False,False,False,False,7296.T,2026-09-15,True,,4155.0,10.722581,0.96861523,387.5,4289.629,197141217280.0,1793773800.0,1793773800.0,1793773800.0,True,,,True,1793773800.0,2026-11-04,36.0
6,True,50.608100484481206,True,False,True,True,0.27183325412093445,1458.0,1458.0,535036505.0,535.036505,1471.213134765625,0.9910188847194258,-0.20410381910350084,0.14398251966187647,37.61470156905645,2.5798835095374795,-0.008981115280574214,-0.008981115280574214,13.001200242688784,26.225599556087104,22.341035992541517,,0,,False,False,False,False,False,False,False,False,False,7513.T,2026-09-15,True,,1458.0,22.444582,1.5291226,64.96,953.488,112309895168.0,,1752040800.0,1752472800.0,True,,,True,1752040800.0,2025-07-09,-309.0
6,True,46.34146341463415,False,False,False,False,0.4034880603501482,268.0,268.0,521043370.0,521.04337,292.8246154785156,0.9152236042794805,-0.22772276402234137,0.044764549537549936,6.6183051905638886,2.4695168621507047,-0.01831501831501836,-0.01831501831501836,22.250627385489036,30.91810286444618,19.26247464362113,,0,,False,False,False,False,False,False,False,False,False,2353.T,2026-09-15,True,,268.0,14.692983,4.054218,18.24,66.104,83075907584.0,,1749191400.0,1749191400.0,True,,,True,1749191400.0,2025-06-06,-332.0
6,True,43.16700924464039,False,False,True,True,0.42592167632539,487.79998779296875,487.79998779296875,518711318.1285095,518.7113181285096,522.4464721679688,0.9336841452269181,-0.15378889579068955,0.02040442710224344,6.504096733328769,1.3333531972307524,-0.012750492274284597,-0.012750492274284597,13.915755412331123,25.673685652150112,14.43488485674774,,0,,False,False,False,False,False,False,False,False,False,8572.T,2026-09-15,True,,487.8,9.59292,1.0676156,50.85,456.906,764194258944.0,1793946600.0,1793946600.0,1793946600.0,True,,,True,1793946600.0,2026-11-06,38.0
6,True,41.64648910411623,False,False,True,True,0.3147976390856088,2432.0,2432.0,511796040.0,511.79604,2554.0,0.9522317932654659,-0.14291988735389083,0.0922169480410111,46.39569290126895,1.9077176357429666,-0.04776820673453408,-0.04776820673453408,13.88252736600746,15.577942711716908,22.83586981089538,,0,,False,False,False,False,False,False,False,False,False,8511.T,2026-09-15,True,,2432.0,18.735075,1.3997276,129.81,1737.481,196421173248.0,,1753941600.0,1754287200.0,True,,,True,1753941600.0,2025-07-31,-293.0
6,True,66.18705035971223,True,False,False,True,0.326937450934298,1926.0,1926.0,492834850.0,492.83485,1940.0,0.9927835051546392,-0.12125532369618186,0.1351063455284114,43.09127076172059,2.2373453147310793,0.0,-0.007216494845360799,21.39329538546871,31.329663324757735,16.99864717865404,,0,,False,False,False,False,False,False,False,False,False,6454.T,2026-09-15,True,,1926.0,25.17318,3.0597072,76.51,629.472,339990052864.0,1785393000.0,1793341800.0,1793341800.0,True,,,True,1793341800.0,2026-10-30,33.0
6,True,51.75438596491228,False,False,True,True,0.4098300883319315,4090.0,4090.0,487481175.0,487.481175,4535.0,0.9018743109151047,-0.2460858619508397,0.12336015891398455,168.0060236799779,4.107726740341758,-0.047729918509895275,-0.09812568908489527,10.285221518531017,22.250892855435694,22.033450521350865,,0,,False,False,False,False,False,False,False,False,False,2760.T,2026-09-15,True,,4090.0,15.381144,2.2570536,265.91,1812.097,120448376832.0,,1753770600.0,1754289000.0,True,,,True,1753770600.0,2025-07-29,-295.0
6,True,47.12328767123288,False,False,True,True,0.3919488101669147,2546.0,2546.0,480068820.0,480.06882,2900.0,0.8779310344827587,-0.20175118569865014,0.12460860409138252,93.35355476782395,3.6666753640150804,-0.06431459022418229,-0.12206896551724133,9.862381297968664,20.28681786619588,28.290572959757544,,0,,False,False,False,False,False,False,False,False,False,5208.T,2026-09-15,True,,2546.0,16.901222,1.6807488,150.64,1514.801,83448422400.0,,1754463600.0,1754982000.0,True,,,True,1754463600.0,2025-08-06,-289.0
6,True,54.51127819548873,False,False,True,False,0.6103007250370408,1728.0,1728.0,478428980.0,478.42898,1909.0,0.9051859612362494,-0.2739654269250916,0.10904575882705414,41.79800103563744,2.418865800673463,-0.02921348314606742,-0.02921348314606742,36.78069639507573,26.809074972501172,14.499650560874136,,0,,False,False,False,False,False,False,False,False,False,9119.T,2026-09-15,True,,1728.0,11.877922,1.0900084,145.48,1585.309,182827237376.0,1793860200.0,1793860200.0,1793860200.0,True,,,True,1793860200.0,2026-11-05,37.0
6,True,40.70796460176991,False,False,True,False,0.29645081203108886,5270.0,5270.0,473133950.0,473.13395,5750.0,0.9165217391304348,-0.1007194244604317,0.14710619750105103,133.41849551369646,2.531660256426878,-0.08347826086956522,-0.08347826086956522,28.781310742951124,17.72777007160043,17.768801239218007,,3,macd_sell_like;trailing_stop;di_bear,False,False,True,False,True,False,True,False,False,9678.T,2026-09-15,True,,5270.0,14.335846,1.1643708,367.61,4526.05,178791530496.0,,1756965600.0,1757311200.0,True,,,True,1756965600.0,2025-09-04,-268.0
6,True,36.67377398720682,False,False,True,False,0.4285352445716321,1798.5,1798.5,471127892.5,471.1278925,1903.0,0.9450867052023122,-0.1362809052325188,0.043382583512884265,33.42918371402414,1.8587258111773222,-0.054913294797687806,-0.054913294797687806,23.461611863524823,14.29052383343537,26.003791535691846,,1,di_bear,False,False,False,False,False,False,True,False,False,4045.T,2026-09-15,True,,1798.5,14.769649,0.8663032,121.77,2076.063,190113366016.0,1793341800.0,1793341800.0,1793341800.0,True,,,True,1793341800.0,2026-10-30,33.0
6,True,50.09596928982725,False,False,True,True,0.494227507828208,3750.0,3750.0,469566450.0,469.56645,3917.160888671875,0.9573260089583526,-0.19444444271316907,0.07591860318388233,73.13080642506937,1.9501548380018496,-0.009247027741083214,-0.009247027741083214,26.217662988905182,25.273260039608285,14.061697185227246,,0,,False,False,False,False,False,False,False,False,False,9948.T,2026-09-15,True,,3750.0,16.215515,1.0198213,231.26,3677.115,199801323520.0,1791873000.0,1791873000.0,1791873000.0,True,,,True,1791873000.0,2026-10-13,20.0
6,True,43.69747899159664,False,False,True,True,0.4196940511473775,3150.0,3150.0,456522125.0,456.522125,3416.501708984375,0.921995733740289,-0.220547733666543,0.04479152929631658,78.18006150590328,2.48190671447312,-0.0638930163447251,-0.0638930163447251,14.641595537165843,19.960730942269034,25.270967756711848,,0,,False,False,False,False,False,False,False,False,False,5482.T,2026-09-15,True,,3150.0,18.460997,0.8551113,170.63,3683.731,202377412608.0,,1753762800.0,1754281200.0,True,,,True,1753762800.0,2025-07-29,-295.0
6,True,46.21409921671018,False,False,True,False,0.3642497339016634,1343.0,1343.0,449189175.0,449.189175,1464.6236572265625,0.9169591064390759,-0.20013473691088757,0.05942195958386742,44.86644860365412,3.3407631127069335,-0.0725138121546961,-0.0725138121546961,20.361454998778633,18.382740771856923,20.43920303643555,,2,macd_sell_like;di_bear,False,False,True,False,False,False,True,False,False,6395.T,2026-09-15,True,,1343.0,6.7487435,0.78268373,199.0,1715.891,170152394752.0,1785825000.0,1793946600.0,1793946600.0,True,,,True,1793946600.0,2026-11-06,38.0
6,True,41.89944134078212,False,False,True,False,0.38943813708047964,2011.0,2011.0,436138635.0,436.138635,2316.7275390625,0.8680347456023174,-0.2339756100439695,0.013785210682446758,37.94770132432681,1.8870065302996921,-0.06203358208955223,-0.06203358208955223,15.661251276060431,25.31055218582281,28.080003979948547,,0,,False,False,False,False,False,False,False,False,False,4825.T,2026-09-15,True,,2011.0,23.44096,3.7415276,85.79,537.481,89316327424.0,,1751868000.0,1752213600.0,True,,,True,1751868000.0,2025-07-07,-311.0
6,True,36.05769230769231,False,False,True,True,0.478967078590263,3670.0,3670.0,427889200.0,427.8892,4170.0,0.8800959232613909,-0.3499374096680783,0.08641565742391166,148.86774954838978,4.056341949547406,-0.11990407673860914,-0.11990407673860914,28.332788259250016,19.15083405300888,25.649753481940568,,3,macd_sell_like;trailing_stop;di_bear,False,False,True,False,True,False,True,False,False,3399.T,2026-09-15,True,,3670.0,15.092322,47.9444,243.17,76.547,72297881600.0,,1749812340.0,1749812340.0,True,,,True,1749812340.0,2025-06-13,-327.0
6,True,49.24874791318865,False,False,True,False,0.3485651342426168,2246.0,2246.0,427836390.0,427.83639,2457.93115234375,0.9137766116265446,-0.24489793384497693,0.10817285585041936,66.25061310013281,2.9497156322409976,-0.04303365999147846,-0.04303365999147846,23.05860929603341,29.969818117863863,34.44944918946038,,1,di_bear,False,False,False,False,False,False,True,False,False,8057.T,2026-09-15,True,,2246.0,8.868707,1.2925621,253.25,1737.634,110773870592.0,,1756706400.0,1757052000.0,True,,,True,1756706400.0,2025-09-01,-271.0
6,True,43.78238341968912,False,False,True,True,0.42456044279237376,4646.0,4646.0,426651305.0,426.651305,4719.0,0.9845306208942572,-0.11344956569989928,0.08941790559363905,68.96360156238124,1.4843650788286966,-0.015469379105742753,-0.015469379105742753,21.453531865444603,28.372433903307414,17.707543863384505,,0,,False,False,False,False,False,False,False,False,False,4665.T,2026-09-15,True,,4646.0,23.795134,1.3998824,195.25,3318.85,218727809024.0,1786343400.0,1793946600.0,1793946600.0,True,,,True,1793946600.0,2026-11-06,38.0
6,True,45.88859416445624,False,False,True,False,0.32084638429054224,2669.0,2669.0,426512480.0,426.51248,2798.0,0.9538956397426733,-0.14616823942759283,0.07713272931725701,50.54425096035202,1.893752377682728,-0.024844720496894457,-0.032971014492753636,12.359337095280614,18.518322550254716,27.030814152904405,,0,,False,False,False,False,False,False,False,False,False,6371.T,2026-09-15,True,,2669.0,9.021159,0.91518664,295.86,2916.345,269583597568.0,1793341800.0,1793341800.0,1793341800.0,True,,,True,1793341800.0,2026-10-30,33.0
6,True,30.47619047619048,False,False,True,True,0.41951209377569587,696.0,696.0,425186245.0,425.186245,743.656494140625,0.9359159847105253,-0.15686878963577677,0.022151231231333224,12.444627204686494,1.7880211500986343,-0.05945945945945941,-0.05945945945945941,23.250370469267068,29.85925013058487,29.098317757980492,,0,,False,False,False,False,False,False,False,False,False,4290.T,2026-09-15,True,,696.0,14.855924,1.7802515,46.85,390.956,86815408128.0,1785220200.0,1793255400.0,1793255400.0,True,,,True,1793255400.0,2026-10-29,32.0
6,True,60.38338658146965,True,False,True,True,0.47246581004701765,2994.0,2994.0,417299120.0,417.29912,3010.0,0.9946843853820598,-0.10485573539760729,0.11762967623036857,50.66097883938181,1.6920834615691989,-0.0053156146179401675,-0.0053156146179401675,25.041156108931347,28.931772665740358,15.06805597396709,,0,,False,False,False,False,False,False,False,False,False,2001.T,2026-09-15,True,,2994.0,11.64754,0.8799539,257.05,3402.451,247497621504.0,1785997800.0,1793860200.0,1793860200.0,True,,,True,1793860200.0,2026-11-05,37.0
6,True,46.875,False,False,True,True,0.32510259286943327,5090.0,5090.0,407014300.0,407.0143,5680.0,0.8961267605633803,-0.12840458670472843,0.05677140249249035,102.17961413933659,2.0074580381009155,-0.026768642447418722,-0.10387323943661975,10.292002719377463,19.038873198506845,20.999315196791994,,1,macd_sell_like,False,False,True,False,False,False,False,False,False,1941.T,2026-09-15,True,,5090.0,14.897852,1.0652689,341.66,4778.136,269477347328.0,1793341800.0,1793341800.0,1793341800.0,True,,,True,1793341800.0,2026-10-30,33.0
6,True,64.39169139465875,True,False,True,False,0.608604112220063,2588.0,2588.0,404355885.0,404.355885,2621.0,0.9874093857306372,-0.1781762685997711,0.11701998108837053,41.2141503593601,1.5925096738547178,0.0,0.0,29.86783311643174,25.983516514764364,13.772342090904587,,0,,False,False,False,False,False,False,False,False,False,9536.T,2026-09-15,True,,2588.0,13.1852455,0.7613411,196.28,3399.265,93146062848.0,,1753774200.0,1754292600.0,True,,,True,1753774200.0,2025-07-29,-295.0
6,True,35.64356435643565,False,False,True,False,0.443369059057298,1147.0,1147.0,390631205.0,390.631205,1323.0,0.8669690098261527,-0.1613159410172571,0.11998205172616538,32.92574645403571,2.8705969009621373,-0.13303099017384734,-0.13303099017384734,37.55807652387162,20.841499536802726,28.26876788467616,,3,macd_sell_like;trailing_stop;di_bear,False,False,True,False,True,False,True,False,False,4997.T,2026-09-15,True,,1147.0,12.422831,1.6005001,92.33,716.651,89839312896.0,,1754456400.0,1754974800.0,True,,,True,1754456400.0,2025-08-06,-289.0
6,True,40.94488188976378,False,False,True,False,0.380935650405474,3830.0,3830.0,380217475.0,380.217475,4081.52490234375,0.9383747720859633,-0.16009557644889683,0.04280549379340148,67.4493222986363,1.7610789111915486,-0.06127450980392157,-0.06127450980392157,27.84347735958651,12.814390527656524,22.305576466871003,,1,di_bear,False,False,False,False,False,False,True,False,False,4041.T,2026-09-15,True,,3830.0,11.38661,0.9717219,336.36,3941.457,205301514240.0,1794465000.0,1794465000.0,1794465000.0,True,,,True,1794465000.0,2026-11-12,42.0
6,True,42.60204081632653,False,False,True,True,0.3963532687638024,2075.0,2075.0,378951360.0,378.95136,2200.0,0.9431818181818182,-0.33685609007470607,0.08363254471114923,45.8879635308278,2.2114681219676044,-0.038461538461538436,-0.05681818181818177,12.862130360599833,27.55817700727758,27.953332014123504,,0,,False,False,False,False,False,False,False,False,False,7199.T,2026-09-15,True,,2075.0,13.227513,3.1382763,156.87,661.191,80347168768.0,1794292200.0,1794292200.0,1794292200.0,True,,,True,1794292200.0,2026-11-10,40.0
6,True,48.754448398576514,False,False,True,False,0.38732202301843416,2162.0,2162.0,370107570.0,370.10757,2454.0,0.8810105949470253,-0.19774722241833798,0.03350508308919942,63.08717410531206,2.9180006524196145,-0.0660907127429805,-0.0660907127429805,17.69650067720375,21.41064633401507,20.66406819521893,,1,macd_sell_like,False,False,True,False,False,False,False,False,False,1946.T,2026-09-15,True,,2162.0,11.2656975,1.2937338,191.91,1671.132,202072145920.0,,1753768800.0,1754287200.0,True,,,True,1753768800.0,2025-07-29,-295.0
6,True,50.95541401273886,False,False,True,False,0.404676852070031,3130.0,3130.0,367752650.0,367.75265,3345.0,0.9357249626307922,-0.1732309062750349,0.030583850769916987,76.00579093286989,2.4283000298041495,-0.04134762633996936,-0.06427503736920781,11.989878944841745,19.52928387089312,18.039184830341835,,0,,False,False,False,False,False,False,False,False,False,6995.T,2026-09-15,True,,3130.0,9.041539,0.76341873,346.18,4099.978,271397863424.0,1785393000.0,1793860200.0,1793860200.0,True,,,True,1793860200.0,2026-11-05,37.0
6,True,44.23963133640553,False,False,True,False,0.3327720315247807,672.0,672.0,361639615.0,361.639615,742.0,0.9056603773584906,-0.22901348923449716,0.20519396335818785,24.85858455151164,3.6991941296892326,-0.09433962264150941,-0.09433962264150941,24.460076759028894,21.942185485040323,19.720493683281834,,1,trailing_stop;ext_dev200,False,False,False,False,True,True,False,False,False,2170.T,2026-09-15,True,,672.0,45.19166,5.8335867,14.87,115.195,68042256384.0,,1754548200.0,1754893800.0,True,,,True,1754548200.0,2025-08-07,-288.0
6,True,51.24999999999999,False,False,True,True,0.5366122836756626,3300.0,3300.0,358738575.0,358.738575,3355.0,0.9836065573770492,-0.24879280674219406,0.13438738464346112,56.660231353028955,1.716976707667544,-0.016393442622950838,-0.016393442622950838,23.513771641897513,22.633651937431754,21.852389289260994,,0,,False,False,False,False,False,False,False,False,False,7864.T,2026-09-15,True,,3300.0,8.520527,1.0698477,387.3,3084.551,176034758656.0,1794378600.0,1794378600.0,1794378600.0,True,,,True,1794378600.0,2026-11-11,41.0
6,True,50.76923076923077,False,False,True,False,0.3394243862065885,3585.0,3585.0,356528350.0,356.52835,3925.0,0.913375796178344,-0.16824966078697423,0.1229337928852845,96.99479252969131,2.7055730133805107,-0.042723631508678195,-0.08662420382165603,14.914623821378981,18.963917787029164,23.303303930341706,,0,,False,False,False,False,False,False,False,False,False,6652.T,2026-09-15,True,,3585.0,27.29349,1.4371837,131.35,2494.462,106259628032.0,,1753941600.0,1754287200.0,True,,,True,1753941600.0,2025-07-31,-293.0
6,True,45.58472553699284,False,False,True,False,0.4112163175593025,1241.0,1241.0,349518545.0,349.518545,1343.0,0.9240506329113924,-0.19583023082650786,0.060320924262965425,37.888528935791975,3.0530643783877496,-0.05842185128983313,-0.05842185128983313,14.314157337281593,26.490967172552093,25.046392541689677,,1,macd_sell_like,False,False,True,False,False,False,False,False,False,6118.T,2026-09-15,True,,1241.0,15.83514,0.7770212,78.37,1597.125,67486646272.0,,1754550000.0,1754982000.0,True,,,True,1754550000.0,2025-08-07,-288.0
6,True,41.55844155844156,False,False,True,True,0.42906656587298536,5360.0,5360.0,341649750.0,341.64975,5690.0,0.9420035149384886,-0.16370670458579517,0.1259874018209508,114.78659073093273,2.14154087184576,-0.03942652329749108,-0.05799648506151145,20.6070745479248,26.32858454346909,22.890950559855135,,0,,False,False,False,False,False,False,False,False,False,5480.T,2026-09-15,True,,5360.0,10.305314,0.7233312,520.12,7410.16,74256113664.0,,1753682400.0,1754028000.0,True,,,True,1753682400.0,2025-07-28,-296.0
6,True,39.99999999999999,False,False,True,False,0.37215327841845147,2597.0,2597.0,337914975.0,337.914975,2699.0,0.962208225268618,-0.19770456917530044,0.09035280038749605,59.44059418832515,2.288817642985181,-0.03707823507601038,-0.037791774731381955,17.782973840385413,17.134958503314948,21.383720941238476,,0,,False,False,False,False,False,False,False,False,False,4633.T,2026-09-15,True,,2597.0,10.556481,1.0041217,246.01,2586.34,126606696448.0,,1754546400.0,1754978400.0,True,,,True,1754546400.0,2025-08-07,-288.0
6,True,37.52665245202559,False,False,True,False,0.3639291726863643,2669.0,2669.0,336079335.0,336.079335,2977.3173828125,0.8964445696678631,-0.20757826181221106,0.011156289215292325,64.05151983983633,2.3998321408706005,-0.060872624912033824,-0.07132915796798889,21.039829846680842,21.52293922698959,28.092662667085506,,1,di_bear,False,False,False,False,False,False,True,False,False,5851.T,2026-09-15,True,,2669.0,7.958137,0.45222566,335.38,5901.921,84899479552.0,1793860200.0,1793860200.0,1793860200.0,True,,,True,1793860200.0,2026-11-05,37.0
6,True,44.827586206896555,False,False,True,True,0.3588525726025328,3095.0,3095.0,334787520.0,334.78752,3280.0,0.9435975609756098,-0.12276266712563166,0.056455373200295034,54.736195837525656,1.7685362144596335,-0.026729559748427723,-0.05640243902439024,10.006921044880535,19.284197189383974,21.48947754216979,,0,,False,False,False,False,False,False,False,False,False,7981.T,2026-09-15,True,,3095.0,13.347421,0.99975157,231.88,3095.769,195552575488.0,1793255400.0,1793255400.0,1793255400.0,True,,,True,1793255400.0,2026-10-29,32.0
6,True,44.11177644710579,False,False,True,False,0.4617480288617843,2961.0,2961.0,334257020.0,334.25702,3395.314453125,0.87208417390464,-0.1838752968964008,0.006772080290918803,63.061411742029826,2.1297335948000615,-0.03863636363636369,-0.04329563812600967,11.496603758363015,19.023691942116564,20.01981694768031,,1,macd_sell_like,False,False,True,False,False,False,False,False,False,6486.T,2026-09-15,True,,2961.0,13.669098,0.9992103,216.62,2963.34,135317069824.0,,1753941600.0,1754287200.0,True,,,True,1753941600.0,2025-07-31,-293.0
6,True,41.988950276243095,False,False,True,False,0.40884843744364013,1096.0,1096.0,329115140.0,329.11514,1145.9669189453125,0.956397590437166,-0.19020350006780107,0.07460752357401668,20.272346655156067,1.8496666656164296,-0.038596491228070184,-0.038596491228070184,28.231028985817492,28.535152856823398,24.64312390560213,,0,,False,False,False,False,False,False,False,False,False,7241.T,2026-09-15,True,,1096.0,6.1106157,0.7029097,179.36,1559.233,97876131840.0,,1753687200.0,1754032800.0,True,,,True,1753687200.0,2025-07-28,-296.0
6,True,48.9795918367347,False,False,True,True,0.501250005555709,1420.0,1420.0,324795410.0,324.79541,1573.0086669921875,0.9027286561079403,-0.24348795720531768,0.05701614541176969,22.266264954348138,1.5680468277709956,-0.02472527472527475,-0.028727770177838563,19.0081480266034,18.196516423161345,17.697907492438343,,0,,False,False,False,False,False,False,False,False,False,5451.T,2026-09-15,True,,1420.0,11.808732,1.0311936,120.25,1377.045,203414339584.0,,1754550000.0,1754982000.0,True,,,True,1754550000.0,2025-08-07,-288.0
6,True,46.51162790697675,False,False,True,True,0.5124844475504475,3185.0,3185.0,324727925.0,324.727925,3272.587158203125,0.9732361113794701,-0.1367685982270006,0.04197670681477339,37.76599346854156,1.1857454778192011,-0.018489984591679498,-0.018489984591679498,32.47661106722671,23.40787792798763,12.081323373236454,,0,,False,False,False,False,False,False,False,False,False,8130.T,2026-09-15,True,,3185.0,12.789624,1.5405512,249.03,2067.442,187250884608.0,1794551400.0,1794551400.0,1794551400.0,True,,,True,1794551400.0,2026-11-13,43.0
6,True,43.66197183098591,True,False,True,True,0.18030967830899866,6070.0,6070.0,319314350.0,319.31435,6400.0,0.9484375,-0.18279566246614076,0.05807991563713766,141.54536428682476,2.3318840903925,-0.01461038961038963,-0.051562499999999956,19.830150273231997,28.283839004080154,14.451276877425748,,0,,False,False,False,False,False,False,False,False,False,9605.T,2026-09-15,True,,6070.0,16.20698,1.2844167,374.53,4725.881,379295662080.0,1786343400.0,1794292200.0,1794292200.0,True,,,True,1794292200.0,2026-11-10,40.0
6,True,47.578947368421055,False,False,True,False,0.6443909415496561,1705.0,1705.0,318445760.0,318.44576,1791.0,0.9519821328866555,-0.29637915258518777,0.20693133976077704,48.38020149774077,2.8375484749408075,-0.04801786711334455,-0.04801786711334455,26.565358545474993,35.015648941670776,25.933130015607546,,0,ext_dev200,False,False,False,False,False,True,False,False,False,9889.T,2026-09-15,True,,1705.0,19.733795,4.202675,86.4,405.694,103853326336.0,,1753756200.0,1754274600.0,True,,,True,1753756200.0,2025-07-29,-295.0
6,True,43.45930860404275,False,False,True,True,0.4120407577739444,2316.0,2316.0,307752695.0,307.752695,2421.8271484375,0.9563027656594828,-0.14730289347255054,0.03415242077502212,38.39101560869966,1.6576431609973945,-0.01864406779661021,-0.0436972343405172,12.137730573773505,19.153428656147483,17.635577235496953,,1,macd_sell_like,False,False,True,False,False,False,False,False,False,8200.T,2026-09-15,True,,2316.0,34.69143,3.908155,66.76,592.607,60017754112.0,,1752129000.0,1752474600.0,True,,,True,1752129000.0,2025-07-10,-308.0
6,True,43.6834094368341,False,True,False,False,0.3161223421053975,2446.0,2446.0,304363110.0,304.36311,2568.0,0.9524922118380063,-0.16290018124296834,0.22010601301763577,81.28950297239948,3.323364798544541,-0.03281929616449186,-0.04750778816199375,24.8284886264944,33.69022799443204,17.6078035073248,,0,ext_dev200,False,False,False,False,False,True,False,False,False,5632.T,2026-09-15,True,,2446.0,12.101722,0.75859827,202.12,3224.368,36986224640.0,,1754460000.0,1754978400.0,True,,,True,1754460000.0,2025-08-06,-289.0
6,True,44.1860465116279,False,False,True,True,0.5420484189081445,4625.0,4625.0,295546650.0,295.54665,4865.0,0.9506680369989723,-0.24152106885919833,0.06130316555182014,88.0367471812265,1.9034972363508433,-0.02733964248159837,-0.02733964248159837,37.38497192652819,20.58839449805339,15.968202071243354,,0,,False,False,False,False,False,False,False,False,False,9699.T,2026-09-15,True,,4625.0,11.136528,0.88638073,415.3,5217.848,127310413824.0,,1753857000.0,1754289000.0,True,,,True,1753857000.0,2025-07-30,-294.0
6,True,35.151515151515156,False,False,True,True,0.3730021174686555,1752.0,1752.0,288422865.0,288.422865,1881.0,0.9314194577352473,-0.16666670236233194,0.05279418961766624,24.647397273762646,1.4068149128859957,-0.02720710716268737,-0.06858054226475274,14.708370026161562,25.956446198750548,24.8293313402462,,0,,False,False,False,False,False,False,False,False,False,9882.T,2026-09-15,True,,1752.0,12.752948,1.1966722,137.38,1464.06,147097927680.0,,1753768800.0,1754287200.0,True,,,True,1753768800.0,2025-07-29,-295.0
6,True,39.583333333333336,False,False,True,True,0.2966952313988492,4285.0,4285.0,288129175.0,288.129175,4675.0,0.9165775401069519,-0.126984161979661,0.07527707507969161,116.20690324929178,2.7119464002168447,-0.0745140388768899,-0.08342245989304808,23.245908036955434,14.830230958939236,26.043275984564325,,1,di_bear,False,False,False,False,False,False,True,False,False,4044.T,2026-09-15,True,,4285.0,12.698177,0.83165485,337.45,5152.378,106237075456.0,1794465000.0,1794465000.0,1794465000.0,True,,,True,1794465000.0,2026-11-12,42.0
6,True,43.52159468438538,False,False,True,False,0.4131018056912012,2003.0,2003.0,284232185.0,284.232185,2082.0,0.9620557156580212,-0.16352741756429123,0.08893477018837936,35.58309085086671,1.7764898078315883,-0.03794428434197883,-0.03794428434197883,21.588943969034474,21.964032333390612,29.87931755357451,,1,di_bear,False,False,False,False,False,False,True,False,False,2154.T,2026-09-15,True,,2003.0,14.44124,2.1210132,138.7,944.36,170175234048.0,1786084200.0,1793946600.0,1793946600.0,True,,,True,1793946600.0,2026-11-06,38.0
6,True,49.68553459119497,False,False,True,True,0.3822301513953031,1102.0,1102.0,284194095.0,284.194095,1124.0,0.9804270462633452,-0.14847187296654907,0.17241551063885163,24.770512323249438,2.2477778877721812,-0.017825311942959,-0.019572953736654797,11.499697945616791,20.329557929529997,17.965946394548656,,0,,False,False,False,False,False,False,False,False,False,9274.T,2026-09-15,True,,1102.0,12.610139,0.7628183,87.39,1444.643,67281711104.0,,1754521200.0,1754953200.0,True,,,True,1754521200.0,2025-08-07,-288.0
6,True,54.91573033707866,False,False,True,True,0.3139463315406311,3070.0,3070.0,284032020.0,284.03202,3435.0,0.893740902474527,-0.20669577874818046,0.0862514669623613,100.92127643569718,3.2873379946481167,-0.04062500000000002,-0.04658385093167705,27.764155209706367,26.013120130779765,16.766157893821052,,0,,False,False,False,False,False,False,False,False,False,1982.T,2026-09-15,True,,3070.0,15.3877,1.7551312,199.51,1749.157,126683676672.0,,1754460000.0,1754978400.0,True,,,True,1754460000.0,2025-08-06,-289.0
6,True,48.67256637168141,False,False,True,True,0.5708790138884284,4110.0,4110.0,282384375.0,282.384375,4276.00537109375,0.9611774643184585,-0.25863361536522433,0.0764336821296081,74.64702908915389,1.8162294182275884,-0.017921146953404965,-0.017921146953404965,25.47865096253615,24.720009938164395,16.604787709579398,,0,,False,False,False,False,False,False,False,False,False,9746.T,2026-09-15,True,,4110.0,15.271997,1.8417238,269.12,2231.605,201402662912.0,1786084200.0,1794378600.0,1794378600.0,True,,,True,1794378600.0,2026-11-11,41.0
6,True,45.887445887445885,False,False,True,True,0.4305772821965364,1552.0,1552.0,277378055.0,277.378055,1611.0,0.9633767846058349,-0.19614263851519032,0.09032826720994036,29.86846956689085,1.9245147916811116,-0.03662321539416513,-0.03662321539416513,28.055626377356713,28.293304472172874,20.90946200946109,,0,,False,False,False,False,False,False,False,False,False,7575.T,2026-09-15,True,,1552.0,11.644658,1.6892701,133.28,918.74,108879749120.0,1793341800.0,1793341800.0,1793341800.0,True,,,True,1793341800.0,2026-10-30,33.0
6,True,42.5531914893617,False,False,True,False,0.3665483956825909,2880.0,2880.0,277152530.0,277.15253,2990.0,0.9632107023411371,-0.14862872436648944,0.11514966505488577,50.168826771916784,1.741973151802666,-0.03678929765886285,-0.03678929765886285,14.042874528891167,19.049821477785798,27.797623842643464,,0,,False,False,False,False,False,False,False,False,False,6282.T,2026-09-15,True,,2880.0,16.7588,1.046633,171.85,2751.681,82779709440.0,,1754373600.0,1754978400.0,True,,,True,1754373600.0,2025-08-05,-290.0
6,True,45.90163934426229,False,False,True,False,0.3558515624485766,898.0,898.0,264847930.0,264.84793,963.0,0.9325025960539979,-0.26116293984043826,0.1482716282357468,29.961578033816487,3.3364786229194303,-0.06165099268547547,-0.06749740394600212,21.01831863236109,29.921443479959777,23.275613997329,,0,,False,False,False,False,False,False,False,False,False,6071.T,2026-09-15,True,,898.0,15.334699,3.0892866,58.56,290.682,34056284160.0,,1754548200.0,1754980200.0,True,,,True,1754548200.0,2025-08-07,-288.0
6,True,39.42307692307692,False,False,True,False,0.4145806747769398,3255.0,3255.0,258606125.0,258.606125,3486.11181640625,0.9337049903796552,-0.23499027476392687,0.048898053194224245,67.47519821805365,2.072970759387209,-0.04963503649635037,-0.04963503649635037,15.719668005458175,24.493186652614334,29.53857776014382,,0,,False,False,False,False,False,False,False,False,False,4481.T,2026-09-15,True,,3255.0,14.683328,3.8947988,221.68,835.73,59076276224.0,,1754978400.0,1755496800.0,True,,,True,1754978400.0,2025-08-12,-285.0
6,True,59.74025974025974,True,False,False,True,0.4618763454385222,2958.0,2958.0,256672320.0,256.67232,3050.0,0.9698360655737704,-0.14524590163934425,0.05718934345615456,39.48203270273618,1.3347543171986538,0.0,0.0,31.141349166097797,31.29426290035645,11.112064282839064,,0,,False,False,False,False,False,False,False,False,False,9347.T,2026-09-15,True,,2958.0,15.077991,1.4021369,196.18,2109.637,107437367296.0,,1746701940.0,1746701940.0,True,,,True,1746701940.0,2025-05-08,-353.0
6,True,62.93706293706294,True,False,True,True,0.2899221644194141,2291.0,2291.0,255334875.0,255.334875,2443.0,0.937781416291445,-0.13221449038067945,0.029774155454078244,31.05267213288744,1.3554199970705998,0.0,-0.04858803986710969,12.869333117647088,25.696620843294326,13.990371830736677,,0,,False,False,False,False,False,False,False,False,False,2288.T,2026-09-15,True,,2291.0,5.728359,0.74028426,399.94,3094.757,54917992448.0,,1754373600.0,1754978400.0,True,,,True,1754373600.0,2025-08-05,-290.0
6,True,51.388888888888886,False,False,True,False,0.3730980707884734,425.0,425.0,254801840.0,254.80184,437.4857177734375,0.9714602848363074,-0.3706174128776877,0.11656025576862605,8.680578561978443,2.0424890734066925,-0.011627906976744207,-0.011627906976744207,20.11863745983891,23.744011016865336,16.189143177039732,,0,,False,False,False,False,False,False,False,False,False,3632.T,2026-09-15,True,,425.0,17.91737,0.7640161,23.72,556.271,73016434688.0,1786084200.0,1793860200.0,1793860200.0,True,,,True,1793860200.0,2026-11-05,37.0
6,True,54.03199957417215,True,False,True,True,0.2842064854413026,1434.0,1434.0,243424805.0,243.424805,1465.3035888671875,0.9786367896011311,-0.1727783213137769,0.09161989076253718,32.19384810981915,2.245038222442061,-0.021363210398868904,-0.021363210398868904,13.820391614611543,21.67046182230956,17.722586664742533,,0,,False,False,False,False,False,False,False,False,False,8167.T,2026-09-15,True,,1434.0,11.97895,0.67563397,119.71,2122.451,59476131840.0,,1752472800.0,1752818400.0,True,,,True,1752472800.0,2025-07-14,-306.0
6,False,43.60902255639098,False,False,True,True,0.42147584052096176,2458.0,2458.0,241462545.0,241.462545,2638.363525390625,0.9316381068587123,-0.14947277795323421,0.005719984161578262,32.173250250678905,1.3089198637379538,-0.010865191146881337,-0.035321821036106704,23.296556867515058,20.00730849899496,11.045967867430893,,2,trend_break;macd_sell_like,True,False,True,False,False,False,False,False,False,8160.T,2026-09-15,True,,2458.0,40.032574,2.2233098,61.4,1105.559,69216788480.0,,1754545200.0,1754977200.0,True,,,True,1754545200.0,2025-08-07,-288.0
6,True,49.107142857142854,False,False,True,True,0.31718290580306346,2996.0,2996.0,238866380.0,238.86638,3065.0,0.9774877650897227,-0.11980364440878488,0.04850943474159042,41.06984993453938,1.3708227614999793,-0.011221122112211268,-0.022512234910277318,11.975083134950697,25.356222167394776,18.1611318360139,,0,,False,False,False,False,False,False,False,False,False,9039.T,2026-09-15,True,,2996.0,14.033443,1.1971163,213.49,2502.681,120618147840.0,,1754544000.0,1754976000.0,True,,,True,1754544000.0,2025-08-07,-288.0
6,True,44.24778761061947,False,False,False,False,0.3714354882067949,4850.0,4850.0,236793425.0,236.793425,5180.0,0.9362934362934363,-0.25830475790232676,0.04834594152499361,114.77125694763683,2.3664176690234395,-0.06370656370656369,-0.06370656370656369,16.178714648946446,25.97650223874136,28.498023738148515,,0,,False,False,False,False,False,False,False,False,False,6947.T,2026-09-15,True,,4850.0,19.157087,2.4893432,253.17,1948.305,102217416704.0,,1754287200.0,1754632800.0,True,,,True,1754287200.0,2025-08-04,-291.0
6,True,69.35933147632312,True,False,True,True,0.3187762779703538,2683.0,2683.0,233495890.0,233.49589,2732.0,0.9820644216691069,-0.15444681023037143,0.13726053016986173,59.245221486999675,2.2081707598583553,-0.0179355783308931,-0.0179355783308931,21.499307192716103,29.460575209243405,9.413720812447483,,1,rsi_reversal,False,False,False,True,False,False,False,False,False,9324.T,2026-09-15,True,,2683.0,11.5536995,0.73894686,232.22,3630.843,76615180288.0,,1753941600.0,1754287200.0,True,,,True,1753941600.0,2025-07-31,-293.0
6,True,43.80165289256198,False,False,False,True,0.3733291108437695,1063.0,1063.0,224746475.0,224.746475,1106.0,0.961121157323689,-0.19229567842177075,0.11124939258649102,17.906183415123575,1.6844951472364607,-0.02117863720073665,-0.03887884267631103,18.314227755054187,29.911168888268406,22.506442073308822,,0,,False,False,False,False,False,False,False,False,False,9997.T,2026-09-15,True,,1063.0,8.859072,0.67774564,119.99,1568.435,102233595904.0,,1753768800.0,1754287200.0,True,,,True,1753768800.0,2025-07-29,-295.0
6,True,39.99999999999999,False,False,True,True,0.23074651938899549,3345.0,3345.0,224299475.0,224.299475,3525.0,0.948936170212766,-0.1146853072164018,0.02200213858470801,51.08360375981537,1.5271630421469466,-0.029027576197387495,-0.051063829787234005,13.064582029712989,21.666679916954052,19.7941291954442,,0,,False,False,False,False,False,False,False,False,False,3148.T,2026-09-15,True,,3345.0,12.7118635,1.4003017,263.14,2388.771,216094572544.0,,1751846400.0,1752192000.0,True,,,True,1751846400.0,2025-07-07,-311.0
6,True,44.61445447827797,False,False,True,True,0.3802001654943304,2099.0,2099.0,223916195.0,223.916195,2164.0,0.9699630314232902,-0.08881051768668513,0.13785137845430784,37.4562523335722,1.7844808162730919,-0.030036968576709788,-0.030036968576709788,19.643628809369027,21.922013048571944,22.92681543746535,,0,,False,False,False,False,False,False,False,False,False,8008.T,2026-09-15,True,,2099.0,25.176922,1.123132,83.37,1868.881,45075562496.0,,1752040800.0,1752472800.0,True,,,True,1752040800.0,2025-07-09,-309.0
6,True,50.51546391752578,False,False,True,False,0.3877040292054316,603.0,603.0,218305395.0,218.305395,623.0,0.9678972712680578,-0.151280636578757,0.10099010461948077,12.994984984202173,2.155055552935684,-0.0321027287319422,-0.0321027287319422,33.707068929204674,24.7758710345967,14.235592108608639,,0,,False,False,False,False,False,False,False,False,False,3232.T,2026-09-15,True,,603.0,9.686747,0.82848907,62.25,727.831,60761141248.0,,1754375400.0,1754980200.0,True,,,True,1754375400.0,2025-08-05,-290.0
6,True,45.557122708039486,False,False,True,True,0.44283693265729995,2831.0,2831.0,217662365.0,217.662365,3260.0,0.8684049079754601,-0.22165403706653974,0.08872781209974567,98.2068065768763,3.46897939162403,-0.025137741046831974,-0.1315950920245399,16.914355714818043,17.472879008845098,25.795512163943712,,0,,False,False,False,False,False,False,False,False,False,7745.T,2026-09-15,True,,2831.0,13.091934,1.5589293,216.24,1815.99,77533503488.0,,1754289000.0,1754634600.0,True,,,True,1754289000.0,2025-08-04,-291.0
6,True,36.434108527131784,False,False,True,True,0.534752584247826,3390.0,3390.0,217304650.0,217.30465,3675.0,0.9224489795918367,-0.37188938815249284,0.11587098112091954,83.10267527790802,2.4514063503807675,-0.051748251748251706,-0.07755102040816331,17.779082749939615,27.08156451351292,17.195246906190224,,0,,False,False,False,False,False,False,False,False,False,9828.T,2026-09-15,True,,3390.0,17.14806,3.0136306,197.69,1124.889,59865792512.0,,1753689600.0,1754035200.0,True,,,True,1753689600.0,2025-07-28,-296.0
6,True,45.56962025316456,False,False,True,False,0.39087683965598613,2094.0,2094.0,210673755.0,210.673755,2179.0,0.960991280403855,-0.12946595090208735,0.07776224496888062,35.66700314805716,1.7032952792768463,-0.03900871959614505,-0.03900871959614505,31.667531291524085,27.300155272679667,19.517482152988826,,0,,False,False,False,False,False,False,False,False,False,1379.T,2026-09-15,True,,2094.0,10.915346,1.0183082,191.84,2056.352,65684955136.0,,1754546400.0,1754892000.0,True,,,True,1754546400.0,2025-08-07,-288.0
6,True,50.0,False,False,True,True,0.31950240632974214,513.0,513.0,209780375.0,209.780375,560.6857299804688,0.9149510546984496,-0.2544031071502706,0.1366671465590672,12.016812380175873,2.342458553640521,-0.0357142857142857,-0.0357142857142857,14.251528146891399,25.871155236651965,20.56025557491096,,0,,False,False,False,False,False,False,False,False,False,4293.T,2026-09-15,True,,513.0,18.586956,1.6065589,27.6,319.316,106419339264.0,,1754287200.0,1754632800.0,True,,,True,1754287200.0,2025-08-04,-291.0
6,True,72.28915662650603,True,False,False,True,0.5403925129414395,1344.0,1344.0,204074620.0,204.07462,1344.0,1.0,-0.23698448809579087,0.14965376244732065,26.596441040703226,1.9789018631475614,0.0,0.0,33.5477546558283,39.83376862614035,13.806586196146437,,0,,False,False,False,False,False,False,False,False,False,8255.T,2026-09-15,True,,1344.0,13.527932,1.246958,99.35,1077.823,116715192320.0,,1754274600.0,1754620200.0,True,,,True,1754274600.0,2025-08-04,-291.0
6,True,36.72316384180791,False,False,True,True,0.34591908709878755,1816.0,1816.0,203433225.0,203.433225,1936.0811767578125,0.9379771994070507,-0.11419003470094058,0.00342815902755067,28.207516440295244,1.5532773370206632,-0.03609341825902335,-0.038644785600847054,13.976551189988186,13.45524284885549,20.41731237435464,,0,,False,False,False,False,False,False,False,False,False,9037.T,2026-09-15,True,,1816.0,12.54057,1.3547779,144.81,1340.441,134464118784.0,,1753682400.0,1754028000.0,True,,,True,1753682400.0,2025-07-28,-296.0
6,True,44.866920152091254,False,False,True,False,0.3776608153677569,1533.0,1533.0,200415650.0,200.41565,1643.0,0.9330493000608643,-0.1844863953508914,0.13263177210319244,33.96710421845785,2.215727607205339,-0.06695069993913572,-0.06695069993913572,22.712345852707344,19.237502009098833,30.44946664641933,,1,di_bear,False,False,False,False,False,False,True,False,False,6463.T,2026-09-15,True,,1533.0,10.709795,0.5578369,143.14,2748.115,97979809792.0,,1754546400.0,1754978400.0,True,,,True,1754546400.0,2025-08-07,-288.0
