score,gc_multi,rsi,macd_buy_like,vol_surge,vol_quiet,vol_down,hurst,close,close_adj,adv20,adv20_m,hh252,pct_of_52w_high,max_dd_252,dev200,atr14,natr14,pullback_20d,pullback_60d,adx14,plus_di14,minus_di14,skip_reason,sell_score,sell_reason,sell_trend_break,sell_cross_sma25_down,sell_macd_sell_like,sell_rsi_reversal,sell_trailing_stop,sell_ext_dev200,sell_di_bear,sell_vol_distribution,sell_natr_spike,ticker,price_date,bar_is_current,skip_reason_yahoo,mkt_price,pe_ttm,pbr,eps_ttm,bps,market_cap,earn_ts,earn_start_ts,earn_end_ts,market_risk_on,market_close,market_ma200,fund_ok,earn_ts_pick,next_earn_date,days_to_earnings
8,True,40.86538461538461,True,False,True,True,0.47710616103253206,2040.0,2040.0,2026967210.0,2026.96721,2155.5,0.9464161447459986,-0.15943189067763042,0.1448296431072258,45.38664725709104,2.224835649857404,-0.04784130688448074,-0.053583855254001445,21.44200888919304,27.94524015007889,20.686040800539462,,0,,False,False,False,False,False,False,False,False,False,7956.T,2026-09-25,True,,2040.0,26.617954,2.852094,76.64,715.264,243682803712.0,1785997800.0,1793860200.0,1793860200.0,True,,,True,1793860200.0,2026-11-05,29.0
8,True,53.38645418326693,True,False,True,True,0.2269887514478285,1367.0,1367.0,950345545.0,950.345545,1573.8748779296875,0.8685569730919045,-0.20514647158890087,0.0997331122257572,33.923593698629126,2.4816089026063732,-0.06625683060109289,-0.08927381745502994,23.16905008367099,27.172542844011723,26.010654295077295,,0,,False,False,False,False,False,False,False,False,False,3964.T,2026-09-25,True,,1367.0,17.711842,4.1857915,77.18,326.581,124015116288.0,,1754460000.0,1754892000.0,True,,,True,1754460000.0,2025-08-06,-297.0
8,True,49.58904109589041,False,True,False,True,0.47218732703191474,3125.0,3125.0,871780470.0,871.78047,3245.0,0.963020030816641,-0.15780525502318388,0.058586921710536144,58.32738350434191,1.8664762721389412,-0.007621467132422954,-0.036979969183358996,20.507487755796873,18.273307768796666,13.526672286840281,,0,,False,False,False,False,False,False,False,False,False,9031.T,2026-09-25,True,,3125.0,7.391027,0.8102412,422.81,3856.876,236064604160.0,1793946600.0,1793946600.0,1793946600.0,True,,,True,1793946600.0,2026-11-06,30.0
7,True,47.70991939617016,False,False,True,False,0.5280518913780307,685.5,685.5,24501517345.89508,24501.51734589508,704.5999755859375,0.972892454942176,-0.22365269014896305,0.12122461690150543,15.315681209942033,2.2342350415670365,-0.02710754505782398,-0.02710754505782398,34.96783283044703,30.94533402780375,19.489023311197368,,1,macd_sell_like,False,False,True,False,False,False,False,False,False,5401.T,2026-09-25,True,,685.5,209.63303,0.635651,3.27,1078.422,3582624268288.0,1793860200.0,1793860200.0,1793860200.0,True,,,True,1793860200.0,2026-11-05,29.0
7,True,44.01664932362122,True,False,True,True,0.4617378352340052,6171.0,6171.0,20808148455.0,20808.148455,6673.0,0.924771467106249,-0.18796721276828077,0.12676767272730483,135.6379626093064,2.19798999528936,-0.029869517371482468,-0.07522853289375098,8.8859774952025,21.539677800075545,27.02251089889085,,0,,False,False,False,False,False,False,False,False,False,8591.T,2026-09-25,True,,6171.0,10.967741,1.4348806,562.65,4300.706,6417754882048.0,1794205800.0,1794205800.0,1794205800.0,True,,,True,1794205800.0,2026-11-09,31.0
7,True,50.703234880450076,True,False,True,True,0.26552397033704894,6888.0,6888.0,15081786450.0,15081.78645,7361.0,0.9357424263007743,-0.13473193473193468,0.13785896118432772,150.7326043865008,2.188336300617027,-0.015155847869602557,-0.06425757369922569,14.954202673354592,23.809022127681388,20.19834541062883,,0,,False,False,False,False,False,False,False,False,False,8630.T,2026-09-25,True,,6888.0,27.432396,1.1555029,251.09,5961.041,6108172779520.0,1795069800.0,1795069800.0,1795069800.0,True,,,True,1795069800.0,2026-11-19,39.0
7,True,45.714285714285715,True,False,True,True,0.3525997660925023,4613.0,4613.0,13650943860.0,13650.94386,4836.39306640625,0.9538099853880889,-0.1874619444674689,0.043416871156527925,79.03104661782865,1.713224509382802,-0.02884210526315789,-0.02884210526315789,19.218855905036122,30.28797878793939,20.279369421187464,,0,,False,False,False,False,False,False,False,False,False,7751.T,2026-09-25,True,,4613.0,11.511779,1.1246191,400.72,4101.833,3850515775488.0,1785133800.0,1792996200.0,1792996200.0,True,,,True,1792996200.0,2026-10-26,21.0
7,True,46.25668449197861,True,False,False,True,0.4473084546981846,2442.0,2442.0,3463070032.5,3463.0700325,2632.53076171875,0.9276244880062277,-0.18025649258090115,0.034062936142624345,47.67383582143103,1.9522455291331298,-0.01967081493376155,-0.019867549668874163,12.365386269945613,28.525893861088193,20.642709120934402,,0,,False,False,False,False,False,False,False,False,False,4528.T,2026-09-25,True,,2442.0,16.333357,1.3238025,149.51,1844.686,1147513602048.0,1793255400.0,1793255400.0,1793255400.0,True,,,True,1793255400.0,2026-10-29,24.0
7,True,43.8496583143508,True,False,True,True,0.4026167038602412,4846.0,4846.0,3103537430.0,3103.53743,5675.0,0.853920704845815,-0.22577854402642838,0.14279584907498788,148.2235336074729,3.0586779531050947,-0.08479697828139754,-0.14607929515418505,13.375834683474356,25.264047778717813,22.509286310218563,,1,trailing_stop,False,False,False,False,True,False,False,False,False,4631.T,2026-09-25,True,,4846.0,8.126372,0.89989966,596.33,5385.045,456915320832.0,1786343400.0,1794465000.0,1794465000.0,True,,,True,1794465000.0,2026-11-12,34.0
7,True,51.74999103546827,False,False,True,True,0.5972773065128681,875.7999877929688,875.7999877929688,2894191351.7178345,2894.1913517178346,967.4888305664062,0.9052300761759087,-0.2062957213009855,0.02577420110286499,13.061829336243955,1.4914169351794573,-0.01772093789323559,-0.023089807258261263,10.997679417116885,19.414064513003503,15.852460995691045,,0,,False,False,False,False,False,False,False,False,False,3861.T,2026-09-25,True,,875.8,14.333879,0.68590623,61.1,1276.851,743759413248.0,1793946600.0,1793946600.0,1793946600.0,True,,,True,1793946600.0,2026-11-06,30.0
7,True,48.024316109422486,True,False,True,False,0.3746271588091797,2125.5,2125.5,2671224697.5,2671.2246975,2216.0,0.9591606498194946,-0.2442996599499878,0.10531476699744347,60.980930315605185,2.869015775845927,-0.03953908721192956,-0.04083935018050544,13.504444327632436,24.750003233746945,22.006864693803045,,0,,False,False,False,False,False,False,False,False,False,6473.T,2026-09-25,True,,2125.5,56.66489,0.8360004,37.51,2542.463,676614307840.0,1793255400.0,1793255400.0,1793255400.0,True,,,True,1793255400.0,2026-10-29,24.0
7,True,47.368421052631575,False,False,True,False,0.3439468792032137,1115.5,1115.5,2636963740.0,2636.96374,1238.66357421875,0.9005673721402264,-0.2733297447988259,0.07282234653468578,29.542978359829714,2.6484068453455594,-0.04739538855678904,-0.04739538855678904,30.73739601567808,22.267585052134734,18.989977021502515,,1,macd_sell_like,False,False,True,False,False,False,False,False,False,9509.T,2026-09-25,True,,1115.5,5.4430566,0.486177,204.94,2294.432,229068128256.0,1785393000.0,1793255400.0,1793255400.0,True,,,True,1793255400.0,2026-10-29,24.0
7,True,65.99423631123919,True,True,False,True,0.3750912005274299,3556.0,3556.0,2535750485.0,2535.750485,3649.0,0.9745135653603727,-0.21299635030518693,0.06687124282771939,52.02854979508748,1.4631200729777132,-0.005036373810856198,-0.025219298245614086,22.96935560373833,25.019882573816037,16.6432738283653,,0,,False,False,False,False,False,False,False,False,False,9041.T,2026-09-25,True,,3556.0,12.675554,1.0882112,280.54,3267.748,676167483392.0,1794551400.0,1794551400.0,1794551400.0,True,,,True,1794551400.0,2026-11-13,35.0
7,True,48.76660341555977,True,False,False,True,0.3938755535328642,2970.0,2970.0,2257225630.0,2257.22563,3198.0,0.9287054409005628,-0.13280409262861703,0.040549088907797515,44.846202369409724,1.5099731437511692,-0.014925373134328401,-0.07129455909943716,11.4968786470922,19.35196885386099,19.0987281337178,,0,,False,False,False,False,False,False,False,False,False,9001.T,2026-09-25,True,,2970.0,10.498038,0.92591524,282.91,3207.637,580728061952.0,1793860200.0,1793860200.0,1793860200.0,True,,,True,1793860200.0,2026-11-05,29.0
7,True,54.269972451790636,True,False,True,True,0.39828168326364416,12565.0,12565.0,1884229725.0,1884.229725,13745.0,0.9141506002182612,-0.14114223353946886,0.051742492232250914,285.0536287406742,2.268632142782922,-0.0059335443037974445,-0.08584939978173878,15.386174202164462,22.660222636179224,18.838593385762632,,0,,False,False,False,False,False,False,False,False,False,5444.T,2026-09-25,True,,12565.0,12.258297,1.3728614,1025.02,9152.417,750789001216.0,1793601000.0,1793601000.0,1793601000.0,True,,,True,1793601000.0,2026-11-02,26.0
7,True,45.57595993322204,True,False,True,False,0.46726050464287106,3584.0,3584.0,1674275350.0,1674.27535,3787.0,0.9463955637707948,-0.14924240356084428,0.09668921361457605,73.55426485109847,2.052295336247167,-0.028462998102466774,-0.028462998102466774,12.454919277083137,24.157499022859504,20.069974602240332,,0,,False,False,False,False,False,False,False,False,False,6923.T,2026-09-25,True,,3584.0,14.900429,0.955859,240.53,3749.507,441227345920.0,1792996200.0,1792996200.0,1792996200.0,True,,,True,1792996200.0,2026-10-26,21.0
7,True,39.88439306358381,True,False,False,True,0.5378212011898557,1442.5,1442.5,1349777587.5,1349.7775875,1614.8819580078125,0.8932541433427925,-0.29406604962857297,0.04802401478222085,26.57427750462415,1.8422376086394558,-0.050986842105263164,-0.050986842105263164,14.987021613242254,20.898408200678617,20.033573070547703,,0,,False,False,False,False,False,False,False,False,False,4202.T,2026-09-25,True,,1442.5,37.28354,1.0014815,38.69,1440.366,368576069632.0,1793860200.0,1793860200.0,1793860200.0,True,,,True,1793860200.0,2026-11-05,29.0
7,True,50.23696682464455,True,False,True,True,0.3464160224892696,1732.0,1732.0,1264008392.5,1264.0083925,1935.0,0.8950904392764858,-0.1791937581274382,0.0758479392434912,33.23239059533106,1.9187292491530636,-0.03375174337517439,-0.1049095607235142,11.851641870391903,19.113606292051607,24.11893082802291,,0,,False,False,False,False,False,False,False,False,False,5463.T,2026-09-25,True,,1732.0,14.696649,1.0884908,117.85,1591.194,382377033728.0,1794205800.0,1794205800.0,1794205800.0,True,,,True,1794205800.0,2026-11-09,31.0
7,True,50.50287356321839,True,False,True,False,0.4151891180663857,3056.0,3056.0,1165394230.0,1165.39423,3253.59375,0.9392690774624214,-0.15570282860298712,0.04303036721400444,62.78584502823627,2.0545106357407157,-0.015146632291330953,-0.01862556197816312,12.40387196035284,22.512087712465515,15.290149185570396,,0,,False,False,False,False,False,False,False,False,False,7240.T,2026-09-25,True,,3056.0,10.723559,0.7680974,284.98,3978.662,480298205184.0,1785997800.0,1794292200.0,1794292200.0,True,,,True,1794292200.0,2026-11-10,32.0
7,True,49.413145539906104,True,False,True,True,0.5750108823557837,3992.0,3992.0,1106689090.0,1106.68909,4343.0,0.9191802901220355,-0.3273171079195958,0.1301400385407534,104.00927207308109,2.6054426872014305,-0.06269077248180321,-0.0808197098779645,13.711458946364194,21.239474485401452,22.848699351823967,,0,,False,False,False,False,False,False,False,False,False,9449.T,2026-09-25,True,,3992.0,22.21233,2.496376,179.72,1599.118,374412083200.0,1794551400.0,1794551400.0,1794551400.0,True,,,True,1794551400.0,2026-11-13,35.0
7,True,54.67625899280576,True,False,True,True,0.1780090382223004,3200.0,3200.0,1103964770.0,1103.96477,3478.355224609375,0.9199750437678099,-0.28447223479448613,0.01244381287137064,68.2958353673012,2.1342448552281623,-0.012040753318925623,-0.020208205756276798,11.666301018684173,25.979071639195507,22.850807902006977,,0,,False,False,False,False,False,False,False,False,False,6005.T,2026-09-25,True,,3200.0,13.205678,1.5074003,242.32,2122.86,370397937664.0,1794465000.0,1794465000.0,1794465000.0,True,,,True,1794465000.0,2026-11-12,34.0
7,True,35.65992285408889,False,False,True,True,0.39484376636240726,898.9000244140625,898.9000244140625,847471572.7844238,847.4715727844239,948.6768188476562,0.9475302933046715,-0.18664314586497788,0.04308628464904274,15.592425687555801,1.734611777068261,-0.032920898962816025,-0.032920898962816025,26.812336489324693,17.363777325733203,14.058083654836103,,0,,False,False,False,False,False,False,False,False,False,7984.T,2026-09-25,True,,898.9,17.25336,1.486021,52.1,604.904,372540178432.0,1793255400.0,1793255400.0,1793255400.0,True,,,True,1793255400.0,2026-10-29,24.0
7,True,45.09803921568627,False,False,True,True,0.26008599211083844,3059.0,3059.0,746369725.0,746.369725,3195.0,0.957433489827856,-0.20745274520927315,0.028800808671929357,45.36434903052059,1.4829797002458514,-0.012269938650306789,-0.04256651017214397,13.07377435155022,24.17245446457536,17.01125512389725,,0,,False,False,False,False,False,False,False,False,False,2229.T,2026-09-25,True,,3059.0,21.84844,1.7922492,140.01,1706.794,371937247232.0,1793946600.0,1793946600.0,1793946600.0,True,,,True,1793946600.0,2026-11-06,30.0
7,True,50.0,True,False,False,True,0.591765753431852,4125.0,4125.0,714484025.0,714.484025,4501.83984375,0.9162920368495172,-0.20365892070169223,0.026177814262318577,49.88136565451829,1.2092452279883223,-0.024822695035460973,-0.027122641509433998,15.826082737524805,23.368568621216557,21.066543090932413,,0,,False,False,False,False,False,False,False,False,False,3002.T,2026-09-25,True,,4125.0,264.0845,1.1980636,15.62,3443.056,129297940480.0,1785911400.0,1793860200.0,1793860200.0,True,,,True,1793860200.0,2026-11-05,29.0
7,True,52.857142857142854,True,False,True,True,0.3845942286810755,1390.0,1390.0,714013142.5,714.0131425,1428.5,0.9730486524326216,-0.13633144160549904,0.061385737218373926,22.765042239891685,1.6377728230137902,-0.0067881386209360794,-0.02695134756737838,13.595412903745993,22.59017895976702,19.075399269513987,,0,,False,False,False,False,False,False,False,False,False,4927.T,2026-09-25,True,,1390.0,26.587606,1.9014242,52.28,731.031,307583680512.0,1794205800.0,1794205800.0,1794205800.0,True,,,True,1794205800.0,2026-11-09,31.0
7,True,52.31788079470199,True,False,True,True,0.3383232814714614,1333.0,1333.0,710757530.0,710.75753,1590.0,0.8383647798742139,-0.2132450331125828,0.04144336927772674,32.77450359973905,2.4587024455918267,-0.05861581920903958,-0.16163522012578613,12.307680180407196,20.210463293627203,19.876176099370564,,0,,False,False,False,False,False,False,False,False,False,3863.T,2026-09-25,True,,1333.0,13.100738,0.29830825,101.75,4468.532,153706233856.0,1785911400.0,1793860200.0,1793860200.0,True,,,True,1793860200.0,2026-11-05,29.0
7,True,52.17391304347826,True,False,True,True,0.28569465572461566,1608.0,1608.0,646611235.0,646.611235,1673.817138671875,0.9606784175217019,-0.14449125598683765,0.051833816726986504,25.47778885144882,1.5844396051896033,-0.033653846153846145,-0.03932158247829809,14.778135618187786,20.97452592536648,20.66127490457756,,0,,False,False,False,False,False,False,False,False,False,3612.T,2026-09-25,True,,1608.0,9.381016,1.2337978,171.41,1303.293,122530897920.0,,1751349600.0,1751868000.0,True,,,True,1751349600.0,2025-07-01,-323.0
7,True,48.96551724137931,False,True,False,True,0.44106635563304036,2216.0,2216.0,638668310.0,638.66831,2250.0,0.9848888888888889,-0.20976023909939778,0.10552868825534545,31.923390091840183,1.4405861954801527,-0.015111111111111075,-0.015111111111111075,21.256241436280735,26.8528964606368,21.716747922346936,,0,,False,False,False,False,False,False,False,False,False,6412.T,2026-09-25,True,,2216.0,18.713055,0.86523396,118.42,2561.157,218557267968.0,1794465000.0,1794465000.0,1794465000.0,True,,,True,1794465000.0,2026-11-12,34.0
7,True,49.46996466431096,True,False,True,False,0.463466728595715,2037.0,2037.0,599795900.0,599.7959,2298.3349609375,0.8862937885995084,-0.16752138840320463,0.012547182337007579,48.65920752487696,2.3887681651878725,-0.03960396039603964,-0.06042435424354242,10.151402534601992,23.709232947085212,21.340880404986198,,0,,False,False,False,False,False,False,False,False,False,7744.T,2026-09-25,True,,2037.0,10.685621,0.92836714,190.63,2194.175,213059829760.0,1794551400.0,1794551400.0,1794551400.0,True,,,True,1794551400.0,2026-11-13,35.0
7,True,47.549019607843135,True,False,True,True,0.36568120788426384,1842.0,1842.0,580828575.0,580.828575,1963.528076171875,0.9381072887896729,-0.13551749549990666,0.020708993435317735,21.92529782014625,1.1902984701490906,-0.01655098772023489,-0.025396825396825418,16.194957279547815,26.31052277568618,19.895971175192408,,0,,False,False,False,False,False,False,False,False,False,7313.T,2026-09-25,True,,1842.0,30.537136,0.6904307,60.32,2667.9,215131340800.0,1786084200.0,1794551400.0,1794551400.0,True,,,True,1794551400.0,2026-11-13,35.0
7,True,52.58469030390266,False,False,True,True,0.42052198875243096,486.70001220703125,486.70001220703125,572413017.320404,572.413017320404,522.4464721679688,0.9315787131022203,-0.15378889579068955,0.016338853110865692,6.849568633181386,1.407349180477878,-0.016171416621376666,-0.016171416621376666,15.29150671059812,18.583549481293694,16.157995753131647,,0,,False,False,False,False,False,False,False,False,False,8572.T,2026-09-25,True,,486.7,9.652916,1.0652082,50.42,456.906,762470989824.0,1793946600.0,1793946600.0,1793946600.0,True,,,True,1793946600.0,2026-11-06,30.0
7,True,50.0,True,False,True,True,0.41756173319708023,3225.0,3225.0,483348575.0,483.348575,3416.501708984375,0.9439480131150577,-0.220547733666543,0.0655965174431723,74.88901495045098,2.322139998463596,-0.04160475482912329,-0.04160475482912329,13.110262441810185,23.82864139997768,19.541280917023858,,0,,False,False,False,False,False,False,False,False,False,5482.T,2026-09-25,True,,3225.0,18.91052,0.8754711,170.54,3683.731,207195930624.0,,1753762800.0,1754281200.0,True,,,True,1753762800.0,2025-07-29,-303.0
7,True,51.181102362204726,True,False,False,False,0.41895773067797204,95400.0,95400.0,482785340.0,482.78534,98700.0,0.9665653495440729,-0.14117573215418144,0.02486454823128148,1481.8048578348921,1.553254567961103,-0.01851851851851849,-0.033434650455927084,20.05452880731532,34.479720621801405,20.8007323427767,,0,,False,False,False,False,False,False,False,False,False,8975.T,2026-09-25,True,,95400.0,18.772137,1.4118549,5082.0,67570.69,145742872576.0,,1781677800.0,1781677800.0,True,,,True,1781677800.0,2026-06-17,-72.0
7,True,50.83333333333333,False,False,True,True,0.49590513130468855,3735.0,3735.0,454913175.0,454.913175,3917.160888671875,0.9534967049225193,-0.19444444271316907,0.06801148139987756,69.90347494716355,1.8715789811824244,-0.018396846254927768,-0.018396846254927768,23.653377981091282,19.582250850650617,15.470535810796221,,1,macd_sell_like,False,False,True,False,False,False,False,False,False,9948.T,2026-09-25,True,,3735.0,16.26388,1.015742,229.65,3677.115,199002112000.0,1791873000.0,1791873000.0,1791873000.0,True,,,True,1791873000.0,2026-10-13,12.0
7,True,45.68527918781726,False,False,True,True,0.458823467417661,2952.0,2952.0,436055215.0,436.055215,3020.0,0.9774834437086093,-0.10485573539760729,0.09507562368272304,50.24993272187666,1.7022334932885048,-0.02251655629139071,-0.02251655629139071,21.86412288640563,20.13676580425965,18.583582655131973,,1,macd_sell_like,False,False,True,False,False,False,False,False,False,2001.T,2026-09-25,True,,2952.0,11.490852,0.86760986,256.9,3402.451,244025704448.0,1793946600.0,1793946600.0,1793946600.0,True,,,True,1793946600.0,2026-11-06,30.0
7,True,52.56916996047431,False,False,True,False,0.36017954616471776,1381.0,1381.0,427219660.0,427.21966,1464.6236572265625,0.9429043380434577,-0.20013473691088757,0.08115619516787365,39.10547372634272,2.8316780395613845,-0.046270718232044206,-0.046270718232044206,16.621913815450878,21.23465757796511,16.35878307180714,,0,,False,False,False,False,False,False,False,False,False,6395.T,2026-09-25,True,,1381.0,6.937607,0.80482966,199.06,1715.891,174565654528.0,1785825000.0,1793946600.0,1793946600.0,True,,,True,1793946600.0,2026-11-06,30.0
7,True,44.502617801047116,True,False,False,True,0.3939655605634725,2373.0,2373.0,420772925.0,420.772925,2511.0,0.945041816009558,-0.09318996415770608,0.013804526108943893,28.585293614067538,1.204605714878531,-0.020635575732562916,-0.02224969097651419,14.377977061236042,22.613949293789624,18.098286720904103,,0,,False,False,False,False,False,False,False,False,False,8803.T,2026-09-25,True,,2373.0,14.386178,1.2675009,164.95,1872.188,156784721920.0,1793341800.0,1793341800.0,1793341800.0,True,,,True,1793341800.0,2026-10-30,25.0
7,True,49.20634920634921,False,False,True,True,0.30658831275168474,4390.0,4390.0,386666775.0,386.666775,4565.0654296875,0.9616510579346759,-0.12770564368023374,0.03911749555208366,57.008168884340236,1.2985915463403244,-0.01237345331833517,-0.029834254143646377,21.22595257974585,23.703903405849584,16.50050665877462,,1,cross_sma25_down,False,True,False,False,False,False,False,False,False,1377.T,2026-09-25,True,,4390.0,15.503602,1.0395432,283.16,4223.009,184997724160.0,1791268200.0,1791268200.0,1791268200.0,True,,,True,1791268200.0,2026-10-06,7.0
7,True,56.957928802588995,True,False,True,True,0.30808107932639217,1936.0,1936.0,358596035.0,358.596035,2177.0,0.88929719797887,-0.16949931097841064,0.045447821052322146,42.8886903327333,2.215324913880852,-0.020738492665655084,-0.08549834671705248,20.88687374713176,26.43560050493844,22.71374229152504,,0,,False,False,False,False,False,False,False,False,False,8151.T,2026-09-25,True,,1936.0,16.619453,1.4372008,116.49,1347.063,40434573312.0,,1754377200.0,1754982000.0,True,,,True,1754377200.0,2025-08-05,-298.0
7,True,53.44827586206896,False,False,True,True,0.17781384098347475,6000.0,6000.0,338258100.0,338.2581,6400.0,0.9375,-0.18279566246614076,0.04428179562847423,132.86030921295452,2.2143384868825753,-0.025974025974025983,-0.0625,20.4157673333798,24.674776605035177,17.675891479117773,,2,cross_sma25_down;macd_sell_like,False,True,True,False,False,False,False,False,False,9605.T,2026-09-25,True,,6000.0,16.026497,1.2696046,374.38,4725.881,374921592832.0,1786343400.0,1794292200.0,1794292200.0,True,,,True,1794292200.0,2026-11-10,32.0
7,True,40.58679706601467,True,False,True,True,0.4823135743222329,1941.0,1941.0,332867450.0,332.86745,2338.0,0.830196749358426,-0.21257485029940115,0.026957489093604847,64.55591726226072,3.325910214438986,-0.03815659068384536,-0.09468283582089554,10.94549139557505,22.710568487344542,18.987632416330495,,0,,False,False,False,False,False,False,False,False,False,6745.T,2026-09-25,True,,1941.0,15.432934,2.1328616,125.77,910.045,144808640512.0,,1754285400.0,1754631000.0,True,,,True,1754285400.0,2025-08-04,-299.0
7,True,43.24324324324324,True,False,True,True,0.311652830291952,1722.0,1722.0,328853310.0,328.85331,1864.0,0.9238197424892703,-0.1774104683195592,0.02798298634430263,33.070366544976984,1.9204626332739247,-0.06616052060737532,-0.07618025751072965,20.41801443427905,22.411686820169326,22.47388293935164,,1,di_bear,False,False,False,False,False,False,True,False,False,8923.T,2026-09-25,True,,1722.0,10.371619,1.5023006,166.03,1146.242,167044497408.0,,1751868000.0,1751868000.0,True,,,True,1751868000.0,2025-07-07,-319.0
7,True,52.08333333333334,True,False,True,True,0.3560430942507197,3140.0,3140.0,313905925.0,313.905925,3280.0,0.9573170731707317,-0.12276266712563166,0.06745081090119687,52.91580770122275,1.6852168057714252,-0.012578616352201255,-0.04268292682926833,9.45639754160248,18.984522218511188,17.353014364800547,,0,,False,False,False,False,False,False,False,False,False,7981.T,2026-09-25,True,,3140.0,13.533899,1.0142876,232.01,3095.769,198395822080.0,1793255400.0,1793255400.0,1793255400.0,True,,,True,1793255400.0,2026-10-29,24.0
7,True,47.27272727272727,False,False,False,True,0.4769544056283546,3340.0,3340.0,310017200.0,310.0172,3435.0,0.9723435225618632,-0.17065976745159595,0.11021370465105496,50.97183761821807,1.5261029227011398,-0.027656477438136817,-0.027656477438136817,21.58602043500385,22.944670293209047,14.600739921860374,,0,,False,False,False,False,False,False,False,False,False,4526.T,2026-09-25,True,,3340.0,14.031256,1.1495776,238.04,2905.415,96012886016.0,,1754550000.0,1754982000.0,True,,,True,1754550000.0,2025-08-07,-296.0
7,True,46.875,False,False,True,False,0.3765898583064891,1297.0,1297.0,308040855.0,308.040855,1364.0023193359375,0.9508781485294266,-0.17228879746359083,0.04521115053428271,20.49570896516145,1.5802397043301042,-0.031366691560866355,-0.031366691560866355,22.458510009875777,23.480097353282545,19.253464139510722,,0,,False,False,False,False,False,False,False,False,False,3284.T,2026-09-25,True,,1297.0,7.441193,1.0379263,174.3,1249.607,53049458688.0,,1754463600.0,1754982000.0,True,,,True,1754463600.0,2025-08-06,-297.0
7,True,47.74193548387097,True,True,False,True,0.4294642232366901,1742.0,1742.0,301870230.0,301.87023,1832.1832275390625,0.9507782703260557,-0.19112893420022126,0.035797447518060244,22.542695956175553,1.2940698023062889,-0.02134831460674158,-0.02134831460674158,14.23432125916996,25.96548527722069,20.064872241308823,,0,,False,False,False,False,False,False,False,False,False,8214.T,2026-09-25,True,,1742.0,15.361552,1.0471355,113.4,1663.586,146720751616.0,1786084200.0,1793946600.0,1793946600.0,True,,,True,1793946600.0,2026-11-06,30.0
7,True,52.38095238095237,True,False,True,False,0.3994712005809128,2036.0,2036.0,296260235.0,296.260235,2082.0,0.9779058597502401,-0.1635274277163017,0.10204776530880522,33.80040227154396,1.6601376361269133,-0.022094140249759864,-0.022094140249759864,16.386022705130454,22.53672108043016,25.387765556364755,,0,,False,False,False,False,False,False,False,False,False,2154.T,2026-09-25,True,,2036.0,14.663305,2.1559575,138.85,944.36,172978913280.0,1786084200.0,1793946600.0,1793946600.0,True,,,True,1793946600.0,2026-11-06,30.0
7,True,47.64705882352941,True,False,False,True,0.29253878669945327,1510.0,1510.0,283105180.0,283.10518,1697.0,0.8898055391868003,-0.15380082498526815,0.023059203479584456,27.212225938785206,1.8021341681314706,-0.041269841269841234,-0.04309252217997461,14.898742357921204,25.096450241229107,23.131606395832925,,0,,False,False,False,False,False,False,False,False,False,5288.T,2026-09-25,True,,1510.0,7.531924,1.0610467,200.48,1423.123,57514020864.0,,1754546400.0,1754978400.0,True,,,True,1754546400.0,2025-08-07,-296.0
7,True,66.34146341463415,False,False,True,False,0.34249111311442093,1784.0,1784.0,279789390.0,279.78939,1899.0,0.9394418114797262,-0.18422504368919645,0.023249421240730372,28.617161486455434,1.6041009801824795,-0.02246575342465751,-0.06055818852027384,20.79419733610534,23.913281736999814,21.299702627451445,,0,,False,False,False,False,False,False,False,False,False,8771.T,2026-09-25,True,,1784.0,23.17184,4.0431876,76.99,441.236,79367782400.0,1794551400.0,1794551400.0,1794551400.0,True,,,True,1794551400.0,2026-11-13,35.0
7,True,42.47787610619469,False,False,True,True,0.33122281819068977,4330.0,4330.0,275044625.0,275.044625,4590.0,0.9433551198257081,-0.09783343475586814,0.07556451755551374,65.46508376772398,1.5118956990236485,-0.03240223463687153,-0.05664488017429192,20.587851328285875,24.504298415485838,22.114873382346143,,0,,False,False,False,False,False,False,False,False,False,5192.T,2026-09-25,True,,4330.0,16.550722,1.1848007,261.62,3654.623,120429576192.0,,1754456400.0,1754888400.0,True,,,True,1754456400.0,2025-08-06,-297.0
7,True,49.48453608247423,True,True,False,True,0.36041644649545945,2304.0,2304.0,227332990.0,227.33299,2382.0,0.9672544080604534,-0.13910133186605866,0.14429998348060513,39.93861340861291,1.733446762526602,-0.024968260685569232,-0.032745591939546626,22.071695912550933,30.830124678361482,21.38705116753086,,0,,False,False,False,False,False,False,False,False,False,5970.T,2026-09-25,True,,2304.0,7.3289437,0.4333966,314.37,5316.147,98640199680.0,,1754465400.0,1754983800.0,True,,,True,1754465400.0,2025-08-06,-297.0
7,True,54.255319148936174,True,False,True,True,0.5382188421981456,3680.0,3680.0,223313625.0,223.313625,4381.59130859375,0.8398775104337783,-0.29135335057149947,0.02330740754137084,68.6088107680819,1.8643698578283123,-0.010752688172043001,-0.03157894736842104,13.513465195743802,26.812453347098376,21.56673209865748,,0,,False,False,False,False,False,False,False,False,False,1814.T,2026-09-25,True,,3680.0,10.022059,1.4814994,367.19,2483.97,37886390272.0,,1754290800.0,1754636400.0,True,,,True,1754290800.0,2025-08-04,-299.0
6,True,47.996918335901384,False,False,False,True,0.4162908667057853,6919.0,6919.0,84857706320.0,84857.70632,7214.0,0.9591072913778763,-0.19261767233312777,0.17047327131131218,176.45811292786132,2.5503412765986604,-0.023980815347721784,-0.040892708622123686,10.157521642483964,19.826051391170015,18.74688161831075,,0,,False,False,False,False,False,False,False,False,False,8316.T,2026-09-25,True,,6919.0,15.864172,1.6323513,436.14,4238.671,26288809050112.0,1785479400.0,1794465000.0,1794465000.0,True,,,True,1794465000.0,2026-11-12,34.0
6,True,49.95313964386129,False,False,True,False,0.5335785109214486,4859.0,4859.0,39677760710.0,39677.76071,5882.0,0.8260795647738864,-0.26147568854131253,0.03477990242226503,119.23966856811029,2.4539960602615825,-0.03953350464518679,-0.03953350464518679,14.27490671008242,18.561741732224284,20.61140052358365,,2,cross_sma25_down;macd_sell_like,False,True,True,False,False,False,False,False,False,8058.T,2026-09-25,True,,4859.0,23.16457,1.8470812,209.76,2630.637,17797031657472.0,1785738600.0,1793687400.0,1793687400.0,True,,,True,1793687400.0,2026-11-03,27.0
6,True,51.71104382288899,False,False,True,True,0.48794585668759805,176.10000610351562,176.10000610351562,35721567921.561356,35721.567921561356,180.0,0.9783333672417535,-0.10767298706219697,0.13919644043451385,3.0512084321585933,1.7326566305540179,-0.02166663275824654,-0.02166663275824654,37.89630232857008,25.667295665585126,15.387765701111997,,1,macd_sell_like,False,False,True,False,False,False,False,False,False,9432.T,2026-09-25,True,,176.1,13.965108,1.4545305,12.61,121.07,14299850342400.0,1785997800.0,1793773800.0,1793773800.0,True,,,True,1793773800.0,2026-11-04,28.0
6,True,45.493562231759654,False,False,True,False,0.27669291646600463,5030.0,5030.0,23736149610.0,23736.14961,5260.0,0.9562737642585551,-0.11456785368819533,0.17557762822916412,122.26800983097034,2.4307755433592515,-0.04372623574144485,-0.04372623574144485,23.248254658375025,28.216551790419942,27.865674362683006,,2,cross_sma25_down;macd_sell_like,False,True,True,False,False,False,False,False,False,8725.T,2026-09-25,True,,5030.0,9.511923,1.086748,528.81,4628.488,7182901313536.0,1795069800.0,1795069800.0,1795069800.0,True,,,True,1795069800.0,2026-11-19,39.0
6,True,39.87473903966597,False,False,True,False,0.5589943889170692,3857.0,3857.0,21155970465.0,21155.970465,4818.1142578125,0.800520658833678,-0.33500954345265643,0.05747217682007655,109.94844462723043,2.850620809624849,-0.0620136186770428,-0.0620136186770428,20.263830779995534,27.940851668856503,23.18039676360157,,2,cross_sma25_down;macd_sell_like,False,True,True,False,False,False,False,False,False,1605.T,2026-09-25,True,,3857.0,10.414192,0.8785146,370.36,4390.365,4459937660928.0,1794465000.0,1794465000.0,1794465000.0,True,,,True,1794465000.0,2026-11-12,34.0
6,True,51.157407407407405,False,False,True,False,0.41462063753683515,1798.0,1798.0,19491045932.5,19491.0459325,1924.75,0.9341472918560852,-0.21340433822574356,0.14036597275927054,48.62695520317018,2.7045025140806556,-0.03927331017900082,-0.03927331017900082,20.112318910460026,20.870590177650268,20.928287838013095,,1,di_bear,False,False,False,False,False,False,True,False,False,8053.T,2026-09-25,True,,1798.0,14.4209175,1.7993478,124.68,999.251,8499012567040.0,1785479400.0,1793255400.0,1793255400.0,True,,,True,1793255400.0,2026-10-29,24.0
6,True,60.3861517976032,True,False,True,True,0.2393667194744544,69620.0,69620.0,17169302450.0,17169.30245,84560.0,0.8233207190160833,-0.36153493064973086,0.036127844571912204,2359.4051161235457,3.3889760357994048,-0.026565995525727026,-0.11130967577227469,17.733069800336096,23.120340616269253,24.592168859166954,,0,,False,False,False,False,False,False,False,False,False,6273.T,2026-09-25,True,,69620.0,26.394909,2.031456,2637.63,34270.984,4349703487488.0,1794551400.0,1794551400.0,1794551400.0,True,,,True,1794551400.0,2026-11-13,35.0
6,True,46.666666666666664,False,False,True,True,0.4454118195129727,1586.0,1586.0,16137389057.5,16137.3890575,1675.0,0.946865671641791,-0.20851493277684652,0.14491915233683383,41.392522770786805,2.6098690271618414,-0.05313432835820897,-0.05313432835820897,18.54708428911347,19.438766250344166,25.733026563968036,,0,,False,False,False,False,False,False,False,False,False,8604.T,2026-09-25,True,,1586.0,12.142092,1.208894,130.62,1311.943,4635230732288.0,1793169000.0,1793169000.0,1793169000.0,True,,,True,1793169000.0,2026-10-28,23.0
6,True,46.892265193370164,False,False,True,True,0.637425987174428,5551.0,5551.0,14656838330.0,14656.83833,5780.0,0.9603806228373702,-0.35399693234603113,0.3087932179663453,168.89917875172284,3.0426802153075636,-0.039619377162629754,-0.039619377162629754,34.315215054231764,28.626323500831173,18.8469377457743,,0,ext_dev200,False,False,False,False,False,True,False,False,False,7832.T,2026-09-25,True,,5551.0,26.045135,4.0192394,213.13,1381.107,3560222490624.0,1785997800.0,1793860200.0,1793860200.0,True,,,True,1793860200.0,2026-11-05,29.0
6,True,40.1243093922652,False,False,True,False,0.43778549003309186,2760.0,2760.0,14238578580.0,14238.57858,3026.0,0.9120951751487112,-0.20478687118530003,0.10814852390090102,86.49623681147726,3.1339216236042486,-0.08790482485128881,-0.08790482485128881,37.34341160444869,25.268869464110193,23.623704930336682,,3,cross_sma25_down;macd_sell_like;trailing_stop,False,True,True,False,True,False,False,False,False,9503.T,2026-09-25,True,,2760.0,8.087675,0.8619365,341.26,3202.092,3074796552192.0,1785479400.0,1793255400.0,1793255400.0,True,,,True,1793255400.0,2026-10-29,24.0
6,True,51.075877689694224,True,False,True,True,0.5336094247104155,2399.0,2399.0,14117403195.0,14117.403195,2657.5,0.9027281279397931,-0.2071495766698025,0.05389399559788566,48.89870981966289,2.038295532291075,-0.008882462301177396,-0.008882462301177396,16.364642431288246,32.78144862879982,23.002506633520063,,0,,False,False,False,False,False,False,False,False,False,4503.T,2026-09-25,True,,2399.0,14.781269,2.2141721,162.3,1083.475,4301439893504.0,1785911400.0,1793255400.0,1793255400.0,True,,,True,1793255400.0,2026-10-29,24.0
6,True,36.11793611793612,False,False,True,True,0.3394647142042703,2782.0,2782.0,13952766925.0,13952.766925,3211.365234375,0.8662982242633128,-0.25154229758931135,0.053510793243719545,86.30282115412685,3.102186238466098,-0.08124174372523119,-0.08124174372523119,12.737753378474928,22.73812396593976,25.197555233281488,,1,trailing_stop,False,False,False,False,True,False,False,False,False,6326.T,2026-09-25,True,,2782.0,11.788635,1.1212474,235.99,2481.165,3133623762944.0,1785825000.0,1793946600.0,1793946600.0,True,,,True,1793946600.0,2026-11-06,30.0
6,True,52.689243027888445,False,False,True,True,0.4469681520829804,3075.0,3075.0,12291912660.0,12291.91266,3411.97998046875,0.901236237493265,-0.43132093845888886,0.14082554216508392,115.76010556157135,3.7645562784250846,-0.0934551886792453,-0.0934551886792453,33.81761910116636,30.460214252456346,21.011852464130612,,1,trailing_stop,False,False,False,False,True,False,False,False,False,9843.T,2026-09-25,True,,3075.0,19.453405,1.7230886,158.07,1784.586,1737552166912.0,1786084200.0,1794465000.0,1794465000.0,True,,,True,1794465000.0,2026-11-12,34.0
6,True,48.06964420893262,False,False,True,True,0.45785209958599804,5089.0,5089.0,11763404235.0,11763.404235,6335.86669921875,0.8032050296492986,-0.44350680552456856,0.0325536613932631,159.4799437553393,3.133816933687154,-0.04771706586826352,-0.08733859397417498,12.32711517310375,27.47506420813709,24.033593542320542,,1,macd_sell_like,False,False,True,False,False,False,False,False,False,4307.T,2026-09-25,True,,5089.0,190.74213,7.6275234,26.68,667.189,2850354626560.0,1793255400.0,1793255400.0,1793255400.0,True,,,True,1793255400.0,2026-10-29,24.0
6,True,36.63101604278075,False,False,True,True,0.28710903377413194,4050.0,4050.0,10937968395.0,10937.968395,4509.1474609375,0.8981742192032819,-0.28194474375588285,0.12501351601626443,116.58469759256151,2.8786345084583087,-0.07428571428571429,-0.10182578079671811,24.17188123446423,18.826106412257136,25.932396684989424,,1,di_bear,False,False,False,False,False,False,True,False,False,7453.T,2026-09-25,True,,4050.0,36.03844,5.41475,112.38,747.957,2149854609408.0,1791959400.0,1791959400.0,1791959400.0,True,,,True,1791959400.0,2026-10-14,13.0
6,True,53.93586005830904,False,False,True,True,0.4028264121102162,1845.5,1845.5,9801572805.0,9801.572805,1879.0,0.9821713677488025,-0.14187572693431272,0.1707880755818536,40.84341498050325,2.21313546358728,-0.014682327816337382,-0.017828632251197463,12.277966063422943,18.624355717483336,20.014556487424397,,0,,False,False,False,False,False,False,False,False,False,8601.T,2026-09-25,True,,1845.5,14.85551,1.4208745,124.23,1298.848,2562603614208.0,1793341800.0,1793341800.0,1793341800.0,True,,,True,1793341800.0,2026-10-30,25.0
6,True,46.33781763826607,False,False,True,False,0.2767294728932386,2839.0,2839.0,9385564810.0,9385.56481,3250.0,0.8735384615384615,-0.1812307692307692,0.06592125285448813,89.35489695236781,3.147407430516654,-0.07373572593800981,-0.12646153846153851,12.915593106511295,22.708831803106243,25.880855273361963,,1,macd_sell_like,False,False,True,False,False,False,False,False,False,9502.T,2026-09-25,True,,2839.0,9.415316,0.67678726,301.53,4194.819,2144547373056.0,1793255400.0,1793255400.0,1793255400.0,True,,,True,1793255400.0,2026-10-29,24.0
6,True,42.081447963800905,False,False,True,True,0.4091392902419406,3513.0,3513.0,9291492375.0,9291.492375,3738.0,0.9398073836276083,-0.15438818180830693,0.11105800600869564,64.96552622038034,1.8492891039106274,-0.03515517714913485,-0.060192616372391705,15.155155283765152,27.124015574382803,21.660096651370385,,0,,False,False,False,False,False,False,False,False,False,4452.T,2026-09-25,True,,3513.0,25.137747,2.8392673,139.75,1237.291,3178414997504.0,1793860200.0,1793860200.0,1793860200.0,True,,,True,1793860200.0,2026-11-05,29.0
6,True,41.021897810218974,False,False,True,True,0.5205205016753928,2024.0,2024.0,8639337557.5,8639.3375575,2187.0,0.9254686785550983,-0.38067104991860845,0.13842967500768588,49.894034938800836,2.4651203033004365,-0.05816658911121453,-0.07453132144490171,20.7941902689955,27.124494157050886,19.98938517158001,,0,,False,False,False,False,False,False,False,False,False,7733.T,2026-09-25,True,,2024.0,33.0449,2.8762422,61.25,703.696,2151213826048.0,1794292200.0,1794292200.0,1794292200.0,True,,,True,1794292200.0,2026-11-10,32.0
6,True,37.70114942528735,False,False,True,True,0.2368899217406785,2867.5,2867.5,8146333132.5,8146.3331325,3133.0,0.9152569422278966,-0.12837347879883398,0.09093214893020374,57.174584430164025,1.9938826305201056,-0.06869113348489775,-0.08474305777210345,18.947427556114285,22.673773351739154,26.55973010884751,,0,,False,False,False,False,False,False,False,False,False,2503.T,2026-09-25,True,,2867.5,11.902785,1.6777729,240.91,1709.111,2272237977600.0,1794378600.0,1794378600.0,1794378600.0,True,,,True,1794378600.0,2026-11-11,33.0
6,True,44.50402144772118,False,False,True,True,0.29672133412285756,6392.0,6392.0,7977400895.0,7977.400895,7172.0,0.8912437255995538,-0.12409369771332956,0.045373111181240544,111.16531271712307,1.739131926112689,-0.017522287119581925,-0.10875627440044622,15.309040490549815,22.28593691166094,23.780072724568548,,1,cross_sma25_down,False,True,False,False,False,False,False,False,False,9735.T,2026-09-25,True,,6392.0,23.133438,1.9613378,276.31,3259.0,2549955690496.0,1794378600.0,1794378600.0,1794378600.0,True,,,True,1794378600.0,2026-11-11,33.0
6,True,49.779411764705884,False,False,True,True,0.21585353237473756,4918.0,4918.0,7730193840.0,7730.19384,5784.6318359375,0.8501837523084047,-0.3142173758829928,0.02760035654424642,180.01895186462937,3.6604097573125127,-0.06252382767823106,-0.09728340675477243,15.27626408388389,26.03980733395423,22.373984239850007,,0,,False,False,False,False,False,False,False,False,False,7911.T,2026-09-25,True,,4918.0,21.678568,1.0000662,226.86,4917.675,1383678869504.0,1786516200.0,1794465000.0,1794465000.0,True,,,True,1794465000.0,2026-11-12,34.0
6,True,50.88607594936708,False,False,True,True,0.3457573403316708,1930.5,1930.5,7539319840.0,7539.31984,1982.5,0.9737704918032787,-0.21726365088326738,0.20398578193645012,52.72661979925141,2.73124163684286,-0.013289036544850474,-0.02622950819672132,10.199041528149097,19.893364527507813,18.313323881935347,,0,ext_dev200,False,False,False,False,False,True,False,False,False,7186.T,2026-09-25,True,,1930.5,20.55035,1.4742628,93.94,1309.468,2142814732288.0,1794378600.0,1794378600.0,1794378600.0,True,,,True,1794378600.0,2026-11-11,33.0
6,True,49.2239467849224,True,False,False,True,0.4739271781628148,1645.5,1645.5,7500250620.0,7500.25062,1901.0,0.8655970541820095,-0.21756439556364915,0.013850480240463536,36.33288706828753,2.2080150147850217,-0.025466390287237184,-0.1344029458179905,18.957356029221287,25.514342010568903,24.218715913876743,,0,,False,False,False,False,False,False,False,False,False,3407.T,2026-09-25,True,,1645.5,14.070116,1.0464581,116.95,1572.447,2194402836480.0,1793860200.0,1793860200.0,1793860200.0,True,,,True,1793860200.0,2026-11-05,29.0
6,True,53.779697624190064,True,False,True,True,0.48926152632615283,3343.0,3343.0,7496918820.0,7496.91882,4165.0,0.802641056422569,-0.2528211284513806,0.06783710942727761,86.23304268653449,2.57951069956729,-0.06854276957369743,-0.197358943577431,18.01461266342132,26.76835614004038,25.780635046919837,,0,,False,False,False,False,False,False,False,False,False,3099.T,2026-09-25,True,,3343.0,15.632452,1.9501047,213.85,1714.267,1159964131328.0,1794551400.0,1794551400.0,1794551400.0,True,,,True,1794551400.0,2026-11-13,35.0
6,True,63.63636363636363,True,False,True,True,0.36967939964351615,3045.0,3045.0,6835065577.5,6835.0655775,3328.84814453125,0.9147308221321042,-0.21849844539354046,0.02593955473220455,46.49767139668703,1.5270171230439091,-0.010399740006499791,-0.05464141570940706,18.409346738893706,19.211217725703168,19.30514556343134,,0,,False,False,False,False,False,False,False,False,False,9202.T,2026-09-25,True,,3045.0,9.483618,0.95006377,321.08,3205.048,1307497857024.0,1793255400.0,1793255400.0,1793255400.0,True,,,True,1793255400.0,2026-10-29,24.0
6,True,37.106918238993714,False,False,True,True,0.4422712969489241,5545.0,5545.0,6721972625.0,6721.972625,5998.0,0.9244748249416472,-0.20242678561394079,0.08811583267152723,119.47474555090312,2.1546392344617336,-0.07552517505835277,-0.07552517505835277,19.617384173107162,17.157610201805085,21.84924768173646,,0,,False,False,False,False,False,False,False,False,False,9706.T,2026-09-25,True,,5545.0,17.656425,2.4018772,314.05,2308.611,514709618688.0,1793946600.0,1793946600.0,1793946600.0,True,,,True,1793946600.0,2026-11-06,30.0
6,False,50.88282504012841,False,False,True,False,0.5949370841925048,5863.0,5863.0,6187009460.0,6187.00946,6674.45654296875,0.8784235783475759,-0.20622750842820115,0.018098942765365944,144.4876458092715,2.464397847676471,-0.05511684125705074,-0.05511684125705074,27.117986844073943,22.606647324557258,22.15634367695509,,2,trend_break;macd_sell_like,True,False,True,False,False,False,False,False,False,9532.T,2026-09-25,True,,5863.0,14.990285,1.2197413,391.12,4806.757,2213148098560.0,1793255400.0,1793255400.0,1793255400.0,True,,,True,1793255400.0,2026-10-29,24.0
6,True,47.30538922155688,True,False,True,True,0.30755454272335886,6986.0,6986.0,6124829115.0,6124.829115,7919.0,0.8821820936986994,-0.2707341326027072,0.03426241140865316,224.60541657157458,3.215078966097546,-0.07039254823685959,-0.11781790630130062,20.863444548443898,17.954810539320636,23.042084905321985,,1,di_bear,False,False,False,False,False,False,True,False,False,5101.T,2026-09-25,True,,6986.0,7.7233477,0.9802587,904.53,7126.69,1102023229440.0,1794551400.0,1794551400.0,1794551400.0,True,,,True,1794551400.0,2026-11-13,35.0
6,True,39.799331103678924,False,False,True,True,0.46269268483087395,1378.5,1378.5,5403806332.5,5403.8063325,1518.0,0.908102766798419,-0.17012858555885257,0.0031463364401924654,20.487589721727858,1.486223411079279,-0.026483050847457612,-0.09189723320158105,14.444293308949245,15.785524959319087,25.798834627611704,,0,,False,False,False,False,False,False,False,False,False,8593.T,2026-09-25,True,,1378.5,14.525816,0.98365146,94.9,1401.411,1976492883968.0,1794465000.0,1794465000.0,1794465000.0,True,,,True,1794465000.0,2026-11-12,34.0
6,True,39.14968999114261,False,True,False,False,0.43585148647724237,2121.5,2121.5,5253686947.5,5253.6869475,2353.532470703125,0.9014109753778733,-0.24546779696286403,0.018785362250231863,62.158575269296946,2.9299352000611334,-0.08556034482758623,-0.08556034482758623,11.679974592983791,23.63833915166692,25.21988811869643,,4,cross_sma25_down;macd_sell_like;trailing_stop;vol_distribution,False,True,True,False,True,False,False,True,False,4183.T,2026-09-25,True,,2121.5,23.16301,0.87822604,91.59,2415.665,767001231360.0,1794378600.0,1794378600.0,1794378600.0,True,,,True,1794378600.0,2026-11-11,33.0
6,True,61.70212765957447,True,False,False,True,0.513889594290649,23855.0,23855.0,5096540600.0,5096.5406,28880.0,0.8260041551246537,-0.2558864265927978,0.10230071359997228,829.5193675408224,3.4773396249877275,0.0,-0.17399584487534625,24.236276076431345,25.278802237142656,22.57946376043973,,0,,False,False,False,False,False,False,False,False,False,6856.T,2026-09-25,True,,23855.0,23.413652,2.7447057,1018.85,8691.278,1002424238080.0,1794551400.0,1794551400.0,1794551400.0,True,,,True,1794551400.0,2026-11-13,35.0
6,True,58.9041095890411,True,False,True,True,0.35575249802286557,17675.0,17675.0,5095051750.0,5095.05175,20920.0,0.844885277246654,-0.29445506692160617,0.11650049845900479,752.3330324802092,4.25648108899694,-0.03362493165664293,-0.15511472275334603,9.790805415371139,25.16693896239718,21.147392372899397,,0,,False,False,False,False,False,False,False,False,False,7729.T,2026-09-25,True,,17675.0,29.124374,3.7603192,606.88,4700.399,717422854144.0,1793773800.0,1793773800.0,1793773800.0,True,,,True,1793773800.0,2026-11-04,28.0
6,True,46.28297362110312,False,False,True,True,0.335468765217199,1253.0,1253.0,5043250845.0,5043.250845,1373.5,0.9122679286494357,-0.21716418191700593,0.08337416722349134,29.281676485984395,2.3369254976843092,-0.04823395366502092,-0.08773207135056427,12.77113402082479,18.53627465319497,19.413909739229993,,0,,False,False,False,False,False,False,False,False,False,3402.T,2026-09-25,True,,1253.0,23.67725,1.0044346,52.92,1247.468,1825197654016.0,1785997800.0,1794551400.0,1794551400.0,True,,,True,1794551400.0,2026-11-13,35.0
6,True,47.64267990074442,False,False,True,True,0.5576685140730796,3300.0,3300.0,4822782165.0,4822.782165,3798.0,0.8688783570300158,-0.23091100579252233,0.013092597644528414,55.36139635343088,1.6776180713160873,-0.027122641509433998,-0.08358789225215213,12.242734795022653,21.381048732845414,22.171619990502474,,2,cross_sma25_down;macd_sell_like,False,True,True,False,False,False,False,False,False,1878.T,2026-09-25,True,,3300.0,11.227927,2.1754208,293.91,1516.948,1074916556800.0,1793341800.0,1793341800.0,1793341800.0,True,,,True,1793341800.0,2026-10-30,25.0
6,True,49.310344827586206,False,False,True,True,0.46387995653075026,1901.0,1901.0,4792254640.0,4792.25464,1980.0,0.9601010101010101,-0.5516901462169781,0.24654355139964768,49.97460950659555,2.6288589956126014,-0.03355363497712249,-0.03989898989898988,21.651351450831072,31.773540123302134,24.805082869342847,,0,ext_dev200,False,False,False,False,False,True,False,False,False,6869.T,2026-09-25,True,,1901.0,33.39775,2.369314,56.92,802.342,1150481203200.0,1794292200.0,1794292200.0,1794292200.0,True,,,True,1794292200.0,2026-11-10,32.0
6,True,40.15812199016007,False,False,True,True,0.35189817001767154,956.7000122070312,956.7000122070312,4614840879.413147,4614.840879413147,1082.295654296875,0.88395440599691,-0.4562348075067315,0.015397135593535616,18.0569793602895,1.8874233437745525,-0.040517465016650434,-0.08929080227793318,11.49788870276179,24.695000068937464,28.562168271383793,,0,,False,False,False,False,False,False,False,False,False,8113.T,2026-09-25,True,,956.7,25.877739,2.0284626,36.97,471.638,1646289616896.0,1793946600.0,1793946600.0,1793946600.0,True,,,True,1793946600.0,2026-11-06,30.0
6,True,68.90688259109312,True,False,True,True,0.32712312508607294,4792.0,4792.0,4400593425.0,4400.593425,5820.0,0.8233676975945017,-0.2701030927835052,0.04083190839538564,171.37906711872753,3.576357828020191,0.0,-0.17663230240549832,18.92831607714002,24.118863331876593,23.692505207364892,,0,,False,False,False,False,False,False,False,False,False,6268.T,2026-09-25,True,,4792.0,28.284737,1.9709774,169.42,2431.281,557077495808.0,1793341800.0,1793341800.0,1793341800.0,True,,,True,1793341800.0,2026-10-30,25.0
6,True,35.02994011976048,False,False,False,True,0.43902003296483594,4320.0,4320.0,4368497970.0,4368.49797,4544.0,0.9507042253521126,-0.17214415946071293,0.1367034953988051,89.71229943589114,2.0766735980530355,-0.04929577464788737,-0.04929577464788737,23.076952349001957,21.230236763978127,19.429148607172735,,0,,False,False,False,False,False,False,False,False,False,2269.T,2026-09-25,True,,4320.0,33.43136,1.5163753,129.22,2848.899,1171440533504.0,1794465000.0,1794465000.0,1794465000.0,True,,,True,1794465000.0,2026-11-12,34.0
6,True,46.981627296587924,False,False,True,True,0.3291877412453337,3016.0,3016.0,4247007742.5,4247.0077425,3319.0,0.9087074420006026,-0.2226571975407492,0.03264198466699342,69.29756864036399,2.297664742717639,-0.03734439834024894,-0.0912925579993974,16.544492395654473,18.12470682068394,25.04165653784186,,0,,False,False,False,False,False,False,False,False,False,7912.T,2026-09-25,True,,3016.0,12.80462,1.0521508,235.54,2866.509,1290432806912.0,1794551400.0,1794551400.0,1794551400.0,True,,,True,1794551400.0,2026-11-13,35.0
6,True,71.61936560934892,True,False,True,True,0.37844687126955706,1828.0,1828.0,4004987302.5,4004.9873025,1828.0,1.0,-0.19332350186629144,0.14394511131874532,43.24347763367019,2.3656169383845835,0.0,0.0,24.52662441512963,29.55042830190287,13.205868640896073,,0,,False,False,False,False,False,False,False,False,False,7181.T,2026-09-25,True,,1828.0,12.093146,0.42478976,151.16,4303.305,1980953657344.0,1794551400.0,1794551400.0,1794551400.0,True,,,True,1794551400.0,2026-11-13,35.0
6,True,38.651315789473685,False,False,False,True,0.35794886950881855,4510.0,4510.0,3850490340.0,3850.49034,5111.0,0.882410487184504,-0.16501516683518702,0.017424132068452725,85.95790885365352,1.905940329349302,-0.05351521511017843,-0.11758951281549601,10.183473979705862,12.168766565026456,22.40887613461318,,1,macd_sell_like,False,False,True,False,False,False,False,False,False,9042.T,2026-09-25,True,,4510.0,13.651774,0.94633204,330.36,4765.769,1040282615808.0,1793341800.0,1793341800.0,1793341800.0,True,,,True,1793341800.0,2026-10-30,25.0
6,True,59.56907477820025,True,False,True,True,0.37317207416960335,5396.0,5396.0,3837615045.0,3837.615045,6029.0,0.8950074639243656,-0.21429183941859486,0.010972352371960037,107.18572757025754,1.986392282621526,0.0,-0.10499253607563441,12.57958157246256,22.323144523400735,18.82571341710115,,0,,False,False,False,False,False,False,False,False,False,6586.T,2026-09-25,True,,5396.0,17.998667,1.3812741,299.8,3906.538,1390310850560.0,1793341800.0,1793341800.0,1793341800.0,True,,,True,1793341800.0,2026-10-30,25.0
6,True,57.467532467532465,True,False,True,True,0.42115414883708197,4034.0,4034.0,3825131540.0,3825.13154,4422.28857421875,0.9121973684660898,-0.2636128696107377,0.007057133421626061,82.95431201312041,2.056378582377799,-0.02324455205811138,-0.05615348619560134,22.268537480381685,30.654561730515145,24.781569474495534,,0,,False,False,False,False,False,False,False,False,False,7701.T,2026-09-25,True,,4034.0,19.283905,2.0265746,209.19,1990.551,1165584498688.0,1793946600.0,1793946600.0,1793946600.0,True,,,True,1793946600.0,2026-11-06,30.0
6,True,46.43651153449064,False,False,True,True,0.3533503463501448,367.79998779296875,367.79998779296875,3777305682.572174,3777.305682572174,450.9548645019531,0.8156026616969242,-0.34943554063213056,0.027299562288073398,11.202095485933521,3.045703060827473,-0.08027008400461455,-0.08027008400461455,13.057454124150434,28.242451386811425,21.177683924903413,,1,trailing_stop,False,False,False,False,True,False,False,False,False,7211.T,2026-09-25,True,,367.8,49.302948,0.53732413,7.46,684.503,492246073344.0,1785738600.0,1793860200.0,1793860200.0,True,,,True,1793860200.0,2026-11-05,29.0
6,True,41.34241245136187,False,False,True,True,0.45405338677415075,2939.0,2939.0,3651074305.0,3651.074305,3277.98291015625,0.8965879568481058,-0.3489216838048129,0.008767311126255839,62.86547951763892,2.1390091703858087,-0.029392338177014476,-0.051017113335485975,15.863679532360914,23.70842245538788,26.087802442856333,,0,,False,False,False,False,False,False,False,False,False,2897.T,2026-09-25,True,,2939.0,18.807192,1.6040317,156.27,1832.258,843664326656.0,1794378600.0,1794378600.0,1794378600.0,True,,,True,1794378600.0,2026-11-11,33.0
6,True,44.83101391650099,False,False,True,False,0.1850305271623996,2204.0,2204.0,3594183167.5,3594.1831675,2366.5,0.9313331924783436,-0.1626875132051553,0.03787315397262647,62.17507474455497,2.821010650841877,-0.05468582457645288,-0.05468582457645288,10.421169033283117,22.319810264651263,21.90554148136257,,2,cross_sma25_down;macd_sell_like,False,True,True,False,False,False,False,False,False,6770.T,2026-09-25,True,,2204.0,16.348936,0.9669877,134.81,2279.243,425876488192.0,1793341800.0,1793341800.0,1793341800.0,True,,,True,1793341800.0,2026-10-30,25.0
6,True,61.06442577030813,True,True,False,True,0.3471034657482703,1179.5,1179.5,3583242242.5,3583.2422425,1269.5,0.9291059472233163,-0.2744889617310172,0.10836958020537302,27.39307181992822,2.3224308452673355,-0.023996690111708685,-0.0708940527766837,19.82882192180597,26.08607802729747,24.319333584062125,,0,,False,False,False,False,False,False,False,False,False,4612.T,2026-09-25,True,,1179.5,18.731142,1.3665745,62.97,863.107,2735803727872.0,1794378600.0,1794378600.0,1794378600.0,True,,,True,1794378600.0,2026-11-11,33.0
6,True,57.03883495145631,True,False,False,True,0.3721833845720162,5630.0,5630.0,3464209265.0,3464.209265,6402.0,0.8794126835363949,-0.21471010862990514,0.012985599758836841,139.0027687221437,2.4689656966632985,-0.012280701754386003,-0.10804816223067171,18.802170218738606,22.80452409269071,19.292608039427567,,0,,False,False,False,False,False,False,False,False,False,4091.T,2026-09-25,True,,5630.0,19.664688,1.9227833,286.3,2928.047,2436964024320.0,1793773800.0,1793773800.0,1793773800.0,True,,,True,1793773800.0,2026-11-04,28.0
6,True,52.88461538461539,False,False,True,True,0.2730925657688589,4650.0,4650.0,3258160765.0,3258.160765,4844.0,0.9599504541701074,-0.15630220576229126,0.07166600056271921,96.42511416992208,2.0736583692456363,-0.032660703141252356,-0.04004954582989262,7.748801625164582,18.225190398166287,20.631202255773662,,0,,False,False,False,False,False,False,False,False,False,8253.T,2026-09-25,True,,4650.0,10.952,0.8667834,424.58,5364.662,667852734464.0,1794551400.0,1794551400.0,1794551400.0,True,,,True,1794551400.0,2026-11-13,35.0
6,True,48.06629834254144,True,False,True,False,0.24139266546391122,1683.0,1683.0,3122596905.0,3122.596905,1745.5,0.9641936407906044,-0.29087044538898965,0.15904173686324352,39.522291057037386,2.3483238893070344,-0.035806359209395566,-0.035806359209395566,21.567403081082507,30.42459624041811,20.692874109696028,,0,,False,False,False,False,False,False,False,False,False,7752.T,2026-09-25,True,,1683.0,17.252691,0.80617774,97.55,2087.629,941951221760.0,1793946600.0,1793946600.0,1793946600.0,True,,,True,1793946600.0,2026-11-06,30.0
6,True,41.44271570014144,False,False,True,False,0.43812204441612923,1805.5,1805.5,2929842620.0,2929.84262,1954.5,0.9237656689690458,-0.34620444773087944,0.07346273482085319,41.07249709465652,2.2748544499948222,-0.05223097112860897,-0.07623433103095423,15.71981783916538,20.16729797111812,24.01061046142579,,0,,False,False,False,False,False,False,False,False,False,3405.T,2026-09-25,True,,1805.5,66.7221,0.719832,27.06,2508.224,543991496704.0,1786084200.0,1794378600.0,1794378600.0,True,,,True,1794378600.0,2026-11-11,33.0
6,True,42.279411764705884,False,False,True,True,0.10757646216418833,2809.5,2809.5,2878710582.5,2878.7105825,3087.0,0.9101068999028182,-0.3088608494516356,0.053737868504848185,52.79823876893837,1.8792752720746881,-0.02684447523380673,-0.055471507816439725,8.87818653414037,21.857653935207694,23.952924904772267,,1,macd_sell_like,False,False,True,False,False,False,False,False,False,2267.T,2026-09-25,True,,2809.5,18.630636,1.3442236,150.8,2090.054,799929663488.0,1794551400.0,1794551400.0,1794551400.0,True,,,True,1794551400.0,2026-11-13,35.0
6,True,37.772925764192145,False,False,True,False,0.30637656589386664,1263.5,1263.5,2800593425.0,2800.593425,1406.0,0.8986486486486487,-0.22737956292510164,0.08302974044541678,28.69820564086186,2.2713261290749394,-0.06614929785661494,-0.10135135135135132,16.05151124470196,21.688948059139403,25.950615856433213,,0,,False,False,False,False,False,False,False,False,False,7951.T,2026-09-25,True,,1263.5,24.00266,1.1271076,52.64,1121.011,555809832960.0,1793860200.0,1793860200.0,1793860200.0,True,,,True,1793860200.0,2026-11-05,29.0
6,True,50.9159145255383,True,False,False,True,0.4389799912478529,670.7999877929688,670.7999877929688,2791860178.67157,2791.86017867157,721.8002319335938,0.9293429928610537,-0.33629527375121293,0.10235518794480325,24.734270128175087,3.6872794541267804,-0.03620691409056209,-0.03620691409056209,16.534391538347283,27.827572449327924,18.371496882810977,,0,,False,False,False,False,False,False,False,False,False,4902.T,2026-09-25,True,,670.8,10.3215885,0.60257196,64.99,1113.228,331498422272.0,1793860200.0,1793860200.0,1793860200.0,True,,,True,1793860200.0,2026-11-05,29.0
6,True,36.14457831325301,False,False,True,True,0.5899501787917972,1187.5,1187.5,2748671397.5,2748.6713975,1366.0,0.8693265007320644,-0.5064891311125217,0.11525487683342628,52.31085249833162,4.405124420912136,-0.12167159763313606,-0.1306734992679356,16.139104265289934,14.80053982570569,19.29709411394253,,1,trailing_stop,False,False,False,False,True,False,False,False,False,4680.T,2026-09-25,True,,1187.5,18.771736,3.638575,63.26,326.364,312161304576.0,1794378600.0,1794378600.0,1794378600.0,True,,,True,1794378600.0,2026-11-11,33.0
6,True,54.299754299754305,True,False,False,True,0.5455530590740137,3258.0,3258.0,2744087265.0,2744.087265,3482.0,0.9356691556576681,-0.36595335420327146,0.15524666147680777,75.33536442069953,2.3123193499293904,-0.055104408352668166,-0.06433084434233194,16.823456583072556,25.529822747147108,23.227358797865254,,0,,False,False,False,False,False,False,False,False,False,9616.T,2026-09-25,True,,3258.0,15.720902,2.018121,207.24,1614.373,296358772736.0,1786084200.0,1793946600.0,1793946600.0,True,,,True,1793946600.0,2026-11-06,30.0
6,True,44.113263785394935,True,False,True,True,0.5434986247379644,3831.0,3831.0,2634580230.0,2634.58023,4591.0,0.8344587235896319,-0.21947149665276522,0.047773668300829186,89.78810929712127,2.3437251186928023,-0.040570999248685236,-0.1655412764103681,17.694318440895447,20.131751867869408,27.304486069127115,,0,,False,False,False,False,False,False,False,False,False,2579.T,2026-09-25,True,,3831.0,34.716812,1.7036586,110.35,2248.69,623260139520.0,1785393000.0,1793341800.0,1793341800.0,True,,,True,1793341800.0,2026-10-30,25.0
6,True,47.031431897555294,True,False,False,True,0.4518733864041336,2656.5,2656.5,2570683477.5,2570.6834775,3046.0,0.8721273801707157,-0.16967707658777287,0.03574035919001406,50.65613040496583,1.9068748505539554,-0.025495231107850347,-0.09241544243252475,28.57143650643358,20.336715499237457,22.935526528440274,,1,di_bear,False,False,False,False,False,False,True,False,False,4042.T,2026-09-25,True,,2656.5,20.06723,0.97228914,132.38,2732.212,817911300096.0,1793860200.0,1793860200.0,1793860200.0,True,,,True,1793860200.0,2026-11-05,29.0
6,True,38.59416445623342,False,False,True,True,0.3655121375610829,3642.0,3642.0,2527689750.0,2527.68975,3889.0,0.9364875289277449,-0.17057040507026733,0.08527274279045094,91.7560021244459,2.5193850116541983,-0.0635124710722551,-0.0635124710722551,29.763801318120045,23.586391090871885,27.116671297239648,,2,macd_sell_like;di_bear,False,False,True,False,False,False,True,False,False,2212.T,2026-09-25,True,,3642.0,17.054554,1.5207747,213.55,2394.832,717127286784.0,1793082600.0,1793082600.0,1793082600.0,True,,,True,1793082600.0,2026-10-27,22.0
6,True,46.95340501792115,False,False,True,True,0.38030563440807746,5310.0,5310.0,2505183525.0,2505.183525,5581.0,0.9514423938362301,-0.2177278362589019,0.15114296308910014,133.46948570450053,2.5135496366195955,-0.04855760616376992,-0.04855760616376992,18.08194622789856,24.969305982435227,17.790001657779978,,0,,False,False,False,False,False,False,False,False,False,7282.T,2026-09-25,True,,5310.0,10.761187,1.070891,493.44,4958.488,622658060288.0,1793255400.0,1793255400.0,1793255400.0,True,,,True,1793255400.0,2026-10-29,24.0
6,True,42.8927680798005,False,False,True,True,0.5700537082506735,2600.0,2600.0,2407137155.0,2407.137155,2733.5,0.9511615145417962,-0.19212271705385708,0.17653853726881152,52.39140926863207,2.015054202639695,-0.048838485458203795,-0.048838485458203795,25.168406091615296,26.111910254995845,18.51460374984164,,0,,False,False,False,False,False,False,False,False,False,4114.T,2026-09-25,True,,2600.0,23.162584,0.9564956,112.25,2718.256,384216596480.0,1794205800.0,1794205800.0,1794205800.0,True,,,True,1794205800.0,2026-11-09,31.0
6,True,47.03087885985748,False,False,False,True,0.16426282403597528,1782.5,1782.5,2334883290.0,2334.88329,1855.0,0.9609164420485176,-0.1272862182918687,0.05660330590009699,30.13969487143549,1.690866472450799,-0.03596538669551108,-0.03908355795148244,21.854070447097303,19.225366953441004,21.812274999052338,,3,cross_sma25_down;macd_sell_like;di_bear,False,True,True,False,False,False,True,False,False,9007.T,2026-09-25,True,,1782.5,16.457392,1.2002099,108.31,1485.157,609901150208.0,1794378600.0,1794378600.0,1794378600.0,True,,,True,1794378600.0,2026-11-11,33.0
6,True,63.52459016393443,True,False,True,True,0.4804598982263631,2867.0,2867.0,2295027052.5,2295.0270525,3029.0,0.9465170023109938,-0.1812714671039971,0.1195533092092873,47.6036854780068,1.660400609627025,-0.0100138121546961,-0.05348299768900622,14.435871756014492,18.106151658490038,21.84210805341649,,0,,False,False,False,False,False,False,False,False,False,4613.T,2026-09-25,True,,2867.0,19.301199,1.6909547,148.54,1695.492,508215689216.0,1793946600.0,1793946600.0,1793946600.0,True,,,True,1793946600.0,2026-11-06,30.0
6,True,43.43971631205673,False,False,True,True,0.2707601244468766,4075.0,4075.0,2187168500.0,2187.1685,4386.0,0.9290925672594619,-0.1823973499830821,0.05362628766959654,84.3085818484337,2.0689222539492933,-0.029299666507860866,-0.043202629725287656,9.195531137117584,23.914998511787726,24.20005831019493,,0,,False,False,False,False,False,False,False,False,False,4676.T,2026-09-25,True,,4075.0,123.41005,1.0764291,33.02,3785.665,580834623488.0,1793946600.0,1793946600.0,1793946600.0,True,,,True,1793946600.0,2026-11-06,30.0
6,True,58.58895705521472,True,False,True,True,0.23981267090168124,1500.0,1500.0,2136450607.5,2136.4506075,1660.0,0.9036144578313253,-0.1856680592353166,0.002257452370093338,26.205021807196655,1.7470014538131104,-0.018645731108930308,-0.09638554216867468,12.525142034124334,23.157905977252714,21.227757515859174,,0,,False,False,False,False,False,False,False,False,False,9143.T,2026-09-25,True,,1500.0,15.279617,1.6442285,98.17,912.282,895106285568.0,1793946600.0,1793946600.0,1793946600.0,True,,,True,1793946600.0,2026-11-06,30.0
6,True,45.986622073578594,False,False,True,False,0.4363378489801448,4109.0,4109.0,2133066230.0,2133.06623,4450.0,0.9233707865168539,-0.1982022471910112,0.10119398150915448,90.33625109615167,2.1984972279423625,-0.03249352484106427,-0.03249352484106427,13.986713828723163,19.55600166830441,21.60412082219673,,1,macd_sell_like,False,False,True,False,False,False,False,False,False,9513.T,2026-09-25,True,,4109.0,12.631029,0.50498194,325.31,8136.925,723218071552.0,1785479400.0,1793341800.0,1793341800.0,True,,,True,1793341800.0,2026-10-30,25.0
6,True,49.19168591224019,True,False,True,False,0.37001629965852284,2690.5,2690.5,2118733977.5,2118.7339775,2909.5,0.9247293349372745,-0.1543220484619351,0.04766479291359804,51.299331225584744,1.90668393330551,-0.024474256707759268,-0.024474256707759268,14.249006321784131,21.88678237399416,21.719432623726153,,0,,False,False,False,False,False,False,False,False,False,7276.T,2026-09-25,True,,2690.5,44.64078,1.1301407,60.27,2380.677,692775878656.0,1785306600.0,1793169000.0,1793169000.0,True,,,True,1793169000.0,2026-10-28,23.0
6,True,43.83561643835617,False,False,True,True,0.4072509103305634,82600.0,82600.0,2041202450.0,2041.20245,87000.0,0.9494252873563218,-0.1448275862068965,0.026244411934992273,1106.3609164907912,1.3394199957515631,-0.024793388429752095,-0.024793388429752095,19.074743768851718,17.816150385184446,17.93563472082068,,2,cross_sma25_down;macd_sell_like,False,True,True,False,False,False,False,False,False,8985.T,2026-09-25,True,,82600.0,16.778524,1.4248928,4922.96,57969.273,487670906880.0,1787725800.0,1787725800.0,1787725800.0,True,,,True,1787725800.0,2026-08-26,-22.0
6,False,51.39240506329114,True,False,True,True,0.45142883805460793,2013.5,2013.5,2015443072.5,2015.4430725,2319.0,0.8682621819749892,-0.24536438119879256,0.007881346811796197,37.553790555217105,1.86510010207187,-0.03010597302504814,-0.03010597302504814,11.997524131350094,22.124682418856676,15.472432396861796,,1,trend_break,True,False,False,False,False,False,False,False,False,4666.T,2026-09-25,True,,2013.5,9.197004,2.9176338,218.93,690.114,343767220224.0,1788157800.0,1788157800.0,1788157800.0,True,,,True,1788157800.0,2026-08-31,-19.0
6,True,47.62845849802372,False,False,True,True,0.41056164065546114,1724.5,1724.5,2005941175.0,2005.941175,1843.9962158203125,0.9351971469382035,-0.21777189844285227,0.0991683822256142,36.86344431426042,2.137630867744878,-0.03416409969196299,-0.03443449048152292,18.556057048182954,23.455878534021824,20.611570688092375,,0,,False,False,False,False,False,False,False,False,False,6592.T,2026-09-25,True,,1724.5,13.971481,1.2084717,123.43,1427.009,406794797056.0,1786689000.0,1793341800.0,1793341800.0,True,,,True,1793341800.0,2026-10-30,25.0
6,True,44.5440956651719,False,False,True,False,0.3775987795509339,2028.0,2028.0,1923570400.0,1923.5704,2173.5,0.9330572808833678,-0.13782788771283938,0.013644678687040335,38.40279578194567,1.8936289833306543,-0.02710482130007197,-0.06694271911663219,11.328944922691907,19.971703084507645,22.957773609633826,,1,macd_sell_like,False,False,True,False,False,False,False,False,False,2002.T,2026-09-25,True,,2028.0,17.889908,1.0993496,113.36,1844.727,567336370176.0,1793169000.0,1793169000.0,1793169000.0,True,,,True,1793169000.0,2026-10-28,23.0
6,True,50.862068965517246,True,False,True,True,0.4268108495890189,3650.0,3650.0,1878124725.0,1878.124725,4385.0,0.8323831242873432,-0.2702394526795895,0.2998412636542338,170.94002916618473,4.68328847030643,-0.04947916666666663,-0.16761687571265682,10.566356646830178,32.56770195552319,23.51830780573119,,0,ext_dev200,False,False,False,False,False,True,False,False,False,6376.T,2026-09-25,True,,3650.0,13.871998,1.387291,263.12,2631.027,238539128832.0,,1754978400.0,1755496800.0,True,,,True,1754978400.0,2025-08-12,-293.0
6,True,54.352222969032624,False,False,True,True,0.2987379405128054,795.0999755859375,795.0999755859375,1849630985.0878906,1849.6309850878906,840.7999877929688,0.9456469875469551,-0.1374201646903792,0.02321362885146927,15.167917531863331,1.9076742545093845,-0.01730317689091687,-0.05435301245304491,15.683242919440174,16.763992742295265,23.189068505298685,,0,,False,False,False,False,False,False,False,False,False,9008.T,2026-09-25,True,,795.1,10.750405,1.0122254,73.96,785.497,460269977600.0,1794292200.0,1794292200.0,1794292200.0,True,,,True,1794292200.0,2026-11-10,32.0
6,True,56.1576354679803,True,False,True,True,0.25046059603012794,4665.0,4665.0,1822662250.0,1822.66225,5580.0,0.8360215053763441,-0.242657477188034,0.0853261561145886,154.3169761479391,3.307973765229134,-0.04892966360856266,-0.16397849462365588,28.920460749900656,22.591911896704854,29.195832129732246,,1,di_bear,False,False,False,False,False,False,True,False,False,6103.T,2026-09-25,True,,4665.0,22.434357,1.0877905,207.94,4288.51,271599796224.0,1793773800.0,1793773800.0,1793773800.0,True,,,True,1793773800.0,2026-11-04,28.0
6,True,71.76991150442478,True,True,False,False,0.3811676831437618,3161.0,3161.0,1800348995.0,1800.348995,3161.0,1.0,-0.16313418149915282,0.12404703054629462,71.04657564180744,2.247598090534876,0.0,0.0,27.214332662611305,33.698283644628376,9.548612866550306,,0,,False,False,False,False,False,False,False,False,False,7459.T,2026-09-25,True,,3161.0,15.294175,0.9958838,206.68,3174.065,647052394496.0,1793860200.0,1793860200.0,1793860200.0,True,,,True,1793860200.0,2026-11-05,29.0
6,True,52.05882352941176,False,False,True,True,0.4324666619506409,4148.0,4148.0,1778038960.0,1778.03896,4755.0703125,0.872332000874067,-0.3091436936559495,0.03235194845460687,103.05787995910075,2.4845197675771638,-0.03937007874015752,-0.042695591968612945,9.172547173292248,21.563681998965873,21.36180094271103,,0,,False,False,False,False,False,False,False,False,False,5233.T,2026-09-25,True,,4148.0,18.215353,0.67054176,227.72,6186.043,451979280384.0,1794292200.0,1794292200.0,1794292200.0,True,,,True,1794292200.0,2026-11-10,32.0
6,True,43.798449612403104,False,True,False,True,0.45171898293564267,1876.0,1876.0,1726330440.0,1726.33044,2138.5,0.8772504091653028,-0.1716156184241291,0.05118491346823917,37.28838296038636,1.987653675926778,-0.045049630949350994,-0.05395864851235499,15.5803308883598,16.92350079744522,24.278081748280595,,1,vol_distribution,False,False,False,False,False,False,False,True,False,8282.T,2026-09-25,True,,1876.0,20.316223,1.1398962,92.34,1645.764,289861632000.0,1785997800.0,1793860200.0,1793860200.0,True,,,True,1793860200.0,2026-11-05,29.0
6,True,46.766169154228855,False,True,False,True,0.3699165352409555,1872.5,1872.5,1687828960.0,1687.82896,1994.5,0.9388317874153923,-0.13736715205249883,0.0523401882913872,26.298521928208633,1.4044604501045999,-0.025500910746812377,-0.061168212584607695,12.689060040855352,19.67118534203847,21.542210038341462,,2,cross_sma25_down;macd_sell_like,False,True,True,False,False,False,False,False,False,9048.T,2026-09-25,True,,1872.5,18.010002,0.73930246,103.97,2532.793,367253946368.0,1786343400.0,1793946600.0,1793946600.0,True,,,True,1793946600.0,2026-11-06,30.0
6,True,39.43661971830985,False,False,False,True,0.2515877352551673,5980.0,5980.0,1631905350.0,1631.90535,6280.0,0.9522292993630573,-0.09677418051050923,0.030385279918367925,92.16264696572709,1.5411813873867408,-0.047770700636942665,-0.047770700636942665,12.858386058546886,19.505959534456967,20.480748994600006,,0,,False,False,False,False,False,False,False,False,False,7278.T,2026-09-25,True,,5980.0,19.428202,1.1345667,307.8,5270.735,214045540352.0,1793255400.0,1793255400.0,1793255400.0,True,,,True,1793255400.0,2026-10-29,24.0
6,True,47.48427672955975,False,False,True,True,0.44004668438770916,5716.0,5716.0,1586076110.0,1586.07611,6174.7509765625,0.9257053477453939,-0.3837938812569527,0.035583272473423744,132.6757386370526,2.321129087422194,-0.0360876897133221,-0.053485676436496155,15.817936988864838,22.163197227175107,18.46483681982306,,0,,False,False,False,False,False,False,False,False,False,4922.T,2026-09-25,True,,5716.0,23.929335,1.1404837,238.87,5011.908,324385570816.0,1794292200.0,1794292200.0,1794292200.0,True,,,True,1794292200.0,2026-11-10,32.0
6,True,51.5274949083503,False,False,False,True,0.41161161067175617,4564.0,4564.0,1572601910.0,1572.60191,4657.0,0.9800300622718489,-0.2218283591198107,0.1663581208695002,82.20818204857854,1.8012309826594772,-0.019969937728151144,-0.019969937728151144,27.312672739346468,21.44177113093613,16.100456433969093,,0,,False,False,False,False,False,False,False,False,False,5901.T,2026-09-25,True,,4564.0,12.625871,0.9682689,361.48,4713.567,687271313408.0,1793946600.0,1793946600.0,1793946600.0,True,,,True,1793946600.0,2026-11-06,30.0
6,True,45.65217391304348,False,False,True,True,0.31884682985435714,1735.0,1735.0,1570133177.5,1570.1331775,1839.128662109375,0.9433815239495287,-0.1414385315099247,0.027079762675876085,32.38765037795719,1.8667233647237573,-0.03396436525612467,-0.04378683320454313,13.674325366656637,19.520434763576112,24.363355457409693,,0,,False,False,False,False,False,False,False,False,False,3048.T,2026-09-25,True,,1735.0,15.197968,1.6301826,114.16,1064.298,297123512320.0,1791527400.0,1791527400.0,1791527400.0,True,,,True,1791527400.0,2026-10-09,10.0
6,True,59.39153439153439,True,False,True,True,0.2656644140695466,2735.0,2735.0,1537718400.0,1537.7184,3017.365478515625,0.9064198617879949,-0.25622119338439087,0.043027156909392295,51.85270801894458,1.8958942602904785,-0.004849185601894956,-0.05964824275408398,11.608697184665372,24.536858618930083,20.306634618348575,,0,,False,False,False,False,False,False,False,False,False,2670.T,2026-09-25,True,,2735.0,14.605362,1.6873801,187.26,1620.856,677231460352.0,1791354600.0,1791354600.0,1791354600.0,True,,,True,1791354600.0,2026-10-07,8.0
6,True,49.166666666666664,False,False,True,True,0.277358419082545,7300.0,7300.0,1512082650.0,1512.08265,7817.4453125,0.933808898966954,-0.1893333417866493,0.056526214968549704,207.24505784583252,2.8389733951483906,-0.04575163398692805,-0.06619110103304604,13.593820428105138,18.154460411435913,21.39065550900017,,0,,False,False,False,False,False,False,False,False,False,6432.T,2026-09-25,True,,7300.0,11.933174,1.8095918,611.74,4034.059,337208279040.0,1791873000.0,1791873000.0,1791873000.0,True,,,True,1791873000.0,2026-10-13,12.0
6,True,74.32432432432432,True,True,False,True,0.3712540187691427,3244.0,3244.0,1511513870.0,1511.51387,3268.0,0.99265605875153,-0.19736842105263153,0.09582214516577658,59.601830603075115,1.837294408232895,0.0,0.0,32.81510070261056,22.711285066490408,9.504490657398925,,0,,False,False,False,False,False,False,False,False,False,9044.T,2026-09-25,True,,3244.0,14.254328,1.0202198,227.58,3179.707,350999773184.0,1793601000.0,1793601000.0,1793601000.0,True,,,True,1793601000.0,2026-11-02,26.0
6,True,65.93673965936739,True,False,False,False,0.5829020364509544,3503.0,3503.0,1505780645.0,1505.780645,3582.686279296875,0.9777579522501441,-0.17101309786385166,0.07196324139992005,46.37040560150565,1.3237341022410978,0.0,0.0,26.70990177298608,34.43873971601425,14.593096819912349,,0,,False,False,False,False,False,False,False,False,False,9744.T,2026-09-25,True,,3503.0,17.965023,6.1298485,194.99,571.466,270455111680.0,1793255400.0,1793255400.0,1793255400.0,True,,,True,1793255400.0,2026-10-29,24.0
6,True,41.54057771664374,False,False,True,True,0.22928521396749846,2136.5,2136.5,1486623870.0,1486.62387,2291.5,0.9323587169975999,-0.23292886216992925,0.10580594032257906,48.52078754053245,2.2710408397160053,-0.06764128300240013,-0.06764128300240013,11.156885391130645,20.976840698765415,20.051250714784228,,0,,False,False,False,False,False,False,False,False,False,8088.T,2026-09-25,True,,2136.5,10.311294,1.0333266,207.2,2067.594,491769462784.0,1794292200.0,1794292200.0,1794292200.0,True,,,True,1794292200.0,2026-11-10,32.0
6,True,38.01020408163265,False,False,True,True,0.42132342256655925,4954.0,4954.0,1402436965.0,1402.436965,5458.7265625,0.9075376726199591,-0.25843510319628693,0.0324449568838594,96.42182033449741,1.9463427600827092,-0.06528301886792454,-0.0715892053973014,10.849340837699392,23.023559054386652,21.569339538610404,,0,,False,False,False,False,False,False,False,False,False,7988.T,2026-09-25,True,,4954.0,13.705528,1.54456,361.46,3207.386,462079819776.0,1793341800.0,1793341800.0,1793341800.0,True,,,True,1793341800.0,2026-10-30,25.0
6,True,53.75,True,False,True,False,0.35267115709444946,3737.0,3737.0,1394293780.0,1394.29378,3805.304443359375,0.9820502027167438,-0.13762661816837063,0.0702639476852156,73.48671619932519,1.9664628364818086,-0.011375661375661372,-0.011375661375661372,14.160850090853685,25.111786590826345,18.426496860934684,,0,,False,False,False,False,False,False,False,False,False,8060.T,2026-09-25,True,,3737.0,17.696642,1.976825,211.17,1890.405,769441333248.0,1784874600.0,1792737000.0,1792737000.0,True,,,True,1792737000.0,2026-10-23,20.0
6,True,49.029126213592235,False,False,True,True,0.5209402128324812,4310.0,4310.0,1391597425.0,1391.597425,5054.22509765625,0.8527518891073208,-0.3278187209347344,0.03780428629296573,95.71397231759993,2.2207418171136877,-0.031678274545046015,-0.059773123909249604,30.961824433881826,27.529158028298035,13.974181614429746,,1,macd_sell_like,False,False,True,False,False,False,False,False,False,3397.T,2026-09-25,True,,4310.0,199.81456,3.964549,21.57,1087.135,378983284736.0,1786689000.0,1794551400.0,1794551400.0,True,,,True,1794551400.0,2026-11-13,35.0
6,True,37.726098191214476,False,False,True,True,0.4939519303040955,1549.0,1549.0,1368034175.0,1368.034175,1636.5,0.9465322334249924,-0.21787888074662443,0.13143155689134045,30.472962425406525,1.967266780207006,-0.05085784313725494,-0.053467766575007625,18.729930587633646,22.300912105156105,25.353121085611285,,0,,False,False,False,False,False,False,False,False,False,3941.T,2026-09-25,True,,1549.0,18.296715,0.75276905,84.66,2057.736,372200112128.0,1793860200.0,1793860200.0,1793860200.0,True,,,True,1793860200.0,2026-11-05,29.0
6,False,45.47169811320755,False,False,True,False,0.49570091357996204,1896.5,1896.5,1304625432.5,1304.6254325,2143.932861328125,0.8845892677931877,-0.19796928765073218,0.003992228856566138,30.66672274495006,1.6170167542815745,-0.03190403266972941,-0.03190403266972941,20.775409790021634,22.89567980122098,18.117857232697645,,2,trend_break;macd_sell_like,True,False,True,False,False,False,False,False,False,1719.T,2026-09-25,True,,1896.5,9.999473,1.37906,189.66,1375.212,297528754176.0,1794465000.0,1794465000.0,1794465000.0,True,,,True,1794465000.0,2026-11-12,34.0
6,True,44.3359375,False,False,True,True,0.4020355003775789,3665.0,3665.0,1299142250.0,1299.14225,3897.0,0.9404670259173723,-0.32878226838946345,0.08646884204552996,80.34501787725344,2.192224225845933,-0.02422790202342917,-0.04333072304881236,8.554259522628481,20.646478706586095,19.983748451461228,,0,,False,False,False,False,False,False,False,False,False,9468.T,2026-09-25,True,,3665.0,477.21356,2.253424,7.68,1626.414,538629210112.0,1786602600.0,1793860200.0,1793860200.0,True,,,True,1793860200.0,2026-11-05,29.0
6,True,45.78313253012048,True,False,True,False,0.44611695486524194,2195.0,2195.0,1275668095.0,1275.668095,2315.0,0.9481641468682506,-0.1950839269859691,0.09067741402298468,53.31789879584716,2.4290614485579574,-0.05183585313174943,-0.05183585313174943,15.307481156598541,24.93646767832525,18.63003562192655,,0,,False,False,False,False,False,False,False,False,False,8117.T,2026-09-25,True,,2195.0,12.565835,1.9138614,174.68,1146.896,122010976256.0,,1754284800.0,1754630400.0,True,,,True,1754284800.0,2025-08-04,-299.0
6,True,49.24812030075188,False,False,True,True,0.27497794247379703,3765.0,3765.0,1255977795.0,1255.977795,3862.0,0.974883480062144,-0.13616572829297324,0.1478589386758049,80.33035110268008,2.1336082630193913,-0.02511651993785602,-0.02511651993785602,7.576522790796511,23.101763083331154,24.271889677844047,,0,,False,False,False,False,False,False,False,False,False,3107.T,2026-09-25,True,,3765.0,10.495651,1.9145681,358.72,1966.501,322109472768.0,1785997800.0,1793860200.0,1793860200.0,True,,,True,1793860200.0,2026-11-05,29.0
6,True,45.99341383095499,False,False,True,False,0.5064451079611744,3885.0,3885.0,1217137650.0,1217.13765,4596.287109375,0.8452474589926737,-0.3211912298437215,0.013749056627859746,106.3668386684595,2.7378851652113125,-0.04732712113781268,-0.04732712113781268,12.273501119939235,22.6909671174228,24.39439878885474,,0,,False,False,False,False,False,False,False,False,False,2327.T,2026-09-25,True,,3885.0,22.367435,2.5725205,173.69,1510.192,710882754560.0,1793601000.0,1793601000.0,1793601000.0,True,,,True,1793601000.0,2026-11-02,26.0
6,True,45.96774193548387,False,False,True,True,0.30067867218815814,761.0,761.0,1211027895.0,1211.027895,814.9531860351562,0.9337959689468239,-0.16321064914206518,0.01817590795606905,14.513385397098402,1.9071465699209464,-0.023106546854942178,-0.059763092910599336,6.534449116332199,21.827537941941014,22.105777581518005,,0,,False,False,False,False,False,False,False,False,False,3387.T,2026-09-25,True,,761.0,68.558556,7.049952,11.1,107.944,343211769856.0,1791959400.0,1791959400.0,1791959400.0,True,,,True,1791959400.0,2026-10-14,13.0
6,True,51.15151515151515,True,False,True,True,0.4202873657001664,4650.0,4650.0,1203936315.0,1203.936315,4876.16845703125,0.9536175874512449,-0.25966462565613024,0.11808858412491685,113.71636172752,2.4455131554305374,-0.02617801047120416,-0.02617801047120416,16.514808717599294,25.427472683616624,20.477668576232553,,0,,False,False,False,False,False,False,False,False,False,4401.T,2026-09-25,True,,4650.0,16.546865,1.4025389,281.02,3315.416,450938699776.0,1794378600.0,1794378600.0,1794378600.0,True,,,True,1794378600.0,2026-11-11,33.0
6,True,48.82352941176471,False,True,False,True,0.23631752191231717,1550.0,1550.0,1187479677.5,1187.4796775,1651.5,0.9385407205570694,-0.11909146715776553,0.015161849482804302,22.307590185973297,1.439199366836987,-0.02115566782443956,-0.061459279442930614,10.28273388103576,16.677825528118976,18.811689058332593,,2,cross_sma25_down;macd_sell_like,False,True,True,False,False,False,False,False,False,9006.T,2026-09-25,True,,1550.0,15.3999,1.093031,100.65,1418.075,408435032064.0,1785911400.0,1794292200.0,1794292200.0,True,,,True,1794292200.0,2026-11-10,32.0
6,True,46.54471544715447,False,False,True,True,0.37340372204339856,1330.5,1330.5,1169036415.0,1169.036415,1392.5,0.955475763016158,-0.18994352802938053,0.14508640026419317,37.30248527839488,2.803644139676429,-0.034119782214156125,-0.044524236983842,14.152688484745036,18.64188985617496,24.77593694058732,,0,,False,False,False,False,False,False,False,False,False,2433.T,2026-09-25,True,,1330.5,28.867434,1.2444209,46.09,1069.172,477692133376.0,1785911400.0,1794465000.0,1794465000.0,True,,,True,1794465000.0,2026-11-12,34.0
6,True,52.17391304347826,False,True,False,True,0.5030138740234283,2964.0,2964.0,1162812975.0,1162.812975,3231.342529296875,0.9172658030298486,-0.4979472016364006,0.24131590082824106,33.0410796144162,1.1147462757900202,-0.002020202020202033,-0.07950310559006213,27.259256477128414,27.761734977600128,15.047693517318168,,1,ext_dev200;vol_distribution,False,False,False,False,False,True,False,True,False,4413.T,2026-09-25,True,,2964.0,37.724323,11.454763,78.57,258.757,92462727168.0,,1744700400.0,1744700400.0,True,,,True,1744700400.0,2025-04-15,-378.0
6,True,40.563991323210416,False,False,True,False,0.5383295404108495,1491.0,1491.0,1158509817.5,1158.5098175,1633.5,0.9127640036730946,-0.13341737669479126,0.026493908602782446,28.96723800096716,1.9428060362821704,-0.049107142857142905,-0.08611707018081516,14.64072165527276,21.612051182278126,18.58725552805489,,2,cross_sma25_down;macd_sell_like,False,True,True,False,False,False,False,False,False,1860.T,2026-09-25,True,,1491.0,12.172422,0.91697925,122.49,1625.991,441395347456.0,1794551400.0,1794551400.0,1794551400.0,True,,,True,1794551400.0,2026-11-13,35.0
6,True,47.113884555382214,False,False,False,True,0.4624026226479809,2978.0,2978.0,1140880975.0,1140.880975,3135.0,0.949920255183413,-0.38134426765081697,0.12451937360517085,88.54901657344709,2.9734391058914404,-0.050079744816586946,-0.050079744816586946,30.271849962740077,23.868467081582292,19.549830963340916,,1,macd_sell_like,False,False,True,False,False,False,False,False,False,4816.T,2026-09-25,True,,2978.0,24.270578,3.612188,122.7,824.431,608444022784.0,1793341800.0,1793341800.0,1793341800.0,True,,,True,1793341800.0,2026-10-30,25.0
6,True,43.0062630480167,False,False,True,False,0.3675196215096445,1430.0,1430.0,1091453955.0,1091.453955,1598.0,0.8948685857321652,-0.23404255319148937,0.28035505825224316,52.911290725320114,3.7000902605118964,-0.10513141426783479,-0.10513141426783479,28.98492619813601,35.738396915191764,24.018865420396843,,1,trailing_stop;ext_dev200,False,False,False,False,True,True,False,False,False,6523.T,2026-09-25,True,,1430.0,365.72888,1.0735422,3.91,1332.039,180917010432.0,1794378600.0,1794378600.0,1794378600.0,True,,,True,1794378600.0,2026-11-11,33.0
6,True,58.241758241758234,False,False,True,True,0.3335669598431025,729.0,729.0,1075132180.0,1075.13218,840.2625732421875,0.8675859466013388,-0.3818351533239255,0.04818413775480357,15.831059511246039,2.171613101679841,-0.04705882352941182,-0.05078125,11.943521051734143,21.787642209911972,17.990101749491892,,0,,False,False,False,False,False,False,False,False,False,8698.T,2026-09-25,True,,729.0,16.801107,1.4064969,43.39,518.309,183244128256.0,1794205800.0,1794205800.0,1794205800.0,True,,,True,1794205800.0,2026-11-09,31.0
6,True,36.73469387755102,False,False,True,True,0.2838123847141639,2851.0,2851.0,1064947792.5,1064.9477925,3046.0,0.9359816152330925,-0.13059840972493053,0.14174501018654584,56.80701909544851,1.9925296069957386,-0.06401838476690747,-0.06401838476690747,14.352362875599974,22.601280507113305,21.69697858066698,,0,,False,False,False,False,False,False,False,False,False,8242.T,2026-09-25,True,,2851.0,11.249655,1.0663564,253.43,2673.59,321267040256.0,1793773800.0,1793773800.0,1793773800.0,True,,,True,1793773800.0,2026-11-04,28.0
6,True,44.91701244813277,False,False,True,True,0.30132199989959124,3948.0,3948.0,1053242390.0,1053.24239,4711.6865234375,0.8379165252954184,-0.27329630632940405,0.014820108682699118,107.562623097474,2.7244838677171734,-0.06401137980085347,-0.06401137980085347,12.726023198455163,18.47475402815866,21.079983276246498,,1,macd_sell_like,False,False,True,False,False,False,False,False,False,3549.T,2026-09-25,True,,3948.0,22.465004,2.658269,175.74,1485.177,374914187264.0,1790836200.0,1790836200.0,1790836200.0,True,,,True,1790836200.0,2026-10-01,4.0
6,True,56.35838150289017,True,False,True,True,0.36123316436234215,1184.5,1184.5,1052264717.5,1052.2647175,1272.5,0.9308447937131631,-0.1311012505042356,0.05648385347883966,25.843047569784016,2.181768473599326,-0.001264755480607116,-0.06915520628683691,16.447548688197653,24.956486255287626,20.812383550826354,,0,,False,False,False,False,False,False,False,False,False,8012.T,2026-09-25,True,,1184.5,15.0069685,1.0810075,78.93,1095.737,483077652480.0,1793946600.0,1793946600.0,1793946600.0,True,,,True,1793946600.0,2026-11-06,30.0
6,True,44.89247311827957,False,False,True,True,0.451129720699046,1622.0,1622.0,1018434377.5,1018.4343775,1791.9859619140625,0.9051410192228869,-0.21140856824502596,0.027071526419978564,33.62814220919202,2.073251677508756,-0.04444851797162608,-0.04527989428071422,16.71738908003269,19.838747915047467,23.517902684925414,,0,,False,False,False,False,False,False,False,False,False,8570.T,2026-09-25,True,,1622.0,16.601843,0.7343401,97.7,2208.786,350164123648.0,1791527400.0,1791527400.0,1791527400.0,True,,,True,1791527400.0,2026-10-09,10.0
6,True,47.02549575070822,False,False,True,True,0.2882257964596253,2725.0,2725.0,982110157.5,982.1101575,2827.0,0.9639193491333569,-0.10118579396351013,0.07488073027221165,45.90831495922151,1.684708805842991,-0.03368794326241131,-0.03608065086664314,15.287549005856846,22.641576065740136,20.69493418689278,,0,,False,False,False,False,False,False,False,False,False,9076.T,2026-09-25,True,,2725.0,18.729809,0.963904,145.49,2827.045,443118190592.0,1785997800.0,1794465000.0,1794465000.0,True,,,True,1794465000.0,2026-11-12,34.0
6,True,44.73358116480793,False,False,True,False,0.3568332738570428,4554.0,4554.0,923464195.0,923.464195,4925.0,0.9246700507614213,-0.1396954314720812,0.09253437901338746,106.27530391750537,2.3336693877361743,-0.06928264868179035,-0.07532994923857872,26.57225664169408,21.367377209412677,23.82073254106395,,1,di_bear,False,False,False,False,False,False,True,False,False,6457.T,2026-09-25,True,,4554.0,16.522749,1.1120222,275.62,4095.242,232762802176.0,1786084200.0,1794292200.0,1794292200.0,True,,,True,1794292200.0,2026-11-10,32.0
6,True,55.0,True,False,True,True,0.3684985855217639,4185.0,4185.0,916827525.0,916.827525,4310.0,0.9709976798143851,-0.2713792962902324,0.19013078497812064,131.96617601858384,3.1533136444106056,0.0,-0.029002320185614883,22.468378753567226,36.290767338141315,18.05558895724042,,0,ext_dev200,False,False,False,False,False,True,False,False,False,8022.T,2026-09-25,True,,4185.0,17.45714,1.7861655,239.73,2343.008,318302355456.0,1794465000.0,1794465000.0,1794465000.0,True,,,True,1794465000.0,2026-11-12,34.0
6,True,36.13445378151261,False,False,True,True,0.3276493441625453,5220.0,5220.0,916657200.0,916.6572,5890.0,0.8862478777589134,-0.1994275319397003,0.08578793342147661,164.51084483994026,3.151548751722993,-0.11375212224108655,-0.11375212224108655,22.83177428581131,19.693951755708415,26.710954174147833,,2,trailing_stop;di_bear,False,False,False,False,True,False,True,False,False,3097.T,2026-09-25,True,,5220.0,23.006742,4.2511463,226.89,1227.904,200450113536.0,1794551400.0,1794551400.0,1794551400.0,True,,,True,1794551400.0,2026-11-13,35.0
6,True,39.22518159806296,False,False,True,False,0.4334329035699945,2489.0,2489.0,899748640.0,899.74864,2769.230712890625,0.8988055738418018,-0.30592006177943676,0.01791988254360133,62.81976187961502,2.5238956158945367,-0.06779026217228468,-0.06779026217228468,18.07421392886235,23.536850882898584,21.518387087618883,,1,macd_sell_like,False,False,True,False,False,False,False,False,False,3765.T,2026-09-25,True,,2489.0,55.20071,1.1265053,45.09,2209.488,130341175296.0,1786084200.0,1793946600.0,1793946600.0,True,,,True,1793946600.0,2026-11-06,30.0
6,True,44.08817635270541,False,False,True,True,0.4506726171382746,2725.5,2725.5,875004652.5,875.0046525,2936.918212890625,0.9280135851374154,-0.15904118615363072,0.008612316483045834,38.72426174107125,1.4208131257043204,-0.01357220412595006,-0.048525048001396454,14.610411362030922,20.8980121246047,17.950455352323974,,0,,False,False,False,False,False,False,False,False,False,2811.T,2026-09-25,True,,2725.5,18.572403,1.2775035,146.75,2133.458,246408478720.0,1793255400.0,1793255400.0,1793255400.0,True,,,True,1793255400.0,2026-10-29,24.0
6,True,38.84615384615385,False,False,False,True,0.4414442858183213,3148.0,3148.0,863140575.0,863.140575,3402.95458984375,0.9250784625205779,-0.17630402463621986,0.023017093999120553,35.28922822337588,1.121004708493516,-0.02327024511324849,-0.027194066749072876,14.729280132603076,20.430923781945896,20.95382871242606,,0,,False,False,False,False,False,False,False,False,False,7164.T,2026-09-25,True,,3148.0,12.914872,1.7214,243.75,1828.744,418937438208.0,1793860200.0,1793860200.0,1793860200.0,True,,,True,1793860200.0,2026-11-05,29.0
6,True,45.84717607973422,False,False,True,False,0.5221195121737817,3050.0,3050.0,819162355.0,819.162355,3345.0,0.9118086696562033,-0.2532427652422552,0.13170079624866138,83.80395663599766,2.7476707093769726,-0.06441717791411039,-0.08819133034379667,14.952517389610211,16.439579077526357,22.047495283275133,,0,,False,False,False,False,False,False,False,False,False,7716.T,2026-09-25,True,,3050.0,110.748,2.0761507,27.54,1469.065,249512525824.0,1794551400.0,1794551400.0,1794551400.0,True,,,True,1794551400.0,2026-11-13,35.0
6,True,50.80385852090032,True,False,True,True,0.35550639850092386,1678.0,1678.0,810474570.0,810.47457,1915.0,0.8762402088772846,-0.2876489346397535,0.11012727639279118,51.79399549950739,3.086650506526066,-0.05358150028200792,-0.07903402854006591,13.54619939201754,23.856699956939583,15.845354229481668,,0,,False,False,False,False,False,False,False,False,False,3101.T,2026-09-25,True,,1678.0,13.255392,0.6949282,126.59,2414.638,148074725376.0,1794205800.0,1794205800.0,1794205800.0,True,,,True,1794205800.0,2026-11-09,31.0
6,True,66.96428571428571,True,False,True,True,0.4797774114511698,1289.0,1289.0,790397175.0,790.397175,1581.0,0.8153067678684377,-0.22505461236258084,0.03580653562865144,22.739726692870025,1.7641370591830896,-0.004633204633204602,-0.11772758384668036,20.986875978147545,24.101315168073796,16.534263827892833,,0,,False,False,False,False,False,False,False,False,False,7419.T,2026-09-25,True,,1289.0,10.30211,1.4620497,125.12,881.639,377452789760.0,1793255400.0,1793255400.0,1793255400.0,True,,,True,1793255400.0,2026-10-29,24.0
6,True,54.929577464788736,True,False,True,True,0.4589691434246998,6540.0,6540.0,781025850.0,781.02585,6660.0,0.9819819819819819,-0.19644131577769786,0.22534863133302685,194.72438230218117,2.9774370382596507,-0.018018018018018056,-0.018018018018018056,27.7020049601133,30.459940442778667,14.953000066995978,,0,ext_dev200,False,False,False,False,False,True,False,False,False,4471.T,2026-09-25,True,,6540.0,9.253888,0.8909958,706.73,7340.102,144349822976.0,,1754377200.0,1754982000.0,True,,,True,1754377200.0,2025-08-05,-298.0
6,True,50.3968253968254,False,False,True,True,0.47438401119526524,2300.0,2300.0,777181885.0,777.181885,2381.0,0.9659806803863923,-0.1433378936765347,0.4388392703018462,41.59119125307354,1.8083126631771105,-0.03401931961360771,-0.03401931961360771,26.590567736486122,24.785040693117143,19.648188052884805,,0,ext_dev200,False,False,False,False,False,True,False,False,False,1518.T,2026-09-25,True,,2300.0,15.519568,1.4700488,148.2,1564.574,85164310528.0,,1754542800.0,1754888400.0,True,,,True,1754542800.0,2025-08-07,-296.0
6,False,47.4025974025974,False,False,True,True,0.524418558129195,1378.0,1378.0,740862980.0,740.86298,1513.92431640625,0.910217231513325,-0.18820248365030734,0.004466103762081675,20.139646719145652,1.4615128243211648,-0.01076812634601576,-0.01076812634601576,19.33598595244661,20.286170757000768,14.743377725129427,,1,trend_break,True,False,False,False,False,False,False,False,False,8425.T,2026-09-25,True,,1378.0,8.138917,0.85628885,169.31,1609.27,386097446912.0,1785393000.0,1793860200.0,1793860200.0,True,,,True,1793860200.0,2026-11-05,29.0
6,True,49.51456310679612,True,False,True,True,0.4312291102406116,1703.0,1703.0,707836390.0,707.83639,2067.004638671875,0.8238975221140475,-0.27431222362238916,0.14870682110434918,72.23027005060952,4.241354671204317,-0.04433221099887763,-0.13553299492385784,11.270531139155215,21.172460370893294,20.702085506577294,,0,,False,False,False,False,False,False,False,False,False,6143.T,2026-09-25,True,,1703.0,12.967334,0.8915563,131.33,1910.143,85110620160.0,,1754460000.0,1754978400.0,True,,,True,1754460000.0,2025-08-06,-297.0
6,True,62.755102040816325,True,False,True,True,0.2256736562237415,1896.0,1896.0,686422845.0,686.422845,2002.6407470703125,0.9467499364395144,-0.127926304337053,0.021146620258948756,26.937177383081647,1.420737203749032,-0.0010537407797681642,-0.039048087897097905,9.039192695331392,19.928922744214503,18.50505555436925,,0,,False,False,False,False,False,False,False,False,False,9842.T,2026-09-25,True,,1896.0,14.659039,0.9327739,129.34,2032.647,119112441856.0,,1751522400.0,1751868000.0,True,,,True,1751522400.0,2025-07-03,-321.0
6,True,67.3076923076923,True,False,True,True,0.5007131300880274,2475.0,2475.0,639896992.5,639.8969925,2748.146728515625,0.9006069342363093,-0.2786047486369765,0.031198378190725684,49.88468399022003,2.015542787483638,-0.005624748895138643,-0.04218266253869973,21.93865376482641,22.93438444311926,12.098820150755243,,0,,False,False,False,False,False,False,False,False,False,3360.T,2026-09-25,True,,2475.0,17.152956,1.5449158,144.29,1602.029,224484556800.0,1794292200.0,1794292200.0,1794292200.0,True,,,True,1794292200.0,2026-11-10,32.0
6,True,47.85100286532951,False,False,True,False,0.2633150965521009,1716.0,1716.0,624851885.0,624.851885,1902.0,0.9022082018927445,-0.30693866034355677,0.0423980874362877,42.109157416772504,2.45391360237602,-0.05662451896646514,-0.05662451896646514,14.920115683458826,23.744165424909752,20.53390121036526,,1,cross_sma25_down,False,True,False,False,False,False,False,False,False,5423.T,2026-09-25,True,,1716.0,15.256045,0.80486256,112.48,2132.041,174338981888.0,1792737000.0,1792737000.0,1792737000.0,True,,,True,1792737000.0,2026-10-23,20.0
6,True,46.84095860566449,False,False,True,True,0.18248977416933632,2713.0,2713.0,622959735.0,622.959735,2782.0,0.9751976994967649,-0.1392433181243078,0.06795652623245574,57.76078488279737,2.129037408138495,-0.024802300503235064,-0.024802300503235064,18.501266942410513,22.6234933153685,17.819224739873242,,0,,False,False,False,False,False,False,False,False,False,8194.T,2026-09-25,True,,2713.0,12.524237,1.4893075,216.62,1821.652,234722377728.0,,1751868000.0,1752213600.0,True,,,True,1751868000.0,2025-07-07,-319.0
6,True,51.31578947368422,False,False,False,True,0.25561005015372706,2497.0,2497.0,613626240.0,613.62624,2667.0,0.9362579677540307,-0.1781027371578553,0.10382918886019299,42.46223774589761,1.700530146011118,-0.02231793265465931,-0.04182655410590941,17.465080808021042,19.744153191584704,14.8420425079932,,2,cross_sma25_down;macd_sell_like,False,True,True,False,False,False,False,False,False,2730.T,2026-09-25,True,,2497.0,17.262358,1.1008278,144.65,2268.293,264032059392.0,1793860200.0,1793860200.0,1793860200.0,True,,,True,1793860200.0,2026-11-05,29.0
6,True,38.63636363636363,False,False,True,True,0.4517346713500654,482.0,482.0,561344525.0,561.344525,560.0,0.8607142857142858,-0.45537063224937646,0.08623145316009406,18.327818457373855,3.802451962110758,-0.11882998171846437,-0.13928571428571423,23.070274424696038,26.348514842737604,27.70978507435097,,3,macd_sell_like;trailing_stop;di_bear,False,False,True,False,True,False,True,False,False,3660.T,2026-09-25,True,,482.0,16.013288,2.0397713,30.1,236.301,46981648384.0,,1754978400.0,1755496800.0,True,,,True,1754978400.0,2025-08-12,-293.0
6,True,82.89855072463769,True,False,True,True,0.45231224057571684,2917.0,2917.0,560389000.0,560.389,3390.0,0.8604719764011799,-0.2126843657817109,0.04446211978064318,68.48559650556196,2.347809273416591,0.0,-0.1395280235988201,13.872139953263241,28.55327604642866,22.583626430015112,,1,rsi_reversal,False,False,False,True,False,False,False,False,False,3433.T,2026-09-25,True,,2917.0,17.248108,2.597132,169.12,1123.162,173470187520.0,1793860200.0,1793860200.0,1793860200.0,True,,,True,1793860200.0,2026-11-05,29.0
6,True,51.18110236220473,False,False,True,False,0.4445336025219362,4535.0,4535.0,558478400.0,558.4784,4590.0,0.9880174291938998,-0.1331128530667578,0.14128679917029574,79.31888066999855,1.7490381625137497,-0.011982570806100212,-0.011982570806100212,29.21079156885826,22.371516779108347,17.055285712944844,,1,macd_sell_like,False,False,True,False,False,False,False,False,False,8098.T,2026-09-25,True,,4535.0,11.938923,1.0026584,379.85,4522.976,242086969344.0,1793860200.0,1793860200.0,1793860200.0,True,,,True,1793860200.0,2026-11-05,29.0
6,True,36.44859813084113,False,False,True,True,0.3813311922546465,3670.0,3670.0,557099900.0,557.0999,4005.0,0.916354556803995,-0.10986267166042452,0.07553063975015917,77.19078246320632,2.1032910752917253,-0.03926701570680624,-0.08364544319600498,18.426079439873,19.228279981841226,23.028445293524907,,2,cross_sma25_down;macd_sell_like,False,True,True,False,False,False,False,False,False,2270.T,2026-09-25,True,,3670.0,6.9922075,0.9041794,524.87,4058.929,218640777216.0,1794292200.0,1794292200.0,1794292200.0,True,,,True,1794292200.0,2026-11-10,32.0
6,True,41.50943396226415,False,False,True,False,0.4009030292579792,259.0,259.0,548341065.0,548.341065,292.8246154785156,0.8844884832402441,-0.22772276402234137,0.010094323760336144,6.719620896650277,2.5944482226448944,-0.05128205128205132,-0.05128205128205132,20.266438800983003,22.855949629129743,23.271854896502912,,3,cross_sma25_down;macd_sell_like;di_bear,False,True,True,False,False,False,True,False,False,2353.T,2026-09-25,True,,259.0,14.199561,3.9180686,18.24,66.104,80715513856.0,,1749191400.0,1749191400.0,True,,,True,1749191400.0,2025-06-06,-340.0
6,True,44.92753623188406,False,False,True,True,0.3125541123016734,3355.0,3355.0,545544125.0,545.544125,3425.0,0.9795620437956204,-0.18012418829656518,0.07689943266628019,56.88279353327914,1.695463294583581,-0.020437956204379604,-0.020437956204379604,13.239906614272327,17.794354353311604,21.676084263556223,,2,cross_sma25_down;macd_sell_like,False,True,True,False,False,False,False,False,False,2659.T,2026-09-25,True,,3355.0,19.417757,1.3735358,172.78,2442.601,199421542400.0,1791268200.0,1791268200.0,1791268200.0,True,,,True,1791268200.0,2026-10-06,7.0
6,True,47.42268041237113,False,True,False,False,0.29047753560683287,5500.0,5500.0,541840950.0,541.84095,5750.0,0.9565217391304348,-0.1007194244604317,0.18517600986028349,126.70504375923518,2.3037280683497303,-0.04347826086956519,-0.04347826086956519,22.025549034997486,19.767973380706362,17.104632141988468,,0,ext_dev200,False,False,False,False,False,True,False,False,False,9678.T,2026-09-25,True,,5500.0,14.966801,1.2151877,367.48,4526.05,186594590720.0,,1756965600.0,1757311200.0,True,,,True,1756965600.0,2025-09-04,-276.0
6,True,50.1831501831502,False,False,True,True,0.5077640016998267,2089.0,2089.0,541039960.0,541.03996,2121.0,0.9849127769919849,-0.14737448237293738,0.11652334241066553,35.845766940810186,1.7159294849597984,-0.015087223008015127,-0.015087223008015127,29.255176413396697,25.18837704771684,17.274345124732427,,1,macd_sell_like,False,False,True,False,False,False,False,False,False,2602.T,2026-09-25,True,,2089.0,8.208574,0.9014521,254.49,2317.372,191149293568.0,1794205800.0,1794205800.0,1794205800.0,True,,,True,1794205800.0,2026-11-09,31.0
6,True,49.77578475336323,False,False,True,True,0.6106813944957749,1163.0,1163.0,536678305.0,536.678305,1204.0,0.9659468438538206,-0.18949901675717185,0.3592474557606342,35.933726507068776,3.0897443256293013,-0.03405315614617943,-0.03405315614617943,46.71497462214206,24.353693120246426,17.24096399098018,,0,ext_dev200,False,False,False,False,False,True,False,False,False,3176.T,2026-09-25,True,,1163.0,15.25646,1.201553,76.23,967.914,66834288640.0,,1754290800.0,1754636400.0,True,,,True,1754290800.0,2025-08-04,-299.0
6,True,46.15384615384615,False,False,True,True,0.4296108704891191,4715.0,4715.0,536478625.0,536.478625,5202.873046875,0.906230068948534,-0.2677122878697955,0.0662507184076111,91.17639209205632,1.9337516880605792,-0.03182751540041073,-0.03182751540041073,20.4467455845535,22.700400874332555,19.954404777639596,,0,,False,False,False,False,False,False,False,False,False,7242.T,2026-09-25,True,,4715.0,7.4656405,0.8284707,631.56,5691.209,189687545856.0,1785997800.0,1794465000.0,1794465000.0,True,,,True,1794465000.0,2026-11-12,34.0
6,True,45.65916398713826,False,False,True,True,0.43495265673064226,2833.0,2833.0,530144410.0,530.14441,2871.0,0.9867641936607454,-0.2600701482311376,0.10514920592336763,49.75908503314831,1.756409637597893,-0.013235806339254585,-0.013235806339254585,23.04128866442607,21.14182497841205,18.052861598947565,,1,macd_sell_like,False,False,True,False,False,False,False,False,False,7947.T,2026-09-25,True,,2833.0,15.39925,1.3973527,183.97,2027.405,229123899392.0,1793341800.0,1793341800.0,1793341800.0,True,,,True,1793341800.0,2026-10-30,25.0
6,True,57.51072961373391,True,False,True,True,0.4438870616137322,2954.0,2954.0,526770900.0,526.7709,3485.0,0.8476327116212339,-0.35281976950181015,0.09349477061887046,94.84016066281748,3.210567388720971,-0.036215334420880874,-0.1034901365705615,11.189457553230435,26.102654372408395,23.245830701943824,,0,,False,False,False,False,False,False,False,False,False,6363.T,2026-09-25,True,,2954.0,12.994897,1.260553,227.32,2343.416,77739155456.0,,1754463600.0,1754982000.0,True,,,True,1754463600.0,2025-08-06,-297.0
6,True,43.02325581395349,False,False,False,True,0.23128252834740698,1086.0,1086.0,523932485.0,523.932485,1163.0,0.9337919174548581,-0.17469225774520625,0.05741510006046391,23.6774164230648,2.1802409229341437,-0.04148278905560454,-0.06620808254514188,12.669677192528473,13.393116215061193,25.56290354688575,,2,cross_sma25_down;macd_sell_like,False,True,True,False,False,False,False,False,False,8818.T,2026-09-25,True,,1086.0,22.424118,1.226786,48.43,885.24,103609466880.0,,1753684200.0,1754029800.0,True,,,True,1753684200.0,2025-07-28,-304.0
6,True,48.91891891891892,False,False,True,True,0.5629570454506263,2605.0,2605.0,501729895.0,501.729895,2809.0,0.927376290494838,-0.259189100162731,0.10838685129466796,60.52692539440581,2.3234904182113554,-0.06797853309481217,-0.07262370950516195,17.24352834504332,23.620623137921278,22.704461788111313,,1,macd_sell_like,False,False,True,False,False,False,False,False,False,9010.T,2026-09-25,True,,2605.0,3.8698082,3.3078694,673.16,787.516,138976772096.0,,1754373600.0,1754892000.0,True,,,True,1754373600.0,2025-08-05,-298.0
6,True,39.99999999999999,False,False,True,False,0.42517573429255695,1827.5,1827.5,493192462.5,493.1924625,1903.0,0.9603258013662638,-0.1362809052325188,0.055552395684749234,30.234637927521213,1.6544261519847447,-0.039674198633736224,-0.039674198633736224,20.635524436332254,19.4069562559088,22.904347956181205,,1,di_bear,False,False,False,False,False,False,True,False,False,4045.T,2026-09-25,True,,1827.5,14.906199,0.880272,122.6,2076.063,193178861568.0,1793341800.0,1793341800.0,1793341800.0,True,,,True,1793341800.0,2026-10-30,25.0
6,True,61.34831460674157,True,True,False,True,0.41901167733491024,4772.0,4772.0,492298395.0,492.298395,4772.0,1.0,-0.11344956569989928,0.11363541605514316,64.74517038083317,1.3567722208892115,0.0,0.0,25.08630960484638,29.541246347615285,13.021093738186144,,0,,False,False,False,False,False,False,False,False,False,4665.T,2026-09-25,True,,4772.0,24.45173,1.4378474,195.16,3318.85,224659734528.0,1793946600.0,1793946600.0,1793946600.0,True,,,True,1793946600.0,2026-11-06,30.0
6,True,44.99121265377856,False,False,True,False,0.3522133494481198,2247.0,2247.0,491152675.0,491.152675,2457.93115234375,0.9141834578472153,-0.24489793384497693,0.10623096558602185,63.3012172937385,2.81714362677964,-0.04260758414997867,-0.04260758414997867,17.41904749191662,26.358431803483,30.473913124290107,,0,,False,False,False,False,False,False,False,False,False,8057.T,2026-09-25,True,,2247.0,8.870554,1.2931377,253.31,1737.634,110823186432.0,,1756706400.0,1757052000.0,True,,,True,1756706400.0,2025-09-01,-279.0
6,True,65.72164948453607,True,False,True,False,0.6057309060933805,2664.0,2664.0,487502770.0,487.50277,2664.0,1.0,-0.1781762685997711,0.14070062896681423,47.22696184881651,1.7727838531838027,0.0,0.0,33.793510198730225,31.12944693411292,15.459921593111115,,0,,False,False,False,False,False,False,False,False,False,9536.T,2026-09-25,True,,2664.0,13.875722,0.78369886,191.99,3399.265,95881420800.0,,1753774200.0,1754292600.0,True,,,True,1753774200.0,2025-07-29,-303.0
6,True,43.39622641509434,False,False,True,True,0.20292308846962173,3335.0,3335.0,486286450.0,486.28645,3610.697021484375,0.9236443767383632,-0.16359639647680457,0.021355092650440888,71.9599556522233,2.157719809661868,-0.06056338028169017,-0.0632022471910112,21.766709998176214,19.402846866141836,24.472362648113048,,1,di_bear,False,False,False,False,False,False,True,False,False,3569.T,2026-09-25,True,,3335.0,12.750421,1.1832577,261.56,2818.49,194628730880.0,,1754460000.0,1754978400.0,True,,,True,1754460000.0,2025-08-06,-297.0
6,True,60.18518518518518,True,False,True,True,0.3744050935103386,2442.0,2442.0,481857955.0,481.857955,2655.0,0.919774011299435,-0.281963052790801,0.0036025447475980243,48.4361338494304,1.9834616645958394,-0.020457280385078214,-0.06544202066590121,13.429424603212647,26.315869566179906,21.975433120138625,,0,,False,False,False,False,False,False,False,False,False,7606.T,2026-09-25,True,,2442.0,11.03679,1.5986844,221.26,1527.506,65465520128.0,,1754373600.0,1754892000.0,True,,,True,1754373600.0,2025-08-05,-298.0
6,True,51.31086142322097,True,False,True,True,0.47688035430800824,1807.0,1807.0,476004495.0,476.004495,2253.0,0.8020417221482468,-0.2108300044385264,0.0273537995344888,52.7780478676736,2.9207552776797785,-0.08320649416539827,-0.19795827785175324,25.31174345389833,11.236379825737584,22.962296742690548,,2,trailing_stop;di_bear,False,False,False,False,True,False,True,False,False,9247.T,2026-09-25,True,,1807.0,5.9195437,1.0287907,305.26,1756.431,84972994560.0,,1747290600.0,1747290600.0,True,,,True,1747290600.0,2025-05-15,-356.0
6,True,39.285714285714285,False,True,False,False,0.3790743253572142,3875.0,3875.0,462956125.0,462.956125,4081.52490234375,0.9494000631418036,-0.16009557644889683,0.05139141729386365,62.51438430458212,1.6132744336666356,-0.05024509803921573,-0.05024509803921573,21.40129724465918,19.674123545553815,22.449906640699304,,1,di_bear,False,False,False,False,False,False,True,False,False,4041.T,2026-09-25,True,,3875.0,11.568891,0.983139,334.95,3941.457,207713665024.0,1794465000.0,1794465000.0,1794465000.0,True,,,True,1794465000.0,2026-11-12,34.0
6,True,63.829787234042556,True,False,False,True,0.4116036896411192,723.0,723.0,462905765.0,462.905765,743.656494140625,0.9722230703242957,-0.15686878963577677,0.05974636481960727,11.59674720486565,1.6039761002580428,-0.018995929443690662,-0.02297297297297296,20.21808546065184,34.84496188591926,21.55709156288061,,0,,False,False,False,False,False,False,False,False,False,4290.T,2026-09-25,True,,723.0,15.432231,1.849313,46.85,390.956,89258958848.0,1785220200.0,1793255400.0,1793255400.0,True,,,True,1793255400.0,2026-10-29,24.0
6,True,43.58974358974359,False,False,True,False,0.6189393334686396,3625.0,3625.0,461510350.0,461.51035,4438.1953125,0.8167734281072156,-0.3463559407064738,0.06707638183550912,78.39558482411522,2.1626368227342128,-0.046052631578947345,-0.046052631578947345,21.973700249816822,27.072835678837553,19.570894805175044,,0,,False,False,False,False,False,False,False,False,False,5161.T,2026-09-25,True,,3625.0,12.3362255,1.5090649,293.85,2402.15,131424256000.0,,1747204200.0,1747204200.0,True,,,True,1747204200.0,2025-05-14,-357.0
6,True,39.88095238095239,False,False,True,True,0.49452538691590214,3330.0,3330.0,460704750.0,460.70475,3805.0,0.8751642575558476,-0.4399999836619338,0.21907676889378203,153.1884324883496,4.600253227878367,-0.12483574244415241,-0.12483574244415241,25.51001644185587,35.7476560762499,19.070947127792728,,1,trailing_stop;ext_dev200,False,False,False,False,True,True,False,False,False,4431.T,2026-09-25,True,,3330.0,28.818693,6.523042,115.55,510.498,64143446016.0,,1749725940.0,1749725940.0,True,,,True,1749725940.0,2025-06-12,-336.0
6,True,53.00353356890459,True,True,False,True,0.4126417215602997,1544.0,1544.0,446564820.0,446.56482,1598.0,0.9662077596996246,-0.302406099024096,0.31270909163325933,39.16594315433593,2.5366543493740887,-0.03379224030037542,-0.03379224030037542,15.046333398472749,27.64781767816407,23.195503490223373,,0,ext_dev200,False,False,False,False,False,True,False,False,False,7236.T,2026-09-25,True,,1544.0,10.331215,1.6413065,149.45,940.714,87406583808.0,,1754287500.0,1754633100.0,True,,,True,1754287500.0,2025-08-04,-299.0
6,True,42.622950819672134,False,False,True,False,0.4522552846164335,3755.0,3755.0,442105525.0,442.105525,4170.0,0.9004796163069544,-0.3499374096680783,0.1037846248345915,151.54831010343582,4.035907060011606,-0.09952038369304561,-0.09952038369304561,22.116208163881453,21.952465575614045,24.904805646711914,,2,trailing_stop;di_bear,False,False,False,False,True,False,True,False,False,3399.T,2026-09-25,True,,3755.0,18.071999,49.054832,207.78,76.547,73972359168.0,,1749812340.0,1749812340.0,True,,,True,1749812340.0,2025-06-13,-335.0
6,True,41.02564102564102,False,False,True,False,0.5916559075801961,706.0,706.0,423348560.0,423.34856,758.0,0.9313984168865436,-0.2038971996439215,0.06742369947371296,14.098294246286137,1.99692553063543,-0.06860158311345643,-0.06860158311345643,17.955826548442456,18.051121993172853,18.29613310212426,,0,,False,False,False,False,False,False,False,False,False,8614.T,2026-09-25,True,,706.0,12.178713,1.6790494,57.97,420.476,47948713984.0,,1753772400.0,1754290800.0,True,,,True,1753772400.0,2025-07-29,-303.0
6,True,53.599999999999994,False,False,True,False,0.4034970104570119,3180.0,3180.0,413595000.0,413.595,3345.0,0.9506726457399103,-0.1732309062750349,0.04381698151040814,68.37939201827747,2.150295346486713,-0.026033690658499253,-0.04932735426008972,14.069391431071452,22.876217350655555,16.34207259721786,,0,,False,False,False,False,False,False,False,False,False,6995.T,2026-09-25,True,,3180.0,9.20725,0.7756139,345.38,4099.978,275733282816.0,1785393000.0,1793860200.0,1793860200.0,True,,,True,1793860200.0,2026-11-05,29.0
6,True,51.388888888888886,False,False,True,True,0.4652479644391892,3720.0,3720.0,411311125.0,411.311125,3820.0,0.9738219895287958,-0.17844182164593025,0.14796154116529547,78.76564713733225,2.1173561058422647,-0.02617801047120416,-0.02617801047120416,11.603090831294612,22.425882017098733,19.975850019802497,,0,,False,False,False,False,False,False,False,False,False,8059.T,2026-09-25,True,,3720.0,11.95757,1.2816025,311.1,2902.616,117003558912.0,,1753851600.0,1754283600.0,True,,,True,1753851600.0,2025-07-30,-302.0
6,True,44.23076923076923,False,True,False,True,0.43522694656718003,1570.0,1570.0,407381245.0,407.381245,1611.0,0.9745499689633768,-0.19614263851519032,0.10070497339445716,28.165626061498944,1.7939889211145823,-0.025450031036623244,-0.025450031036623244,25.842662776062234,28.656314152147832,19.07560799478147,,0,,False,False,False,False,False,False,False,False,False,7575.T,2026-09-25,True,,1570.0,11.783248,1.7088622,133.24,918.74,110142529536.0,1793341800.0,1793341800.0,1793341800.0,True,,,True,1793341800.0,2026-10-30,25.0
6,True,54.6875,True,False,True,True,0.3264879966114191,5220.0,5220.0,402099650.0,402.09965,5680.0,0.9190140845070423,-0.12840458670472843,0.07905181700884589,93.31148381745088,1.7875763183419708,-0.0019120458891013214,-0.05945945945945941,9.260341371892576,19.408163999543323,15.874895613336685,,0,,False,False,False,False,False,False,False,False,False,1941.T,2026-09-25,True,,5220.0,15.176624,1.0924761,343.95,4778.136,276359872512.0,1793341800.0,1793341800.0,1793341800.0,True,,,True,1793341800.0,2026-10-30,25.0
6,True,59.130434782608695,True,False,True,True,0.3742088231212671,4565.0,4565.0,401321550.0,401.32155,4755.0,0.9600420609884333,-0.10410094637223977,0.20266163922819902,86.60183122779107,1.8970828308387966,-0.015102481121898603,-0.039957939011566745,25.023292594881017,26.60551383113175,19.817786509735022,,0,ext_dev200,False,False,False,False,False,True,False,False,False,3946.T,2026-09-25,True,,4565.0,10.188368,0.7365346,448.06,6197.944,73949003776.0,,1753768800.0,1754287200.0,True,,,True,1753768800.0,2025-07-29,-303.0
6,True,54.693877551020414,False,False,True,False,0.40791716028203817,1206.0,1206.0,400814055.0,400.814055,1343.0,0.8979895755770663,-0.19583023082650786,0.027940989162446028,36.569455015315434,3.032293119014547,-0.08497723823975722,-0.08497723823975722,12.61828661842804,19.886331443061465,29.441601679630352,,2,macd_sell_like;trailing_stop,False,False,True,False,True,False,False,False,False,6118.T,2026-09-25,True,,1206.0,15.372849,0.7551068,78.45,1597.125,65583316992.0,,1754550000.0,1754982000.0,True,,,True,1754550000.0,2025-08-07,-296.0
6,True,46.25550660792951,False,False,True,True,0.36259198369634404,2003.0,2003.0,397840840.0,397.84084,2316.7275390625,0.8645815989266245,-0.2339756100439695,0.008648969175225174,34.28547790320491,1.7117063356567603,-0.06576492537313428,-0.06576492537313428,11.905236205720128,23.29184941926613,24.16504786416675,,0,,False,False,False,False,False,False,False,False,False,4825.T,2026-09-25,True,,2003.0,23.372229,3.7266433,85.7,537.481,88961015808.0,,1751868000.0,1752213600.0,True,,,True,1751868000.0,2025-07-07,-319.0
6,True,41.07142857142856,False,True,False,True,0.490654699755809,4815.0,4815.0,391859250.0,391.85925,5040.0,0.9553571428571429,-0.15754900966144403,0.05168892723361029,58.78476759569972,1.2208674474703993,-0.024316109422492405,-0.044642857142857095,16.011107507374874,20.36300620409623,19.486449809418126,,0,,False,False,False,False,False,False,False,False,False,4928.T,2026-09-25,True,,4815.0,20.284788,3.2237353,237.37,1493.609,164462149632.0,1794292200.0,1794292200.0,1794292200.0,True,,,True,1794292200.0,2026-11-10,32.0
6,True,59.03954802259887,True,False,True,True,0.37730844062339086,2115.0,2115.0,390713695.0,390.713695,2200.0,0.9613636363636363,-0.33685609007470607,0.0993703686365861,45.24596455950579,2.139289104468359,-0.019925857275254866,-0.03863636363636369,11.789302751291867,30.216892185202067,22.589555632691493,,0,,False,False,False,False,False,False,False,False,False,7199.T,2026-09-25,True,,2115.0,13.476487,3.1987731,156.94,661.191,81928183808.0,1794292200.0,1794292200.0,1794292200.0,True,,,True,1794292200.0,2026-11-10,32.0
6,True,44.69135802469136,False,False,True,True,0.5294251906019163,1846.0,1846.0,389016710.0,389.01671,2053.0,0.899171943497321,-0.33973591237830514,0.1484188201275689,64.2394810056419,3.4799285485179796,-0.07236180904522616,-0.10082805650267901,11.53299545550784,22.815122539830487,22.61297372900092,,1,cross_sma25_down,False,True,False,False,False,False,False,False,False,3663.T,2026-09-25,True,,1846.0,23.850128,10.070922,77.4,183.3,54768549888.0,,1753941600.0,1754287200.0,True,,,True,1753941600.0,2025-07-31,-301.0
6,True,51.35135135135135,False,False,False,False,0.41174294238965803,1119.0,1119.0,384191755.0,384.191755,1145.9669189453125,0.976467977827727,-0.19020350006780107,0.09320122214970605,18.079212542826024,1.6156579573571066,-0.018421052631578894,-0.018421052631578894,25.42317026820217,31.459536174267466,19.076419199080714,,0,,False,False,False,False,False,False,False,False,False,7241.T,2026-09-25,True,,1119.0,6.2322474,0.71766055,179.55,1559.233,99930103808.0,,1753687200.0,1754032800.0,True,,,True,1753687200.0,2025-07-28,-304.0
6,True,47.368421052631575,False,False,True,True,0.4240407701874704,4200.0,4200.0,381248650.0,381.24865,4275.0,0.9824561403508771,-0.12816796519492368,0.08616118088313374,68.00620697391462,1.6191954041408243,-0.01754385964912286,-0.01754385964912286,22.341129932045707,25.366554752393323,19.181260479630467,,0,,False,False,False,False,False,False,False,False,False,9303.T,2026-09-25,True,,4200.0,18.158236,1.0137459,231.3,4143.05,317272391680.0,1786084200.0,1793860200.0,1793860200.0,True,,,True,1793860200.0,2026-11-05,29.0
6,True,44.444444444444436,False,False,True,True,0.2773810855247893,452.0,452.0,373429990.0,373.42999,468.0,0.9658119658119658,-0.26267392865766326,0.11323429421241693,6.862724641256737,1.5183019117824639,-0.03418803418803418,-0.03418803418803418,22.436820400681153,25.57526361463379,19.1612662164527,,1,cross_sma25_down,False,True,False,False,False,False,False,False,False,8897.T,2026-09-25,True,,452.0,13.025936,0.7277551,34.7,621.088,60395646976.0,,1754553600.0,1754985600.0,True,,,True,1754553600.0,2025-08-07,-296.0
6,True,54.219409282700425,True,False,True,True,0.46073786493456076,3055.0,3055.0,369510685.0,369.510685,3395.314453125,0.8997693857746285,-0.1838752968964008,0.035367685206948885,59.41085327157859,1.9447087813937347,-0.008116883116883078,-0.012924071082390909,12.192900207592784,23.604116432831887,14.670151012437332,,0,,False,False,False,False,False,False,False,False,False,6486.T,2026-09-25,True,,3055.0,14.0926285,1.0309312,216.78,2963.34,139612848128.0,,1753941600.0,1754287200.0,True,,,True,1753941600.0,2025-07-31,-301.0
6,True,47.56637168141594,False,False,True,True,0.3491366494215186,2381.0,2381.0,367952115.0,367.952115,2459.0,0.9682797885319235,-0.18047907237646865,0.2193531504474251,67.69057549206178,2.8429473117203603,-0.031720211468076465,-0.031720211468076465,20.447240090285813,26.299060564014493,20.482844085505015,,0,ext_dev200,False,False,False,False,False,True,False,False,False,2681.T,2026-09-25,True,,2381.0,10.924524,0.9405383,217.95,2531.529,94724448256.0,,1754287200.0,1754632800.0,True,,,True,1754287200.0,2025-08-04,-299.0
6,True,51.32743362831859,True,False,True,False,0.34172210132319175,3860.0,3860.0,365798475.0,365.798475,3985.0,0.9686323713927227,-0.2666079598055088,0.3071522891550804,132.34736973987538,3.428688335229932,-0.031367628607277265,-0.031367628607277265,31.30433301488053,32.66297090642741,18.090511821062965,,0,ext_dev200,False,False,False,False,False,True,False,False,False,3932.T,2026-09-25,True,,3860.0,9.851714,1.1952996,391.81,3229.316,55669956608.0,,1754546460.0,1754978460.0,True,,,True,1754546460.0,2025-08-07,-296.0
6,True,49.79338842975207,True,False,True,False,0.36395700903481226,2769.0,2769.0,361958670.0,361.95867,2977.3173828125,0.9300318521582289,-0.20757826181221106,0.04710168083338662,61.10225827760077,2.2066543256627216,-0.025686136523574987,-0.0365344467640919,16.674478049386625,25.68868221362613,22.826851758298297,,0,,False,False,False,False,False,False,False,False,False,5851.T,2026-09-25,True,,2769.0,8.255075,0.4691693,335.43,5901.921,87541858304.0,1793860200.0,1793860200.0,1793860200.0,True,,,True,1793860200.0,2026-11-05,29.0
6,True,54.09836065573771,True,False,True,True,0.49992869018694963,1448.0,1448.0,351583315.0,351.583315,1573.0086669921875,0.9205289394678152,-0.24348795720531768,0.0738267870093181,20.260799655081932,1.399226495516708,-0.005494505494505475,-0.009575923392612817,18.847489628145237,23.912345192683937,13.427318613262539,,0,,False,False,False,False,False,False,False,False,False,5451.T,2026-09-25,True,,1448.0,12.032575,1.051527,120.34,1377.045,207425323008.0,,1754550000.0,1754982000.0,True,,,True,1754550000.0,2025-08-07,-296.0
6,True,62.50000000000001,True,False,True,True,0.3933849666565372,1964.0,1964.0,340184515.0,340.184515,2266.39111328125,0.8665759358527256,-0.24691934296995088,0.07204764895441151,55.856078899912255,2.84399587066763,-0.08554695803508194,-0.13342406414727437,20.76778067553802,25.181250818301226,20.785404624024125,,1,trailing_stop,False,False,False,False,True,False,False,False,False,3093.T,2026-09-25,True,,1964.0,14.523405,3.4198868,135.23,574.288,46038532096.0,,1751954400.0,1752472800.0,True,,,True,1751954400.0,2025-07-08,-318.0
6,True,56.07476635514019,True,False,True,True,0.3264895226866928,4010.0,4010.0,334305150.0,334.30515,4375.53173828125,0.916460041854288,-0.17743702802192907,0.05647551085297442,67.28555157012873,1.677943929429644,-0.00496277915632759,-0.029055690072639195,16.95769630873917,25.30815480800418,20.01139543595102,,0,,False,False,False,False,False,False,False,False,False,6209.T,2026-09-25,True,,4010.0,7.7435555,0.6524521,517.85,6146.045,107888902144.0,,1747306740.0,1747306740.0,True,,,True,1747306740.0,2025-05-15,-356.0
6,True,48.63013698630137,True,False,True,False,0.3414875162650075,1602.0,1602.0,330545950.0,330.54595,1676.0,0.9558472553699284,-0.19157893413903015,0.18503825221157455,41.25819934341206,2.5754181862304657,-0.026139817629179385,-0.04415274463007157,22.77606282646368,28.89751180563505,20.029795161955963,,0,ext_dev200,False,False,False,False,False,True,False,False,False,7613.T,2026-09-25,True,,1602.0,19.266386,0.6863297,83.15,2334.155,75514519552.0,,1754546400.0,1754978400.0,True,,,True,1754546400.0,2025-08-07,-296.0
6,True,41.269841269841265,False,False,False,True,0.3637431143777403,1745.0,1745.0,329770355.0,329.770355,1881.0,0.9276980329611909,-0.16666670236233194,0.046350314805304604,24.39083431748519,1.3977555482799535,-0.031093836757356996,-0.07230196703880909,12.448785960411689,21.916794007612445,26.508944037976722,,0,,False,False,False,False,False,False,False,False,False,9882.T,2026-09-25,True,,1745.0,12.701994,1.191891,137.38,1464.06,146510217216.0,,1753768800.0,1754287200.0,True,,,True,1753768800.0,2025-07-29,-303.0
6,True,54.0,True,False,True,True,0.4267215686473921,5510.0,5510.0,328469600.0,328.4696,6590.0,0.8361153262518968,-0.23216995447647948,0.053210044680190194,174.14339891894676,3.1604972580571102,-0.05650684931506844,-0.16388467374810323,10.623487905182351,24.47053199241132,24.401392921475697,,0,,False,False,False,False,False,False,False,False,False,6474.T,2026-09-25,True,,5510.0,17.988312,0.6751554,306.31,8161.084,120097259520.0,,1752040800.0,1752472800.0,True,,,True,1752040800.0,2025-07-09,-317.0
6,True,56.666666666666664,True,False,True,True,0.454591740654796,2542.0,2542.0,319436027.5,319.4360275,2581.0,0.9848895776830686,-0.22437071621319782,0.10193026914295822,50.870074173785454,2.0011830910222446,-0.0031372549019608176,-0.015110422316931382,29.447898847893775,23.72289055011352,9.95728684520199,,0,,False,False,False,False,False,False,False,False,False,7476.T,2026-09-25,True,,2542.0,19.791342,2.4744887,128.44,1027.283,181299675136.0,1793341800.0,1793341800.0,1793341800.0,True,,,True,1793341800.0,2026-10-30,25.0
6,True,52.857142857142854,False,False,True,True,0.4244062938485951,5500.0,5500.0,318320550.0,318.32055,5690.0,0.9666080843585237,-0.16370670458579517,0.14746881840839898,109.1111360449891,1.9838388371816198,-0.014336917562724039,-0.033391915641476255,21.443499291260355,28.939265666161173,17.887553018722933,,0,,False,False,False,False,False,False,False,False,False,5480.T,2026-09-25,True,,5500.0,10.713102,0.74222416,513.39,7410.16,76195643392.0,,1753682400.0,1754028000.0,True,,,True,1753682400.0,2025-07-28,-304.0
6,True,67.71653543307087,True,True,False,True,0.3695158013213906,1103.0,1103.0,317317885.0,317.317885,1106.0,0.9972875226039783,-0.19229567842177075,0.14934270479337974,17.691048667875506,1.6039028710675889,0.0,-0.002712477396021651,20.612389144491143,35.20955626659017,16.476360515623384,,0,,False,False,False,False,False,False,False,False,False,9997.T,2026-09-25,True,,1103.0,9.193965,0.70324874,119.97,1568.435,106080583680.0,,1753768800.0,1754287200.0,True,,,True,1753768800.0,2025-07-29,-303.0
6,True,47.663551401869164,False,False,True,True,0.5483461499376996,4685.0,4685.0,311883300.0,311.8833,4865.0,0.9630010277492291,-0.24152106885919833,0.07295400153442722,85.72808757355408,1.8298417838538756,-0.014721345951629883,-0.014721345951629883,31.728720479279797,22.40354195628395,17.897026541042635,,0,,False,False,False,False,False,False,False,False,False,9699.T,2026-09-25,True,,4685.0,11.399304,0.8978797,410.99,5217.848,128962011136.0,,1753857000.0,1754289000.0,True,,,True,1753857000.0,2025-07-30,-302.0
6,True,71.30801687763713,True,False,False,True,0.2138180586150982,2300.0,2300.0,310905530.0,310.90553,2524.0,0.9112519809825673,-0.13589540412044376,0.0641129822591453,40.206354627287965,1.7481023750994769,0.0,-0.08874801901743268,11.623883072026958,19.87958630760973,14.910247592844444,,0,,False,False,False,False,False,False,False,False,False,3191.T,2026-09-25,True,,2300.0,15.393882,1.0964081,149.41,2097.759,138626678784.0,,1753941600.0,1754287200.0,True,,,True,1753941600.0,2025-07-31,-301.0
6,True,41.40127388535033,False,False,True,True,0.5321136785802,1877.0,1877.0,302431530.0,302.43153,1970.0,0.9527918781725888,-0.1709004643278179,0.11177154358592523,30.356061213742215,1.617264848894098,-0.04720812182741119,-0.04720812182741119,29.70241279117358,14.620189022243519,16.590610502182404,,1,di_bear,False,False,False,False,False,False,True,False,False,8706.T,2026-09-25,True,,1877.0,12.486694,1.1304246,150.32,1660.438,59122335744.0,,1753323900.0,1753669500.0,True,,,True,1753323900.0,2025-07-24,-306.0
6,True,48.507462686567166,False,False,True,True,0.33247104106978514,1246.0,1246.0,298091075.0,298.091075,1505.0,0.827906976744186,-0.2637873754152824,0.08284296361081367,21.376736731123685,1.7156289511335223,-0.024275646045418986,-0.026562500000000044,13.511949304542117,24.437050481804768,18.508396282104993,,0,,False,False,False,False,False,False,False,False,False,3608.T,2026-09-25,True,,1246.0,20.598446,0.75465935,60.49,1651.076,70985072640.0,,1752127200.0,1752472800.0,True,,,True,1752127200.0,2025-07-10,-316.0
6,True,54.36241610738256,False,False,True,False,0.5600315721134066,932.0,932.0,291776295.0,291.776295,949.0,0.982086406743941,-0.21281216069489683,0.14340775276495243,22.84976551339598,2.4516915786905558,-0.017913593256059013,-0.017913593256059013,51.58360141156534,28.295247323394456,11.780539377344684,,1,macd_sell_like,False,False,True,False,False,False,False,False,False,9534.T,2026-09-25,True,,932.0,7.1659236,0.8324283,130.06,1119.616,82327560192.0,,1753768800.0,1754287200.0,True,,,True,1753768800.0,2025-07-29,-303.0
6,True,51.552795031055894,False,False,True,False,0.6437447152965501,1690.0,1690.0,281033005.0,281.033005,1791.0,0.943606923506421,-0.29637915258518777,0.1907595914185165,44.69919742276408,2.64492292442391,-0.05639307649357905,-0.05639307649357905,23.343896745736988,30.469242304487814,24.075962250953804,,0,ext_dev200,False,False,False,False,False,True,False,False,False,9889.T,2026-09-25,True,,1690.0,19.770706,4.1657014,85.48,405.694,101955739648.0,,1753756200.0,1754274600.0,True,,,True,1753756200.0,2025-07-29,-303.0
6,True,50.515463917525764,False,False,True,True,0.5796536935055332,4120.0,4120.0,279939050.0,279.93905,4276.00537109375,0.9635160956185035,-0.25863361536522433,0.0784201473948376,71.5010103148971,1.735461415410124,-0.015531660692950977,-0.015531660692950977,21.858940267569118,20.68545423815423,15.358746101742721,,1,macd_sell_like,False,False,True,False,False,False,False,False,False,9746.T,2026-09-25,True,,4120.0,15.330804,1.8462049,268.74,2231.605,201892691968.0,1794378600.0,1794378600.0,1794378600.0,True,,,True,1794378600.0,2026-11-11,33.0
6,True,35.930735930735935,False,False,True,True,0.4108122365134703,2263.0,2263.0,278594180.0,278.59418,2421.8271484375,0.9344184623002632,-0.14730289347255054,0.010474932014361338,35.551428270960244,1.570986666856396,-0.04110169491525428,-0.06558153769973685,12.758938941104653,14.278929837950546,21.48235054899791,,1,macd_sell_like,False,False,True,False,False,False,False,False,False,8200.T,2026-09-25,True,,2263.0,33.984085,3.8187196,66.59,592.607,58644291584.0,,1752129000.0,1752474600.0,True,,,True,1752129000.0,2025-07-10,-316.0
6,True,62.012987012987004,True,False,True,False,0.4624134425689686,1382.0,1382.0,269984075.0,269.984075,1718.522705078125,0.8041790753862478,-0.3861006334786603,0.14436023898610184,35.89105023084351,2.5970369197426564,-0.000723065798987732,-0.000723065798987732,22.96068826807939,30.252770885631758,17.75291272348812,,0,,False,False,False,False,False,False,False,False,False,7280.T,2026-09-25,True,,1382.0,5.7549763,0.51021445,240.14,2708.665,63549358080.0,,1754373600.0,1754892000.0,True,,,True,1754373600.0,2025-08-05,-298.0
6,True,50.86505190311419,True,False,True,False,0.3080578060299855,4195.0,4195.0,264717300.0,264.7173,4195.0,1.0,-0.21655716162943495,0.30082846044714007,167.02761069471143,3.981587859230308,0.0,0.0,20.602063862539758,30.728249617364284,16.129444790509616,,0,ext_dev200,False,False,False,False,False,True,False,False,False,4972.T,2026-09-25,True,,4195.0,17.186987,1.6487842,244.08,2544.299,69616959488.0,,1747290780.0,1747290780.0,True,,,True,1747290780.0,2025-05-15,-356.0
6,True,62.5,True,False,True,True,0.44039085516119447,4075.0,4075.0,249510400.0,249.5104,4700.0,0.8670212765957447,-0.2306717729629021,0.11044151962343896,122.9958081404414,3.0183020402562306,0.0,-0.06105990783410142,10.692816187493726,25.51170310375999,21.52719044606238,,0,,False,False,False,False,False,False,False,False,False,6859.T,2026-09-25,True,,4075.0,14.987678,1.4399807,271.89,2829.899,85168414720.0,,1754463600.0,1754982000.0,True,,,True,1754463600.0,2025-08-06,-297.0
6,True,42.30769230769231,False,False,True,True,0.6189594298543386,529.0,529.0,242932735.0,242.932735,560.494140625,0.9438100448474247,-0.22746739240276959,0.05999341193917873,8.227079717268841,1.5552135571396677,-0.025782688766114226,-0.025782688766114226,30.447230107635953,21.940120622623674,16.977349804332366,,0,,False,False,False,False,False,False,False,False,False,7593.T,2026-09-25,True,,529.0,12.746988,0.8669644,41.5,610.175,60019449856.0,,1754550000.0,1754895600.0,True,,,True,1754550000.0,2025-08-07,-296.0
6,True,54.798761609907125,True,False,False,False,0.35575540905244374,2448.0,2448.0,237570905.0,237.570905,2679.690673828125,0.9135382766037176,-0.20522251568032945,0.050873167533515895,44.49494544752348,1.8176039806994886,-0.0008163265306122547,-0.0008163265306122547,13.67882057710287,21.15975151830295,21.059099049426187,,0,,False,False,False,False,False,False,False,False,False,9830.T,2026-09-25,True,,2448.0,9.880928,0.83499277,247.75,2931.762,161404518400.0,1793341800.0,1793341800.0,1793341800.0,True,,,True,1793341800.0,2026-10-30,25.0
6,True,50.54945054945055,False,False,True,True,0.5186681649194208,3350.0,3350.0,236895875.0,236.895875,3675.0,0.9115646258503401,-0.37188938815249284,0.09966811939060771,75.47190458581304,2.252892674203374,-0.06293706293706292,-0.08843537414965985,16.58056635460537,25.13295176947159,21.017277474050065,,1,macd_sell_like,False,False,True,False,False,False,False,False,False,9828.T,2026-09-25,True,,3350.0,16.952583,2.9780715,197.61,1124.889,59159412736.0,,1753689600.0,1754035200.0,True,,,True,1753689600.0,2025-07-28,-304.0
6,True,46.09375,False,False,True,False,0.3522222278965923,890.0,890.0,235635930.0,235.63593,963.0,0.9241952232606438,-0.26116293984043826,0.13271433039256375,27.510157956710422,3.0910289839000473,-0.07001044932079414,-0.07580477673935615,19.883504071937963,29.295779990349352,24.47508471232557,,1,macd_sell_like,False,False,True,False,False,False,False,False,False,6071.T,2026-09-25,True,,890.0,15.190306,3.061765,58.59,290.682,33752887296.0,,1754548200.0,1754980200.0,True,,,True,1754548200.0,2025-08-07,-296.0
6,True,51.31578947368422,False,False,True,True,0.512106529996336,6450.0,6450.0,235169550.0,235.16955,6530.0,0.9877488514548239,-0.20175254848695445,0.12190499774368613,142.64449008474008,2.211542481933955,-0.01225114854517606,-0.01225114854517606,40.22926664391436,25.387670915653242,14.143593008839392,,0,,False,False,False,False,False,False,False,False,False,8074.T,2026-09-25,True,,6450.0,11.326122,1.1056764,569.48,5833.533,135823507456.0,,1754542800.0,1754888400.0,True,,,True,1754542800.0,2025-08-07,-296.0
6,True,54.76190476190476,False,False,False,True,0.49793774137849256,6850.0,6850.0,227336750.0,227.33675,6950.0,0.9856115107913669,-0.17410071942446048,0.0770864775771316,115.70825703371317,1.6891716355286592,-0.0029112081513827937,-0.0029112081513827937,31.066642613608128,20.990278081625284,10.56002999172884,,1,macd_sell_like,False,False,True,False,False,False,False,False,False,9869.T,2026-09-25,True,,6850.0,14.128372,1.1966769,484.84,5724.185,206747467776.0,1786084200.0,1794378600.0,1794378600.0,True,,,True,1794378600.0,2026-11-11,33.0
6,True,46.55172413793103,False,False,True,False,0.30354398031707525,1113.0,1113.0,226059885.0,226.059885,1162.0,0.9578313253012049,-0.12288133342736518,0.20035551271192897,20.811891910789953,1.8698914564950542,-0.04216867469879515,-0.04216867469879515,20.192055998892823,28.115460787331966,24.147494106238234,,0,ext_dev200,False,False,False,False,False,True,False,False,False,4246.T,2026-09-25,True,,1113.0,8.76033,0.8197693,127.05,1357.699,71403356160.0,,1754463600.0,1754895600.0,True,,,True,1754463600.0,2025-08-06,-297.0
6,True,35.06493506493507,False,False,True,True,0.412925316966838,3210.0,3210.0,222408100.0,222.4081,3486.11181640625,0.9207966264573558,-0.23499027476392687,0.03431542916041974,56.86633317214516,1.7715368589453322,-0.06277372262773717,-0.06277372262773717,15.227724061724107,20.605214051117056,31.841159163622105,,0,,False,False,False,False,False,False,False,False,False,4481.T,2026-09-25,True,,3210.0,14.496026,3.8409536,221.44,835.73,58259554304.0,,1754978400.0,1755496800.0,True,,,True,1754978400.0,2025-08-12,-293.0
6,True,49.074074074074076,False,True,False,True,0.4602868884728316,1983.0,1983.0,218314950.0,218.31495,2184.977294921875,0.9075609181883527,-0.21678002097731686,0.03470974910455049,40.00069400041948,2.0171807362793484,-0.03924418604651159,-0.05164992826398851,12.669612762613628,21.032091281107935,22.979964526753083,,0,,False,False,False,False,False,False,False,False,False,7821.T,2026-09-25,True,,1983.0,13.89726,1.7359363,142.69,1142.323,132238409728.0,,1754546400.0,1754978400.0,True,,,True,1754546400.0,2025-08-07,-296.0
6,True,38.658146964856236,False,False,True,True,0.5509917363987684,1984.0,1984.0,216576645.0,216.576645,2188.709228515625,0.9064703406699399,-0.24567412679129497,0.06421478595628782,36.42575461958258,1.8359755352612184,-0.04154589371980677,-0.04154589371980677,25.48001535162161,17.333825068867224,24.96530935744282,,1,di_bear,False,False,False,False,False,False,True,False,False,6309.T,2026-09-25,True,,1984.0,14.576446,1.3374157,136.11,1483.458,58312667136.0,,1749711600.0,1749711600.0,True,,,True,1749711600.0,2025-06-12,-336.0
6,True,38.554216867469876,False,False,False,True,0.20689572518072763,3310.0,3310.0,215603425.0,215.603425,3525.0,0.9390070921985816,-0.1146853072164018,0.010701415962807825,47.81882082389988,1.4446773662809629,-0.03918722786647311,-0.06099290780141842,12.546245004048902,16.725940999117377,23.457126258627696,,0,,False,False,False,False,False,False,False,False,False,3148.T,2026-09-25,True,,3310.0,12.604242,1.3856498,262.61,2388.771,213833498624.0,,1751846400.0,1752192000.0,True,,,True,1751846400.0,2025-07-07,-319.0
6,True,63.013698630136986,True,True,False,False,0.48335845233206187,5930.0,5930.0,210992700.0,210.9927,6680.0,0.8877245508982036,-0.22580639286550885,0.12709330859330548,179.09559226935596,3.0201617583365254,0.0,-0.06170886075949367,20.459821445423035,37.343798556685456,19.122884440801787,,0,,False,False,False,False,False,False,False,False,False,6877.T,2026-09-25,True,,5930.0,13.18481,1.1101797,449.76,5341.478,85474942976.0,,1754380800.0,1754380800.0,True,,,True,1754380800.0,2025-08-05,-298.0
6,True,58.36431226765799,True,True,False,False,0.3333031749524137,2398.0,2398.0,202451815.0,202.451815,2398.0,1.0,-0.12899103864950867,0.11376080576586034,36.474948367626446,1.5210570628701605,0.0,0.0,21.958785868834596,27.16928838939446,15.670633152032892,,0,,False,False,False,False,False,False,False,False,False,7239.T,2026-09-25,True,,2398.0,8.849035,0.75991094,270.99,3155.633,82300624896.0,,1754373600.0,1754978400.0,True,,,True,1754373600.0,2025-08-05,-298.0
6,True,45.348837209302324,False,True,False,False,0.39669387279155494,600.0,600.0,202211965.0,202.211965,623.0,0.9630818619582665,-0.151280636578757,0.09161916426900918,11.514283408214169,1.9190472347023615,-0.036918138041733495,-0.036918138041733495,34.13281151631981,25.35414754763561,11.588202889788102,,2,macd_sell_like;vol_distribution,False,False,True,False,False,False,False,True,False,3232.T,2026-09-25,True,,600.0,9.754512,0.8243672,61.51,727.831,60458848256.0,,1754375400.0,1754980200.0,True,,,True,1754375400.0,2025-08-05,-298.0
6,True,53.33333333333333,True,False,True,True,0.6274066714849953,1568.0,1568.0,200094165.0,200.094165,1740.0,0.9011494252873563,-0.14655172413793105,0.15475292682927866,3.8080682277817455,0.24286149411873376,-0.0006373486297004405,-0.03329223181257701,9.711068216819868,13.725895258642574,18.956382845462848,,0,,False,False,False,False,False,False,False,False,False,8141.T,2026-09-25,True,,1568.0,40.537746,0.8364576,38.68,1874.572,44766244864.0,,1753770600.0,1754289000.0,True,,,True,1753770600.0,2025-07-29,-303.0
6,True,44.392523364485974,False,False,True,True,0.37590179521604467,2105.0,2105.0,200005330.0,200.00533,2164.0,0.972735674676525,-0.08881044908711122,0.1347259896537054,33.518196097029936,1.5923133537781444,-0.027264325323475003,-0.027264325323475003,14.77100010631128,21.38810325001223,22.125614383307717,,0,,False,False,False,False,False,False,False,False,False,8008.T,2026-09-25,True,,2105.0,25.179426,1.1263424,83.6,1868.881,45204410368.0,,1752040800.0,1752472800.0,True,,,True,1752040800.0,2025-07-09,-317.0
