score,gc_multi,rsi,macd_buy_like,vol_surge,vol_quiet,vol_down,hurst,close,close_adj,adv20,adv20_m,hh252,pct_of_52w_high,max_dd_252,dev200,atr14,natr14,pullback_20d,pullback_60d,adx14,plus_di14,minus_di14,skip_reason,sell_score,sell_reason,sell_trend_break,sell_cross_sma25_down,sell_macd_sell_like,sell_rsi_reversal,sell_trailing_stop,sell_ext_dev200,sell_di_bear,sell_vol_distribution,sell_natr_spike,ticker,price_date,bar_is_current,skip_reason_yahoo,mkt_price,pe_ttm,pbr,eps_ttm,bps,market_cap,earn_ts,earn_start_ts,earn_end_ts,market_risk_on,market_close,market_ma200,fund_ok,earn_ts_pick,next_earn_date,days_to_earnings
8,True,51.118210862619804,True,False,True,True,0.3994029992190765,1977.0,1977.0,336847325.0,336.847325,2266.39111328125,0.8723119272814861,-0.24691934296995088,0.08013894274267042,55.99885419990551,2.83251665148738,-0.07949406111779889,-0.1276880727185139,21.629677688342397,24.439185558450234,22.32721068929509,,0,,False,False,False,False,False,False,False,False,False,3093.T,2026-09-24,True,,1977.0,14.605496,3.4425235,135.36,574.288,46343266304.0,,1751954400.0,1752472800.0,True,,,True,1751954400.0,2025-07-08,-317.0
7,True,38.25757575757576,True,False,True,True,0.3536736909994735,4564.0,4564.0,13554796335.0,13554.796335,4836.39306640625,0.943678468092616,-0.1874619444674689,0.03255268661682642,79.87958866535392,1.750210093456484,-0.03915789473684206,-0.03915789473684206,19.1747192483385,26.87859964849463,21.60732695527225,,0,,False,False,False,False,False,False,False,False,False,7751.T,2026-09-24,True,,4564.0,11.54391,1.1126733,395.36,4101.833,3809615020032.0,1785133800.0,1792996200.0,1792996200.0,True,,,True,1792996200.0,2026-10-26,22.0
7,True,47.12643678160919,True,False,True,True,0.3699113650316232,3012.0,3012.0,6743275077.5,6743.2750775,3328.84814453125,0.9048174831730371,-0.21849844539354046,0.015085011254718284,46.68979996566296,1.5501261608785841,-0.021124471888202767,-0.0648866811549208,19.806691506334673,17.967812526965815,20.704605246794355,,0,,False,False,False,False,False,False,False,False,False,9202.T,2026-09-24,True,,3012.0,9.379964,0.9397675,321.11,3205.048,1293327925248.0,1793255400.0,1793255400.0,1793255400.0,True,,,True,1793255400.0,2026-10-29,25.0
7,True,55.912508544087494,True,False,True,True,0.32737754306917655,4759.0,4759.0,4347317125.0,4347.317125,5820.0,0.8176975945017182,-0.2701030927835052,0.03538804029330267,176.25437997401426,3.703601176171764,0.0,-0.1823024054982818,20.315744197411714,25.037481961012766,24.809243658291358,,0,,False,False,False,False,False,False,False,False,False,6268.T,2026-09-24,True,,4759.0,28.073383,1.9574044,169.52,2431.281,553241214976.0,1793341800.0,1793341800.0,1793341800.0,True,,,True,1793341800.0,2026-10-30,26.0
7,True,41.834451901566,True,False,False,True,0.34810283844362355,1164.0,1164.0,3401966877.5,3401.9668775,1269.5,0.9168964159117763,-0.2744889617310172,0.09471920478624374,27.884846575307314,2.3956053758855083,-0.03682250724038061,-0.08310358408822371,21.084495225540035,24.149011711119183,25.728166055921164,,1,di_bear,False,False,False,False,False,False,True,False,False,4612.T,2026-09-24,True,,1164.0,18.496742,1.3486161,62.93,863.107,2699852251136.0,1794378600.0,1794378600.0,1794378600.0,True,,,True,1794378600.0,2026-11-11,34.0
7,True,38.8098318240621,True,False,True,False,0.2417996961285913,1659.0,1659.0,3182083815.0,3182.083815,1745.5,0.9504439988541965,-0.29087044538898965,0.1437804500540869,39.40862113834795,2.3754443121367057,-0.0495560011458035,-0.0495560011458035,21.76197584060227,29.931553880949636,22.348911279679168,,0,,False,False,False,False,False,False,False,False,False,7752.T,2026-09-24,True,,1659.0,16.990988,0.7946815,97.64,2087.629,928518766592.0,1785738600.0,1793860200.0,1793860200.0,True,,,True,1793860200.0,2026-11-05,30.0
7,True,41.03072348860258,True,False,True,False,0.3747905124413705,2095.5,2095.5,2688613635.0,2688.613635,2216.0,0.9456227436823105,-0.2442996599499878,0.09107808388172511,62.55638649372865,2.985272559948874,-0.053095345684591067,-0.054377256317689526,14.091954341909528,24.629957851793776,23.102833491597945,,0,,False,False,False,False,False,False,False,False,False,6473.T,2026-09-24,True,,2095.5,55.583553,0.8242008,37.7,2542.463,667064401920.0,1793255400.0,1793255400.0,1793255400.0,True,,,True,1793255400.0,2026-10-29,25.0
7,True,54.3661971830986,False,True,False,True,0.37802042845230766,3520.0,3520.0,2395022625.0,2395.022625,3649.0,0.9646478487256782,-0.21299629568581868,0.057070988789055255,52.569207471632666,1.4934433940804734,-0.017857142857142905,-0.03508771929824561,23.189647972591903,26.667373376852684,17.739187867280403,,1,vol_distribution,False,False,False,False,False,False,False,True,False,9041.T,2026-09-24,True,,3520.0,12.451362,1.0771945,282.7,3267.748,669322117120.0,1794551400.0,1794551400.0,1794551400.0,True,,,True,1794551400.0,2026-11-13,36.0
7,True,40.31914893617022,True,False,False,True,0.3701041665622349,2667.0,2667.0,2103614800.0,2103.6148,2909.5,0.916652345763877,-0.1543220484619351,0.03942979503372723,52.2454336275528,1.9589588911718334,-0.032994923857868064,-0.032994923857868064,15.31556257754228,20.78780449270693,22.966590381774044,,0,,False,False,False,False,False,False,False,False,False,7276.T,2026-09-24,True,,2667.0,44.23619,1.1202695,60.29,2380.677,686724874240.0,1785306600.0,1793169000.0,1793169000.0,True,,,True,1793169000.0,2026-10-28,24.0
7,True,35.65891472868218,False,False,True,True,0.4804229414021865,2027.5,2027.5,2008258625.0,2008.258625,2155.5,0.9406170262120158,-0.15943189067763042,0.1394089328303274,45.87792781532881,2.2627831228275617,-0.05653792461610052,-0.05938297378798418,21.943162147072123,24.323361668151378,22.03872008133478,,0,,False,False,False,False,False,False,False,False,False,7956.T,2026-09-24,True,,2027.5,26.461758,2.8346179,76.62,715.264,242189647872.0,1785997800.0,1793860200.0,1793860200.0,True,,,True,1793860200.0,2026-11-05,30.0
7,True,41.558441558441565,False,True,False,True,0.4064711829263385,82600.0,82600.0,1982954885.0,1982.954885,87000.0,0.9494252873563218,-0.1448275862068965,0.02631955625117799,1153.0040639131596,1.3958886972314282,-0.024793388429752095,-0.024793388429752095,20.516323656457075,18.410455795479976,17.199618725409145,,2,macd_sell_like;vol_distribution,False,False,True,False,False,False,False,True,False,8985.T,2026-09-24,True,,82600.0,16.78657,1.4248928,4920.6,57969.273,487670906880.0,1787725800.0,1787725800.0,1787725800.0,True,,,True,1787725800.0,2026-08-26,-21.0
7,True,46.0559796437659,True,False,True,True,0.39631222456871296,12485.0,12485.0,1910885225.0,1910.885225,13745.0,0.9083303019279738,-0.14114223353946886,0.04611915001103983,292.750061720726,2.3448142708908772,-0.012262658227848111,-0.09166969807202618,15.861340839949191,21.396908493457765,19.75434955513564,,0,,False,False,False,False,False,False,False,False,False,5444.T,2026-09-24,True,,12485.0,12.181319,1.3641205,1024.93,9152.417,746008805376.0,1793601000.0,1793601000.0,1793601000.0,True,,,True,1793601000.0,2026-11-02,27.0
7,True,52.42615245943858,False,True,False,True,0.29914530836875713,791.0,791.0,1785530731.5274048,1785.530731527405,840.7999877929688,0.9407707082350351,-0.1374201646903792,0.017887895246961882,15.503912127162915,1.9600394598183204,-0.02237050566319665,-0.05922929176496494,15.652603096526994,17.662281735388046,24.43164151989021,,1,macd_sell_like,False,False,True,False,False,False,False,False,False,9008.T,2026-09-24,True,,791.0,10.840071,1.0070057,72.97,785.497,457896558592.0,1794292200.0,1794292200.0,1794292200.0,True,,,True,1794292200.0,2026-11-10,33.0
7,True,42.14285714285714,True,False,True,True,0.43259105790129077,4186.0,4186.0,1741595860.0,1741.59586,4755.0703125,0.8803234705059895,-0.3091436936559495,0.04236983379832426,105.44694764826234,2.5190384053574375,-0.030569708198239898,-0.03392568659127626,9.84195035221502,22.69628589165765,21.316608452366577,,0,,False,False,False,False,False,False,False,False,False,5233.T,2026-09-24,True,,4186.0,18.376575,0.6766846,227.79,6186.043,456119877632.0,1794292200.0,1794292200.0,1794292200.0,True,,,True,1794292200.0,2026-11-10,33.0
7,True,41.02964118564743,True,False,True,False,0.4676686591998491,3574.0,3574.0,1715906640.0,1715.90664,3787.0,0.9437549511486665,-0.14924240356084428,0.09465341867921273,76.1353621473368,2.130256355549435,-0.03117375982651127,-0.03117375982651127,12.702063207733975,25.133796555671378,20.88107953778116,,0,,False,False,False,False,False,False,False,False,False,6923.T,2026-09-24,True,,3574.0,14.869363,0.95319194,240.36,3749.507,439996219392.0,1792996200.0,1792996200.0,1792996200.0,True,,,True,1792996200.0,2026-10-26,22.0
7,True,50.77922077922078,True,False,True,True,0.27334251182376307,2706.0,2706.0,1527368625.0,1527.368625,3021.24755859375,0.895656495378193,-0.25622119338439087,0.0321110026975866,52.956762481940316,1.9570126563909946,-0.02119278776533373,-0.0696190657742417,11.776034957393895,23.186166297627643,21.412760217507472,,0,,False,False,False,False,False,False,False,False,False,2670.T,2026-09-24,True,,2706.0,14.465173,1.6694883,187.07,1620.856,670050615296.0,1791354600.0,1791354600.0,1791354600.0,True,,,True,1791354600.0,2026-10-07,9.0
7,True,54.1871921182266,True,False,False,True,0.3760108299674793,1555.0,1555.0,1380114310.0,1380.11431,1637.0,0.9499083689676237,-0.1552023779559647,0.10583833250573793,27.169662307985753,1.7472451645006917,-0.005754475703324768,-0.05009163103237635,10.264234428970893,20.846879548619867,18.850301192718405,,0,,False,False,False,False,False,False,False,False,False,9301.T,2026-09-24,True,,1555.0,9.977542,1.3952607,155.85,1114.487,526583300096.0,1793341800.0,1793341800.0,1793341800.0,True,,,True,1793341800.0,2026-10-30,26.0
7,True,40.67164179104478,False,False,True,True,0.40189771224598786,3656.0,3656.0,1296801115.0,1296.801115,3897.0,0.9381575570952014,-0.32878226838946345,0.08442753695494187,81.91001925242678,2.2404272224405575,-0.026624068157614533,-0.04567997911772381,9.08680824451897,20.401170801841868,21.109772911013014,,0,,False,False,False,False,False,False,False,False,False,9468.T,2026-09-24,True,,3656.0,457.0,2.2478902,8.0,1626.414,537306529792.0,1786602600.0,1793860200.0,1793860200.0,True,,,True,1793860200.0,2026-11-05,30.0
7,True,37.93103448275862,True,False,True,False,0.5376769960384249,1508.5,1508.5,1172910267.5,1172.9102675,1633.5,0.9234771962044689,-0.13341737669479126,0.03972416519812527,29.233948616426172,1.9379482012877807,-0.0379464285714286,-0.07539074471345386,15.188123546707079,23.062175836426157,16.545306617069198,,0,,False,False,False,False,False,False,False,False,False,1860.T,2026-09-24,True,,1508.5,12.234387,0.92774194,123.3,1625.991,446576066560.0,1794551400.0,1794551400.0,1794551400.0,True,,,True,1794551400.0,2026-11-13,36.0
7,True,47.05882352941176,True,False,False,True,0.178493606413698,3201.0,3201.0,1128550850.0,1128.55085,3478.355224609375,0.9202625359689873,-0.28447228010705383,0.013052618646143932,69.31859193401667,2.165529270041133,-0.011732016054337713,-0.019902020820575572,12.0709046408423,27.564670161445946,24.245476955037574,,0,,False,False,False,False,False,False,False,False,False,6005.T,2026-09-24,True,,3201.0,13.406769,1.5078714,238.76,2122.86,370513707008.0,1794465000.0,1794465000.0,1794465000.0,True,,,True,1794465000.0,2026-11-12,35.0
7,True,47.89473684210526,True,False,True,True,0.3601554560263523,1178.0,1178.0,1069903030.0,1069.90303,1272.5,0.9257367387033398,-0.1311012505042356,0.05205296725383568,26.52328199822894,2.251551952311455,-0.006745362563237767,-0.07426326129666017,17.016251398689835,22.56166795734776,21.838508216543623,,0,,False,False,False,False,False,False,False,False,False,8012.T,2026-09-24,True,,1178.0,14.941654,1.0750754,78.84,1095.737,481006813184.0,1793946600.0,1793946600.0,1793946600.0,True,,,True,1793946600.0,2026-11-06,31.0
7,True,40.29126213592233,True,False,True,True,0.28923204381137846,2740.0,2740.0,988443120.0,988.44312,2827.0,0.9692253272019808,-0.10118579396351013,0.08194562146998186,46.824339186853926,1.7089174885713112,-0.028368794326241176,-0.030774672798019154,16.117981916223926,23.90622668844497,21.85085466390813,,1,cross_sma25_down,False,True,False,False,False,False,False,False,False,9076.T,2026-09-24,True,,2740.0,18.848455,0.9692099,145.37,2827.045,445557374976.0,1785997800.0,1794465000.0,1794465000.0,True,,,True,1794465000.0,2026-11-12,35.0
7,True,41.580756013745706,True,False,True,True,0.22599483201370407,1354.0,1354.0,975531305.0,975.531305,1573.8748779296875,0.8602971042914693,-0.20514647158890087,0.09108400332528688,34.533100906215985,2.5504505839155085,-0.07513661202185795,-0.09793471019320454,24.783231547664595,25.40497699864031,27.517072983958794,,1,di_bear,False,False,False,False,False,False,True,False,False,3964.T,2026-09-24,True,,1354.0,17.534317,4.145985,77.22,326.581,122835746816.0,,1754460000.0,1754892000.0,True,,,True,1754460000.0,2025-08-06,-296.0
7,True,51.515151515151516,True,False,True,True,0.47884270241498644,1282.0,1282.0,796465500.0,796.4655,1581.0,0.8108791903858318,-0.22505461236258084,0.0306319644479085,23.104321053860026,1.8022091305663048,-0.010038610038610063,-0.12251882272416148,21.168809614867552,23.880988992788552,17.525143240277266,,0,,False,False,False,False,False,False,False,False,False,7419.T,2026-09-24,True,,1282.0,10.240435,1.4541099,125.19,881.639,375402987520.0,1793255400.0,1793255400.0,1793255400.0,True,,,True,1793255400.0,2026-10-29,25.0
7,True,42.6791277258567,False,True,False,True,0.4723214159320465,3075.0,3075.0,779865260.0,779.86526,3245.0,0.9476117103235747,-0.15780525502318388,0.042452827442179375,58.73718223544513,1.9101522678193539,-0.02349952365830421,-0.05238828967642528,20.93679173436109,17.44626685376136,14.465552912389187,,2,macd_sell_like;vol_distribution,False,False,True,False,False,False,False,True,False,9031.T,2026-09-24,True,,3075.0,7.2725983,0.7972774,422.82,3856.876,232287567872.0,1793946600.0,1793946600.0,1793946600.0,True,,,True,1793946600.0,2026-11-06,31.0
7,True,48.99713467048711,True,False,True,True,0.38475748694417616,1383.0,1383.0,707459492.5,707.4594925,1428.5,0.968148407420371,-0.13633144160549904,0.05648518143782666,23.093122412191043,1.6697847008091862,-0.012142857142857122,-0.031851592579628996,13.992314541115807,22.15021550395879,20.250890396889353,,0,,False,False,False,False,False,False,False,False,False,4927.T,2026-09-24,True,,1383.0,26.95381,1.8918486,51.31,731.031,306034704384.0,1794205800.0,1794205800.0,1794205800.0,True,,,True,1794205800.0,2026-11-09,32.0
7,True,54.35897435897436,False,False,True,True,0.5008292275767985,2441.5,2441.5,627442752.5,627.4427525,2748.146728515625,0.8884169009850299,-0.2786047486369765,0.017107279242050577,50.145044297160034,2.0538621461052644,-0.01908396946564883,-0.05514705882352944,21.247056954072285,23.266419518935244,12.961847586613533,,0,,False,False,False,False,False,False,False,False,False,3360.T,2026-09-24,True,,2441.5,16.946623,1.5240048,144.07,1602.029,222700519424.0,1794292200.0,1794292200.0,1794292200.0,True,,,True,1794292200.0,2026-11-10,33.0
7,True,40.74074074074074,False,False,True,False,0.4019473728906245,261.0,261.0,536786450.0,536.78645,292.8246154785156,0.8913185101378522,-0.22772276402234137,0.01758745644244475,6.698053273315682,2.5663039361362765,-0.04395604395604391,-0.04395604395604391,21.756038953781136,24.693356603680183,20.54893956057012,,1,macd_sell_like,False,False,True,False,False,False,False,False,False,2353.T,2026-09-24,True,,261.0,14.30137,3.948324,18.25,66.104,80906018816.0,,1749191400.0,1749191400.0,True,,,True,1749191400.0,2025-06-06,-339.0
7,True,40.49217002237136,True,False,True,True,0.5620388257677857,2644.0,2644.0,487227820.0,487.22782,2809.0,0.9412602349590602,-0.259189100162731,0.12617226256680758,59.49053504012933,2.250020236010943,-0.054025044722719184,-0.058739765040939806,18.41782446951431,25.88074493199143,22.032254239168914,,0,,False,False,False,False,False,False,False,False,False,9010.T,2026-09-24,True,,2644.0,3.9337041,3.357392,672.14,787.516,141057425408.0,,1754373600.0,1754892000.0,True,,,True,1754373600.0,2025-08-05,-297.0
7,True,42.55874673629243,True,True,False,True,0.30199108943161274,2482.0,2482.0,486520600.0,486.5206,2554.0,0.9718089271730619,-0.14291988735389083,0.10804932119282529,45.955939841554105,1.851568889667772,-0.028191072826938113,-0.028191072826938113,12.73434068892985,22.22243276904308,18.32807554409614,,1,vol_distribution,False,False,False,False,False,False,False,True,False,8511.T,2026-09-24,True,,2482.0,19.11289,1.4285048,129.86,1737.481,200459452416.0,,1753941600.0,1754287200.0,True,,,True,1753941600.0,2025-07-31,-300.0
7,True,50.434782608695656,False,False,False,False,0.46694391495134213,3895.0,3895.0,483262100.0,483.2621,4239.23388671875,0.9187980904292135,-0.12955970380390303,0.027831692226676363,67.00630806566183,1.7203159965510098,-0.016414141414141437,-0.050000000000000044,21.607497743903803,27.8353594224972,14.63591384801334,,0,,False,False,False,False,False,False,False,False,False,1926.T,2026-09-24,True,,3895.0,13.501335,1.8935848,288.49,2056.945,159900663808.0,,1754377200.0,1754982000.0,True,,,True,1754377200.0,2025-08-05,-297.0
7,True,54.96535796766744,True,True,False,True,0.41984007115636424,4737.0,4737.0,470521585.0,470.521585,4747.0,0.9978934063619128,-0.11344956569989928,0.10653015256929299,65.72556810243573,1.387493521267379,-0.002106593638087184,-0.002106593638087184,24.030332349139034,28.29614467756207,13.81354599773252,,0,,False,False,False,False,False,False,False,False,False,4665.T,2026-09-24,True,,4737.0,24.23886,1.4273015,195.43,3318.85,223011979264.0,1793946600.0,1793946600.0,1793946600.0,True,,,True,1793946600.0,2026-11-06,31.0
7,True,35.82089552238807,False,False,True,False,0.6192285221154065,3610.0,3610.0,459494650.0,459.49465,4438.1953125,0.8133936759909098,-0.3463559407064738,0.06371154647961386,79.04139904135485,2.189512438818694,-0.050000000000000044,-0.050000000000000044,22.42679315702206,27.457345473520167,20.90414222408141,,0,,False,False,False,False,False,False,False,False,False,5161.T,2026-09-24,True,,3610.0,12.283925,1.5028205,293.88,2402.15,130880438272.0,,1747204200.0,1747204200.0,True,,,True,1747204200.0,2025-05-14,-356.0
7,True,50.0,True,True,False,True,0.41305986059077154,712.0,712.0,455434755.0,455.434755,743.656494140625,0.9574312947038707,-0.15686878963577677,0.04408049580509199,11.565727759086084,1.6243999661637758,-0.037837837837837784,-0.037837837837837784,19.961076957214388,32.30522708081819,23.27759321784294,,0,,False,False,False,False,False,False,False,False,False,4290.T,2026-09-24,True,,712.0,15.190954,1.8211769,46.87,390.956,88811159552.0,1785220200.0,1793255400.0,1793255400.0,True,,,True,1793255400.0,2026-10-29,25.0
7,True,42.622950819672134,False,False,True,False,0.45509715588747407,3855.0,3855.0,440345875.0,440.345875,4170.0,0.9244604316546763,-0.3499374096680783,0.13471933387670232,148.20587241908476,3.8445103091850776,-0.07553956834532372,-0.07553956834532372,23.332785061049794,24.174287007244487,23.0136925310795,,0,,False,False,False,False,False,False,False,False,False,3399.T,2026-09-24,True,,3855.0,18.556849,50.361217,207.74,76.547,75942330368.0,,1749812340.0,1749812340.0,True,,,True,1749812340.0,2025-06-13,-334.0
7,True,47.53363228699551,True,False,True,False,0.2837827263603068,4575.0,4575.0,433450775.0,433.450775,4675.0,0.9786096256684492,-0.126984161979661,0.14038581833364905,136.24506361159476,2.9780341773026175,-0.011879049676025932,-0.021390374331550777,24.30606085601918,32.06756371907185,16.51459895973012,,0,,False,False,False,False,False,False,False,False,False,4044.T,2026-09-24,True,,4575.0,13.555958,0.8879395,337.49,5152.378,113426989056.0,1794465000.0,1794465000.0,1794465000.0,True,,,True,1794465000.0,2026-11-12,35.0
7,True,44.41558441558442,False,False,False,True,0.4613675922505072,2926.0,2926.0,430026080.0,430.02608,3020.0,0.9688741721854305,-0.10485573539760729,0.08667605237718479,51.4999275466364,1.7600795470484074,-0.031125827814569518,-0.031125827814569518,23.237418184042404,21.15939612622218,19.52733575324939,,1,macd_sell_like,False,False,True,False,False,False,False,False,False,2001.T,2026-09-24,True,,2926.0,11.381228,0.8599683,257.09,3402.451,241876434944.0,1793946600.0,1793946600.0,1793946600.0,True,,,True,1793946600.0,2026-11-06,31.0
7,True,39.80582524271844,True,False,False,True,0.3940000363242671,2370.0,2370.0,418935465.0,418.935465,2511.0,0.9438470728793309,-0.09318996415770608,0.012846123414363086,28.322623892072734,1.1950474216064444,-0.021873710276516745,-0.023485784919653918,14.630770723703916,24.579342972216565,18.58483761868595,,0,,False,False,False,False,False,False,False,False,False,8803.T,2026-09-24,True,,2370.0,14.307275,1.2658985,165.65,1872.188,156586508288.0,1793341800.0,1793341800.0,1793341800.0,True,,,True,1793341800.0,2026-10-30,26.0
7,True,46.268656716417915,False,False,True,True,0.3071572622929916,4390.0,4390.0,384641775.0,384.641775,4565.0654296875,0.9616510579346759,-0.12770564368023374,0.039528178602688646,57.93187418313563,1.3196326693197182,-0.021181716833890696,-0.029834254143646377,21.480492636817335,23.792436643849975,17.48644297172144,,0,,False,False,False,False,False,False,False,False,False,1377.T,2026-09-24,True,,4390.0,15.433291,1.0395432,284.45,4223.009,184997724160.0,1791268200.0,1791268200.0,1791268200.0,True,,,True,1791268200.0,2026-10-06,8.0
7,True,52.25,True,True,False,True,0.3814916225747508,2118.0,2118.0,382946820.0,382.94682,2200.0,0.9627272727272728,-0.3368561535788299,0.10192804398738309,44.57257721792932,2.104465402168523,-0.01853568118628357,-0.037272727272727235,11.585099170248649,30.61677962283509,24.694741032296445,,1,vol_distribution,False,False,False,False,False,False,False,True,False,7199.T,2026-09-24,True,,2118.0,13.501626,3.2033105,156.87,661.191,82044387328.0,1794292200.0,1794292200.0,1794292200.0,True,,,True,1794292200.0,2026-11-10,33.0
7,True,37.80487804878049,False,False,True,True,0.42400563301017946,4175.0,4175.0,374309650.0,374.30965,4275.0,0.9766081871345029,-0.12816796519492368,0.0808177343176284,69.77591520267728,1.6712794060521503,-0.023391812865497075,-0.023391812865497075,22.991630798014988,22.215252442112195,20.132830526374633,,0,,False,False,False,False,False,False,False,False,False,9303.T,2026-09-24,True,,4175.0,18.093958,1.0077118,230.74,4143.05,315383873536.0,1786084200.0,1793860200.0,1793860200.0,True,,,True,1793860200.0,2026-11-05,30.0
7,True,43.4869739478958,True,False,True,True,0.4611438726143218,3015.0,3015.0,358435985.0,358.435985,3395.314453125,0.8879884445533568,-0.1838752968964008,0.022406678803675417,58.98091890785387,1.9562493833450705,-0.02110389610389607,-0.02584814216478193,11.335279977759278,21.6925041573226,15.913786351126829,,0,,False,False,False,False,False,False,False,False,False,6486.T,2026-09-24,True,,3015.0,13.90811,1.017433,216.78,2963.34,137784868864.0,,1753941600.0,1754287200.0,True,,,True,1753941600.0,2025-07-31,-300.0
7,True,42.857142857142854,True,False,True,True,0.32655837341413696,3950.0,3950.0,341399650.0,341.39965,4375.53173828125,0.902747422774174,-0.17743702802192907,0.04175785047299141,67.4613632293694,1.707882613401757,-0.01985111662531014,-0.04358353510895885,17.363089755249984,24.90339898186864,21.49456998787284,,0,,False,False,False,False,False,False,False,False,False,6209.T,2026-09-24,True,,3950.0,7.589295,0.64268976,520.47,6146.045,106274611200.0,,1747306740.0,1747306740.0,True,,,True,1747306740.0,2025-05-15,-355.0
7,True,50.2212389380531,True,False,True,True,0.48167894054213234,1959.0,1959.0,328847720.0,328.84772,2338.0,0.8378956372968349,-0.21257485029940115,0.03799963862532629,63.67560320551155,3.2504136398933925,-0.03687315634218291,-0.0862873134328358,11.100660776208407,24.795660274887084,16.502753734616057,,0,,False,False,False,False,False,False,False,False,False,6745.T,2026-09-24,True,,1959.0,15.579768,2.1526408,125.74,910.045,146151538688.0,,1754285400.0,1754631000.0,True,,,True,1754285400.0,2025-08-04,-298.0
7,True,37.765957446808514,False,False,True,False,0.3760198179092796,1293.0,1293.0,301963065.0,301.963065,1364.0023193359375,0.9479456021962596,-0.17228879746359083,0.04201206809494851,20.995378885558488,1.6237725356193726,-0.034353995519044056,-0.034353995519044056,23.425267353617865,23.585326967059462,20.241038593659397,,1,cross_sma25_down,False,True,False,False,False,False,False,False,False,3284.T,2026-09-24,True,,1293.0,7.416968,1.0347253,174.33,1249.607,52885852160.0,,1754463600.0,1754982000.0,True,,,True,1754463600.0,2025-08-06,-296.0
7,True,43.959731543624166,True,False,False,False,0.40114190450738274,2024.0,2024.0,292139265.0,292.139265,2082.0,0.9721421709894332,-0.1635273656349049,0.09652345523454087,35.015817830893496,1.7300305252417734,-0.02785782901056677,-0.02785782901056677,17.188867914446693,22.549157173158925,26.391663021793576,,0,,False,False,False,False,False,False,False,False,False,2154.T,2026-09-24,True,,2024.0,14.569536,2.1432505,138.92,944.36,171959402496.0,1786084200.0,1793946600.0,1793946600.0,True,,,True,1793946600.0,2026-11-06,31.0
7,True,50.33557046979865,True,False,True,False,0.4976926555540779,2497.0,2497.0,276226710.0,276.22671,2565.0,0.9734892787524366,-0.20584795321637428,0.11468531473637844,40.72152212678685,1.6308178665112878,0.0,0.0,31.951322850397194,28.72141326772793,13.14981527822601,,0,,False,False,False,False,False,False,False,False,False,8097.T,2026-09-24,True,,2497.0,16.907034,1.3320943,147.69,1874.492,154520256512.0,,1754287200.0,1754632800.0,True,,,True,1754287200.0,2025-08-04,-298.0
7,True,36.36363636363636,False,False,False,True,0.33113958714759634,4310.0,4310.0,272409675.0,272.409675,4590.0,0.9389978213507625,-0.09783343475586814,0.07136778902443308,67.80855174985659,1.57328426333774,-0.036871508379888285,-0.061002178649237515,21.777269670913114,25.47723043388358,22.992934367062972,,0,,False,False,False,False,False,False,False,False,False,5192.T,2026-09-24,True,,4310.0,16.360462,1.1793282,263.44,3654.623,119873323008.0,,1754456400.0,1754888400.0,True,,,True,1754456400.0,2025-08-06,-296.0
7,True,48.82629107981221,True,False,True,True,0.39638945918456936,3995.0,3995.0,263450650.0,263.45065,4682.0966796875,0.8532502153002618,-0.27169380871742366,0.04104882865112458,120.95165082157324,3.027575740214599,-0.006218905472636815,-0.14453961456102782,9.516649652096866,27.786023408931698,21.8538384735845,,0,,False,False,False,False,False,False,False,False,False,1975.T,2026-09-24,True,,3995.0,11.152365,2.0237224,358.22,1974.085,103373357056.0,,1754463600.0,1754982000.0,True,,,True,1754463600.0,2025-08-06,-296.0
7,True,52.63157894736841,True,False,True,True,0.44091120185459914,3975.0,3975.0,254384275.0,254.384275,4700.0,0.8457446808510638,-0.2306717729629021,0.08442423789010567,123.61087030509074,3.1097074290588864,-0.012422360248447228,-0.09038901601830662,10.863749984112085,23.914784709314127,23.067773714275795,,0,,False,False,False,False,False,False,False,False,False,6859.T,2026-09-24,True,,3975.0,14.693923,1.4046438,270.52,2829.899,83078389760.0,,1754463600.0,1754982000.0,True,,,True,1754463600.0,2025-08-06,-296.0
7,True,53.18877551020408,True,False,False,True,0.44106605568634716,2943.0,2943.0,223729535.0,223.729535,3260.0,0.902760736196319,-0.21966327036536293,0.12153246319892008,91.36892447527502,3.1046185686467895,0.0,-0.09723926380368098,14.521733593662418,21.23156752615685,22.282962260489594,,0,,False,False,False,False,False,False,False,False,False,7745.T,2026-09-24,True,,2943.0,13.595417,1.6206037,216.47,1815.99,80600883200.0,,1754289000.0,1754634600.0,True,,,True,1754289000.0,2025-08-04,-298.0
7,True,43.689320388349515,True,False,False,True,0.5419985270925193,3650.0,3650.0,218606675.0,218.606675,4381.59130859375,0.8330306829030683,-0.29135335057149947,0.015027474839919286,69.27102698101126,1.897836355644144,-0.018817204301075252,-0.03947368421052633,13.718890974309776,28.59891141004637,21.33798059109439,,0,,False,False,False,False,False,False,False,False,False,1814.T,2026-09-24,True,,3650.0,9.981404,1.469422,365.68,2483.97,37577535488.0,,1754290800.0,1754636400.0,True,,,True,1754290800.0,2025-08-04,-298.0
6,True,47.88053949903661,True,False,False,True,0.2998901406870994,5497.0,5497.0,51290888675.0,51290.888675,5784.69091796875,0.9502668470885614,-0.22830794880783367,0.0944288630943444,145.64495927344794,2.6495353697189,-0.009549549549549563,-0.04681810299982658,16.783341471775195,31.929762197301443,18.792286154925364,,0,,False,False,False,False,False,False,False,False,False,6501.T,2026-09-24,True,,5497.0,31.096905,3.7504444,176.77,1465.693,24547204005888.0,1785306600.0,1793255400.0,1793255400.0,True,,,True,1793255400.0,2026-10-29,25.0
6,True,53.66705471478463,False,True,False,True,0.2995752062095558,7932.0,7932.0,46917993390.0,46917.99339,8393.0,0.9450732753485047,-0.18074807840664142,0.1553898906971345,208.36970792394663,2.6269504276846525,-0.04410701373825021,-0.054926724651495284,25.02766610293565,29.045314494874873,19.63891817196983,,1,vol_distribution,False,False,False,False,False,False,False,True,False,8766.T,2026-09-24,True,,7932.0,28.450504,1.8384998,278.8,4314.387,15068966158336.0,1795069800.0,1795069800.0,1795069800.0,True,,,True,1795069800.0,2026-11-19,40.0
6,True,43.49775784753363,False,False,False,False,0.5337915212274119,4811.0,4811.0,38987286600.0,38987.2866,5882.0,0.8179190751445087,-0.26147568854131253,0.025890525283000843,123.4888738425803,2.5668026157260506,-0.04902154576003159,-0.04902154576003159,14.970491356776044,19.301734571502397,21.433106213436346,,1,macd_sell_like,False,False,True,False,False,False,False,False,False,8058.T,2026-09-24,True,,4811.0,22.936829,1.8288347,209.75,2630.637,17621221113856.0,1785738600.0,1793687400.0,1793687400.0,True,,,True,1793687400.0,2026-11-03,28.0
6,True,48.62742704503677,False,False,True,False,0.4831214052647266,174.89999389648438,174.89999389648438,35706925747.19963,35706.92574719963,180.0,0.9716666327582465,-0.10767298706219697,0.13232253890284507,3.1551477770752396,1.8039724912412707,-0.028333367241753504,-0.028333367241753504,38.88537183603373,26.73110843184906,16.025530653462226,,1,macd_sell_like,False,False,True,False,False,False,False,False,False,9432.T,2026-09-24,True,,174.9,13.869945,1.4446188,12.61,121.07,14171786706944.0,1785997800.0,1793773800.0,1793773800.0,True,,,True,1793773800.0,2026-11-04,29.0
6,True,53.409090909090914,False,False,False,True,0.2962421877672202,3031.0,3031.0,25206874267.5,25206.8742675,3109.0,0.9749115471212608,-0.12050254098303559,0.11273367284249236,58.416601155108864,1.9273045580702364,-0.025088452878739176,-0.025088452878739176,24.9926726780979,22.00221752386659,14.181466650442024,,0,,False,False,False,False,False,False,False,False,False,9433.T,2026-09-24,True,,3031.0,16.508715,2.250794,183.6,1346.636,11202462744576.0,1786084200.0,1794465000.0,1794465000.0,True,,,True,1794465000.0,2026-11-12,35.0
6,True,42.86769240207854,False,False,True,False,0.5268574211159919,681.0,681.0,24661645579.204712,24661.645579204713,704.5999755859375,0.9665058523933214,-0.22365269014896305,0.11457847590422121,15.763041303014496,2.314690352865565,-0.03349414760667857,-0.03349414760667857,35.91033609651189,32.37994918287985,20.392527799943693,,1,macd_sell_like,False,False,True,False,False,False,False,False,False,5401.T,2026-09-24,True,,681.0,208.25688,0.6314782,3.27,1078.422,3559106019328.0,1793860200.0,1793860200.0,1793860200.0,True,,,True,1793860200.0,2026-11-05,30.0
6,True,40.62229904926534,False,True,False,False,0.2808937558591064,4970.0,4970.0,23370140000.0,23370.14,5260.0,0.9448669201520913,-0.11456785368819533,0.16380626389059705,124.9809336641219,2.5147069147710646,-0.05513307984790872,-0.05513307984790872,24.988455156642082,29.727453022002226,28.06528245184409,,2,macd_sell_like;vol_distribution,False,False,True,False,False,False,False,True,False,8725.T,2026-09-24,True,,4970.0,9.395085,1.0737848,529.0,4628.488,7097220595712.0,1795069800.0,1795069800.0,1795069800.0,True,,,True,1795069800.0,2026-11-19,40.0
6,True,38.930348258706466,False,False,False,True,0.3747904659543879,6872.0,6872.0,22621893100.0,22621.8931,7135.0,0.9631394533987386,-0.0819773526384705,0.14072653502907095,117.3067690160369,1.7070251603032143,-0.025248226950354558,-0.03686054660126137,19.111949243375772,21.79501591066631,23.104635945061545,,0,,False,False,False,False,False,False,False,False,False,2914.T,2026-09-24,True,,6872.0,20.492023,2.7767272,335.35,2474.856,12200257257472.0,1793255400.0,1793255400.0,1793255400.0,True,,,True,1793255400.0,2026-10-29,25.0
6,True,37.76683087027914,False,False,False,True,0.46645688579633554,7209.0,7209.0,20785097545.0,20785.097545,7684.3974609375,0.9381347121418285,-0.2372098724294599,0.11281820123404351,193.44433944435485,2.683372720826118,-0.04844244984160506,-0.04844244984160506,16.765487669855556,17.876205917004413,23.201268794280093,,0,,False,False,False,False,False,False,False,False,False,6301.T,2026-09-24,True,,7209.0,17.42525,1.8281953,413.71,3943.233,6398197366784.0,1793255400.0,1793255400.0,1793255400.0,True,,,True,1793255400.0,2026-10-29,25.0
6,True,46.11819235225956,True,False,False,True,0.23982279846077734,68510.0,68510.0,17096597300.0,17096.5973,84560.0,0.8101939451277199,-0.36153493064973086,0.020847751778698242,2407.8208942868955,3.5145539253932205,-0.04966014703842414,-0.12547868266530504,18.859860953740416,21.171505056838257,25.951343942052553,,0,,False,False,False,False,False,False,False,False,False,6273.T,2026-09-24,True,,68510.0,25.951447,1.9990672,2639.93,34270.984,4280353292288.0,1794551400.0,1794551400.0,1794551400.0,True,,,True,1794551400.0,2026-11-13,36.0
6,True,36.336336336336345,False,False,True,True,0.4459099138735731,1549.5,1549.5,15993271927.5,15993.2719275,1675.0,0.9250746268656717,-0.20851493277684652,0.12033092278208946,40.999639907001175,2.645991604194977,-0.07492537313432834,-0.07492537313432834,18.901933060663,20.102754503456328,27.978047660848794,,1,macd_sell_like,False,False,True,False,False,False,False,False,False,8604.T,2026-09-24,True,,1549.5,11.6259,1.1810727,133.28,1311.943,4528555950080.0,1793169000.0,1793169000.0,1793169000.0,True,,,True,1793169000.0,2026-10-28,24.0
6,True,50.13698630136986,True,False,True,True,0.4505547315272913,3650.0,3650.0,15892394170.0,15892.39417,3916.0,0.932073544433095,-0.1595610692752223,0.23412203581295699,105.03463958800884,2.8776613585755846,-0.001914137270987104,-0.06792645556690502,14.442601415017249,27.520265944602958,22.45656343106614,,0,ext_dev200,False,False,False,False,False,True,False,False,False,6971.T,2026-09-24,True,,3650.0,35.588924,1.4258202,102.56,2559.93,4662973956096.0,1785393000.0,1793255400.0,1793255400.0,True,,,True,1793255400.0,2026-10-29,25.0
6,True,44.617668893838164,False,False,False,True,0.26461993756487473,6768.0,6768.0,14847330035.0,14847.330035,7361.0,0.9194402934383915,-0.13473193473193468,0.11991623264342777,151.7120354931547,2.241608089437865,-0.03231341149556766,-0.08055970656160849,15.473394446841972,25.4749540781689,20.698975874255446,,0,,False,False,False,False,False,False,False,False,False,8630.T,2026-09-24,True,,6768.0,26.982418,1.1353722,250.83,5961.041,6001759092736.0,1795069800.0,1795069800.0,1795069800.0,True,,,True,1795069800.0,2026-11-19,40.0
6,True,43.49355216881594,True,False,False,True,0.5340620882770676,2359.0,2359.0,13952565475.0,13952.565475,2657.5,0.8876763875823142,-0.2071495766698025,0.037374246606327155,48.50630288271388,2.0562230980378926,-0.025407973559182007,-0.025407973559182007,16.274997522914052,33.8442735943206,24.972330512686877,,0,,False,False,False,False,False,False,False,False,False,4503.T,2026-09-24,True,,2359.0,14.533021,2.1772537,162.32,1083.475,4229719392256.0,1785911400.0,1793255400.0,1793255400.0,True,,,True,1793255400.0,2026-10-29,25.0
6,True,37.702790395846854,False,True,False,False,0.4385713395452351,2765.5,2765.5,13911877392.5,13911.8773925,3026.0,0.9139127561136814,-0.204786947375158,0.11070365765368173,90.34210118159089,3.2667546983037745,-0.08608724388631861,-0.08608724388631861,39.957146680726275,26.054186713659846,24.357893019218714,,3,macd_sell_like;trailing_stop;vol_distribution,False,False,True,False,True,False,False,True,False,9503.T,2026-09-24,True,,2765.5,8.107356,0.86365414,341.11,3202.092,3080923906048.0,1785479400.0,1793255400.0,1793255400.0,True,,,True,1793255400.0,2026-10-29,25.0
6,True,53.985507246376805,False,False,True,False,0.5272154853001062,1422.0,1422.0,13215462027.5,13215.4620275,1525.7022705078125,0.9320298117710106,-0.2193758749512844,0.10162416940120833,40.53931012907097,2.8508656912145547,-0.035278154681139706,-0.035278154681139706,25.59575961879014,30.512926434836896,18.81361071047612,,0,,False,False,False,False,False,False,False,False,False,5020.T,2026-09-24,True,,1422.0,14.804789,1.0113316,96.05,1406.067,3777447591936.0,1794378600.0,1794378600.0,1794378600.0,True,,,True,1794378600.0,2026-11-11,34.0
6,True,41.77449168207024,True,False,True,True,0.3587882099795815,3369.0,3369.0,12625653840.0,12625.65384,3878.0,0.868746776689015,-0.23302382928281262,0.03249369684640646,75.4801620552188,2.240432236723621,-0.02573742047426253,-0.131253223310985,13.294075650008784,25.559980599942506,24.546749013601207,,0,,False,False,False,False,False,False,False,False,False,4901.T,2026-09-24,True,,3369.0,14.688699,1.0332229,229.36,3260.671,4029293789184.0,1794205800.0,1794205800.0,1794205800.0,True,,,True,1794205800.0,2026-11-09,32.0
6,True,50.20576131687242,False,True,False,True,0.4464304502611863,3034.0,3034.0,11978494075.0,11978.494075,3411.97998046875,0.8892197543266881,-0.43132093845888886,0.12636553925655525,112.28011368169221,3.7007288622838566,-0.1055424528301887,-0.1055424528301887,35.00695211599694,27.448580524567628,23.329482031413207,,3,cross_sma25_down;macd_sell_like;trailing_stop,False,True,True,False,True,False,False,False,False,9843.T,2026-09-24,True,,3034.0,19.21956,1.7001141,157.86,1784.586,1714384797696.0,1786084200.0,1794465000.0,1794465000.0,True,,,True,1794465000.0,2026-11-12,35.0
6,True,41.17647058823529,False,False,False,True,0.4021306496815896,1800.5,1800.5,9639958227.5,9639.9582275,1879.0,0.9582224587546567,-0.14187572693431272,0.1443354605637439,40.52367767131119,2.250690234452163,-0.0387079551521623,-0.041777541245343275,12.945661193791327,20.21525090129048,21.72420282391427,,1,macd_sell_like,False,False,True,False,False,False,False,False,False,8601.T,2026-09-24,True,,1800.5,14.496779,1.3862284,124.2,1298.848,2500117921792.0,1793341800.0,1793341800.0,1793341800.0,True,,,True,1793341800.0,2026-10-30,26.0
6,True,35.50561797752809,False,False,True,True,0.408748565404641,3485.0,3485.0,9277102325.0,9277.102325,3738.0,0.9323167469234885,-0.1543882426383768,0.10293544147265066,65.19364362194806,1.8706927868564722,-0.0428453721505081,-0.06768325307651146,15.459382489426874,22.38274278110951,23.244637623083314,,0,,False,False,False,False,False,False,False,False,False,4452.T,2026-09-24,True,,3485.0,24.924902,2.8166373,139.82,1237.291,3153081663488.0,1793860200.0,1793860200.0,1793860200.0,True,,,True,1793860200.0,2026-11-05,30.0
6,True,41.333333333333336,False,False,True,False,0.276239818102994,2869.0,2869.0,9263510780.0,9263.51078,3250.0,0.8827692307692308,-0.1812307692307692,0.0780520131622715,90.65142748716534,3.15968725992211,-0.06394779771615011,-0.11723076923076925,13.40693238049593,24.105890974078907,26.157792664086493,,2,cross_sma25_down;macd_sell_like,False,True,True,False,False,False,False,False,False,9502.T,2026-09-24,True,,2869.0,9.515755,0.683939,301.5,4194.819,2167208935424.0,1793255400.0,1793255400.0,1793255400.0,True,,,True,1793255400.0,2026-10-29,25.0
6,True,31.188811188811187,False,False,True,True,0.5202454565520835,1995.0,1995.0,8664212017.5,8664.2120175,2187.0,0.9122085048010974,-0.38067104991860845,0.12198200597219877,49.46280685717013,2.4793386895824625,-0.07894736842105265,-0.08779149519890261,21.228790394864106,27.36618224489977,21.71470776556345,,0,,False,False,False,False,False,False,False,False,False,7733.T,2026-09-24,True,,1995.0,32.62469,2.835031,61.15,703.696,2120391065600.0,1794292200.0,1794292200.0,1794292200.0,True,,,True,1794292200.0,2026-11-10,33.0
6,True,46.163682864450124,True,False,True,True,0.33874162627696464,13370.0,13370.0,8274905775.0,8274.905775,17275.0,0.7739507959479016,-0.30274963820549927,0.052032199773596854,474.6829122615964,3.5503583564816483,-0.06043569922698522,-0.10866666666666669,14.92287432276131,23.205696436654645,22.63127713402123,,0,,False,False,False,False,False,False,False,False,False,6504.T,2026-09-24,True,,13370.0,20.089554,2.4682355,665.52,5416.825,1951901679616.0,1785393000.0,1793255400.0,1793255400.0,True,,,True,1793255400.0,2026-10-29,25.0
6,True,37.268722466960355,False,False,True,True,0.4283158887622535,5645.0,5645.0,8268893360.0,8268.89336,6900.181640625,0.818094405916058,-0.2881346816900483,0.045308189410443234,165.36262858584763,2.9293645453648827,-0.0638474295190713,-0.0638474295190713,13.402918179887136,22.240167776724327,23.223429102215924,,0,,False,False,False,False,False,False,False,False,False,6305.T,2026-09-24,True,,5645.0,16.39511,1.3045527,344.31,4327.154,1176143134720.0,1785393000.0,1793082600.0,1793082600.0,True,,,True,1793082600.0,2026-10-27,23.0
6,True,40.10989010989011,False,False,True,True,0.295544192135599,6352.0,6352.0,7822499495.0,7822.499495,7172.0,0.8856664807585053,-0.12409369771332956,0.03974615549996274,112.7934136953633,1.7757149511234775,-0.023670458038733466,-0.11433351924149471,16.237161529596968,23.65381159944167,22.375330681772436,,0,,False,False,False,False,False,False,False,False,False,9735.T,2026-09-24,True,,6352.0,23.006157,1.9490641,276.1,3259.0,2533998460928.0,1794378600.0,1794378600.0,1794378600.0,True,,,True,1794378600.0,2026-11-11,34.0
6,True,49.236363636363635,False,False,False,True,0.21653046457337152,4921.0,4921.0,7728716890.0,7728.71689,5784.6318359375,0.8507023678547498,-0.3142173758829928,0.028266276992195527,183.6357943157547,3.731676373008631,-0.061951963400686205,-0.0967327459618208,15.868910778217966,27.490544433657675,23.620489968124215,,0,,False,False,False,False,False,False,False,False,False,7911.T,2026-09-24,True,,4921.0,21.688925,1.0006762,226.89,4917.675,1384522973184.0,1786516200.0,1794465000.0,1794465000.0,True,,,True,1794465000.0,2026-11-12,35.0
6,True,49.284253578732105,True,False,False,True,0.35320545286344024,17290.0,17290.0,5109571725.0,5109.571725,20920.0,0.8264818355640535,-0.29445506692160617,0.0947395185744313,778.6663426709945,4.503564734939239,-0.05467468562055766,-0.17351816443594648,9.876341237175572,25.099609341512785,22.003928972007607,,0,,False,False,False,False,False,False,False,False,False,7729.T,2026-09-24,True,,17290.0,28.513474,3.6784112,606.38,4700.399,701795860480.0,1793773800.0,1793773800.0,1793773800.0,True,,,True,1793773800.0,2026-11-04,29.0
6,True,37.13163064833006,False,False,False,True,0.3354744897038141,1251.0,1251.0,5025660475.0,5025.660475,1373.5,0.910811794685111,-0.21716418191700593,0.08283181600475964,30.41872852336781,2.431553039437875,-0.049753133308013675,-0.08918820531488902,13.575636815822852,19.215957091559694,20.12577303196979,,0,,False,False,False,False,False,False,False,False,False,3402.T,2026-09-24,True,,1251.0,23.639456,1.0028313,52.92,1247.468,1822284316672.0,1785997800.0,1794551400.0,1794551400.0,True,,,True,1794551400.0,2026-11-13,36.0
6,True,50.72347266881029,True,True,False,True,0.5125338983927363,23530.0,23530.0,4926773250.0,4926.77325,28880.0,0.8147506925207756,-0.2558864265927978,0.08974998474456664,832.9439342747318,3.539923222587045,-0.006124604012671564,-0.1852493074792244,25.6667375909365,23.648242750177467,24.216371334479767,,1,di_bear,False,False,False,False,False,False,True,False,False,6856.T,2026-09-24,True,,23530.0,23.053484,2.7073119,1020.67,8691.278,988767191040.0,1794551400.0,1794551400.0,1794551400.0,True,,,True,1794551400.0,2026-11-13,36.0
6,True,36.111111111111114,False,False,False,False,0.4366117140424728,2150.0,2150.0,4861249325.0,4861.249325,2353.532470703125,0.9135204322707648,-0.24546779696286403,0.033032239003408126,64.24769644385825,2.9882649508771277,-0.07327586206896552,-0.07327586206896552,12.32943289386674,24.62890668722087,22.804591806377804,,1,macd_sell_like,False,False,True,False,False,False,False,False,False,4183.T,2026-09-24,True,,2150.0,23.47418,0.89002407,91.59,2415.665,777304997888.0,1794378600.0,1794378600.0,1794378600.0,True,,,True,1794378600.0,2026-11-11,34.0
6,True,42.11711711711712,False,True,False,True,0.5588066662703596,3295.0,3295.0,4781917715.0,4781.917715,3798.0,0.8675618746708794,-0.23091100579252233,0.01217294726175644,57.08150376523325,1.7323673373363657,-0.02859669811320753,-0.08497639544570956,13.044852288343948,22.331881599539393,21.54048932049446,,2,macd_sell_like;vol_distribution,False,False,True,False,False,False,False,True,False,1878.T,2026-09-24,True,,3295.0,11.020067,2.1721246,299.0,1516.948,1073287921664.0,1793341800.0,1793341800.0,1793341800.0,True,,,True,1793341800.0,2026-10-30,26.0
6,True,36.490699491674256,False,False,True,True,0.35188490893543256,952.9000244140625,952.9000244140625,4563515493.990173,4563.515493990173,1082.295654296875,0.8804433618770503,-0.45623484670088843,0.011663382699084623,18.792131618773308,1.9720989754752682,-0.04709997558593748,-0.0929081157410162,11.82377935602318,22.688871983170603,29.5559492989227,,1,macd_sell_like,False,False,True,False,False,False,False,False,False,8113.T,2026-09-24,True,,952.9,25.574345,2.0204055,37.26,471.638,1639750565888.0,1793946600.0,1793946600.0,1793946600.0,True,,,True,1793946600.0,2026-11-06,31.0
6,True,49.146110056926,True,False,True,True,0.4869097334912696,2913.0,2913.0,4089083045.0,4089.083045,2922.0,0.9969199178644764,-0.1922563605134835,0.2059125811844531,68.45116981209016,2.349851349539655,-0.0030800821355235763,-0.0030800821355235763,20.87356618323925,27.277494330905345,14.965053890861546,,0,ext_dev200,False,False,False,False,False,True,False,False,False,5076.T,2026-09-24,True,,2913.0,11.291573,1.1186984,257.98,2603.919,737019822080.0,1794378600.0,1794378600.0,1794378600.0,True,,,True,1794378600.0,2026-11-11,34.0
6,True,36.8586387434555,False,False,True,True,0.21331052289439262,4740.0,4740.0,4038145555.0,4038.145555,5091.0,0.9310548025928108,-0.12854631138311756,0.12882552619211918,123.01489434110562,2.5952509354663635,-0.050290522941294324,-0.06894519740718918,11.46291519920257,18.201876175425877,20.589186181889215,,1,macd_sell_like,False,False,True,False,False,False,False,False,False,5844.T,2026-09-24,True,,4740.0,13.987252,0.9669635,338.88,4901.943,1328251011072.0,1794551400.0,1794551400.0,1794551400.0,True,,,True,1794551400.0,2026-11-13,36.0
6,True,35.937500413921214,False,False,True,True,0.3536546238578495,367.5,367.5,3837794775.379486,3837.794775379486,450.9548645019531,0.8149374337182881,-0.34943546688558325,0.026496729840266076,11.709950862856292,3.18638118717178,-0.08102024103774119,-0.08102024103774119,12.962233520454083,27.322237434923746,21.817618483140873,,1,trailing_stop,False,False,False,False,True,False,False,False,False,7211.T,2026-09-24,True,,367.5,49.131016,0.5368859,7.48,684.503,491844599808.0,1785738600.0,1793860200.0,1793860200.0,True,,,True,1793860200.0,2026-11-05,30.0
6,True,48.88888888888889,True,False,False,True,0.37496636727768246,5344.0,5344.0,3786993250.0,3786.99325,6029.0,0.8863824846574888,-0.2142919129731038,0.002171881132846165,109.8923219987389,2.056368300874605,-0.0035427932127540807,-0.11361751534251119,12.89343700602978,22.048236541329636,19.774510273863445,,0,,False,False,False,False,False,False,False,False,False,6586.T,2026-09-24,True,,5344.0,17.805616,1.3679631,300.13,3906.538,1376912670720.0,1793341800.0,1793341800.0,1793341800.0,True,,,True,1793341800.0,2026-10-30,26.0
6,True,40.273151232511665,False,False,True,True,0.5201420006347778,5703.0,5703.0,3734631150.0,3734.63115,6712.0,0.8496722288438617,-0.5863023952095808,0.26784258343768075,315.4470499391606,5.531247587921455,-0.15032777115613827,-0.15032777115613827,23.088121333133277,27.42625751871494,26.86691162886116,,2,macd_sell_like;trailing_stop;ext_dev200,False,False,True,False,True,True,False,False,False,3994.T,2026-09-24,True,,5703.0,72.66819,7.097883,78.48,803.479,316317138944.0,1792045800.0,1792045800.0,1792045800.0,True,,,True,1792045800.0,2026-10-15,15.0
6,True,36.193447737909516,False,True,False,True,0.359962952495671,4507.0,4507.0,3723862940.0,3723.86294,5111.0,0.8818235179025631,-0.16501516683518702,0.01746679059751033,88.10851722701149,1.954926053406068,-0.055136268343815464,-0.11817648209743692,8.688754404615247,12.784954667698381,23.54359120985198,,2,macd_sell_like;vol_distribution,False,False,True,False,False,False,False,True,False,9042.T,2026-09-24,True,,4507.0,13.648477,0.94570255,330.22,4765.769,1039590621184.0,1793341800.0,1793341800.0,1793341800.0,True,,,True,1793341800.0,2026-10-30,26.0
6,True,39.38864628820961,False,False,True,False,0.18624306979432861,2210.0,2210.0,3585689717.5,3585.6897175,2366.5,0.9338685822945277,-0.1626875132051553,0.04117244731884817,65.26546510952073,2.953188466494151,-0.052112374008149276,-0.052112374008149276,11.150741850009563,22.89855411545096,20.764546851807356,,1,macd_sell_like,False,False,True,False,False,False,False,False,False,6770.T,2026-09-24,True,,2210.0,16.388578,0.9696202,134.85,2279.243,427035852800.0,1793341800.0,1793341800.0,1793341800.0,True,,,True,1793341800.0,2026-10-30,26.0
6,True,39.014084507042256,False,False,False,True,0.4487347359058459,2407.5,2407.5,3456225017.5,3456.2250175,2632.53076171875,0.9145192280405378,-0.18025649258090115,0.019995845840516946,47.45643857692572,1.971191633517164,-0.0335206744279406,-0.03371462974111983,12.083264855289999,23.89096736402295,22.332447917943743,,0,,False,False,False,False,False,False,False,False,False,4528.T,2026-09-24,True,,2407.5,16.227419,1.3051001,148.36,1844.686,1131301830656.0,1793255400.0,1793255400.0,1793255400.0,True,,,True,1793255400.0,2026-10-29,25.0
6,True,43.15789473684211,True,True,False,True,0.37403591351900983,5570.0,5570.0,3344816175.0,3344.816175,6402.0,0.8700406123086536,-0.21471010862990514,0.0027388203275784395,138.1568278546163,2.4803739291672584,-0.02280701754385961,-0.11755386565272496,19.606767032091735,24.597736289358394,20.903871263231462,,0,,False,False,False,False,False,False,False,False,False,4091.T,2026-09-24,True,,5570.0,19.47008,1.9022918,286.08,2928.047,2410992893952.0,1793773800.0,1793773800.0,1793773800.0,True,,,True,1793773800.0,2026-11-04,29.0
6,True,39.187227866473144,False,False,False,True,0.27468795057508905,4590.0,4590.0,3230316815.0,3230.316815,4844.0,0.9475639966969447,-0.15630220576229126,0.05886815461324191,97.07319987530069,2.1148845288736533,-0.045142500520074846,-0.05243600330305531,7.868550840262796,18.3866995680112,22.069883264490887,,2,cross_sma25_down;macd_sell_like,False,True,True,False,False,False,False,False,False,8253.T,2026-09-24,True,,4590.0,10.804322,0.8555991,424.83,5364.662,659462094848.0,1794551400.0,1794551400.0,1794551400.0,True,,,True,1794551400.0,2026-11-13,36.0
6,True,37.084398976982094,False,False,False,False,0.4399719682127774,1804.0,1804.0,2973272647.5,2973.2726475,1954.5,0.9229982092606804,-0.34620444773087944,0.07361427352199534,42.23191994809164,2.3410155181868975,-0.05301837270341203,-0.07700179073931956,16.259832651385395,20.575938470686335,25.147693998756694,,0,,False,False,False,False,False,False,False,False,False,3405.T,2026-09-24,True,,1804.0,66.44567,0.719234,27.15,2508.224,543539527680.0,1786084200.0,1794378600.0,1794378600.0,True,,,True,1794378600.0,2026-11-11,34.0
6,True,41.70792079207921,False,False,True,True,0.1078587728052608,2803.0,2803.0,2906989805.0,2906.989805,3087.0,0.9080012957563978,-0.3088608494516356,0.052050906895293236,54.859641751164396,1.9571759454571673,-0.03973963686193904,-0.05765674903345097,9.209295421440801,20.55124169432428,24.826168846590893,,2,cross_sma25_down;macd_sell_like,False,True,True,False,False,False,False,False,False,2267.T,2026-09-24,True,,2803.0,18.608511,1.3411137,150.63,2090.054,798078926848.0,1794551400.0,1794551400.0,1794551400.0,True,,,True,1794551400.0,2026-11-13,36.0
6,True,38.560698488413486,False,False,True,True,0.5976219773400756,870.2999877929688,870.2999877929688,2882775843.102417,2882.775843102417,967.4888305664062,0.8995452560247758,-0.2062957213009855,0.01977848331691545,13.54350945495743,1.5561886297738554,-0.023889623571345386,-0.029224776583414713,11.066800509475174,20.16387245117483,16.46471306099963,,1,macd_sell_like,False,False,True,False,False,False,False,False,False,3861.T,2026-09-24,True,,870.3,14.239202,0.6815987,61.12,1276.851,739088596992.0,1793946600.0,1793946600.0,1793946600.0,True,,,True,1793946600.0,2026-11-06,31.0
6,True,42.488154236387686,True,False,False,True,0.44050020413610735,661.0999755859375,661.0999755859375,2678381309.043579,2678.381309043579,721.8002319335938,0.9159043546092394,-0.33629527375121293,0.0867179501182691,24.24459578256596,3.667311553154696,-0.050143713238595566,-0.050143713238595566,16.23179793763022,27.8130959529072,20.184285409324538,,0,,False,False,False,False,False,False,False,False,False,4902.T,2026-09-24,True,,661.1,10.178599,0.59385854,64.95,1113.228,326704824320.0,1793860200.0,1793860200.0,1793860200.0,True,,,True,1793860200.0,2026-11-05,30.0
6,True,41.791044776119406,False,False,False,True,0.5471684178195328,3233.0,3233.0,2676056145.0,2676.056145,3482.0,0.9284893739230328,-0.36595335420327146,0.14724094137515054,77.66885399152258,2.4023771726422076,-0.06371271358239217,-0.07151062607696723,17.754314219299975,25.380116191083335,24.262553624449666,,0,,False,False,False,False,False,False,False,False,False,9616.T,2026-09-24,True,,3233.0,15.73236,2.002635,205.5,1614.373,294084673536.0,1786084200.0,1793946600.0,1793946600.0,True,,,True,1793946600.0,2026-11-06,31.0
6,True,36.462882096069876,False,False,False,False,0.3418038299057472,1109.0,1109.0,2632695717.5,2632.6957175,1238.66357421875,0.8953197809982171,-0.2733297447988259,0.06622478049527758,30.661669002893536,2.7648033365999583,-0.05294619982920579,-0.05294619982920579,32.49071416516649,23.105548809600876,19.70459930595219,,1,macd_sell_like,False,False,True,False,False,False,False,False,False,9509.T,2026-09-24,True,,1109.0,5.410284,0.48334405,204.98,2294.432,227733340160.0,1785393000.0,1793255400.0,1793255400.0,True,,,True,1793255400.0,2026-10-29,25.0
6,True,41.55005382131325,True,False,True,True,0.451490236805195,2647.5,2647.5,2542241057.5,2542.2410575,3046.0,0.8691726854891662,-0.16967707658777287,0.032998846053291286,52.398909666886276,1.9791845011099631,-0.028796771826852585,-0.09657055110049484,30.307260615712494,18.603602563628446,23.878286519321072,,1,di_bear,False,False,False,False,False,False,True,False,False,4042.T,2026-09-24,True,,2647.5,20.009827,0.9689951,132.31,2732.212,815140241408.0,1793860200.0,1793860200.0,1793860200.0,True,,,True,1793860200.0,2026-11-05,30.0
6,True,45.39007092198581,False,False,True,True,0.5593086749813894,1337.5,1337.5,2520746262.5,2520.7462625,1417.8673095703125,0.943318172985688,-0.3612857112887694,0.08992287099149099,28.68478778680142,2.144657030788891,-0.044642857142857095,-0.044642857142857095,30.019157819152525,22.435439472832304,23.285495627200373,,2,macd_sell_like;di_bear,False,False,True,False,False,False,True,False,False,9009.T,2026-09-24,True,,1337.5,13.430064,1.1463379,99.59,1166.759,644994957312.0,1793946600.0,1793946600.0,1793946600.0,True,,,True,1793946600.0,2026-11-06,31.0
6,True,37.10443037974684,False,False,True,True,0.38086333514871734,5255.0,5255.0,2511444355.0,2511.444355,5581.0,0.9415875291166458,-0.2177278362589019,0.14144852490959803,135.35175383561594,2.575675620087839,-0.05841247088335422,-0.05841247088335422,18.18132372572506,25.03844455521546,18.89203629985275,,0,,False,False,False,False,False,False,False,False,False,7282.T,2026-09-24,True,,5255.0,10.646919,1.059799,493.57,4958.488,616208728064.0,1793255400.0,1793255400.0,1793255400.0,True,,,True,1793255400.0,2026-10-29,25.0
6,True,47.916666666666664,False,False,True,False,0.4128179841321617,1042.0,1042.0,2467685759.67041,2467.6857596704103,1123.5,0.9274588340008901,-0.23119280329049186,0.08338060084113041,30.16606678824332,2.895016006549263,-0.07254116599910987,-0.07254116599910987,42.588974224895644,26.82084579626787,22.468162753304156,,1,macd_sell_like,False,False,True,False,False,False,False,False,False,9504.T,2026-09-24,True,,1042.0,5.4672337,0.48332572,190.59,2155.896,374678552576.0,1785479400.0,1793255400.0,1793255400.0,True,,,True,1793255400.0,2026-10-29,25.0
6,True,42.298850574712645,False,False,False,True,0.16574757091510314,1775.5,1775.5,2280190572.5,2280.1905725,1855.0,0.9571428571428572,-0.1272862182918687,0.05254345153591178,30.688902169238222,1.7284653432406771,-0.03975121687398597,-0.042857142857142816,23.05024937583294,20.333719105505764,22.067146198513356,,2,macd_sell_like;di_bear,False,False,True,False,False,False,True,False,False,9007.T,2026-09-24,True,,1775.5,16.389734,1.1954966,108.33,1485.157,608239681536.0,1794378600.0,1794378600.0,1794378600.0,True,,,True,1794378600.0,2026-11-11,34.0
6,True,46.333333333333336,False,False,False,True,0.48077625162047516,2851.0,2851.0,2253990722.5,2253.9907225,3029.0,0.9412347309343018,-0.1812714671039971,0.11446926008267377,48.419353591699625,1.6983287825920599,-0.015538674033149125,-0.058765269065698233,14.826939748711183,19.170455275932184,20.90185783380652,,1,cross_sma25_down,False,True,False,False,False,False,False,False,False,4613.T,2026-09-24,True,,2851.0,19.218065,1.6815178,148.35,1695.492,505379487744.0,1793946600.0,1793946600.0,1793946600.0,True,,,True,1793946600.0,2026-11-06,31.0
6,True,40.63018242122719,False,False,False,True,0.27053246395491914,4076.0,4076.0,2206780480.0,2206.78048,4386.0,0.9293205654354765,-0.1823973499830821,0.0546874790246783,87.1015496829286,2.1369369402092397,-0.029061457837065263,-0.0429678328246067,9.857306266393005,23.95731863542083,25.225919064432922,,1,cross_sma25_down,False,True,False,False,False,False,False,False,False,4676.T,2026-09-24,True,,4076.0,124.57212,1.0766933,32.72,3785.665,580812079104.0,1785825000.0,1794292200.0,1794292200.0,True,,,True,1794292200.0,2026-11-10,33.0
6,True,52.54691689008043,True,False,True,True,0.46413627099319943,3430.0,3430.0,2196000420.0,2196.00042,4243.0,0.8083902898892293,-0.23908449533067977,0.1025758844814566,105.34133776158312,3.0711760280344933,-0.007810240092565812,-0.16239316239316237,18.85236718300184,26.601726951813294,24.137536278694977,,0,,False,False,False,False,False,False,False,False,False,5991.T,2026-09-24,True,,3430.0,24.936386,1.5322672,137.55,2238.513,694901669888.0,1794465000.0,1794465000.0,1794465000.0,True,,,True,1794465000.0,2026-11-12,35.0
6,True,39.51310861423221,False,True,False,True,0.39570730232910234,2947.0,2947.0,2193600910.0,2193.60091,3198.0,0.9215134459036898,-0.13280409262861703,0.033180363649913724,45.795910243979705,1.5539840598567936,-0.031547814656588846,-0.07848655409631022,12.330591502969813,20.408393365938732,20.141328227916627,,2,cross_sma25_down;vol_distribution,False,True,False,False,False,False,False,True,False,9001.T,2026-09-24,True,,2947.0,10.414164,0.91874486,282.98,3207.637,576230850560.0,1793860200.0,1793860200.0,1793860200.0,True,,,True,1793860200.0,2026-11-05,30.0
6,True,39.297658862876254,False,False,True,False,0.4107723453375561,1721.5,1721.5,2051879547.5,2051.8795475,1843.9962158203125,0.9335702455518222,-0.21777189844285227,0.0986646150178292,37.96832464612661,2.20553730154671,-0.0358443013161579,-0.036114221724524054,19.486950531754836,24.525104348584776,21.55113999164379,,0,,False,False,False,False,False,False,False,False,False,6592.T,2026-09-24,True,,1721.5,14.065692,1.2063694,122.39,1427.009,406087106560.0,1786689000.0,1793341800.0,1793341800.0,True,,,True,1793341800.0,2026-10-30,26.0
6,True,42.480620155038764,False,False,False,False,0.3779813512058074,2013.5,2013.5,1922628790.0,1922.62879,2173.5,0.9263860133425351,-0.13782788771283938,0.006861707938818684,39.54916468824918,1.9641998851874436,-0.03406092588150633,-0.07361398665746488,11.665343913947108,18.356060719711863,24.00711538671078,,2,cross_sma25_down;macd_sell_like,False,True,True,False,False,False,False,False,False,2002.T,2026-09-24,True,,2013.5,17.772972,1.0914894,113.29,1844.727,563003457536.0,1793169000.0,1793169000.0,1793169000.0,True,,,True,1793169000.0,2026-10-28,24.0
6,True,44.11764705882352,True,False,True,True,0.3643170604116081,1702.0,1702.0,1868989045.0,1868.989045,1887.0,0.9019607843137255,-0.19190283400809716,0.17287261113438568,46.07940784442361,2.707368263479648,-0.0240825688073395,-0.0980392156862745,7.300116110397938,16.481259781333495,18.23087661795658,,0,,False,False,False,False,False,False,False,False,False,7173.T,2026-09-24,True,,1702.0,13.266818,1.2325616,128.29,1380.864,487206289408.0,1793341800.0,1793341800.0,1793341800.0,True,,,True,1793341800.0,2026-10-30,26.0
6,True,40.78947368421053,True,False,True,True,0.24955333596602972,4560.0,4560.0,1804387975.0,1804.387975,5580.0,0.8172043010752689,-0.242657477188034,0.062359503987085896,153.11058969778057,3.3576883705653633,-0.07033639143730885,-0.18279569892473113,30.164196355215193,19.748630203422287,31.689400025204872,,1,di_bear,False,False,False,False,False,False,True,False,False,6103.T,2026-09-24,True,,4560.0,21.913595,1.0633065,208.09,4288.51,265486614528.0,1793773800.0,1793773800.0,1793773800.0,True,,,True,1793773800.0,2026-11-04,29.0
6,True,53.1400966183575,True,False,True,False,0.6357894503957052,3443.0,3443.0,1781627175.0,1781.627175,3632.0,0.9479625550660793,-0.2765229996583306,0.1894019767049897,83.95406605453458,2.4383986655397787,-0.0014501160092806886,-0.05203744493392071,18.02173174893,25.346551534583366,17.932476242549548,,0,ext_dev200,False,False,False,False,False,True,False,False,False,3774.T,2026-09-24,True,,3443.0,24.72354,3.792059,139.26,907.95,610547204096.0,1793946600.0,1793946600.0,1793946600.0,True,,,True,1793946600.0,2026-11-06,31.0
6,True,54.285714285714285,True,True,False,True,0.6621055277685028,2400.0,2400.0,1677373490.0,1677.37349,4405.0,0.5448354143019296,-0.5296254256526673,0.1380932957026848,120.19358442133382,5.008066017555576,0.0,-0.3513513513513513,24.85714331292885,28.623528805472525,23.244813484987638,,0,,False,False,False,False,False,False,False,False,False,4047.T,2026-09-24,True,,2400.0,36.32511,1.8087026,66.07,1326.918,137649471488.0,,1754548200.0,1754980200.0,True,,,True,1754548200.0,2025-08-07,-295.0
6,True,67.43330266789329,True,True,False,False,0.38629298616988234,3122.0,3122.0,1673207765.0,1673.207765,3122.0,1.0,-0.16313418149915282,0.11116185320715011,70.97323530656186,2.273325922695767,0.0,0.0,25.01225086039093,32.31778103242205,10.293747632897336,,0,,False,False,False,False,False,False,False,False,False,7459.T,2026-09-24,True,,3122.0,15.107671,0.98359674,206.65,3174.065,639069126656.0,1793860200.0,1793860200.0,1793860200.0,True,,,True,1793860200.0,2026-11-05,30.0
6,True,41.46141215106732,False,False,True,False,0.3490012894466563,2634.5,2634.5,1669379825.0,1669.379825,2777.0,0.9486856319769535,-0.3234310040017354,0.23097941307232306,71.22895004749621,2.703698995919386,-0.05131436802304645,-0.05131436802304645,18.290376656373724,25.38668521194137,22.876918124741387,,0,ext_dev200,False,False,False,False,False,True,False,False,False,2222.T,2026-09-24,True,,2634.5,32.40866,8.984875,81.29,293.215,406853844992.0,1793773800.0,1793773800.0,1793773800.0,True,,,True,1793773800.0,2026-11-04,29.0
6,True,48.06701030927835,True,False,True,True,0.45249497630667174,3410.0,3410.0,1661729560.0,1661.72956,4063.0,0.8392813192222496,-0.21560423332512924,0.10916557090568224,98.73000645073981,2.895308107059819,-0.019551466359976954,-0.14643304130162704,8.750218900890005,25.18734375105228,20.59226041485827,,0,,False,False,False,False,False,False,False,False,False,5393.T,2026-09-24,True,,3410.0,20.591787,2.6433432,165.6,1290.033,640104857600.0,1794292200.0,1794292200.0,1794292200.0,True,,,True,1794292200.0,2026-11-10,33.0
6,True,36.928104575163395,False,True,False,True,0.4525537560320842,1884.5,1884.5,1614090637.5,1614.0906375,2138.5,0.8812251578209025,-0.1716156184241291,0.05690064766039549,38.04133549580069,2.0186434330485907,-0.045097542437294136,-0.04967221381744835,15.4057225730803,17.864574835955697,25.628125850360874,,0,,False,False,False,False,False,False,False,False,False,8282.T,2026-09-24,True,,1884.5,20.661112,1.1450609,91.21,1645.764,291174973440.0,1785997800.0,1793860200.0,1793860200.0,True,,,True,1793860200.0,2026-11-05,30.0
6,True,38.99456521739131,False,False,True,True,0.44037282620865725,5701.0,5701.0,1591278615.0,1591.278615,6174.7509765625,0.9232760999818913,-0.3837938812569527,0.033544585734732735,132.0354108399028,2.316004399928132,-0.042653232577665845,-0.05596953137936744,16.33447240812367,20.02216949506842,19.98164552756256,,1,cross_sma25_down,False,True,False,False,False,False,False,False,False,4922.T,2026-09-24,True,,5701.0,23.71267,1.1374909,240.42,5011.908,323534290944.0,1794292200.0,1794292200.0,1794292200.0,True,,,True,1794292200.0,2026-11-10,33.0
6,True,41.396933560477,False,False,True,False,0.3537069482501607,3679.0,3679.0,1541879550.0,1541.87955,3805.304443359375,0.9668083210583089,-0.13762661816837063,0.05429252812481811,74.1395405223502,2.0152090383895134,-0.0267195767195767,-0.0267195767195767,14.06899482500157,24.41898294506514,19.669187113066727,,0,,False,False,False,False,False,False,False,False,False,8060.T,2026-09-24,True,,3679.0,17.374262,1.9461437,211.75,1890.405,757499232256.0,1784874600.0,1792737000.0,1792737000.0,True,,,True,1792737000.0,2026-10-23,21.0
6,True,41.90231362467867,False,True,False,True,0.37363147107686123,1860.0,1860.0,1503494102.5,1503.4941025,1994.5,0.9325645525194284,-0.13736715205249883,0.046112017001297634,26.20610053807083,1.408930136455421,-0.032006245120999255,-0.06743544748057162,13.315922656645968,21.259064575672472,23.28112039741186,,1,vol_distribution,False,False,False,False,False,False,False,True,False,9048.T,2026-09-24,True,,1860.0,17.882896,0.7343672,104.01,2532.793,364802310144.0,1786343400.0,1793946600.0,1793946600.0,True,,,True,1793946600.0,2026-11-06,31.0
6,True,38.56209150326797,False,False,True,True,0.27830498925429514,7300.0,7300.0,1497842900.0,1497.8429,7817.4453125,0.933808898966954,-0.1893333417866493,0.05705745853853772,211.64852383397346,2.899294847040732,-0.04575163398692805,-0.06619110103304604,14.00999492787444,18.417294228346254,22.55681179207773,,0,,False,False,False,False,False,False,False,False,False,6432.T,2026-09-24,True,,7300.0,11.923234,1.8095918,612.25,4034.059,337208279040.0,1791873000.0,1791873000.0,1791873000.0,True,,,True,1791873000.0,2026-10-13,13.0
6,True,57.73672055427252,True,False,True,False,0.5842869696971014,3482.0,3482.0,1424716510.0,1424.71651,3582.686279296875,0.9718964286996864,-0.17101309786385166,0.06578293131247026,47.0912060323907,1.3524183237332195,0.0,0.0,25.65104695589981,34.39665014839495,15.47509161555892,,0,,False,False,False,False,False,False,False,False,False,9744.T,2026-09-24,True,,3482.0,17.865572,6.093101,194.9,571.466,268833767424.0,1793255400.0,1793255400.0,1793255400.0,True,,,True,1793255400.0,2026-10-29,25.0
6,True,48.499399759903966,False,False,False,True,0.5224715215796766,4313.0,4313.0,1363346815.0,1363.346815,5080.15966796875,0.8489890637088006,-0.3278187209347344,0.038308312854026916,98.46120095741529,2.2828935997545856,-0.03100426870366213,-0.05911867364746948,30.83119819706177,28.819591734192517,12.44171612465733,,0,,False,False,False,False,False,False,False,False,False,3397.T,2026-09-24,True,,4313.0,201.91946,3.9673085,21.36,1087.135,379247099904.0,1786689000.0,1794551400.0,1794551400.0,True,,,True,1794551400.0,2026-11-13,36.0
6,True,53.82775119617225,True,False,True,True,0.34108145655067024,2294.5,2294.5,1335064210.0,1335.06421,2294.5,1.0,-0.17732285278061588,0.20696524104984415,49.25404025361616,2.1466132165446137,0.0,0.0,20.104835631289884,33.4728628866138,22.10072395831145,,0,ext_dev200,False,False,False,False,False,True,False,False,False,8876.T,2026-09-24,True,,2294.5,17.578335,4.4470587,130.53,515.959,348084633600.0,1794465000.0,1794465000.0,1794465000.0,True,,,True,1794465000.0,2026-11-12,35.0
6,True,40.0593471810089,False,False,True,False,0.44666315369754783,2178.0,2178.0,1249028820.0,1249.02882,2315.0,0.9408207343412527,-0.1950839269859691,0.08324642658920367,54.265429472450776,2.4915256874403475,-0.059179265658747315,-0.059179265658747315,15.371486262747663,26.385747329151965,18.57876549703711,,0,,False,False,False,False,False,False,False,False,False,8117.T,2026-09-24,True,,2178.0,12.474226,1.8990388,174.6,1146.896,121066020864.0,,1754284800.0,1754630400.0,True,,,True,1754284800.0,2025-08-04,-298.0
6,True,35.5899419729207,False,False,True,True,0.3450769937519751,1718.0,1718.0,1244755992.5,1244.7559925,1935.0,0.8878552971576228,-0.1791937581274382,0.06827217670242391,34.673343718048834,2.018238866009827,-0.041562064156206446,-0.11214470284237721,11.872715908048596,19.72845966691016,24.783871905711568,,1,cross_sma25_down,False,True,False,False,False,False,False,False,False,5463.T,2026-09-24,True,,1718.0,14.571671,1.0796924,117.9,1591.194,379286224896.0,1794205800.0,1794205800.0,1794205800.0,True,,,True,1794205800.0,2026-11-09,32.0
6,True,44.166666666666664,False,False,True,True,0.3012044955078433,750.0,750.0,1244526615.0,1244.526615,814.953125,0.9202983300419886,-0.16321071128215692,0.003263160784996888,14.399030427644433,1.9198707236859243,-0.0414820335214513,-0.0733539023429034,6.988381921177125,20.48792107201453,23.995287504167116,,1,macd_sell_like,False,False,True,False,False,False,False,False,False,3387.T,2026-09-24,True,,750.0,67.50675,6.948047,11.11,107.944,338250760192.0,1791959400.0,1791959400.0,1791959400.0,True,,,True,1791959400.0,2026-10-14,14.0
6,True,58.949880668257755,True,False,True,False,0.34387495986876093,5885.0,5885.0,1233936865.0,1233.936865,6067.66943359375,0.9698946299575257,-0.19181972542760317,0.056839551147971346,94.52526533136357,1.6062067176102564,-0.004735328936242178,-0.004735328936242178,36.72907119787294,27.199848368030427,7.569043381442821,,0,,False,False,False,False,False,False,False,False,False,4967.T,2026-09-24,True,,5885.0,271.44833,2.086361,21.68,2820.701,437482815488.0,1794378600.0,1794378600.0,1794378600.0,True,,,True,1794378600.0,2026-11-11,34.0
6,True,35.66308243727599,False,False,False,True,0.2772761559747757,3702.0,3702.0,1221754230.0,1221.75423,3862.0,0.9585706887622993,-0.13616572829297324,0.13001314721365942,80.201916572117,2.166448313671448,-0.04142931123770066,-0.04142931123770066,7.969332663076233,21.84948586663051,26.18081677532092,,1,macd_sell_like,False,False,True,False,False,False,False,False,False,3107.T,2026-09-24,True,,3702.0,10.22313,1.8825315,362.12,1966.501,316719595520.0,1785997800.0,1793860200.0,1793860200.0,True,,,True,1793860200.0,2026-11-05,30.0
6,True,52.12355212355212,True,False,False,False,0.43095082828747255,2131.5,2131.5,1201341087.5,1201.3410875,2180.5,0.9775280898876404,-0.12772299931208442,0.1280802204471443,42.91540431333835,2.0133898340763947,0.0,-0.004437178888369919,13.85897171609442,19.3164206513489,20.562450619658662,,0,,False,False,False,False,False,False,False,False,False,4272.T,2026-09-24,True,,2131.5,13.216965,1.1108158,161.27,1918.86,307337527296.0,1794292200.0,1794292200.0,1794292200.0,True,,,True,1794292200.0,2026-11-10,33.0
6,True,40.17595307917888,False,True,False,False,0.5065883431242197,3877.0,3877.0,1192173025.0,1192.173025,4596.287109375,0.8435069236845807,-0.3211912298437215,0.011781425626863129,109.31813395064867,2.819657826944768,-0.04928886709171165,-0.04928886709171165,12.939327990896404,22.4397495696367,25.56164767955993,,1,cross_sma25_down,False,True,False,False,False,False,False,False,False,2327.T,2026-09-24,True,,3877.0,23.034876,2.5672233,168.31,1510.192,709418942464.0,1793601000.0,1793601000.0,1793601000.0,True,,,True,1793601000.0,2026-11-02,27.0
6,True,36.666666666666664,False,False,True,True,0.374382994222994,1309.5,1309.5,1169813012.5,1169.8130125,1392.5,0.940394973070018,-0.18994352802938053,0.1279483783236426,38.55652260750218,2.9443698058420913,-0.04936479128856619,-0.05960502692998204,14.154591759855059,18.325630260970694,25.813962796108243,,2,cross_sma25_down;macd_sell_like,False,True,True,False,False,False,False,False,False,2433.T,2026-09-24,True,,1309.5,28.393322,1.2247796,46.12,1069.172,470152445952.0,1785911400.0,1794465000.0,1794465000.0,True,,,True,1794465000.0,2026-11-12,35.0
6,True,46.894409937888206,False,False,True,True,0.46142355036323096,3000.0,3000.0,1154568960.0,1154.56896,3135.0,0.9569377990430622,-0.38134426765081697,0.13314161959744486,91.51432554063533,3.0504775180211774,-0.0430622009569378,-0.0430622009569378,31.83533220226859,24.87160834854012,17.681684226832193,,2,cross_sma25_down;macd_sell_like,False,True,True,False,False,False,False,False,False,4816.T,2026-09-24,True,,3000.0,24.439919,3.6388733,122.75,824.431,612938940416.0,1793341800.0,1793341800.0,1793341800.0,True,,,True,1793341800.0,2026-10-30,26.0
6,True,40.33816425120773,True,False,False,True,0.4218689218080788,3540.0,3540.0,1132357860.0,1132.35786,4101.0,0.8632040965618142,-0.1753230919287978,0.14934012591648305,108.63380921171233,3.0687516726472412,-0.0625,-0.13679590343818582,15.856625093069308,21.718152705011505,25.155689258650472,,0,,False,False,False,False,False,False,False,False,False,6136.T,2026-09-24,True,,3540.0,16.160694,1.5175762,219.05,2332.667,290888974336.0,1791527400.0,1791527400.0,1791527400.0,True,,,True,1791527400.0,2026-10-09,11.0
6,True,42.82639885222382,False,False,True,False,0.4156277816279366,3003.0,3003.0,1129288412.5,1129.2884125,3253.59375,0.9229793977812996,-0.15570282860298712,0.02560260866838493,62.92321772271598,2.0953452455116874,-0.032226877215597804,-0.035645472061657024,11.888436962979181,21.256879458171742,16.43036558321471,,1,cross_sma25_down,False,True,False,False,False,False,False,False,False,7240.T,2026-09-24,True,,3003.0,10.544612,0.75477636,284.79,3978.662,471968448512.0,1785997800.0,1794292200.0,1794292200.0,True,,,True,1794292200.0,2026-11-10,33.0
6,True,45.40389972144847,False,True,False,True,0.23787392837324295,1548.5,1548.5,1125233327.5,1125.2333275,1651.5,0.937632455343627,-0.11909146715776553,0.014312588110616531,22.562020200278933,1.4570242299179164,-0.023644388398486704,-0.06236754465637295,10.611201171475981,17.75819347601544,20.03028592338262,,2,macd_sell_like;vol_distribution,False,False,True,False,False,False,False,True,False,9006.T,2026-09-24,True,,1548.5,15.1977625,1.0919733,101.89,1418.075,408039784448.0,1785911400.0,1794292200.0,1794292200.0,True,,,True,1794292200.0,2026-11-10,33.0
6,False,51.312656639322235,True,False,True,True,0.42219492078819704,387.0,387.0,1117927912.1977234,1117.9279121977233,479.3999938964844,0.80725908411998,-0.2533018466868412,0.016581121658659104,10.354307429676657,2.6755316355753638,-0.029101871364505483,-0.06589425198489485,10.593701769420749,25.653974216829468,22.323546816494634,,1,trend_break,True,False,False,False,False,False,False,False,False,6472.T,2026-09-24,True,,387.0,16.538462,0.7671463,23.4,504.467,230073942016.0,1793341800.0,1793341800.0,1793341800.0,True,,,True,1793341800.0,2026-10-30,26.0
6,True,45.9016393442623,True,False,True,True,0.42911398712786164,1181.0,1181.0,1093099395.0,1093.099395,1453.0,0.8128011011699932,-0.23446557533084833,0.03438047196367999,30.121600181589095,2.5505165268068666,-0.019102990033222578,-0.12647928994082835,13.039626111445756,25.29598512021291,21.316059199797248,,0,,False,False,False,False,False,False,False,False,False,7004.T,2026-09-24,True,,1181.0,17.837185,1.011746,66.21,1167.289,198703890432.0,1785997800.0,1793860200.0,1793860200.0,True,,,True,1793860200.0,2026-11-05,30.0
6,True,53.6231884057971,True,False,True,True,0.34713787626239895,2518.0,2518.0,1093066375.0,1093.066375,3125.0,0.80576,-0.29503999999999997,0.07292700011559372,75.99262529884086,3.017975587722036,-0.005136309758988489,-0.19294871794871793,9.982188078516792,32.9584020101641,23.58925172756993,,0,,False,False,False,False,False,False,False,False,False,1961.T,2026-09-24,True,,2518.0,49.247017,3.2437627,51.13,776.259,385073348608.0,,1754546400.0,1754978400.0,True,,,True,1754546400.0,2025-08-07,-295.0
6,True,35.8739837398374,False,False,True,True,0.5752699778337623,3924.0,3924.0,1088860090.0,1088.86009,4343.0,0.903522910430578,-0.32731704760192315,0.11087505320646418,105.16383146331809,2.680016092337362,-0.07865696172810521,-0.09647708956942203,14.485416189035316,21.305534949158922,24.3361471632102,,1,macd_sell_like,False,False,True,False,False,False,False,False,False,9449.T,2026-09-24,True,,3924.0,21.87291,2.4538527,179.4,1599.118,368034316288.0,1794551400.0,1794551400.0,1794551400.0,True,,,True,1794551400.0,2026-11-13,36.0
6,True,37.38317757009346,False,True,False,True,0.33519752729234786,716.0,716.0,1088578855.0,1088.578855,840.2625732421875,0.8521145922723712,-0.3818352225353071,0.029494095279074095,15.97191024288035,2.2307137210726746,-0.06405228758169934,-0.06770833333333337,12.127876706310376,20.367008665069513,19.20310354048669,,0,,False,False,False,False,False,False,False,False,False,8698.T,2026-09-24,True,,716.0,16.4863,1.3814152,43.43,518.309,179976388608.0,1794205800.0,1794205800.0,1794205800.0,True,,,True,1794205800.0,2026-11-09,32.0
6,True,45.05723204994796,False,False,True,True,0.3014636516485941,3976.0,3976.0,1054302840.0,1054.30284,4711.6865234375,0.8438591956875845,-0.27329630632940405,0.022088375656236003,109.37513256651046,2.750883615857909,-0.05737316263632053,-0.05737316263632053,13.198302678031762,19.566184327891722,19.01983181820474,,2,cross_sma25_down;macd_sell_like,False,True,True,False,False,False,False,False,False,3549.T,2026-09-24,True,,3976.0,22.488688,2.6771219,176.8,1485.177,377573146624.0,1790836200.0,1790836200.0,1790836200.0,True,,,True,1790836200.0,2026-10-01,5.0
6,True,50.522648083623686,True,False,True,True,0.3859467495904451,10870.0,10870.0,993897950.0,993.89795,13110.0,0.8291380625476735,-0.33943554538520215,0.13586027426307834,385.4125562507847,3.545653691359565,-0.026857654431513,-0.07803223070398646,12.890483972397382,21.516035208457755,19.928460139864416,,0,,False,False,False,False,False,False,False,False,False,6875.T,2026-09-24,True,,10870.0,18.799723,0.45530602,578.2,23874.053,150015787008.0,1793946600.0,1793946600.0,1793946600.0,True,,,True,1793946600.0,2026-11-06,31.0
6,True,52.64483627204031,True,True,False,True,0.39947524644819343,10010.0,10010.0,947961300.0,947.9613,11300.0,0.8858407079646018,-0.2429078014184397,0.21758811667381828,476.5455872088961,4.760695176912049,-0.028155339805825297,-0.11415929203539821,12.07833609878529,28.441815176596858,21.93547546963225,,0,ext_dev200,False,False,False,False,False,True,False,False,False,6490.T,2026-09-24,True,,10010.0,25.800299,2.7339284,387.98,3661.398,228840751104.0,1785997800.0,1793860200.0,1793860200.0,True,,,True,1793860200.0,2026-11-05,30.0
6,True,40.94827586206896,False,False,True,True,0.3814581531518153,1907.0,1907.0,935403255.0,935.403255,1958.0,0.973953013278856,-0.15942033820740564,0.14986583913832918,40.300547793515356,2.113295636786332,-0.026046986721144028,-0.026046986721144028,24.993975666400353,16.53893148234373,14.369770266834195,,1,macd_sell_like,False,False,True,False,False,False,False,False,False,8078.T,2026-09-24,True,,1907.0,9.8752,0.8444076,193.11,2258.388,366486159360.0,1793946600.0,1793946600.0,1793946600.0,True,,,True,1793946600.0,2026-11-06,31.0
6,True,50.303030303030305,False,False,True,True,0.36863970441497257,4105.0,4105.0,929463375.0,929.463375,4310.0,0.9524361948955916,-0.2713792962902324,0.16937738580187944,133.27126648155183,3.2465594757990703,-0.00725513905683195,-0.047563805104408385,21.615666684540418,33.216319780776985,19.254065732583246,,0,,False,False,False,False,False,False,False,False,False,8022.T,2026-09-24,True,,4105.0,17.11201,1.7520213,239.89,2343.008,312217731072.0,1794465000.0,1794465000.0,1794465000.0,True,,,True,1794465000.0,2026-11-12,35.0
6,True,39.47939262472886,False,False,True,True,0.45305598578748674,2702.5,2702.5,867258535.0,867.258535,2937.409423828125,0.920028368560899,-0.15904118615363072,0.0002313610613791095,39.39535879807673,1.4577376058492777,-0.02189648932319943,-0.05655437249083606,15.150649311633767,18.900393686848325,19.001953016007004,,2,cross_sma25_down;macd_sell_like,False,True,True,False,False,False,False,False,False,2811.T,2026-09-24,True,,2702.5,18.487482,1.2667228,146.18,2133.458,244415397888.0,1793255400.0,1793255400.0,1793255400.0,True,,,True,1793255400.0,2026-10-29,25.0
6,True,32.6196680733959,False,False,True,True,0.39501526231111256,896.7000122070312,896.7000122070312,841113815.8718872,841.1138158718873,948.6768188476562,0.9452112609816266,-0.18664314586497788,0.040546944157013876,15.876456554747593,1.770542694169387,-0.03528777600104227,-0.03528777600104227,28.065565259816335,17.88040769080275,14.868628492482983,,2,cross_sma25_down;macd_sell_like,False,True,True,False,False,False,False,False,False,7984.T,2026-09-24,True,,896.7,17.227667,1.482384,52.05,604.904,371628408832.0,1793255400.0,1793255400.0,1793255400.0,True,,,True,1793255400.0,2026-10-29,25.0
6,True,40.469208211143695,False,False,True,False,0.5219496490686317,3060.0,3060.0,831569030.0,831.56903,3345.0,0.9147982062780269,-0.25324281402324744,0.13769664976159657,86.78887637722826,2.836237790105499,-0.06134969325153372,-0.08520179372197312,14.981871956293965,17.095264894001467,22.926850519675785,,0,,False,False,False,False,False,False,False,False,False,7716.T,2026-09-24,True,,3060.0,111.51603,2.0829575,27.44,1469.065,250330595328.0,1794551400.0,1794551400.0,1794551400.0,True,,,True,1794551400.0,2026-11-13,36.0
6,True,37.220843672456574,True,False,True,True,0.35529199756053936,1670.0,1670.0,815565680.0,815.56568,1915.0,0.8720626631853786,-0.2876489346397535,0.10674649929867797,53.0858413071618,3.1787928926444193,-0.05809362662154538,-0.0834248079034029,13.036009494445816,22.02365215482839,16.648969054619954,,0,,False,False,False,False,False,False,False,False,False,3101.T,2026-09-24,True,,1670.0,13.177622,0.6916151,126.73,2414.638,147368755200.0,1794205800.0,1794205800.0,1794205800.0,True,,,True,1794205800.0,2026-11-09,32.0
6,True,51.55875299760192,False,False,False,True,0.36584201325694693,4500.0,4500.0,780238775.0,780.238775,4591.0,0.980178610324548,-0.10797260400927322,0.041069288185169306,61.20833797287348,1.3601852882860774,-0.016393442622950838,-0.019821389675451995,12.82164107725345,21.394206611951834,16.20268598716065,,0,,False,False,False,False,False,False,False,False,False,8424.T,2026-09-24,True,,4500.0,18.826088,0.79421574,239.03,5665.967,405906653184.0,1793946600.0,1793946600.0,1793946600.0,True,,,True,1793946600.0,2026-11-06,31.0
6,True,43.98976982097187,False,False,True,False,0.3123814485927177,3557.0,3557.0,764340320.0,764.34032,3888.0244140625,0.9148605104265225,-0.25365794204308756,0.0795096738421277,77.60210416415151,2.1816728750112877,-0.03604336043360434,-0.03604336043360434,21.144180034848763,31.55555310709783,23.218884995049414,,0,,False,False,False,False,False,False,False,False,False,4544.T,2026-09-24,True,,3557.0,29.307077,1.45486,121.37,2444.909,194197864448.0,1794378600.0,1794378600.0,1794378600.0,True,,,True,1794378600.0,2026-11-11,34.0
6,True,48.53273137697517,False,True,False,True,0.3792669035654921,3036.0,3036.0,742981405.0,742.981405,3127.0,0.9708986248800767,-0.13543095276094586,0.04749526355763112,57.075607497592216,1.8799607212645657,-0.02910137511992328,-0.02910137511992328,29.77900106578885,25.262568403265114,19.861238884947564,,2,macd_sell_like;vol_distribution,False,False,True,False,False,False,False,True,False,8174.T,2026-09-24,True,,3036.0,22.192982,5.0330396,136.8,603.214,323328540672.0,1793255400.0,1793255400.0,1793255400.0,True,,,True,1793255400.0,2026-10-29,25.0
6,True,41.492537313432834,False,False,True,True,0.2545231294702412,3037.0,3037.0,731287325.0,731.287325,3195.0,0.950547730829421,-0.20745274520927315,0.02163974139724334,46.23852972517602,1.5225067410331254,-0.01937358734258965,-0.04945226917057899,12.741877982211015,22.04612829027675,17.97346078233537,,1,cross_sma25_down,False,True,False,False,False,False,False,False,False,2229.T,2026-09-24,True,,3037.0,21.716124,1.7793595,139.85,1706.794,369262329856.0,1793946600.0,1793946600.0,1793946600.0,True,,,True,1793946600.0,2026-11-06,31.0
6,True,30.47619047619048,True,False,True,True,0.3402877143762075,1318.0,1318.0,714418860.0,714.41886,1590.0,0.8289308176100629,-0.2132450331125828,0.03075710208139082,33.14177310741128,2.5145503116397028,-0.0692090395480226,-0.17106918238993707,13.19027775232655,19.434990583852535,21.167906185930864,,0,,False,False,False,False,False,False,False,False,False,3863.T,2026-09-24,True,,1318.0,12.959685,0.29495144,101.7,4468.532,151976607744.0,1785911400.0,1793860200.0,1793860200.0,True,,,True,1793860200.0,2026-11-05,30.0
6,True,45.028142589118204,True,False,True,True,0.4304412025448951,1688.0,1688.0,714302200.0,714.3022,2067.004638671875,0.8166406443502714,-0.27431222362238916,0.141581740163093,74.0172139006564,4.384906036768744,-0.052749719416386065,-0.14314720812182746,12.051087731406437,21.00352935392494,21.75631240281481,,0,,False,False,False,False,False,False,False,False,False,6143.T,2026-09-24,True,,1688.0,13.125972,0.8837035,128.6,1910.143,84282916864.0,,1754460000.0,1754978400.0,True,,,True,1754460000.0,2025-08-06,-296.0
6,True,52.97029702970298,False,False,True,True,0.22693634106566704,1880.0,1880.0,700748825.0,700.748825,2002.6407470703125,0.9387604854990965,-0.127926304337053,0.012617934391973007,27.701575643318694,1.473488066133973,-0.010948375879382244,-0.0471573867334093,9.449537567600741,18.648217161901727,19.378613041259133,,0,,False,False,False,False,False,False,False,False,False,9842.T,2026-09-24,True,,1880.0,14.524103,0.9249024,129.44,2032.647,118107267072.0,,1751522400.0,1751868000.0,True,,,True,1751522400.0,2025-07-03,-320.0
6,True,40.41450777202073,False,False,True,True,0.28768579603759353,1602.0,1602.0,693583125.0,693.583125,1673.817138671875,0.9570937965608001,-0.14449125598683765,0.04842203667157663,26.053003378483346,1.6262798613285483,-0.04290620343919993,-0.04290620343919993,15.8570414516611,20.022447494924837,21.759340977154537,,1,cross_sma25_down,False,True,False,False,False,False,False,False,False,3612.T,2026-09-24,True,,1602.0,9.346012,1.229194,171.41,1303.293,122073694208.0,,1751349600.0,1751868000.0,True,,,True,1751349600.0,2025-07-01,-322.0
6,True,37.17948717948718,False,False,False,True,0.5917320420343721,4110.0,4110.0,688248825.0,688.248825,4501.83984375,0.9129600658064281,-0.20365892070169223,0.022709130501248564,51.02608608948123,1.241510610449665,-0.028368794326241176,-0.030660377358490587,16.644962539750217,22.34028598485127,22.178084664287397,,0,,False,False,False,False,False,False,False,False,False,3002.T,2026-09-24,True,,4110.0,258.65323,1.193707,15.89,3443.056,128827768832.0,1785911400.0,1793860200.0,1793860200.0,True,,,True,1793860200.0,2026-11-05,30.0
6,True,45.483193277310924,False,False,True,False,0.38818561143106145,3118.0,3118.0,678878857.5,678.8788575,3161.0,0.9863967099019297,-0.11563206012272254,0.14704121469297582,60.14509703908309,1.9289639845761093,-0.013603290098070264,-0.013603290098070264,29.471679292037805,25.80479341278797,12.524356411323968,,0,,False,False,False,False,False,False,False,False,False,9934.T,2026-09-24,True,,3118.0,15.139597,1.6865422,205.95,1848.753,350133157888.0,1793341800.0,1793341800.0,1793341800.0,True,,,True,1793341800.0,2026-10-30,26.0
6,True,52.81690140845071,True,False,False,True,0.4100038606984506,3695.0,3695.0,663799350.0,663.79935,4540.0,0.8138766519823789,-0.31497797356828194,0.09098276232717639,114.26506759230969,3.0924240214427523,-0.0013513513513513375,-0.1107099879663056,10.801013076158965,26.262006173792614,20.571065699365164,,0,,False,False,False,False,False,False,False,False,False,5331.T,2026-09-24,True,,3695.0,14.5061245,1.1314539,254.72,3265.71,203277729792.0,,1754287800.0,1754633400.0,True,,,True,1754287800.0,2025-08-04,-298.0
6,True,45.777777777777786,True,True,False,True,0.2777620786927388,1882.5,1882.5,651659592.5,651.6595925,1901.5,0.9900078885090717,-0.17385138633785524,0.104193323980448,31.1664020999415,1.6555857689211952,-0.009992111490928268,-0.009992111490928268,19.07419741079384,26.455288470018356,17.13442601201439,,0,,False,False,False,False,False,False,False,False,False,7458.T,2026-09-24,True,,1882.5,12.273438,1.5747445,153.38,1195.432,194607005696.0,1794205800.0,1794205800.0,1794205800.0,True,,,True,1794205800.0,2026-11-09,32.0
6,True,37.64434180138568,False,False,True,False,0.26928608544012717,1712.0,1712.0,616036145.0,616.036145,1902.0,0.900105152471083,-0.3069386165368785,0.0409500883765237,43.65601567960116,2.550000915864554,-0.05882352941176472,-0.05882352941176472,15.510106447928061,24.664598340522268,21.32988953936031,,0,,False,False,False,False,False,False,False,False,False,5423.T,2026-09-24,True,,1712.0,15.204263,0.80298644,112.6,2132.041,173932593152.0,1792737000.0,1792737000.0,1792737000.0,True,,,True,1792737000.0,2026-10-23,21.0
6,True,43.77224199288257,False,True,False,True,0.44258310558828917,2197.0,2197.0,614822155.0,614.822155,2250.0,0.9764444444444444,-0.20976023909939778,0.0966490663484234,31.99442009890481,1.4562776558445523,-0.023555555555555552,-0.023555555555555552,22.07788986146898,26.930890325671484,23.335345510281194,,2,macd_sell_like;vol_distribution,False,False,True,False,False,False,False,True,False,6412.T,2026-09-24,True,,2197.0,18.580853,0.85781544,118.24,2561.157,216683364352.0,1794465000.0,1794465000.0,1794465000.0,True,,,True,1794465000.0,2026-11-12,35.0
6,True,49.06367041198502,True,True,False,True,0.5424116400144048,3100.0,3100.0,612042730.0,612.04273,3180.0,0.9748427672955975,-0.19752059506749042,0.25520921561604815,79.83435827129514,2.575301879719198,-0.014308426073131986,-0.02515723270440251,33.35212649539047,33.163488567165814,14.730952081955898,,1,ext_dev200;vol_distribution,False,False,False,False,False,True,False,True,False,6379.T,2026-09-24,True,,3100.0,16.0,1.8954344,193.75,1635.509,167273988096.0,,1754546400.0,1754978400.0,True,,,True,1754546400.0,2025-08-07,-295.0
6,True,34.11764705882352,True,False,True,False,0.46458587511058946,2013.0,2013.0,609599280.0,609.59928,2298.3349609375,0.8758514464657882,-0.16752138840320463,0.0013851536506657158,49.940685026790575,2.480908347083486,-0.0509193776520509,-0.0714944649446494,10.527883412059326,23.64561201869923,22.392756203081188,,0,,False,False,False,False,False,False,False,False,False,7744.T,2026-09-24,True,,2013.0,10.554187,0.9174291,190.73,2194.175,210549555200.0,1794551400.0,1794551400.0,1794551400.0,True,,,True,1794551400.0,2026-11-13,36.0
6,True,43.018867924528294,False,False,False,True,0.25868483149427596,2494.0,2494.0,598499260.0,598.49926,2667.0,0.9351331083614548,-0.1781027371578553,0.10369910087864875,43.651640649428195,1.7502662650131593,-0.023492560689115094,-0.04297774366845741,17.718271272449815,20.68357005628493,15.54821941531932,,1,macd_sell_like,False,False,True,False,False,False,False,False,False,2730.T,2026-09-24,True,,2494.0,17.090387,1.0995052,145.93,2268.293,263714848768.0,1793860200.0,1793860200.0,1793860200.0,True,,,True,1793860200.0,2026-11-05,30.0
6,True,68.60158311345647,True,False,True,True,0.452756387994525,2891.0,2891.0,588313120.0,588.31312,3390.0,0.8528023598820059,-0.2126843657817109,0.03657673651197646,70.52295008291287,2.4393964054968134,0.0,-0.14719764011799408,14.041238529595109,27.5707672919234,23.618218506828388,,0,,False,False,False,False,False,False,False,False,False,3433.T,2026-09-24,True,,2891.0,17.088308,2.5739832,169.18,1123.162,171923996672.0,1793860200.0,1793860200.0,1793860200.0,True,,,True,1793860200.0,2026-11-05,30.0
6,True,40.877598152424945,False,False,False,True,0.36614038084803946,1833.5,1833.5,579175075.0,579.175075,1963.528076171875,0.9337783463604046,-0.13551749549990666,0.016307145582769245,22.727243806311343,1.2395551571481507,-0.021089161772557374,-0.029894179894179862,16.372849416787865,25.811531719516413,20.670384577162064,,1,cross_sma25_down,False,True,False,False,False,False,False,False,False,7313.T,2026-09-24,True,,1833.5,30.376076,0.68724465,60.36,2667.9,214138601472.0,1786084200.0,1794551400.0,1794551400.0,True,,,True,1794551400.0,2026-11-13,36.0
6,True,40.23668639053254,False,False,True,True,0.45229596293558477,500.0,500.0,576769865.0,576.769865,560.0,0.8928571428571429,-0.45537063224937646,0.12711685688770102,18.045342954094917,3.6090685908189832,-0.08592321755027421,-0.1071428571428571,24.65120690878825,28.81950109457439,27.75077272870326,,1,trailing_stop,False,False,False,False,True,False,False,False,False,3660.T,2026-09-24,True,,500.0,16.616816,2.1159453,30.09,236.301,48736149504.0,,1754978400.0,1755496800.0,True,,,True,1754978400.0,2025-08-12,-292.0
6,True,44.68469310605539,False,False,False,True,0.42189269855737027,482.0,482.0,564345273.3125305,564.3452733125305,522.4464721679688,0.9225825528113337,-0.15378889579068955,0.0068022387587487465,6.899534512116012,1.4314386954597536,-0.025672148562058905,-0.025672148562058905,15.930721888596617,19.86812035099579,17.274902438699776,,1,macd_sell_like,False,False,True,False,False,False,False,False,False,8572.T,2026-09-24,True,,482.0,9.47886,1.0549216,50.85,456.906,755107889152.0,1793946600.0,1793946600.0,1793946600.0,True,,,True,1793946600.0,2026-11-06,31.0
6,True,37.61467889908257,False,False,False,True,0.3821722600065375,3650.0,3650.0,559948800.0,559.9488,4005.0,0.9113607990012484,-0.10986267166042452,0.07079377448876545,80.05161188345295,2.1931948461219983,-0.04450261780104714,-0.08863920099875156,19.151697657177014,19.96735240041791,23.913583682149337,,1,macd_sell_like,False,False,True,False,False,False,False,False,False,2270.T,2026-09-24,True,,3650.0,6.952381,0.899252,525.0,4058.929,217449283584.0,1794292200.0,1794292200.0,1794292200.0,True,,,True,1794292200.0,2026-11-10,33.0
6,True,49.03846153846154,True,False,True,True,0.40646822920640097,6900.0,6900.0,559044600.0,559.0446,8600.0,0.8023255813953488,-0.2441860465116279,0.13319520502641202,290.0444967457145,4.203543431097312,-0.04299583911234395,-0.19298245614035092,14.416104564228316,23.6160402305753,22.28583447329269,,0,,False,False,False,False,False,False,False,False,False,6617.T,2026-09-24,True,,6900.0,16.77893,1.5460479,411.23,4462.992,107575468032.0,,1753340400.0,1753686000.0,True,,,True,1753340400.0,2025-07-24,-305.0
6,True,47.6319350473613,True,False,True,False,0.4780848072182608,2771.0,2771.0,549853910.0,549.85391,2813.0,0.9850693210095983,-0.18324443019901304,0.11285189117710237,87.09967705805282,3.1432579234230538,-0.01493067899040168,-0.01493067899040168,15.002843113601282,31.826127490723934,19.299447466323493,,0,,False,False,False,False,False,False,False,False,False,7287.T,2026-09-24,True,,2771.0,19.391184,0.68196774,142.9,4063.242,159283789824.0,,1754456400.0,1754888400.0,True,,,True,1754456400.0,2025-08-06,-296.0
6,True,44.44444444444444,False,False,True,False,0.44206888820372825,4490.0,4490.0,547353175.0,547.353175,4590.0,0.9782135076252724,-0.1331128530667578,0.13130481960302465,78.88187149076767,1.7568345543600816,-0.02178649237472763,-0.02178649237472763,30.420560176102093,22.27553969735525,18.468986067082795,,1,macd_sell_like,False,False,True,False,False,False,False,False,False,8098.T,2026-09-24,True,,4490.0,11.664458,0.9927092,384.93,4522.976,239684780032.0,1793860200.0,1793860200.0,1793860200.0,True,,,True,1793860200.0,2026-11-05,30.0
6,True,50.78651685393259,True,False,True,True,0.45897477384224195,1406.0,1406.0,538769930.0,538.76993,1713.0,0.8207822533566842,-0.45845070422535217,0.21235115069886956,70.40021980932482,5.007128009198067,-0.04027303754266209,-0.1792177466433158,11.497281886591658,25.17272359713027,21.42062290384306,,0,ext_dev200,False,False,False,False,False,True,False,False,False,4419.T,2026-09-24,True,,1406.0,48.16718,6.3434772,29.19,221.645,72968978432.0,,1747094400.0,1747094400.0,True,,,True,1747094400.0,2025-05-13,-357.0
6,True,46.875,False,False,True,True,0.5075886648698736,2069.0,2069.0,535835945.0,535.835945,2121.0,0.9754832626119755,-0.14737448237293738,0.10692595259788118,36.44928747471866,1.7616861998414044,-0.024516737388024512,-0.024516737388024512,30.071913130258096,26.67679816057072,18.295113550807216,,1,macd_sell_like,False,False,True,False,False,False,False,False,False,2602.T,2026-09-24,True,,2069.0,8.13574,0.89282167,254.31,2317.372,189319249920.0,1794205800.0,1794205800.0,1794205800.0,True,,,True,1794205800.0,2026-11-09,32.0
6,True,42.465753424657535,False,True,False,True,0.31540733437394264,3355.0,3355.0,532936800.0,532.9368,3425.0,0.9795620437956204,-0.18012418829656518,0.07796014244789329,58.181469958916,1.7341719808916838,-0.020437956204379604,-0.020437956204379604,13.501859093524628,18.735407571583902,22.82242250380628,,2,macd_sell_like;vol_distribution,False,False,True,False,False,False,False,True,False,2659.T,2026-09-24,True,,3355.0,19.44364,1.3735358,172.55,2442.601,199421542400.0,1791268200.0,1791268200.0,1791268200.0,True,,,True,1791268200.0,2026-10-06,8.0
6,True,43.47826086956522,False,False,True,True,0.4288871597535217,4745.0,4745.0,529653475.0,529.653475,5202.873046875,0.9119961139259372,-0.2677122878697955,0.0734197913583361,92.03611456067604,1.9396441424800008,-0.02566735112936347,-0.02566735112936347,21.524363091892415,24.218226515691864,17.10966226789783,,0,,False,False,False,False,False,False,False,False,False,7242.T,2026-09-24,True,,4745.0,7.5108824,0.833742,631.75,5691.209,190894456832.0,1785997800.0,1794465000.0,1794465000.0,True,,,True,1794465000.0,2026-11-12,35.0
6,True,46.00638977635783,False,False,True,True,0.43381469359546077,2813.0,2813.0,529329485.0,529.329485,2871.0,0.9797979797979798,-0.2600700896372895,0.09774158459308424,51.20209157415972,1.8201952212641208,-0.02020202020202022,-0.02020202020202022,24.20745880219444,21.225049604936324,18.893630602355003,,1,macd_sell_like,False,False,True,False,False,False,False,False,False,7947.T,2026-09-24,True,,2813.0,15.308844,1.3874879,183.75,2027.405,227506372608.0,1793341800.0,1793341800.0,1793341800.0,True,,,True,1793341800.0,2026-10-30,26.0
6,True,49.02439024390244,False,False,True,True,0.44434508183057325,2956.0,2956.0,521389175.0,521.389175,3485.0,0.848206599713056,-0.35281976950181015,0.09641954287284693,98.36632686764959,3.32768358821548,-0.04798711755233498,-0.10288315629742029,11.604871150266515,27.102863805372753,22.25975663202561,,0,,False,False,False,False,False,False,False,False,False,6363.T,2026-09-24,True,,2956.0,13.173492,1.2614064,224.39,2343.416,77791789056.0,,1754463600.0,1754982000.0,True,,,True,1754463600.0,2025-08-06,-296.0
6,True,39.88439306358381,False,True,False,True,0.23198499659084462,1081.0,1081.0,502769750.0,502.76975,1163.0,0.9294926913155632,-0.17469225774520625,0.05329151827233636,24.191063840223627,2.237841243313934,-0.04589585172109445,-0.07050730868443678,11.241205285148137,14.117105666957194,25.990809046287882,,2,macd_sell_like;vol_distribution,False,False,True,False,False,False,False,True,False,8818.T,2026-09-24,True,,1081.0,22.36706,1.2211378,48.33,885.24,103132438528.0,,1753684200.0,1754029800.0,True,,,True,1753684200.0,2025-07-28,-303.0
6,True,51.45631067961164,True,False,True,True,0.5182319118729573,5420.0,5420.0,494770800.0,494.7708,7680.0,0.7057291666666666,-0.33984375,0.020126205074803893,179.97388273972604,3.320551342061366,-0.019891500904159143,-0.215629522431259,20.641212518624723,22.783923452610193,22.398373680331904,,0,,False,False,False,False,False,False,False,False,False,6516.T,2026-09-24,True,,5420.0,22.251415,1.4423892,243.58,3757.654,192491520000.0,,1753754400.0,1754272800.0,True,,,True,1753754400.0,2025-07-29,-302.0
6,True,54.23728813559322,True,False,True,True,0.5063404728174429,3270.0,3270.0,491314175.0,491.314175,4568.58642578125,0.7157575002952504,-0.34334174284839414,0.029998977450372832,100.88895895086064,3.0852892645523133,-0.0015267175572518665,-0.24480369515011546,28.89996409276645,24.713189036082454,22.692733501270286,,0,,False,False,False,False,False,False,False,False,False,6914.T,2026-09-24,True,,3270.0,15.084417,1.9457337,216.78,1680.6,116539686912.0,,1754289000.0,1754634600.0,True,,,True,1754289000.0,2025-08-04,-298.0
6,True,43.959731543624166,False,False,True,False,0.6124128514872439,1744.0,1744.0,487891485.0,487.891485,1909.0,0.9135673127291776,-0.2739654269250916,0.11300654030775492,42.621868689578335,2.4439144890813265,-0.02732849972113771,-0.02732849972113771,36.44731943996714,25.80118858500428,14.234592756219518,,1,macd_sell_like,False,False,True,False,False,False,False,False,False,9119.T,2026-09-24,True,,1744.0,11.986255,1.100101,145.5,1585.309,184520081408.0,1793860200.0,1793860200.0,1793860200.0,True,,,True,1793860200.0,2026-11-05,30.0
6,True,52.54691689008043,False,False,True,False,0.6058568421002263,2605.0,2605.0,471424095.0,471.424095,2662.0,0.978587528174305,-0.1781762685997711,0.1172437282847636,45.93672814487932,1.763406070820703,-0.021412471825694945,-0.021412471825694945,33.80583682472795,29.944346295444614,17.116774100925344,,0,,False,False,False,False,False,False,False,False,False,9536.T,2026-09-24,True,,2605.0,13.277945,0.76634216,196.19,3399.265,93757923328.0,,1753774200.0,1754292600.0,True,,,True,1753774200.0,2025-07-29,-302.0
6,True,51.2396694214876,False,False,True,True,0.49542694918087904,3710.0,3710.0,460456300.0,460.4563,3917.160888671875,0.9471145315294636,-0.19444444271316907,0.06154380279698013,72.2037422507915,1.9461925134984233,-0.024967148488830526,-0.024967148488830526,24.57055581928888,19.88405710611082,16.129804252634937,,1,macd_sell_like,False,False,True,False,False,False,False,False,False,9948.T,2026-09-24,True,,3710.0,16.025227,1.0089432,231.51,3677.115,197670109184.0,1791873000.0,1791873000.0,1791873000.0,True,,,True,1791873000.0,2026-10-13,13.0
6,True,45.3781512605042,False,False,True,False,0.31703916889033407,2693.0,2693.0,458470875.0,458.470875,2798.0,0.9624731951393852,-0.14616823942759283,0.08145583180148219,50.60059224486188,1.8789674060476005,-0.020371044016005868,-0.024275362318840532,10.32427335521589,22.45509886408795,25.25676677792694,,0,,False,False,False,False,False,False,False,False,False,6371.T,2026-09-24,True,,2693.0,9.106587,0.92341614,295.72,2916.345,272007741440.0,1793341800.0,1793341800.0,1793341800.0,True,,,True,1793341800.0,2026-10-30,26.0
6,True,37.88819875776397,False,False,True,False,0.3610088832558813,1370.0,1370.0,428487575.0,428.487575,1464.6236572265625,0.9353938762632419,-0.20013473691088757,0.07411118637774305,40.19051016683063,2.9336138807905567,-0.05386740331491713,-0.05386740331491713,16.902829187752495,20.336754147138926,17.141534972303717,,1,cross_sma25_down,False,True,False,False,False,False,False,False,False,6395.T,2026-09-24,True,,1370.0,6.885806,0.798419,198.96,1715.891,173573177344.0,1785825000.0,1793946600.0,1793946600.0,True,,,True,1793946600.0,2026-11-06,31.0
6,True,48.40764331210192,True,False,True,True,0.263896910655474,851.0,851.0,419561115.0,419.561115,920.0,0.925,-0.2152173913043478,0.06822229824086601,21.809789903123743,2.5628425268065502,-0.005841121495327117,-0.005841121495327117,15.141367746516636,27.654112294026724,19.44804552408657,,0,,False,False,False,False,False,False,False,False,False,6727.T,2026-09-24,True,,851.0,11.989292,3.0688343,70.98,277.304,112979296256.0,1785393000.0,1793341800.0,1793341800.0,True,,,True,1793341800.0,2026-10-30,26.0
6,True,42.71844660194174,True,False,True,True,0.37598464501809753,4445.0,4445.0,410441200.0,410.4412,4755.0,0.9348054679284963,-0.10410094637223977,0.1728776902985334,84.03274132223653,1.8905003672044216,-0.04099244875943908,-0.06519453207150372,25.823439689392426,20.374116371639513,21.99471672833314,,1,di_bear,False,False,False,False,False,False,True,False,False,3946.T,2026-09-24,True,,4445.0,9.954315,0.71717334,446.54,6197.944,72005107712.0,,1753768800.0,1754287200.0,True,,,True,1753768800.0,2025-07-29,-302.0
6,True,45.270270270270274,True,True,False,False,0.40302267893084953,3195.0,3195.0,405823300.0,405.8233,3345.0,0.9551569506726457,-0.1732309062750349,0.0492644934294435,70.94703755814497,2.2205645558104843,-0.02143950995405819,-0.04484304932735428,13.870039776632485,23.744327113428895,15.87799135725978,,1,vol_distribution,False,False,False,False,False,False,False,True,False,6995.T,2026-09-24,True,,3195.0,9.221844,0.7792725,346.46,4099.978,277033910272.0,1785393000.0,1793860200.0,1793860200.0,True,,,True,1793860200.0,2026-11-05,30.0
6,True,38.46153846153846,False,False,True,True,0.3681709045807359,2007.0,2007.0,402414105.0,402.414105,2316.7275390625,0.8663081722644709,-0.2339756100439695,0.010805670474606677,35.076668511143744,1.7477164180938587,-0.06389925373134331,-0.06389925373134331,12.679486516735519,24.517745127570166,23.463203184532343,,0,,False,False,False,False,False,False,False,False,False,4825.T,2026-09-24,True,,2007.0,23.440784,3.7340853,85.62,537.481,89138675712.0,,1751868000.0,1752213600.0,True,,,True,1751868000.0,2025-07-07,-318.0
6,True,49.20634920634921,False,False,True,True,0.3263062325106873,5180.0,5180.0,402067350.0,402.06735,5680.0,0.9119718309859155,-0.12840458670472843,0.07170449025597425,95.87390564956247,1.850847599412403,-0.009560229445506718,-0.08156028368794321,9.202362661227937,19.540140104277455,16.639115538333193,,0,,False,False,False,False,False,False,False,False,False,1941.T,2026-09-24,True,,5180.0,15.147971,1.0841047,341.96,4778.136,274242174976.0,1793341800.0,1793341800.0,1793341800.0,True,,,True,1793341800.0,2026-10-30,26.0
6,True,44.52554744525547,False,False,True,False,0.40878176321857623,1194.0,1194.0,393412270.0,393.41227,1343.0,0.889054355919583,-0.19583023082650786,0.01815615884813604,36.92095155495508,3.092206997902436,-0.09408194233687406,-0.09408194233687406,12.098853940439747,21.21216319019659,29.737725503767727,,2,macd_sell_like;trailing_stop,False,False,True,False,True,False,False,False,False,6118.T,2026-09-24,True,,1194.0,15.223766,0.74759334,78.43,1597.125,64930746368.0,,1754550000.0,1754982000.0,True,,,True,1754550000.0,2025-08-07,-295.0
6,True,54.94505494505495,True,False,False,True,0.5362830514367283,3400.0,3400.0,384885700.0,384.8857,3400.0,1.0,-0.24879280674219406,0.165254906401195,58.72326290279728,1.7271547912587435,0.0,0.0,23.18534844842659,26.505201368160336,15.67575112824367,,0,,False,False,False,False,False,False,False,False,False,7864.T,2026-09-24,True,,3400.0,8.772383,1.1022674,387.58,3084.551,181369143296.0,1794378600.0,1794378600.0,1794378600.0,True,,,True,1794378600.0,2026-11-11,34.0
6,True,52.486187845303874,True,False,True,False,0.32018645227069875,4275.0,4275.0,383932700.0,383.9327,4325.0,0.9884393063583815,-0.220855614973262,0.2103555472505818,110.36139719199629,2.5815531506899716,-0.011560693641618491,-0.011560693641618491,22.922849144452883,27.9644559324628,13.399181204724878,,0,ext_dev200,False,False,False,False,False,True,False,False,False,6080.T,2026-09-24,True,,4275.0,23.364487,2.8483593,182.97,1500.864,135853432832.0,,1753682400.0,1754028000.0,True,,,True,1753682400.0,2025-07-28,-303.0
6,True,48.24561403508772,True,True,False,False,0.35345670866301154,2974.0,2974.0,383738920.0,383.73892,2990.0,0.9946488294314382,-0.14862872436648944,0.1439559084537676,49.98700701355465,1.680800504826989,-0.005351170568561825,-0.005351170568561825,11.45703238252132,24.456559961024322,21.935954862503674,,0,,False,False,False,False,False,False,False,False,False,6282.T,2026-09-24,True,,2974.0,17.31486,1.080794,171.76,2751.681,85481553920.0,,1754373600.0,1754978400.0,True,,,True,1754373600.0,2025-08-05,-297.0
6,True,44.48818897637795,True,False,True,False,0.33958046610428766,3845.0,3845.0,382980025.0,382.980025,3985.0,0.9648682559598495,-0.2666080134055687,0.3047574372752977,136.37409048909655,3.5467903898334603,-0.035131744040150514,-0.035131744040150514,31.503725192005025,34.13687916249587,18.060752584694068,,0,ext_dev200,False,False,False,False,False,True,False,False,False,3932.T,2026-09-24,True,,3845.0,9.807173,1.1906546,392.06,3229.316,46264074240.0,,1754546460.0,1754978460.0,True,,,True,1754546460.0,2025-08-07,-295.0
6,True,35.48387096774192,False,False,True,True,0.2781918874664113,450.0,450.0,381033310.0,381.03331,468.0,0.9615384615384616,-0.26267392865766326,0.10942910512184834,7.0829342290457165,1.5739853842323812,-0.038461538461538436,-0.038461538461538436,23.059862682853645,26.686287891713096,19.993657712659115,,1,macd_sell_like,False,False,True,False,False,False,False,False,False,8897.T,2026-09-24,True,,450.0,12.960829,0.724535,34.72,621.088,60128411648.0,,1754553600.0,1754985600.0,True,,,True,1754553600.0,2025-08-07,-295.0
6,True,53.44827586206896,True,True,False,True,0.2733287152521894,5320.0,5320.0,380776325.0,380.776325,5320.0,1.0,-0.17529880478087645,0.23575108370208353,138.62526911625383,2.6057381412829668,0.0,0.0,30.359025529936048,39.00220818872993,15.487826380724837,,0,ext_dev200,False,False,False,False,False,True,False,False,False,2384.T,2026-09-24,True,,5320.0,10.601833,2.0206985,501.8,2632.753,211296403456.0,,1754452800.0,1754971200.0,True,,,True,1754452800.0,2025-08-06,-296.0
6,True,35.0,False,True,False,True,0.4894763493464988,4805.0,4805.0,378111150.0,378.11115,5040.0,0.9533730158730159,-0.15754900966144403,0.04976841737306659,60.61436510306123,1.261485225870161,-0.02634245187436679,-0.04662698412698407,17.07352580311951,21.26746966170372,20.35197926977726,,1,vol_distribution,False,False,False,False,False,False,False,True,False,4928.T,2026-09-24,True,,4805.0,20.263145,3.21704,237.13,1493.609,164120576000.0,1794292200.0,1794292200.0,1794292200.0,True,,,True,1794292200.0,2026-11-10,33.0
6,True,42.9553264604811,True,False,False,True,0.30925907029207983,1885.0,1885.0,376092655.0,376.092655,2177.0,0.8658704639412035,-0.16949931097841064,0.018638334978794857,42.18782035832816,2.238080655614226,-0.04653515427415278,-0.1095890410958904,21.911052550831588,22.01334572374046,24.86732520703029,,1,di_bear,False,False,False,False,False,False,True,False,False,8151.T,2026-09-24,True,,1885.0,16.164995,1.3993406,116.61,1347.063,39369404416.0,,1754377200.0,1754982000.0,True,,,True,1754377200.0,2025-08-05,-297.0
6,True,40.490797546012274,False,True,False,False,0.4111538178674026,1109.0,1109.0,365276495.0,365.276495,1145.9669189453125,0.9677417224405266,-0.19020350006780107,0.08412191548988313,18.46992119996649,1.6654572768229476,-0.027192982456140324,-0.027192982456140324,25.493908175744956,30.247478070201105,20.109256263870968,,0,,False,False,False,False,False,False,False,False,False,7241.T,2026-09-24,True,,1109.0,6.1820617,0.71124715,179.39,1559.233,99037069312.0,,1753687200.0,1754032800.0,True,,,True,1753687200.0,2025-07-28,-303.0
6,True,46.06299212598425,True,False,True,False,0.3823756163960619,2275.0,2275.0,364845235.0,364.845235,2454.0,0.9270578647106764,-0.19774722241833798,0.0830893388639593,58.674869315436744,2.5791151347444723,-0.017278617710583144,-0.017278617710583144,18.39981101623637,29.040302848719335,16.518326124735616,,0,,False,False,False,False,False,False,False,False,False,1946.T,2026-09-24,True,,2275.0,11.856987,1.3613527,191.87,1671.132,212633731072.0,,1753768800.0,1754287200.0,True,,,True,1753768800.0,2025-07-29,-302.0
6,True,49.09090909090909,True,False,True,True,0.3423837765305153,1781.0,1781.0,352398225.0,352.398225,1857.0,0.959073774905762,-0.12170166935918147,0.14224820590823262,25.62304437004983,1.4386886226866833,-0.004471771939631108,-0.004471771939631108,12.285418020385242,20.528062544058727,19.103577282553562,,0,,False,False,False,False,False,False,False,False,False,4095.T,2026-09-24,True,,1781.0,15.206625,0.92693216,117.12,1921.392,187098939392.0,1786084200.0,1794292200.0,1794292200.0,True,,,True,1794292200.0,2026-11-10,33.0
6,True,44.1860465116279,False,False,True,True,0.5153436972861788,3220.0,3220.0,338963225.0,338.963225,3272.587158203125,0.9839310137023214,-0.1367685982270006,0.05207717860272809,34.84822832817096,1.082243115781707,-0.007704160246533087,-0.007704160246533087,33.762996789081086,23.3464226397795,10.758956344954846,,0,,False,False,False,False,False,False,False,False,False,8130.T,2026-09-24,True,,3220.0,12.923423,1.5574803,249.16,2067.442,189308583936.0,1794551400.0,1794551400.0,1794551400.0,True,,,True,1794551400.0,2026-11-13,36.0
6,True,42.666666666666664,False,False,True,True,0.42513482448989803,5450.0,5450.0,333802250.0,333.80225,5690.0,0.9578207381370826,-0.16370670458579517,0.13854931264389903,112.11968497152671,2.0572419260830586,-0.023297491039426577,-0.04217926186291743,21.277518779204325,30.32909132581279,18.060533492754654,,0,,False,False,False,False,False,False,False,False,False,5480.T,2026-09-24,True,,5450.0,10.481173,0.7354767,519.98,7410.16,75502952448.0,,1753682400.0,1754028000.0,True,,,True,1753682400.0,2025-07-28,-303.0
6,True,45.370370370370374,True,False,True,True,0.4255999805904512,5460.0,5460.0,332775300.0,332.7753,6590.0,0.8285280728376327,-0.23216995447647948,0.04524614015104378,182.15442960501957,3.336161714377648,-0.06506849315068497,-0.17147192716236725,11.429796981302834,24.77160249743226,25.122715570702137,,0,,False,False,False,False,False,False,False,False,False,6474.T,2026-09-24,True,,5460.0,17.798351,0.66902876,306.77,8161.084,119007444992.0,,1752040800.0,1752472800.0,True,,,True,1752040800.0,2025-07-09,-316.0
6,True,45.33333333333333,False,False,True,False,0.3420681997658085,1596.0,1596.0,332483270.0,332.48327,1676.0,0.9522673031026253,-0.19157893413903015,0.1821882420068024,42.66267621598221,2.6731000135327196,-0.029787234042553234,-0.04773269689737469,23.1338931342623,26.850402267108684,20.86043526813493,,0,ext_dev200,False,False,False,False,False,True,False,False,False,7613.T,2026-09-24,True,,1596.0,19.191917,0.6837592,83.16,2334.155,75250425856.0,,1754546400.0,1754978400.0,True,,,True,1754546400.0,2025-08-07,-295.0
6,True,47.15447154471545,False,False,True,True,0.6298129968801904,1963.0,1963.0,329815190.0,329.81519,1996.671630859375,0.9831361199613566,-0.20605470505297696,0.07806692347006772,26.569847182348433,1.3535327143325742,-0.006578947368421018,-0.006578947368421018,23.663615642150372,23.695267492953338,15.526165620419311,,1,macd_sell_like,False,False,True,False,False,False,False,False,False,8125.T,2026-09-24,True,,1963.0,28.11918,1.0037906,69.81,1955.587,97617616896.0,,1752129000.0,1752474600.0,True,,,True,1752129000.0,2025-07-10,-315.0
6,True,56.45161290322581,False,True,False,True,0.17871511992726455,5990.0,5990.0,329277600.0,329.2776,6400.0,0.9359375,-0.18279566246614076,0.042658963534917715,136.15725607548947,2.2730760613604253,-0.02759740259740262,-0.06406250000000002,20.714977713467434,23.66956443242774,18.5746431132286,,1,vol_distribution,False,False,False,False,False,False,False,True,False,9605.T,2026-09-24,True,,5990.0,15.994659,1.2674886,374.5,4725.881,374296707072.0,1786343400.0,1794292200.0,1794292200.0,True,,,True,1794292200.0,2026-11-10,33.0
6,True,45.49098196392786,True,False,True,True,0.36867030089430775,2652.0,2652.0,327959000.0,327.959,2699.0,0.9825861430159318,-0.19770456917530044,0.10893804708902688,54.355211646521106,2.0495931993409164,-0.016685205784204626,-0.017413856984068166,16.250016389082493,23.99937218672179,17.38547239439842,,0,,False,False,False,False,False,False,False,False,False,4633.T,2026-09-24,True,,2652.0,10.78005,1.0253872,246.01,2586.34,129288011776.0,,1754546400.0,1754978400.0,True,,,True,1754546400.0,2025-08-07,-295.0
6,True,50.753768844221106,False,True,False,True,0.28444130474928614,2271.0,2271.0,319202215.0,319.202215,2443.0,0.9295947605403193,-0.13221449038067945,0.018874607870558613,30.52874762566114,1.3442865533096056,-0.020276100086281224,-0.05689368770764125,15.447148397798351,21.248103826910942,18.582313940895588,,1,vol_distribution,False,False,False,False,False,False,False,True,False,2288.T,2026-09-24,True,,2271.0,5.6803403,0.73382175,399.8,3094.757,54438567936.0,,1754373600.0,1754978400.0,True,,,True,1754373600.0,2025-08-05,-297.0
6,True,49.044585987261144,False,False,True,True,0.45427981151402497,2513.5,2513.5,316432887.5,316.4328875,2581.0,0.9738473459899264,-0.22437071621319782,0.08981398699420673,52.09084911023049,2.072442773432683,-0.01431372549019605,-0.026152654010073606,28.569158013625128,22.73393960090248,10.471927716406114,,0,,False,False,False,False,False,False,False,False,False,7476.T,2026-09-24,True,,2513.5,19.595385,2.4467456,128.27,1027.283,179267010560.0,1793341800.0,1793341800.0,1793341800.0,True,,,True,1793341800.0,2026-10-30,26.0
6,True,36.53846153846153,False,False,True,True,0.3562420333010973,3110.0,3110.0,309379850.0,309.37985,3280.0,0.948170731707317,-0.12276266712563166,0.05806269589685531,53.52471598593218,1.7210519609624497,-0.022012578616352196,-0.05182926829268297,9.83843818525033,15.900833236783502,18.475264628831358,,0,,False,False,False,False,False,False,False,False,False,7981.T,2026-09-24,True,,3110.0,13.419633,1.004597,231.75,3095.769,196500324352.0,1793255400.0,1793255400.0,1793255400.0,True,,,True,1793255400.0,2026-10-29,25.0
6,True,41.96428571428571,False,False,True,True,0.5472458825901639,4665.0,4665.0,308443325.0,308.443325,4865.0,0.9588900308324769,-0.24152106885919833,0.06867955649225688,86.55332507921207,1.8553767433914699,-0.018927444794952675,-0.018927444794952675,33.30921723606021,23.896854933869243,19.089956750296047,,1,macd_sell_like,False,False,True,False,False,False,False,False,False,9699.T,2026-09-24,True,,4665.0,11.23041,0.8940467,415.39,5217.848,128411475968.0,,1753857000.0,1754289000.0,True,,,True,1753857000.0,2025-07-30,-301.0
6,True,63.306451612903224,True,False,True,True,0.21655352454206858,2288.0,2288.0,303885330.0,303.88533,2524.0,0.9064976228209192,-0.13589540412044376,0.059133030391826935,41.606843444771656,1.818480919788971,-0.0026155187445510153,-0.09350237717908083,11.419267793660113,18.099832672553568,15.516703757419306,,0,,False,False,False,False,False,False,False,False,False,3191.T,2026-09-24,True,,2288.0,15.309468,1.0906878,149.45,2097.759,137903423488.0,,1753941600.0,1754287200.0,True,,,True,1753941600.0,2025-07-31,-300.0
6,True,52.72727272727273,True,True,False,False,0.36017227050260203,5130.0,5130.0,299552075.0,299.552075,5180.0,0.9903474903474904,-0.25830475790232676,0.1064568575260374,117.937106145394,2.2989689307094348,-0.009652509652509633,-0.009652509652509633,16.021601498198702,33.580561063017534,20.61857663110141,,0,,False,False,False,False,False,False,False,False,False,6947.T,2026-09-24,True,,5130.0,20.275879,2.6330578,253.01,1948.305,108118630400.0,,1754287200.0,1754632800.0,True,,,True,1754287200.0,2025-08-04,-298.0
6,True,37.333333333333336,False,False,True,True,0.33615366561735494,1237.0,1237.0,298886275.0,298.886275,1505.0,0.8219269102990033,-0.2637873754152824,0.07636547769782753,21.40571647967166,1.7304540403938287,-0.03359374999999998,-0.03359374999999998,13.489400625150862,21.609545751290664,19.905134328128707,,0,,False,False,False,False,False,False,False,False,False,3608.T,2026-09-24,True,,1237.0,20.439524,0.7492084,60.52,1651.076,70472343552.0,,1752127200.0,1752472800.0,True,,,True,1752127200.0,2025-07-10,-315.0
6,True,54.66666666666667,True,False,True,True,0.26678964489544643,2134.0,2134.0,296528895.0,296.528895,2418.1005859375,0.8825108485603572,-0.25211433342689316,0.04774365186123042,32.044627012296296,1.5016226341282237,-0.00187090739008422,-0.00928505106778088,10.96583426307252,23.010626508155877,14.807767544326083,,0,,False,False,False,False,False,False,False,False,False,7172.T,2026-09-24,True,,2134.0,10.562265,1.609372,202.04,1325.983,132520501248.0,,1753768800.0,1754287200.0,True,,,True,1753768800.0,2025-07-29,-302.0
6,True,37.288135593220346,False,True,False,True,0.4774709719682111,3320.0,3320.0,293100100.0,293.1001,3435.0,0.9665211062590975,-0.17065976745159595,0.10445730400204956,51.81582512731177,1.5607176243166196,-0.033478893740902516,-0.033478893740902516,21.53697819142025,24.30716882226082,15.467759862107242,,2,macd_sell_like;vol_distribution,False,False,True,False,False,False,False,True,False,4526.T,2026-09-24,True,,3320.0,13.933772,1.1426939,238.27,2905.415,95437963264.0,,1754550000.0,1754982000.0,True,,,True,1754550000.0,2025-08-07,-295.0
6,True,37.71428571428571,False,True,False,True,0.43189720438472745,1734.0,1734.0,289821510.0,289.82151,1832.1832275390625,0.9464118948021703,-0.19112893420022126,0.0312785689161168,23.1998264143429,1.3379369327764072,-0.025842696629213457,-0.025842696629213457,14.343195215927377,25.844518834603242,20.99627248397701,,1,cross_sma25_down,False,True,False,False,False,False,False,False,False,8214.T,2026-09-24,True,,1734.0,15.424302,1.0423266,112.42,1663.586,146046959616.0,1786084200.0,1793946600.0,1793946600.0,True,,,True,1793946600.0,2026-11-06,31.0
6,True,65.17150395778364,True,False,True,True,0.3108530007932467,3270.0,3270.0,288908660.0,288.90866,3435.0,0.9519650655021834,-0.20669577874818046,0.14940480706359183,93.81280134006528,2.8688930073414456,0.0,0.0,30.268224314159077,33.05048113464233,13.40958842540223,,0,,False,False,False,False,False,False,False,False,False,1982.T,2026-09-24,True,,3270.0,16.379482,1.869472,199.64,1749.157,134936682496.0,,1754460000.0,1754978400.0,True,,,True,1754460000.0,2025-08-06,-296.0
6,True,47.540983606557376,True,True,False,True,0.3707472687111511,1075.0,1075.0,285476220.0,285.47622,1106.0,0.9719710669077758,-0.19229567842177075,0.12090939191604844,16.821129334635163,1.564756217175364,-0.0101289134438306,-0.028028933092224206,19.409934907598476,29.81833831218706,18.661407508730687,,1,vol_distribution,False,False,False,False,False,False,False,True,False,9997.T,2026-09-24,True,,1075.0,8.95908,0.68539655,119.99,1568.435,103387693056.0,,1753768800.0,1754287200.0,True,,,True,1753768800.0,2025-07-29,-302.0
6,True,56.502242152466366,False,False,True,False,0.34036263936837835,1774.0,1774.0,283296850.0,283.29685,1899.0,0.9341758820431806,-0.18422504368919645,0.017673283597809064,29.433866216182775,1.6591807337194349,-0.03007107709130674,-0.06582411795681942,21.949089892228127,25.03820014039623,22.30167415674675,,0,,False,False,False,False,False,False,False,False,False,8771.T,2026-09-24,True,,1774.0,22.991186,4.020524,77.16,441.236,78922899456.0,1794551400.0,1794551400.0,1794551400.0,True,,,True,1794551400.0,2026-11-13,36.0
6,True,51.773049645390074,False,False,True,True,0.34035556239648734,4440.0,4440.0,280977450.0,280.97745,5020.0,0.8844621513944223,-0.16035856573705176,0.013818540074544083,93.46367088414989,2.1050376325258986,-0.007821229050279377,-0.0826446280991735,15.54275590183787,22.84501412451326,17.184602177704665,,0,,False,False,False,False,False,False,False,False,False,6651.T,2026-09-24,True,,4440.0,14.6554,1.3671807,302.96,3247.559,168440774656.0,,1754289000.0,1754634600.0,True,,,True,1754289000.0,2025-08-04,-298.0
6,True,49.494949494949495,False,False,False,True,0.578273166673085,4160.0,4160.0,280756150.0,280.75615,4276.00537109375,0.9728706208186831,-0.25863361536522433,0.08896980708542768,72.00108803142764,1.7307953853708566,-0.005973715651135025,-0.005973715651135025,22.403607447937517,19.45102259903614,16.425309574716827,,0,,False,False,False,False,False,False,False,False,False,9746.T,2026-09-24,True,,4160.0,15.479647,1.8641292,268.74,2231.605,203852808192.0,1794378600.0,1794378600.0,1794378600.0,True,,,True,1794378600.0,2026-11-11,34.0
6,True,38.70967741935484,False,True,False,True,0.4338767384317041,1562.0,1562.0,278274020.0,278.27402,1611.0,0.9695841092489137,-0.19614263851519032,0.09548300054827519,27.40913575853732,1.7547462073327351,-0.030415890751086305,-0.030415890751086305,26.28656720597365,28.62527435489579,21.10994683765577,,1,vol_distribution,False,False,False,False,False,False,False,True,False,7575.T,2026-09-24,True,,1562.0,11.722326,1.7001545,133.25,918.74,109581295616.0,1793341800.0,1793341800.0,1793341800.0,True,,,True,1793341800.0,2026-10-30,26.0
6,True,54.180602006688964,True,True,False,True,0.30784368463839545,3050.0,3050.0,271610235.0,271.610235,3065.0,0.9951060358890701,-0.1198035723163624,0.06544814949690791,42.5019258637125,1.3935057660233607,0.0,-0.004893964110929905,15.873815446672053,25.76520846619711,13.047240991107275,,0,,False,False,False,False,False,False,False,False,False,9039.T,2026-09-24,True,,3050.0,14.285046,1.2186931,213.51,2502.681,122792173568.0,,1754544000.0,1754976000.0,True,,,True,1754544000.0,2025-08-07,-295.0
6,True,50.0,False,False,True,False,0.4670361104608126,3005.0,3005.0,266963990.0,266.96399,3165.827880859375,0.9491987919394664,-0.1382980684156857,0.01792138506062524,35.864355324776696,1.1934893618894076,-0.011513157894736836,-0.011513157894736836,17.13917527276248,22.98224683081477,14.456534448251707,,0,,False,False,False,False,False,False,False,False,False,5911.T,2026-09-24,True,,3005.0,13.766091,0.8959435,218.29,3354.006,119434305536.0,,1753682400.0,1754028000.0,True,,,True,1753682400.0,2025-07-28,-303.0
6,True,46.95652173913044,False,False,False,True,0.5515123380790442,726.0,726.0,248972780.0,248.97278,985.0,0.7370558375634517,-0.4296833184413117,0.018097167979020945,13.55664137438006,1.8673059744325153,-0.02941176470588236,-0.06201550387596899,21.51446161013832,27.484898630319503,17.905252282717615,,0,,False,False,False,False,False,False,False,False,False,6200.T,2026-09-24,True,,726.0,14.552014,4.517201,49.89,160.719,59047559168.0,,1753171200.0,1753689600.0,True,,,True,1753171200.0,2025-07-22,-307.0
6,True,42.51497005988024,True,False,False,True,0.43083587028042064,8550.0,8550.0,245047550.0,245.04755,10230.0,0.8357771260997068,-0.21166306695464365,0.0487837788108878,221.62937809822037,2.5921564689850336,-0.04469273743016755,-0.16422287390029322,27.536411422758757,18.847489092930367,31.537171546863124,,1,di_bear,False,False,False,False,False,False,True,False,False,6284.T,2026-09-24,True,,8550.0,15.040372,1.973267,568.47,4332.916,128173547520.0,,1754377200.0,1754982000.0,True,,,True,1754377200.0,2025-08-05,-297.0
6,True,49.18032786885246,False,True,False,True,0.3131859440252321,6870.0,6870.0,238556950.0,238.55695,6940.0,0.9899135446685879,-0.0776316766956393,0.1128531783249267,100.08885518334775,1.456897455361685,-0.010086455331412059,-0.010086455331412059,26.24562786619607,19.207608769760736,10.33887115189311,,2,macd_sell_like;vol_distribution,False,False,True,False,False,False,False,True,False,8566.T,2026-09-24,True,,6870.0,16.508074,0.87815875,416.16,7823.187,211763904512.0,1793773800.0,1793773800.0,1793773800.0,True,,,True,1793773800.0,2026-11-04,29.0
6,True,43.66197183098591,False,False,True,True,0.5111030381372967,6370.0,6370.0,233344400.0,233.3444,6530.0,0.9754977029096478,-0.20175254848695445,0.10918612000102379,145.92483547587395,2.290813743734285,-0.024502297090352232,-0.024502297090352232,41.13586352300906,24.617394005273336,14.889160882491383,,1,macd_sell_like,False,False,True,False,False,False,False,False,False,8074.T,2026-09-24,True,,6370.0,11.183287,1.0919626,569.6,5833.533,134138871808.0,,1754542800.0,1754888400.0,True,,,True,1754542800.0,2025-08-07,-295.0
6,True,41.118421052631575,False,False,True,True,0.3561108293096788,2396.0,2396.0,232863725.0,232.863725,2679.690673828125,0.8941330517739,-0.20522251568032945,0.028874447822139215,43.91763355887144,1.832956325495469,-0.022040816326530654,-0.022040816326530654,14.712698585785454,18.70814660452382,22.9771531286558,,0,,False,False,False,False,False,False,False,False,False,9830.T,2026-09-24,True,,2396.0,9.666358,0.817256,247.87,2931.762,157976002560.0,1793341800.0,1793341800.0,1793341800.0,True,,,True,1793341800.0,2026-10-30,26.0
6,True,40.35087719298245,False,False,True,True,0.521256944070054,3355.0,3355.0,229439400.0,229.4394,3675.0,0.9129251700680272,-0.37188938815249284,0.10179241600710864,77.81589724626019,2.3194008121090968,-0.06153846153846154,-0.0870748299319728,17.16999506052261,26.250958273035973,21.457940334534648,,1,macd_sell_like,False,False,True,False,False,False,False,False,False,9828.T,2026-09-24,True,,3355.0,16.959005,2.9825163,197.83,1124.889,59247710208.0,,1753689600.0,1754035200.0,True,,,True,1753689600.0,2025-07-28,-303.0
6,True,37.73006134969325,False,False,True,True,0.36100461698961545,2283.0,2283.0,221227520.0,221.22752,2382.0,0.9584382871536524,-0.13910133186605866,0.1350888847528462,40.39542982466005,1.7694012187761738,-0.03385526872619549,-0.041561712846347576,22.37842415817083,29.398554202731603,22.77174653616034,,0,,False,False,False,False,False,False,False,False,False,5970.T,2026-09-24,True,,2283.0,7.2632985,0.42944637,314.32,5316.147,97741135872.0,,1754465400.0,1754983800.0,True,,,True,1754465400.0,2025-08-06,-296.0
6,True,39.080459770114935,False,False,False,True,0.46018818698904834,1979.0,1979.0,219003335.0,219.003335,2184.977294921875,0.9057302355495461,-0.21678002097731686,0.0325732880018923,41.23151661583636,2.0834520776066885,-0.04118217054263562,-0.053562888570062195,13.303754359200058,21.97380964119277,24.008899510901824,,1,cross_sma25_down,False,True,False,False,False,False,False,False,False,7821.T,2026-09-24,True,,1979.0,13.863398,1.7324347,142.75,1142.323,131971629056.0,,1754546400.0,1754978400.0,True,,,True,1754546400.0,2025-08-07,-295.0
6,True,53.70370370370371,False,False,False,True,0.4075694469366085,240.0,240.0,217195030.0,217.19503,244.0,0.9836065573770492,-0.298735396596553,0.2128256310483363,6.948758821328389,2.8953161755534955,-0.004149377593360981,-0.016393442622950838,30.300330020622262,23.305249437054332,9.713215917156088,,0,ext_dev200,False,False,False,False,False,True,False,False,False,2120.T,2026-09-24,True,,240.0,9.302326,1.1004177,25.8,218.099,30801739776.0,1794378600.0,1794378600.0,1794378600.0,True,,,True,1794378600.0,2026-11-11,34.0
6,True,37.80487804878049,False,False,False,True,0.20941470419024316,3295.0,3295.0,211987950.0,211.98795,3525.0,0.9347517730496454,-0.1146853072164018,0.006196879184390269,49.18949934881525,1.4928527875209483,-0.04354136429608124,-0.0652482269503546,12.222779404744914,16.728721814593264,24.557601574380353,,1,macd_sell_like,False,False,True,False,False,False,False,False,False,3148.T,2026-09-24,True,,3295.0,12.52804,1.3793705,263.01,2388.771,212864466944.0,,1751846400.0,1752192000.0,True,,,True,1751846400.0,2025-07-07,-318.0
6,True,42.391304347826086,False,False,True,False,0.39502695092216716,603.0,603.0,204728585.0,204.728585,623.0,0.9678972712680578,-0.151280636578757,0.09777070937932097,11.861535978076796,1.9670872268784074,-0.0321027287319422,-0.0321027287319422,33.892003504824615,26.505114279103914,12.114256308803355,,1,macd_sell_like,False,False,True,False,False,False,False,False,False,3232.T,2026-09-24,True,,603.0,9.691418,0.82848907,62.22,727.831,60761141248.0,,1754375400.0,1754980200.0,True,,,True,1754375400.0,2025-08-05,-297.0
6,True,46.15384615384615,True,False,True,True,0.6251258851287895,1566.0,1566.0,201171015.0,201.171015,1740.0,0.9,-0.14655172413793105,0.1556309614003073,3.9471503991495718,0.25205302676561764,-0.0019120458891013214,-0.03452527743526512,9.22699282262882,14.260882776243191,19.695236523862842,,1,cross_sma25_down,False,True,False,False,False,False,False,False,False,8141.T,2026-09-24,True,,1566.0,40.371227,0.8353907,38.79,1874.572,44709142528.0,,1753770600.0,1754289000.0,True,,,True,1753770600.0,2025-07-29,-302.0
