score,gc_multi,rsi,macd_buy_like,vol_surge,vol_quiet,vol_down,hurst,close,close_adj,adv20,adv20_m,hh252,pct_of_52w_high,max_dd_252,dev200,atr14,natr14,pullback_20d,pullback_60d,adx14,plus_di14,minus_di14,skip_reason,sell_score,sell_reason,sell_trend_break,sell_cross_sma25_down,sell_macd_sell_like,sell_rsi_reversal,sell_trailing_stop,sell_ext_dev200,sell_di_bear,sell_vol_distribution,sell_natr_spike,ticker,price_date,bar_is_current,skip_reason_yahoo,mkt_price,pe_ttm,pbr,eps_ttm,bps,market_cap,earn_ts,earn_start_ts,earn_end_ts,market_risk_on,market_close,market_ma200,fund_ok,earn_ts_pick,next_earn_date,days_to_earnings
8,True,48.3695652173913,False,False,True,False,0.23255290306378515,1452.0,1452.0,297825785.0,297.825785,1479.0,0.9817444219066938,-0.11732107956299875,0.06216087395240755,23.96344731758618,1.6503751596133733,-0.018255578093306246,-0.018255578093306246,21.680137961747548,22.463476355349098,22.323411022148484,,0,,False,False,False,False,False,False,False,False,False,6345.T,2026-09-14,True,,1452.0,14.423364,1.2576122,100.67,1154.569,93740146688.0,,1753339200.0,1753684800.0,True,,,True,1753339200.0,2025-07-24,-297.0
7,True,50.2008032128514,True,False,True,True,0.2941809035386365,6442.0,6442.0,7443340020.0,7443.34002,7172.0,0.8982152816508645,-0.12409369771332956,0.05911469578384354,118.44028281517578,1.8385638437624303,-0.008312807881773354,-0.1017847183491355,19.743421554113723,24.463005211037164,23.649714888378988,,0,,False,False,False,False,False,False,False,False,False,9735.T,2026-09-14,True,,6442.0,23.319456,1.9766799,276.25,3259.0,2569902227456.0,1794378600.0,1794378600.0,1794378600.0,True,,,True,1794378600.0,2026-11-11,42.0
7,True,51.64835164835165,False,False,True,True,0.45913998812571993,1398.5,1398.5,5129251387.5,5129.2513875,1518.0,0.9212779973649539,-0.17012858555885257,0.021760691988467418,20.833293354466658,1.4896884772589674,-0.012358757062146841,-0.07872200263504614,13.354612778000424,21.004211152411035,25.111696122061883,,0,,False,False,False,False,False,False,False,False,False,8593.T,2026-09-14,True,,1398.5,14.730355,0.9979228,94.94,1401.411,2005168816128.0,1794465000.0,1794465000.0,1794465000.0,True,,,True,1794465000.0,2026-11-12,43.0
7,True,41.1522633744856,False,False,True,True,0.3679435112241619,4684.0,4684.0,3255997475.0,3255.997475,5111.0,0.9164547055370769,-0.16501516683518702,0.0618358791485778,87.67194686972344,1.8717324267660855,-0.018029350104821762,-0.08354529446292314,6.694877040210586,18.611434626515212,17.097553353202503,,0,,False,False,False,False,False,False,False,False,False,9042.T,2026-09-14,True,,4684.0,14.18878,0.98284245,330.12,4765.769,1080417648640.0,1785479400.0,1793255400.0,1793255400.0,True,,,True,1793255400.0,2026-10-29,33.0
7,True,46.12590799031477,False,False,True,True,0.11254679315963265,2887.0,2887.0,3252947637.5,3252.9476375,3087.0,0.9352121801101393,-0.3088608494516356,0.08696441834070634,56.22242801555171,1.947434292190915,-0.029416708690536253,-0.029416708690536253,8.986125817073603,24.42048288575158,18.435039588502285,,0,,False,False,False,False,False,False,False,False,False,2267.T,2026-09-14,True,,2887.0,19.162352,1.381304,150.66,2090.054,828095070208.0,1794551400.0,1794551400.0,1794551400.0,True,,,True,1794551400.0,2026-11-13,44.0
7,True,52.205868053322,False,False,True,True,0.6005880362599525,872.7999877929688,872.7999877929688,2799541821.3305664,2799.5418213305666,967.4888305664062,0.9021292651843816,-0.2062957213009855,0.025463551670964257,13.667215670865101,1.5659046588010508,-0.021085675535840953,-0.026436154162890357,11.144088284085745,22.024172634700744,18.096180021182747,,0,,False,False,False,False,False,False,False,False,False,3861.T,2026-09-14,True,,872.8,14.294136,0.6835567,61.06,1276.851,741211701248.0,1785911400.0,1793946600.0,1793946600.0,True,,,True,1793946600.0,2026-11-06,39.0
7,True,39.122807017543856,False,False,True,True,0.4097275131921619,2981.0,2981.0,1931092297.5,1931.0922975,3198.0,0.9321450906816761,-0.13280409262861703,0.04899566740707306,47.78180744333487,1.6028784784748364,-0.02037463029904696,-0.06785490931832394,14.955379626397098,24.083730278106298,21.791163029080508,,0,,False,False,False,False,False,False,False,False,False,9001.T,2026-09-14,True,,2981.0,10.532453,0.9293446,283.03,3207.637,582878953472.0,1785825000.0,1793773800.0,1793773800.0,True,,,True,1793773800.0,2026-11-04,37.0
7,True,44.89247311827957,True,False,True,True,0.3906470856886917,3546.0,3546.0,1897931610.0,1897.93161,3649.0,0.9717730885174021,-0.21299629568581868,0.07044877135638083,55.49389683948624,1.564971710081394,-0.010602678571428603,-0.02796052631578949,18.907031872647348,33.73306347475371,16.05780303111301,,0,,False,False,False,False,False,False,False,False,False,9041.T,2026-09-14,True,,3546.0,12.540228,1.085151,282.77,3267.748,674266021888.0,1786343400.0,1794551400.0,1794551400.0,True,,,True,1794551400.0,2026-11-13,44.0
7,True,46.945662212171506,False,False,True,True,0.3017524863729314,774.0,774.0,1405413025.0,1405.413025,814.953125,0.9497478766033323,-0.16321071128215692,0.035158236779581964,15.45756623668488,1.9971015809670387,-0.010809458594137733,-0.04370122721787628,8.727976123853692,24.261434351122375,25.462603109026773,,0,,False,False,False,False,False,False,False,False,False,3387.T,2026-09-14,True,,774.0,69.66697,7.1703844,11.11,107.944,349074751488.0,1791959400.0,1791959400.0,1791959400.0,True,,,True,1791959400.0,2026-10-14,22.0
7,True,49.91023339317774,False,False,True,True,0.4000756037822902,3682.0,3682.0,1383145285.0,1383.145285,3897.0,0.9448293559148062,-0.32878226838946345,0.09596893545552776,88.89655930603911,2.4143552228690686,-0.01970181043663477,-0.038893239363090526,12.286877332276873,24.135713369788583,22.79417156659145,,0,,False,False,False,False,False,False,False,False,False,9468.T,2026-09-14,True,,3682.0,466.6667,2.2638762,7.89,1626.414,541127639040.0,1786602600.0,1793860200.0,1793860200.0,True,,,True,1793860200.0,2026-11-05,38.0
7,True,45.32374100719424,False,False,True,True,0.3369708128667889,725.0,725.0,1187914590.0,1187.91459,840.2625732421875,0.8628255298847334,-0.3818351533239255,0.04267491353142705,17.434082125078795,2.404700982769489,-0.05228758169934644,-0.05598958333333337,16.27352044190282,22.29543676149013,20.579667826081327,,0,,False,False,False,False,False,False,False,False,False,8698.T,2026-09-14,True,,725.0,16.701221,1.3987794,43.41,518.309,182238674944.0,1785997800.0,1793860200.0,1793860200.0,True,,,True,1793860200.0,2026-11-05,38.0
7,True,54.36363636363636,False,False,True,True,0.5005945716922137,4162.0,4162.0,1003852690.0,1003.85269,4206.0,0.9895387541607228,-0.14533971476379892,0.1430750516235022,74.34641372000557,1.7863146016339637,-0.010225921521997638,-0.010461245839277211,34.83600102017448,32.71548293812464,23.365529513023013,,0,,False,False,False,False,False,False,False,False,False,4206.T,2026-09-14,True,,4162.0,15.084629,1.3600671,275.91,3060.143,263353303040.0,1794551400.0,1794551400.0,1794551400.0,True,,,True,1794551400.0,2026-11-13,44.0
7,True,45.57377049180328,False,False,True,True,0.39012427197570904,1895.5,1895.5,956223412.5,956.2234125,1994.5,0.9503634996239659,-0.13736715205249883,0.07085852294347617,25.673283137003402,1.3544332965973833,-0.007071765322158252,-0.049636500376034065,10.12936063544478,23.236113263532545,17.755694777858643,,0,,False,False,False,False,False,False,False,False,False,9048.T,2026-09-14,True,,1895.5,18.215452,0.74838334,104.06,2532.793,371764920320.0,1786343400.0,1793946600.0,1793946600.0,True,,,True,1793946600.0,2026-11-06,39.0
7,True,47.709407164630825,True,False,True,True,0.22710536043017981,1889.0,1889.0,744964645.0,744.964645,2002.6407470703125,0.9432545516530816,-0.127926304337053,0.018212362883574418,32.4379512104786,1.7172022874790156,-0.007763135621476569,-0.04259590613798414,12.246530533299987,20.24887327216786,20.781965614392675,,0,,False,False,False,False,False,False,False,False,False,9842.T,2026-09-14,True,,1889.0,14.604918,0.9293301,129.34,2032.647,118672678912.0,,1751522400.0,1751868000.0,True,,,True,1751522400.0,2025-07-03,-312.0
7,True,50.55106293669927,False,False,True,False,0.6261502491909104,3270.0,3270.0,657083700.0,657.0837,3635.083251953125,0.8995667425891921,-0.44288914396558243,0.1337971620487135,102.26662711860544,3.1274197895597995,-0.08274894810659184,-0.08274894810659184,32.34862376787498,27.22844166118738,24.0547158525292,,1,trailing_stop,False,False,False,False,True,False,False,False,False,4432.T,2026-09-14,True,,3270.0,17.537273,2.492323,186.46,1312.029,113438703616.0,,1744282740.0,1744282740.0,True,,,True,1744282740.0,2025-04-10,-372.0
7,True,46.04810996563574,False,False,False,True,0.45313798059012106,2218.0,2218.0,535800330.0,535.80033,2250.0,0.9857777777777778,-0.20976023909939778,0.11074203352925993,34.93167658769052,1.5749177902475437,-0.014222222222222247,-0.014222222222222247,25.86770451803606,30.11886791963933,24.560249003942786,,0,,False,False,False,False,False,False,False,False,False,6412.T,2026-09-14,True,,2218.0,18.745773,0.86601484,118.32,2561.157,218754531328.0,1794465000.0,1794465000.0,1794465000.0,True,,,True,1794465000.0,2026-11-12,43.0
7,True,48.53557179895947,False,False,True,True,0.4257731815802973,489.3999938964844,489.3999938964844,522508833.3514404,522.5088333514404,522.4464721679688,0.9367466716076135,-0.15378889579068955,0.024297239651250857,6.53518062792978,1.3353454657606865,-0.009512269073007396,-0.009512269073007396,12.830740768669841,25.04524123470886,15.471321229039834,,0,,False,False,False,False,False,False,False,False,False,8572.T,2026-09-14,True,,489.4,9.624386,1.0711174,50.85,456.906,766700814336.0,1793946600.0,1793946600.0,1793946600.0,True,,,True,1793946600.0,2026-11-06,39.0
7,True,59.70149253731344,False,False,True,True,0.3888101815737785,3770.0,3770.0,521284100.0,521.2841,4005.0,0.9413233458177278,-0.10986267166042452,0.11267627768562116,77.64935808002359,2.059664670557655,-0.011795543905635641,-0.05867665418227219,21.143389464023787,24.888049234968367,18.817039768940607,,0,,False,False,False,False,False,False,False,False,False,2270.T,2026-09-14,True,,3770.0,7.1856065,0.92881644,524.66,4058.929,224598294528.0,1794292200.0,1794292200.0,1794292200.0,True,,,True,1794292200.0,2026-11-10,41.0
7,True,50.0,False,True,False,False,0.40438625869159533,271.0,271.0,511585850.0,511.58585,292.8246154785156,0.9254686446258925,-0.22772276402234137,0.05658531876449335,6.588944051376495,2.4313446684046105,-0.0073260073260073,-0.0073260073260073,22.17549336659502,33.444791375517056,17.33427169536749,,0,,False,False,False,False,False,False,False,False,False,2353.T,2026-09-14,True,,271.0,14.857456,4.099601,18.24,66.104,84005863424.0,,1749191400.0,1749191400.0,True,,,True,1749191400.0,2025-06-06,-331.0
7,True,47.135416666666664,False,False,True,True,0.425968072253038,4660.0,4660.0,428386400.0,428.3864,4719.0,0.9874973511337147,-0.11344956569989928,0.09371944434703572,69.6531093748721,1.4947019179157104,-0.01250264886628527,-0.01250264886628527,21.32347248676031,26.608026542160264,18.880888833290424,,0,,False,False,False,False,False,False,False,False,False,4665.T,2026-09-14,True,,4660.0,23.883963,1.4041008,195.11,3318.85,219386904576.0,1786343400.0,1793946600.0,1793946600.0,True,,,True,1793946600.0,2026-11-06,39.0
7,True,50.81967213114754,False,False,True,True,0.32437571679693955,5130.0,5130.0,413914650.0,413.91465,5680.0,0.903169014084507,-0.12840458670472843,0.06608703595915477,103.11650753467018,2.01006837299552,-0.019120458891013437,-0.096830985915493,10.707046749691692,20.317112607824054,20.917211180575404,,1,macd_sell_like,False,False,True,False,False,False,False,False,False,1941.T,2026-09-14,True,,5130.0,14.999124,1.0736403,342.02,4778.136,271595044864.0,1793341800.0,1793341800.0,1793341800.0,True,,,True,1793341800.0,2026-10-30,34.0
7,True,50.0,False,False,True,True,0.42437277772845633,4160.0,4160.0,386856350.0,386.85635,4275.0,0.9730994152046784,-0.12816796519492368,0.0830782315502836,72.90481322827175,1.7525195487565326,-0.026900584795321647,-0.026900584795321647,25.01714009153085,21.645437948455072,16.861768058785273,,0,,False,False,False,False,False,False,False,False,False,9303.T,2026-09-14,True,,4160.0,18.008657,1.0040913,231.0,4143.05,314943504384.0,1786084200.0,1793860200.0,1793860200.0,True,,,True,1793860200.0,2026-11-05,38.0
7,True,37.93103448275862,False,False,True,True,0.3114192288944093,4380.0,4380.0,381714825.0,381.714825,4565.0654296875,0.9594605088277631,-0.12770564368023374,0.040103889336602805,61.859911985065,1.4123267576498857,-0.03204419889502763,-0.03204419889502763,21.730403278046108,23.452499141638068,18.703279273116515,,0,,False,False,False,False,False,False,False,False,False,1377.T,2026-09-14,True,,4380.0,15.407887,1.0371752,284.27,4223.009,184576311296.0,1791268200.0,1791268200.0,1791268200.0,True,,,True,1791268200.0,2026-10-06,16.0
7,True,41.0958904109589,False,False,True,True,0.48709980828072896,4810.0,4810.0,370338700.0,370.3387,5040.0,0.9543650793650794,-0.15754900966144403,0.05219983046676324,67.48267620770874,1.4029662413245059,-0.02631578947368418,-0.045634920634920584,21.168084837168735,22.54132850627117,22.091279475936265,,0,,False,False,False,False,False,False,False,False,False,4928.T,2026-09-14,True,,4810.0,20.25519,3.2203877,237.47,1493.609,164291362816.0,1794292200.0,1794292200.0,1794292200.0,True,,,True,1794292200.0,2026-11-10,41.0
7,True,47.45762711864407,False,False,True,True,0.35983693763929975,3100.0,3100.0,343002185.0,343.002185,3280.0,0.9451219512195121,-0.12276266712563166,0.05923625293068335,57.02359551733532,1.8394708231398489,-0.02515723270440251,-0.054878048780487854,10.360638919699223,18.58557266445382,22.214193652674666,,0,,False,False,False,False,False,False,False,False,False,7981.T,2026-09-14,True,,3100.0,13.360917,1.0013667,232.02,3095.769,195868491776.0,1785393000.0,1793255400.0,1793255400.0,True,,,True,1793255400.0,2026-10-29,33.0
7,True,43.75,False,False,True,True,0.42980636046962484,5340.0,5340.0,341596050.0,341.59605,5690.0,0.9384885764499121,-0.16370670458579517,0.12334778268956836,117.46248232561986,2.1996719536632936,-0.043010752688172005,-0.061511423550087874,21.65498122112719,25.088441766991306,24.09020486873434,,0,,False,False,False,False,False,False,False,False,False,5480.T,2026-09-14,True,,5340.0,10.275356,0.7206322,519.69,7410.16,73979043840.0,,1753682400.0,1754028000.0,True,,,True,1753682400.0,2025-07-28,-295.0
7,True,49.664429530201346,False,False,True,True,0.5016800663528781,1418.0,1418.0,325773690.0,325.77369,1573.0086669921875,0.9014572072965207,-0.24348795720531768,0.05637175008069639,23.28674687391338,1.6422247442816205,-0.026098901098901117,-0.030095759233926156,20.36345952296482,18.407163304291192,18.224060740081985,,0,,False,False,False,False,False,False,False,False,False,5451.T,2026-09-14,True,,1418.0,11.78426,1.0297412,120.33,1377.045,203127848960.0,,1754550000.0,1754982000.0,True,,,True,1754550000.0,2025-08-07,-287.0
7,True,44.487743920023064,False,False,True,True,0.41189274563452466,2326.0,2326.0,310537240.0,310.53724,2421.8271484375,0.960431879500845,-0.14730289347255054,0.038793040368720666,39.26724757859963,1.6881877720808094,-0.014406779661017,-0.039568120499155035,12.75403070596481,20.166491715852043,18.568358104895726,,0,,False,False,False,False,False,False,False,False,False,8200.T,2026-09-14,True,,2326.0,34.888256,3.9250295,66.67,592.607,60276899840.0,,1752129000.0,1752474600.0,True,,,True,1752129000.0,2025-07-10,-307.0
7,True,49.80544747081712,True,False,True,True,0.22845410555028528,2279.0,2279.0,299720880.0,299.72088,2524.0,0.902931854199683,-0.13589540412044376,0.05797954787429238,42.34152534209066,1.857899312948252,-0.01256499133448874,-0.09706814580031697,9.639528445703334,22.674549594816853,17.007025150772183,,0,,False,False,False,False,False,False,False,False,False,3191.T,2026-09-14,True,,2279.0,15.265592,1.0863974,149.29,2097.759,137363251200.0,,1753941600.0,1754287200.0,True,,,True,1753941600.0,2025-07-31,-292.0
7,True,49.64028776978417,False,False,True,True,0.5405743863674922,4635.0,4635.0,298051800.0,298.0518,4865.0,0.9527235354573484,-0.24152106885919833,0.06412898115676668,90.57803542593622,1.9542186715412346,-0.025236593059936863,-0.025236593059936863,39.288549432030706,20.276178967010694,16.71405373026904,,0,,False,False,False,False,False,False,False,False,False,9699.T,2026-09-14,True,,4635.0,11.157383,0.8882972,415.42,5217.848,127585681408.0,,1753857000.0,1754289000.0,True,,,True,1753857000.0,2025-07-30,-293.0
7,True,46.3519313304721,False,False,True,True,0.4296620331937227,1548.0,1548.0,293766955.0,293.766955,1611.0,0.9608938547486033,-0.19614263851519032,0.08806592201561969,31.396813379728606,2.028217918587119,-0.03910614525139666,-0.03910614525139666,29.059369479280942,27.271478687023055,21.421749716853846,,0,,False,False,False,False,False,False,False,False,False,7575.T,2026-09-14,True,,1548.0,11.608548,1.6849163,133.35,918.74,108599132160.0,1793341800.0,1793341800.0,1793341800.0,True,,,True,1793341800.0,2026-10-30,34.0
7,True,41.54063164586473,True,False,True,True,0.5126193932308533,1193.0,1193.0,283365935.0,283.365935,1386.277099609375,0.8605783074222054,-0.2425171752047368,0.011780894984245505,28.006840411548616,2.347597687472642,-0.029546095700525576,-0.13942169257779458,22.418266057834458,25.58895496141676,24.76572493848098,,0,,False,False,False,False,False,False,False,False,False,7818.T,2026-09-14,True,,1193.0,16.069506,3.089185,74.24,386.186,67456024576.0,,1752040800.0,1752472800.0,True,,,True,1752040800.0,2025-07-09,-308.0
7,True,53.33333333333333,False,False,True,False,0.3754537646131099,422.0,422.0,257424340.0,257.42434,437.4857177734375,0.9646029181198158,-0.3706174128776877,0.10943106240825995,8.886776912899862,2.105871306374375,-0.018604651162790753,-0.018604651162790753,20.210933753944275,21.51480501249293,17.029933072947966,,0,,False,False,False,False,False,False,False,False,False,3632.T,2026-09-14,True,,422.0,17.798397,0.75862306,23.71,556.271,72501026816.0,1786084200.0,1793860200.0,1793860200.0,True,,,True,1793860200.0,2026-11-05,38.0
7,True,54.81727574750831,False,False,True,False,0.4959392826609254,2444.0,2444.0,238304675.0,238.304675,2565.0,0.9528265107212476,-0.20584795321637428,0.09654066031722519,42.00357915801539,1.7186407184130683,-0.020440881763527097,-0.020440881763527097,31.838556971163687,28.043181093729892,18.466337706102617,,0,,False,False,False,False,False,False,False,False,False,8097.T,2026-09-14,True,,2444.0,16.545935,1.3038199,147.71,1874.492,151240491008.0,,1754287200.0,1754632800.0,True,,,True,1754287200.0,2025-08-04,-290.0
7,True,45.6140350877193,False,False,True,True,0.3184249075351007,2990.0,2990.0,233989285.0,233.989285,3065.0,0.9755301794453507,-0.1198035723163624,0.04695766357382358,41.53676146796548,1.3891893467546985,-0.01320132013201325,-0.024469820554649302,11.6244094153642,21.073579807279657,19.338290411095016,,0,,False,False,False,False,False,False,False,False,False,9039.T,2026-09-14,True,,2990.0,14.003372,1.1947188,213.52,2502.681,120376590336.0,,1754544000.0,1754976000.0,True,,,True,1754544000.0,2025-08-07,-287.0
7,True,40.0,False,True,False,True,0.37372083103235243,1060.0,1060.0,226722830.0,226.72283,1106.0,0.9584086799276673,-0.19229567842177075,0.10908236527443815,18.129735985517694,1.7103524514639332,-0.023941068139963217,-0.04159132007233268,18.63636755619718,27.9961999069368,23.938838642337352,,0,,False,False,False,False,False,False,False,False,False,9997.T,2026-09-14,True,,1060.0,8.837752,0.67583287,119.94,1568.435,101945073664.0,,1753768800.0,1754287200.0,True,,,True,1753768800.0,2025-07-29,-294.0
7,True,43.913043478260875,False,False,True,False,0.38961166860478563,2083.0,2083.0,214355235.0,214.355235,2179.0,0.9559430931620009,-0.12946595090208735,0.07258080251059362,36.48754185175387,1.7516822780486736,-0.04405690683799912,-0.04405690683799912,32.8247738064462,28.739010726812797,20.546151600699904,,0,,False,False,False,False,False,False,False,False,False,1379.T,2026-09-14,True,,2083.0,10.864237,1.0129589,191.73,2056.352,65339908096.0,,1754546400.0,1754892000.0,True,,,True,1754546400.0,2025-08-07,-287.0
6,True,49.134199134199136,False,False,False,True,0.5757449651099952,16485.0,16485.0,68978471275.0,68978.471275,18215.0,0.9050233324183365,-0.43586423830178167,0.6722931484842118,629.2803090123184,3.8172903185460627,-0.09497666758166345,-0.09497666758166345,29.527145123171174,31.648968860486615,22.15588709373362,,1,trailing_stop;ext_dev200,False,False,False,False,True,True,False,False,False,6098.T,2026-09-14,True,,16485.0,47.479836,12.931866,347.2,1274.758,22895516450816.0,1786084200.0,1793860200.0,1793860200.0,True,,,True,1793860200.0,2026-11-05,38.0
6,True,54.327265173027136,False,False,True,False,0.5154479559192989,684.0999755859375,684.0999755859375,26828771768.522644,26828.771768522645,704.5999755859375,0.9709054772774404,-0.22365269014896305,0.12341446543470802,16.69956805907973,2.441100519668402,-0.029094522722559635,-0.029094522722559635,39.548566575991096,33.546128335311224,18.752869614334056,,1,macd_sell_like,False,False,True,False,False,False,False,False,False,5401.T,2026-09-14,True,,684.1,207.93312,0.63435274,3.29,1078.422,3575307304960.0,1785825000.0,1793773800.0,1793773800.0,True,,,True,1793773800.0,2026-11-04,37.0
6,True,73.70753323485968,True,False,True,True,0.2962335171388545,3070.0,3070.0,24067330125.0,24067.330125,3108.0,0.9877734877734877,-0.12050254098303559,0.13140667853741306,58.388806413385836,1.90191551835133,0.0,-0.012226512226512276,21.63392744270873,29.484750311372864,12.531830036823902,,0,,False,False,False,False,False,False,False,False,False,9433.T,2026-09-14,True,,3070.0,16.71385,2.2797549,183.68,1346.636,11346605244416.0,1786084200.0,1794465000.0,1794465000.0,True,,,True,1794465000.0,2026-11-12,43.0
6,True,35.9748427672956,False,False,True,True,0.3819966376568336,6763.0,6763.0,22493352285.0,22493.352285,7135.0,0.9478626489138052,-0.0819773526384705,0.1289376499370012,121.4902670917066,1.7963960829765873,-0.04070921985815601,-0.05213735108619477,24.646660457439875,19.434648815631846,30.575227755537888,,1,di_bear,False,False,False,False,False,False,True,False,False,2914.T,2026-09-14,True,,6763.0,20.128576,2.7326844,335.99,2474.856,12006743605248.0,1785393000.0,1793255400.0,1793255400.0,True,,,True,1793255400.0,2026-10-29,33.0
6,True,43.2230522945571,False,False,True,True,0.45276030555569097,6152.0,6152.0,20719523180.0,20719.52318,6673.0,0.9219241720365653,-0.18796721276828077,0.13644963411288957,145.21899881131125,2.360516885749533,-0.032856469108630715,-0.07807582796343471,10.181250063878517,26.26789854660327,29.371575906466212,,0,,False,False,False,False,False,False,False,False,False,8591.T,2026-09-14,True,,6152.0,10.934556,1.4304628,562.62,4300.706,6397995515904.0,1785997800.0,1794378600.0,1794378600.0,True,,,True,1794378600.0,2026-11-11,42.0
6,True,37.23494486853266,False,False,True,True,0.4695970462644501,7139.0,7139.0,19133629660.0,19133.62966,7684.3974609375,0.929025344705301,-0.2372098724294599,0.11102087457673404,199.61611831443278,2.7961355696096484,-0.05768215417106648,-0.05768215417106648,19.664114150468595,21.504075882694693,26.329688924166767,,2,cross_sma25_down;macd_sell_like,False,True,True,False,False,False,False,False,False,6301.T,2026-09-14,True,,7139.0,17.242712,1.8104434,414.03,3943.233,6343565508608.0,1785306600.0,1793255400.0,1793255400.0,True,,,True,1793255400.0,2026-10-29,33.0
6,True,51.58057054741711,False,False,True,True,0.6248167698662879,5617.0,5617.0,14694678810.0,14694.67881,5780.0,0.9717993079584775,-0.35399693234603113,0.33463142250952704,181.3347952615345,3.2283210835238476,-0.028200692041522535,-0.028200692041522535,40.05648441081416,36.57130250731399,20.557103862092525,,0,ext_dev200,False,False,False,False,False,True,False,False,False,7832.T,2026-09-14,True,,5617.0,25.815792,4.067027,217.58,1381.107,3602552455168.0,1785997800.0,1793860200.0,1793860200.0,True,,,True,1793860200.0,2026-11-05,38.0
6,True,39.183673469387756,False,False,True,True,0.35649008137760724,4450.0,4450.0,14153033605.0,14153.033605,4836.39306640625,0.9201071829562097,-0.1874619444674689,0.00776457526125629,83.36988549300767,1.873480572876577,-0.06315789473684208,-0.06315789473684208,24.451481834359942,25.53722598210876,29.988246723575617,,1,di_bear,False,False,False,False,False,False,True,False,False,7751.T,2026-09-14,True,,4450.0,11.251295,1.0848808,395.51,4101.833,3755591598080.0,1785133800.0,1792996200.0,1792996200.0,True,,,True,1792996200.0,2026-10-26,30.0
6,True,47.96411318150449,False,False,True,False,0.3413662161559163,2773.0,2773.0,13728868465.0,13728.868465,3211.365234375,0.8634956778871914,-0.25154229758931135,0.05843481427688535,94.57221308768578,3.410465672112722,-0.08421400264200796,-0.08421400264200796,17.74966425654441,25.97420663768905,24.949073060786606,,2,macd_sell_like;trailing_stop,False,False,True,False,True,False,False,False,False,6326.T,2026-09-14,True,,2773.0,11.763957,1.1176201,235.72,2481.165,3123486130176.0,1785825000.0,1793946600.0,1793946600.0,True,,,True,1793946600.0,2026-11-06,39.0
6,True,39.68139029688631,False,False,True,False,0.4303181152201845,5651.0,5651.0,13673692080.0,13673.69208,6900.181640625,0.8189639482429839,-0.2881346816900483,0.052621760809104856,187.83062529203323,3.323847554274168,-0.06285240464344943,-0.06285240464344943,18.030729544268578,24.35845374214021,25.370176155440564,,1,macd_sell_like,False,False,True,False,False,False,False,False,False,6305.T,2026-09-14,True,,5651.0,16.418736,1.3059392,344.18,4327.154,1201271472128.0,1785393000.0,1793082600.0,1793082600.0,True,,,True,1793082600.0,2026-10-27,31.0
6,True,35.987266543357336,False,False,True,True,0.2801868376218777,4055.0,4055.0,11258798510.0,11258.79851,4509.1474609375,0.8992830762640267,-0.2819447915311033,0.13529611868667435,130.63602922185342,3.221603679947063,-0.07314285714285718,-0.1007169237359733,21.06772974402648,14.062873379064959,26.938385923143237,,1,di_bear,False,False,False,False,False,False,True,False,False,7453.T,2026-09-14,True,,4055.0,36.160156,5.889846,112.14,688.473,2152508686336.0,1791959400.0,1791959400.0,1791959400.0,True,,,True,1791959400.0,2026-10-14,22.0
6,True,52.452452452452455,False,False,True,False,0.41092749468095946,2655.0,2655.0,10774601690.0,10774.60169,3172.0,0.8370113493064313,-0.42503816793893134,0.10084439533374656,108.13473516100778,4.072871380828919,-0.05583214793741109,-0.056838365896980436,15.638732678004006,19.113719044302304,21.739214784272118,,0,,False,False,False,False,False,False,False,False,False,6594.T,2026-09-14,True,,2655.0,25.297762,1.7297847,104.95,1534.873,3043452780544.0,,1784097000.0,1784097000.0,True,,,True,1784097000.0,2026-07-15,-43.0
6,True,48.49379799173066,False,True,False,False,0.2700202682478315,2885.0,2885.0,9041356657.5,9041.3566575,3250.0,0.8876923076923077,-0.1812307692307692,0.09014420741060714,96.15378376876811,3.3328867857458615,-0.05872756933115819,-0.11230769230769233,17.00516203757825,25.967667364177522,25.879817954885866,,1,vol_distribution,False,False,False,False,False,False,False,True,False,9502.T,2026-09-14,True,,2885.0,9.565968,0.6877532,301.59,4194.819,2179310288896.0,1785306600.0,1793082600.0,1793082600.0,True,,,True,1793082600.0,2026-10-27,31.0
6,True,41.530944625407166,False,False,True,False,0.33956943836518283,1151.0,1151.0,8448519922.5,8448.5199225,1351.4073486328125,0.8517047070703293,-0.2667643657432135,0.008382074018369545,35.46820178910096,3.081511884370196,-0.09512578616352196,-0.09512578616352196,17.56599634832172,21.547737059259443,24.96476821995285,,1,trailing_stop,False,False,False,False,True,False,False,False,False,7261.T,2026-09-14,True,,1151.0,20.690275,0.37850997,55.63,3040.871,726246752256.0,1785825000.0,1793860200.0,1793860200.0,True,,,True,1793860200.0,2026-11-05,38.0
6,True,54.8780487804878,False,False,True,False,0.40762739572364787,4750.0,4750.0,8433180475.0,8433.180475,5691.884765625,0.8345214626772972,-0.4000229905172695,0.1135234893798105,251.65403552701903,5.2979796953056635,-0.06496062992125984,-0.06496062992125984,24.0493685856338,29.86378386653551,23.807914082085812,,1,macd_sell_like,False,False,True,False,False,False,False,False,False,7014.T,2026-09-14,True,,4750.0,15.410569,2.387986,308.23,1989.124,330338926592.0,1785997800.0,1793860200.0,1793860200.0,True,,,True,1793860200.0,2026-11-05,38.0
6,True,48.655771482578274,False,False,True,True,0.5627485240492717,7691.0,7691.0,8036871425.0,8036.871425,8890.07421875,0.8651221363010626,-0.5745454793113282,0.2987247379941744,267.7736999297925,3.4816499795838314,-0.0611572265625,-0.0611572265625,24.67096700204965,32.90386600359045,26.239819167567465,,0,ext_dev200,False,False,False,False,False,True,False,False,False,6532.T,2026-09-14,True,,7691.0,30.830593,10.485744,249.46,733.472,1130454188032.0,1792045800.0,1792045800.0,1792045800.0,True,,,True,1792045800.0,2026-10-15,23.0
6,True,43.61413043478261,False,False,True,True,0.2617230454742634,2215.5,2215.5,7430122972.5,7430.1229725,2294.0,0.9657802964254577,-0.21289107331651114,0.14214037258591494,53.117730171494536,2.3975504478219154,-0.033798517226341085,-0.03421970357454229,9.576947434256272,20.10206285859106,25.212741741248212,,0,,False,False,False,False,False,False,False,False,False,8697.T,2026-09-14,True,,2215.5,37.678574,7.0384502,58.8,314.771,2256356507648.0,1793082600.0,1793082600.0,1793082600.0,True,,,True,1793082600.0,2026-10-27,31.0
6,True,53.94321766561513,False,False,True,True,0.3415556555306011,1932.5,1932.5,7283376885.0,7283.376885,1982.5,0.9747793190416141,-0.21726365088326738,0.2209856046238068,53.06773200198645,2.74606633904199,-0.012266802964477352,-0.02522068095838592,11.927155342266358,18.10601104163166,20.369465255934855,,0,ext_dev200,False,False,False,False,False,True,False,False,False,7186.T,2026-09-14,True,,1932.5,20.55851,1.4757901,94.0,1309.468,2145034698752.0,1794378600.0,1794378600.0,1794378600.0,True,,,True,1794378600.0,2026-11-11,42.0
6,True,39.973787680209696,False,False,True,True,0.3692537611790231,2973.5,2973.5,6242017802.5,6242.0178025,3328.84814453125,0.8932519210541254,-0.21849844539354046,0.003082526690378007,45.44682764483227,1.5283950780168916,-0.03363665908352287,-0.07683949084135366,20.1421378013535,14.369561145529207,26.43650679465233,,1,di_bear,False,False,False,False,False,False,True,False,False,9202.T,2026-09-14,True,,2973.5,9.260644,0.9277552,321.09,3205.048,1276796338176.0,1793255400.0,1793255400.0,1793255400.0,True,,,True,1793255400.0,2026-10-29,33.0
6,True,45.926966292134836,False,False,True,True,0.434034253326088,2994.0,2994.0,5416225330.0,5416.22533,3167.8994140625,0.9451057652618168,-0.22882652487153698,0.062064548617245086,51.03286854066711,1.7045046272767908,-0.022207707380796915,-0.038535645472061675,8.370329060300676,24.592623447482026,23.16955846978179,,0,,False,False,False,False,False,False,False,False,False,9201.T,2026-09-14,True,,2994.0,9.750219,0.88915235,307.07,3367.252,1286904217600.0,1793601000.0,1793601000.0,1793601000.0,True,,,True,1793601000.0,2026-11-02,35.0
6,True,40.48387096774193,False,False,True,True,0.5240454291065682,4743.0,4743.0,5323947940.0,5323.94794,5163.0,0.9186519465427078,-0.2789076118535735,0.036759695905344,101.46654244306401,2.1392903740894793,-0.04413542926239422,-0.0718199608610568,14.199529165609464,26.488518237536468,23.636401119536547,,0,,False,False,False,False,False,False,False,False,False,4523.T,2026-09-14,True,,4743.0,34.63308,1.4748048,136.95,3216.019,1338645282816.0,1794292200.0,1794292200.0,1794292200.0,True,,,True,1794292200.0,2026-11-10,41.0
6,True,42.01680672268908,False,False,True,True,0.33798267064789017,1232.5,1232.5,4942077285.0,4942.077285,1373.5,0.8973425555151074,-0.21716418191700593,0.07286428301487047,32.30594368693126,2.621171901576573,-0.08296130952380953,-0.10265744448489256,17.38621927127108,16.43420547527801,24.72723679023188,,1,trailing_stop,False,False,False,False,True,False,False,False,False,3402.T,2026-09-14,True,,1232.5,23.333965,0.9880013,52.82,1247.468,1795336044544.0,1785997800.0,1794551400.0,1794551400.0,True,,,True,1794551400.0,2026-11-13,44.0
6,True,49.473684210526315,False,False,True,False,0.44116479092371363,2116.5,2116.5,4693821672.5,4693.8216725,2353.532470703125,0.8992865092563134,-0.24546779696286403,0.021573770139327486,67.15059964023456,3.172719094742951,-0.08771551724137927,-0.08771551724137927,14.044409126954738,19.636282035441567,26.21203441595866,,2,macd_sell_like;trailing_stop,False,False,True,False,True,False,False,False,False,4183.T,2026-09-14,True,,2116.5,23.09581,0.8761563,91.64,2415.665,765193486336.0,1794378600.0,1794378600.0,1794378600.0,True,,,True,1794378600.0,2026-11-11,42.0
6,True,38.265326247171416,False,False,True,True,0.3524564501991702,972.4000244140625,972.4000244140625,4562681164.981384,4562.681164981384,1082.295654296875,0.8984606198440228,-0.45623484670088843,0.03390300854351791,19.739609298568084,2.0299885646817573,-0.030991505317326862,-0.07434552649779869,14.844751526865505,22.64815590979997,28.593929943424236,,0,,False,False,False,False,False,False,False,False,False,8113.T,2026-09-14,True,,972.4,26.139786,2.061751,37.2,471.638,1673306177536.0,1793946600.0,1793946600.0,1793946600.0,True,,,True,1793946600.0,2026-11-06,39.0
6,True,43.05772230889236,False,False,True,True,0.44318857221422314,4322.0,4322.0,4534839620.0,4534.83962,4544.0,0.9511443661971831,-0.1721441019472194,0.1474232971259497,95.11147494034302,2.2006356996840126,-0.04885563380281688,-0.04885563380281688,31.277120072965218,25.89928189879773,23.692562469015403,,0,,False,False,False,False,False,False,False,False,False,2269.T,2026-09-14,True,,4322.0,33.397728,1.5170773,129.41,2848.899,1171982778368.0,1794465000.0,1794465000.0,1794465000.0,True,,,True,1794465000.0,2026-11-12,43.0
6,True,41.74311926605505,False,False,True,False,0.3487900519008426,5564.0,5564.0,4460773190.0,4460.77319,6196.6748046875,0.8979009186977328,-0.2504378372032001,0.09450138040028744,230.1883585253721,4.137102058328039,-0.06800670016750421,-0.07235745248416137,12.691992737844334,18.954739262964836,30.73037598494752,,1,macd_sell_like,False,False,True,False,False,False,False,False,False,6302.T,2026-09-14,True,,5564.0,16.425577,0.9415366,338.74,5909.489,659898236928.0,1793341800.0,1793341800.0,1793341800.0,True,,,True,1793341800.0,2026-10-30,34.0
6,True,45.91836734693878,False,False,True,True,0.5524250589989614,8100.0,8100.0,4051246800.0,4051.2468,8590.0,0.9429569266589057,-0.17345750873108268,0.08476854825649416,155.20878753001676,1.9161578707409477,-0.01937046004842613,-0.01937046004842613,17.72177056085293,21.815355728354735,20.83843113270216,,1,macd_sell_like,False,False,True,False,False,False,False,False,False,2702.T,2026-09-14,True,,8100.0,29.32339,3.679856,276.23,2201.173,1076965081088.0,1786084200.0,1793946600.0,1793946600.0,True,,,True,1793946600.0,2026-11-06,39.0
6,True,42.857142857142854,False,False,True,False,0.24641025528530172,1625.0,1625.0,3922773017.5,3922.7730175,1745.5,0.9309653394442853,-0.290870396279856,0.12635299213440732,41.30986244047381,2.5421453809522343,-0.06903466055571472,-0.06903466055571472,25.19646618466692,28.67605354553347,27.19747576609322,,0,,False,False,False,False,False,False,False,False,False,7752.T,2026-09-14,True,,1625.0,16.653002,0.77839506,97.58,2087.629,909489471488.0,1785738600.0,1793860200.0,1793860200.0,True,,,True,1793860200.0,2026-11-05,38.0
6,True,52.02863961813842,False,False,True,False,0.39081415628380206,2987.0,2987.0,3920253872.5,3920.2538725,3365.680908203125,0.8874875787303034,-0.3728243558893036,0.11666708079715526,98.53501731864783,3.2987953571693285,-0.05504587155963303,-0.05504587155963303,27.954757131093466,38.38161924784062,23.460931481847926,,0,,False,False,False,False,False,False,False,False,False,9684.T,2026-09-14,True,,2987.0,36.37803,3.04038,82.11,982.443,1077337784320.0,1786343400.0,1793860200.0,1793860200.0,True,,,True,1793860200.0,2026-11-05,38.0
6,True,53.38369531004092,False,False,True,False,0.532018494053105,6365.0,6365.0,3899481255.0,3899.481255,6712.0,0.9483015494636472,-0.5863023952095808,0.42955724714214893,356.76868453345224,5.605163936110797,-0.0516984505363528,-0.0516984505363528,28.926650436429295,33.79554818084286,22.563196310800294,,0,ext_dev200,False,False,False,False,False,True,False,False,False,3994.T,2026-09-14,True,,6365.0,81.16552,7.9218,78.42,803.479,353034993664.0,1792045800.0,1792045800.0,1792045800.0,True,,,True,1792045800.0,2026-10-15,23.0
6,True,47.56097560975609,False,False,True,True,0.45493677624768286,3006.0,3006.0,3588580120.0,3588.58012,3277.98291015625,0.9170273556602265,-0.3489217231450731,0.03352218872991197,65.46565343383688,2.1778327822301025,-0.025923525599481523,-0.02938327413626085,17.94243802870825,29.874740475111004,18.95081041664996,,0,,False,False,False,False,False,False,False,False,False,2897.T,2026-09-14,True,,3006.0,19.234707,1.6405987,156.28,1832.258,861453680640.0,1794378600.0,1794378600.0,1794378600.0,True,,,True,1794378600.0,2026-11-11,42.0
6,True,57.86046511627907,False,False,True,True,0.40750736744042626,2343.5,2343.5,3521043402.5,3521.0434025,2863.0,0.818546978693678,-0.23087670275934336,0.02946793343228893,81.1797892032305,3.464040503658225,-0.039549180327868805,-0.13746779536253217,15.228781470770317,23.106870690357052,18.978507374432937,,0,,False,False,False,False,False,False,False,False,False,1963.T,2026-09-14,True,,2343.5,13.550942,1.3328109,172.94,1758.314,567305043968.0,1786084200.0,1794378600.0,1794378600.0,True,,,True,1794378600.0,2026-11-11,42.0
6,False,42.71457085828344,False,False,True,True,0.5563133847776576,3322.0,3322.0,3435770335.0,3435.770335,3714.678955078125,0.8942899346546984,-0.2910679200082811,0.03572004725625266,78.15790095724621,2.352736332247026,-0.028654970760233933,-0.028654970760233933,30.15340640782358,23.810462902801362,18.5187672971437,,2,trend_break;macd_sell_like,True,False,True,False,False,False,False,False,False,3197.T,2026-09-14,True,,3322.0,39.618366,3.8787117,83.85,856.47,755495337984.0,1786602600.0,1794465000.0,1794465000.0,True,,,True,1794465000.0,2026-11-12,43.0
6,True,41.41238012205754,False,False,True,True,0.34803390123110123,2871.0,2871.0,3279267840.0,3279.26784,3106.0,0.9243399871217,-0.32099087364253565,0.1471414021599653,72.25841193232914,2.5168377545220877,-0.07566001287830004,-0.07566001287830004,25.949727117362407,32.23008613799552,30.197526289500924,,0,,False,False,False,False,False,False,False,False,False,4527.T,2026-09-14,True,,2871.0,19.76592,2.0962033,145.25,1369.619,647212367872.0,1794465000.0,1794465000.0,1794465000.0,True,,,True,1794465000.0,2026-11-12,43.0
6,True,45.92790387182911,False,False,True,True,0.2791027713863067,4674.0,4674.0,3106420610.0,3106.42061,4844.0,0.9649050371593724,-0.15630220576229126,0.08456865791150259,100.78254545529734,2.156237600669605,-0.02766798418972327,-0.03509496284062763,9.240742730772027,21.58126734047251,21.06983688064596,,0,,False,False,False,False,False,False,False,False,False,8253.T,2026-09-14,True,,4674.0,11.008527,0.8712571,424.58,5364.662,671530680320.0,1794551400.0,1794551400.0,1794551400.0,True,,,True,1794551400.0,2026-11-13,44.0
6,True,49.44902278521452,False,False,True,False,0.5362923162295247,297.29998779296875,297.29998779296875,3079692571.114044,3079.6925711140443,304.29998779296875,0.9769963842234445,-0.2489274150259958,0.15374524125214606,7.269894757881572,2.445306107090768,-0.02300361577655552,-0.02300361577655552,24.608408139334337,31.527169886027252,24.053535574653733,,0,,False,False,False,False,False,False,False,False,False,2181.T,2026-09-14,True,,297.3,15.500521,2.9951036,19.18,99.262,663172612096.0,1794378600.0,1794378600.0,1794378600.0,True,,,True,1794378600.0,2026-11-11,42.0
6,True,49.36868686868687,False,False,True,False,0.4468624702216078,1784.0,1784.0,2788842230.0,2788.84223,1954.5,0.9127654131491431,-0.34620444773087944,0.0668770909702896,43.24210829227168,2.4238849939614173,-0.06351706036745408,-0.08723458685085694,19.692290820607674,21.56170213851072,24.800169564993386,,0,,False,False,False,False,False,False,False,False,False,3405.T,2026-09-14,True,,1784.0,66.00074,0.7112602,27.03,2508.224,537513590784.0,1786084200.0,1794378600.0,1794378600.0,True,,,True,1794378600.0,2026-11-11,42.0
6,True,47.84784784784785,False,False,True,False,0.5620409331497931,2110.0,2110.0,2757178390.0,2757.17839,2315.0,0.9114470842332614,-0.5921052772697221,0.34337112491672617,100.15791406729159,4.746820571909554,-0.08855291576673863,-0.08855291576673863,20.382060763898764,34.10610742915786,28.453287753413704,,1,trailing_stop;ext_dev200,False,False,False,False,True,True,False,False,False,4443.T,2026-09-14,True,,2110.0,39.848915,12.667804,52.95,166.564,264438562816.0,1791527400.0,1791527400.0,1791527400.0,True,,,True,1791527400.0,2026-10-09,19.0
6,True,38.50997959104348,False,False,True,True,0.547069903615736,6830.0,6830.0,2752545000.0,2752.545,8269.7158203125,0.8259050429790833,-0.2951048965445542,0.11515070820148687,242.46897260093607,3.5500581639961357,-0.08689839572192515,-0.1740949570209167,19.17147388733597,20.23554086182527,28.25442914828033,,2,macd_sell_like;trailing_stop,False,False,True,False,True,False,False,False,False,7581.T,2026-09-14,True,,6830.0,27.7631,2.5554264,246.01,2672.744,335548284928.0,1791959400.0,1791959400.0,1791959400.0,True,,,True,1791959400.0,2026-10-14,22.0
6,True,35.930735930735935,False,False,True,True,0.30715407001356426,1249.5,1249.5,2645851637.5,2645.8516375,1406.0,0.8886913229018493,-0.2317622005223262,0.07680871772568354,30.295576851761155,2.4246159945387076,-0.0764966740576497,-0.11130867709815073,19.454568915800984,22.120083376261785,34.0292018259903,,0,,False,False,False,False,False,False,False,False,False,7951.T,2026-09-14,True,,1249.5,23.696188,1.1146189,52.73,1121.011,549651251200.0,1793860200.0,1793860200.0,1793860200.0,True,,,True,1793860200.0,2026-11-05,38.0
6,True,42.75037369207773,False,False,True,False,0.3833657024235533,5120.0,5120.0,2466401190.0,2466.40119,5581.0,0.9173983157140297,-0.2177278362589019,0.12223338386543103,153.7280628907259,3.0025012283344905,-0.08260168428597026,-0.08260168428597026,21.940583468126103,22.539073999448973,24.094222750834675,,2,trailing_stop;di_bear,False,False,False,False,True,False,True,False,False,7282.T,2026-09-14,True,,5120.0,10.36878,1.0325729,493.79,4958.488,600378441728.0,1793255400.0,1793255400.0,1793255400.0,True,,,True,1793255400.0,2026-10-29,33.0
6,True,70.06802721088435,True,False,True,True,0.5607885174218357,1400.0,1400.0,2373562070.0,2373.56207,1417.8673095703125,0.9873984614429631,-0.3612857112887694,0.14402031701000695,28.125982193708698,2.00899872812205,0.0,0.0,34.46690578997911,30.289070375061993,12.713142231404598,,0,,False,False,False,False,False,False,False,False,False,9009.T,2026-09-14,True,,1400.0,14.064697,1.199905,99.54,1166.759,675134898176.0,1793946600.0,1793946600.0,1793946600.0,True,,,True,1793946600.0,2026-11-06,39.0
6,True,42.529262271035705,False,False,True,True,0.4457340704360505,617.4000244140625,617.4000244140625,2327612478.119812,2327.612478119812,721.8002319335938,0.8553613549834157,-0.33629527375121293,0.016454638738647054,24.70223530266154,4.001009770951168,-0.11293099940508267,-0.11293099940508267,18.178533913815375,22.937693203444496,28.695611824662315,,1,trailing_stop,False,False,False,False,True,False,False,False,False,4902.T,2026-09-14,True,,617.4,9.504311,0.5546034,64.96,1113.228,305109008384.0,1785393000.0,1793773800.0,1793773800.0,True,,,True,1793773800.0,2026-11-04,37.0
6,True,42.24598930481283,False,False,True,False,0.38918779711758317,2319.0,2319.0,2251628560.0,2251.62856,2618.0,0.8857906799083269,-0.1742177070833999,0.13865365788897632,66.07962515088212,2.8494879323364435,-0.11420932009167306,-0.11420932009167306,15.69050808583933,19.906023195333113,27.677993357187642,,2,macd_sell_like;trailing_stop,False,False,True,False,True,False,False,False,False,4205.T,2026-09-14,True,,2319.0,12.430984,1.12312,186.55,2064.784,443730231296.0,1785306600.0,1793255400.0,1793255400.0,True,,,True,1793255400.0,2026-10-29,33.0
6,True,46.09375,False,True,False,False,0.38781912563962473,12290.0,12290.0,2179417200.0,2179.4172,13745.0,0.8941433248453984,-0.14114223353946886,0.035560527982571255,330.97626186027674,2.693053391865555,-0.05751533742331283,-0.10585667515460162,19.715817382764435,17.13297159557734,25.193453016889773,,0,,False,False,False,False,False,False,False,False,False,5444.T,2026-09-14,True,,12290.0,12.000781,1.3428147,1024.1,9152.417,734357094400.0,1793601000.0,1793601000.0,1793601000.0,True,,,True,1793601000.0,2026-11-02,35.0
6,True,44.55611390284757,False,False,True,True,0.2650108338981825,4108.0,4108.0,2156412990.0,2156.41299,4386.0,0.9366165070679434,-0.1823973499830821,0.06781110024241466,90.06487290811137,2.192426312271455,-0.021438780371605515,-0.03545433200281756,10.725587927490446,23.070189333058533,22.913832993411777,,0,,False,False,False,False,False,False,False,False,False,4676.T,2026-09-14,True,,4108.0,125.7038,1.0851462,32.68,3785.665,585371942912.0,1785825000.0,1794292200.0,1794292200.0,True,,,True,1794292200.0,2026-11-10,41.0
6,True,49.628077343236505,False,False,True,True,0.4928640803546412,3844.0,3844.0,2123051000.0,2123.051,4028.259033203125,0.9542583950822524,-0.14190733608525885,0.17376237724716082,72.71964610070405,1.891770189924663,-0.008255933952528327,-0.04574160491774759,20.501220841638634,25.438875892769786,19.281561693273726,,0,,False,False,False,False,False,False,False,False,False,9861.T,2026-09-14,True,,3844.0,53.381474,3.5849347,72.01,1072.265,246282502144.0,1791441000.0,1791441000.0,1791441000.0,True,,,True,1791441000.0,2026-10-08,18.0
6,True,38.106235565819865,False,False,False,True,0.35757051090502356,1924.5,1924.5,2063336302.5,2063.3363025,2064.0,0.9324127906976745,-0.13613670636846975,0.06593108734179398,30.471837827097644,1.5833638777395502,-0.04680534918276369,-0.06758720930232553,16.491844221249682,19.188706864534534,28.839721211012215,,0,,False,False,False,False,False,False,False,False,False,4732.T,2026-09-14,True,,1924.5,21.735939,4.675997,88.54,411.57,873800990720.0,1785825000.0,1794292200.0,1794292200.0,True,,,True,1794292200.0,2026-11-10,41.0
6,True,62.7906976744186,True,False,False,True,0.17294340734405958,1832.5,1832.5,2061787710.0,2061.78771,1855.0,0.9878706199460916,-0.1272862182918687,0.08796555125174876,29.49556582070865,1.6095806723442647,0.0,-0.0121293800539084,23.870710641656036,30.645369184154752,13.597970244101813,,0,,False,False,False,False,False,False,False,False,False,9007.T,2026-09-14,True,,1832.5,16.915905,1.2338763,108.33,1485.157,627766394880.0,1794378600.0,1794378600.0,1794378600.0,True,,,True,1794378600.0,2026-11-11,42.0
6,True,41.333333333333336,False,False,True,False,0.3713215543312297,2604.0,2604.0,2029569557.5,2029.5695575,2909.5,0.8949991407458326,-0.1543220484619351,0.019201020661884005,56.75326250509693,2.1794647659407422,-0.055837563451776595,-0.0829371368198627,17.094884238003676,17.168414533520384,29.1666351458954,,0,,False,False,False,False,False,False,False,False,False,7276.T,2026-09-14,True,,2604.0,43.184082,1.0938065,60.3,2380.677,670503010304.0,1785306600.0,1793169000.0,1793169000.0,True,,,True,1793169000.0,2026-10-28,32.0
6,True,45.233265720081135,False,True,False,True,0.4834429482231942,2869.0,2869.0,1965865212.5,1965.8652125,3029.0,0.9471772862330802,-0.1812714671039971,0.12764664825240346,47.78284246161996,1.6654877121512708,-0.016623821765209934,-0.05282271376691983,19.137711752829876,24.497892146854976,20.819591056879567,,0,,False,False,False,False,False,False,False,False,False,4613.T,2026-09-14,True,,2869.0,19.319866,1.6921343,148.5,1695.492,509507698688.0,1793946600.0,1793946600.0,1793946600.0,True,,,True,1793946600.0,2026-11-06,39.0
6,True,54.53367875647668,True,False,True,False,0.6356551875370605,3448.0,3448.0,1901824295.0,1901.824295,3632.0,0.9493392070484582,-0.2765229996583306,0.19704674369024255,88.17255542580658,2.5572086840431143,-0.020732746378869682,-0.0506607929515418,17.137275001762955,29.54625258756528,22.010030721132352,,0,ext_dev200,False,False,False,False,False,True,False,False,False,3774.T,2026-09-14,True,,3448.0,24.755888,3.797566,139.28,907.95,611433840640.0,1793946600.0,1793946600.0,1793946600.0,True,,,True,1793946600.0,2026-11-06,39.0
6,True,42.96915378695937,False,False,True,True,0.32789777124445535,1749.5,1749.5,1830868177.5,1830.8681775,1839.128662109375,0.9512656923053029,-0.1414385315099247,0.039498380531437505,36.05377744929253,2.0608046555754522,-0.025890868596881944,-0.035795426335071046,16.473004111416163,22.553819713364984,23.598129890723065,,0,,False,False,False,False,False,False,False,False,False,3048.T,2026-09-14,True,,1749.5,15.320956,1.6438066,114.19,1064.298,299606671360.0,1791527400.0,1791527400.0,1791527400.0,True,,,True,1791527400.0,2026-10-09,19.0
6,True,43.01075268817205,False,False,True,True,0.4334376928700026,4084.0,4084.0,1684685735.0,1684.685735,4755.0703125,0.8588726835992502,-0.3091436936559495,0.020430701001894702,110.50201100472951,2.7057299462470494,-0.054191755442334455,-0.057465958919916904,11.472440737153185,19.913131709086553,26.36837567530262,,0,,False,False,False,False,False,False,False,False,False,5233.T,2026-09-14,True,,4084.0,17.926432,0.6601959,227.82,6186.043,445005627392.0,1794292200.0,1794292200.0,1794292200.0,True,,,True,1794292200.0,2026-11-10,41.0
6,True,41.842586592564864,False,False,True,False,0.2889081131348399,7210.0,7210.0,1515742800.0,1515.7428,7817.4453125,0.9222961865139366,-0.1893333417866493,0.04787122742641703,239.87243412206243,3.3269408338704913,-0.05751633986928106,-0.07770381348606337,13.202055066287832,15.479233201405926,28.398093238715976,,1,macd_sell_like,False,False,True,False,False,False,False,False,False,6432.T,2026-09-14,True,,7210.0,11.777582,1.7872818,612.18,4034.059,333050937344.0,1791873000.0,1791873000.0,1791873000.0,True,,,True,1791873000.0,2026-10-13,21.0
6,True,45.288753799392104,False,False,True,True,0.2326262452239514,2124.5,2124.5,1492597382.5,1492.5973825,2291.5,0.9271219725070914,-0.24845327581318322,0.10769458576085333,56.83363025858087,2.6751532246919685,-0.07287802749290861,-0.07287802749290861,16.34116435467845,23.0964091809732,23.286618606635862,,0,,False,False,False,False,False,False,False,False,False,8088.T,2026-09-14,True,,2124.5,10.253873,1.0275228,207.19,2067.594,489007349760.0,1785997800.0,1794378600.0,1794378600.0,True,,,True,1794378600.0,2026-11-11,42.0
6,True,39.478895930175455,False,False,True,True,0.31165594953792436,2694.5,2694.5,1484459570.0,1484.45957,3159.062255859375,0.8529429880662488,-0.25622119338439087,0.02866366020517397,55.23056810951746,2.049752017425031,-0.02622047881165901,-0.07357301283395945,15.507232871235313,22.792933940493416,26.964984204315083,,0,,False,False,False,False,False,False,False,False,False,2670.T,2026-09-14,True,,2694.5,14.3898535,1.6623932,187.25,1620.856,667203010560.0,1791354600.0,1791354600.0,1791354600.0,True,,,True,1791354600.0,2026-10-07,17.0
6,True,47.05882352941176,False,False,True,True,0.502398709545348,2968.0,2968.0,1464305665.0,1464.305665,3231.342529296875,0.9185036786074867,-0.4979472016364006,0.2482728464312074,49.34030110485268,1.6624090668750904,-0.04871794871794877,-0.07826086956521738,26.009964297134616,28.438990724985793,15.538390408722627,,0,ext_dev200,False,False,False,False,False,True,False,False,False,4413.T,2026-09-14,True,,2968.0,37.784847,11.4702215,78.55,258.757,92587507712.0,,1744700400.0,1744700400.0,True,,,True,1744700400.0,2025-04-15,-369.0
6,True,38.44537815126051,False,False,True,False,0.3012793137068801,5905.0,5905.0,1411239800.0,1411.2398,6345.0,0.9306540583136328,-0.12218226549738687,0.1474357593538631,128.2090096266494,2.1711940664970264,-0.06905249881759423,-0.06934594168636721,25.340407552454117,15.676102215182658,28.619126701889968,,1,di_bear,False,False,False,False,False,False,True,False,False,4118.T,2026-09-14,True,,5905.0,11.818273,0.7033253,499.65,8395.831,354466529280.0,1786602600.0,1795069800.0,1795069800.0,True,,,True,1795069800.0,2026-11-19,48.0
6,True,40.966921119592875,False,False,True,False,0.41908978796987933,4899.0,4899.0,1338650410.0,1338.65041,5458.7265625,0.8974620626090392,-0.25843510319628693,0.023307575451203766,112.33841724297153,2.293088737353981,-0.07566037735849052,-0.0818965517241379,13.207478835379987,20.755108965860458,27.689417332947,,0,,False,False,False,False,False,False,False,False,False,7988.T,2026-09-14,True,,4899.0,13.5499935,1.527412,361.55,3207.386,456949760000.0,1793341800.0,1793341800.0,1793341800.0,True,,,True,1793341800.0,2026-10-30,34.0
6,True,60.147601476014756,True,False,True,True,0.3950916646745627,1553.0,1553.0,1331384830.0,1331.38483,1637.0,0.9486866218692731,-0.1552023779559647,0.11320288964939551,26.780764682151634,1.724453617653035,0.0,-0.051313378130726894,11.76429893657636,23.80655750855512,18.80643764602437,,0,,False,False,False,False,False,False,False,False,False,9301.T,2026-09-14,True,,1553.0,9.964709,1.3934661,155.85,1114.487,527675654144.0,1793341800.0,1793341800.0,1793341800.0,True,,,True,1793341800.0,2026-10-30,34.0
6,True,53.69369369369369,False,False,False,True,0.5279307303925067,4349.0,4349.0,1328242065.0,1328.242065,5098.1142578125,0.8530605200413985,-0.3278187209347344,0.04643241425310851,94.16957751350256,2.1653156475857105,-0.007757243896874266,-0.051265270506108185,28.22023949232351,36.07605857184108,18.843354198011212,,0,,False,False,False,False,False,False,False,False,False,3397.T,2026-09-14,True,,4349.0,200.32243,4.000423,21.71,1087.135,382412619776.0,1786689000.0,1794551400.0,1794551400.0,True,,,True,1794551400.0,2026-11-13,44.0
6,True,39.2578125,False,False,True,True,0.49483827137736475,1517.0,1517.0,1310128310.0,1310.12831,1636.5,0.9269783073632752,-0.21787888074662443,0.12059719396498236,36.228064775039925,2.388138745882658,-0.07046568627450978,-0.07302169263672476,24.249479014056487,18.983213510862125,32.21214643077397,,1,di_bear,False,False,False,False,False,False,True,False,False,3941.T,2026-09-14,True,,1517.0,17.925087,0.73721796,84.63,2057.736,364511035392.0,1793860200.0,1793860200.0,1793860200.0,True,,,True,1793860200.0,2026-11-05,38.0
6,True,45.24421593830334,False,True,False,True,0.39242360944086063,4549.0,4549.0,1279422075.0,1279.422075,4730.0,0.9617336152219873,-0.27045913035164515,0.1951894853254703,116.15793473995272,2.5534828476577864,-0.038266384778012696,-0.038266384778012696,29.248990200291182,32.91693415683757,22.404999349701274,,0,ext_dev200,False,False,False,False,False,True,False,False,False,2607.T,2026-09-14,True,,4549.0,35.15184,1.5801235,129.41,2878.889,391134347264.0,1794292200.0,1794292200.0,1794292200.0,True,,,True,1794292200.0,2026-11-10,41.0
6,True,42.47787610619469,False,False,True,True,0.33820537254987626,1719.5,1719.5,1263469825.0,1263.469825,1935.0,0.8886304909560724,-0.1791937581274382,0.07568686613123266,38.88047959917342,2.2611503110888878,-0.040725244072524425,-0.11136950904392762,11.227223443293184,16.463371426709497,28.42272798269275,,1,macd_sell_like,False,False,True,False,False,False,False,False,False,5463.T,2026-09-14,True,,1719.5,14.581921,1.0806351,117.92,1591.194,379617411072.0,1794205800.0,1794205800.0,1794205800.0,True,,,True,1794205800.0,2026-11-09,40.0
6,True,37.580993520518355,False,False,True,False,0.5413637835254836,1402.0,1402.0,1251062932.5,1251.0629325,1614.8819580078125,0.8681749108953866,-0.29406604962857297,0.022858229030064292,31.029424024248257,2.213225679332971,-0.07763157894736838,-0.07763157894736838,19.792575731636724,15.456649820582157,26.264035413776664,,0,,False,False,False,False,False,False,False,False,False,4202.T,2026-09-14,True,,1402.0,36.19933,0.97336376,38.73,1440.366,358227836928.0,1793860200.0,1793860200.0,1793860200.0,True,,,True,1793860200.0,2026-11-05,38.0
6,True,44.300518134715034,False,False,True,True,0.5788548111495181,3936.0,3936.0,1230363630.0,1230.36363,4343.0,0.9062859774349528,-0.32731704760192315,0.11738328653448504,123.26266720064093,3.1316734553008367,-0.0758393989199343,-0.09371402256504724,20.04232173104703,21.237823208295065,25.71047941158718,,1,di_bear,False,False,False,False,False,False,True,False,False,9449.T,2026-09-14,True,,3936.0,21.899517,2.4613566,179.73,1599.118,369159798784.0,1794551400.0,1794551400.0,1794551400.0,True,,,True,1794551400.0,2026-11-13,44.0
6,True,40.657084188911696,False,False,True,True,0.41950060947901585,4400.0,4400.0,1222654710.0,1222.65471,4876.16845703125,0.9023478246850489,-0.25966462565613024,0.06608736056200537,132.51203339854217,3.01163712269414,-0.07853403141361259,-0.07853403141361259,21.82464552706221,17.786487450045787,27.412979926729484,,1,di_bear,False,False,False,False,False,False,True,False,False,4401.T,2026-09-14,True,,4400.0,15.838163,1.3271337,277.81,3315.416,426694279168.0,1794378600.0,1794378600.0,1794378600.0,True,,,True,1794378600.0,2026-11-11,42.0
6,True,48.88888888888889,False,False,True,True,0.5124077963919781,229.0,229.0,1216226705.0,1216.226705,239.0,0.9581589958158996,-0.20918808799624533,0.2050413686906729,6.293629937890426,2.7483100165460375,-0.04184100418410042,-0.04184100418410042,36.973208258990866,27.222278848308108,15.976401389902332,,0,ext_dev200,False,False,False,False,False,True,False,False,False,2146.T,2026-09-14,True,,229.0,19.656652,4.2646704,11.65,53.697,130923028480.0,1794551400.0,1794551400.0,1794551400.0,True,,,True,1794551400.0,2026-11-13,44.0
6,True,55.18987341772152,False,False,False,False,0.5942594635307529,3407.0,3407.0,1212002730.0,1212.00273,3582.686279296875,0.9509624160194806,-0.17101309786385166,0.04396894498149195,48.22186465450329,1.4153761272234604,-0.004674262342973967,-0.004674262342973967,22.533787240131296,32.38598317736582,21.890337577648904,,0,,False,False,False,False,False,False,False,False,False,9744.T,2026-09-14,True,,3407.0,17.475378,5.961859,194.96,571.466,263043268608.0,1793255400.0,1793255400.0,1793255400.0,True,,,True,1793255400.0,2026-10-29,33.0
6,True,47.33606557377049,False,False,True,True,0.37854730157048255,1325.5,1325.5,1180075240.0,1180.07524,1392.5,0.9518850987432675,-0.18994352802938053,0.14609916372057485,41.00800369211715,3.093776212155198,-0.037749546279491786,-0.048114901256732456,15.801433906793207,17.684080533313455,26.4881403559862,,0,,False,False,False,False,False,False,False,False,False,2433.T,2026-09-14,True,,1325.5,28.75895,1.2397444,46.09,1069.172,475896971264.0,1785911400.0,1794465000.0,1794465000.0,True,,,True,1794465000.0,2026-11-12,43.0
6,True,34.641912444479445,False,False,True,False,0.4516470503689676,1647.5,1647.5,1154133730.0,1154.13373,1791.9859619140625,0.9193710414116562,-0.21140856824502596,0.04578564306268351,36.56962205822333,2.219703918556803,-0.03027042282828407,-0.03027042282828407,21.908658497835006,23.860523613006283,21.341701300708742,,0,,False,False,False,False,False,False,False,False,False,8570.T,2026-09-14,True,,1647.5,16.868025,0.7458849,97.67,2208.786,355669180416.0,1791527400.0,1791527400.0,1791527400.0,True,,,True,1791527400.0,2026-10-09,19.0
6,True,44.75955610357583,False,False,True,False,0.4753371926840874,1942.0,1942.0,1047444490.0,1047.44449,2188.0,0.8875685557586838,-0.25094435892249467,0.33375368325958266,85.88015786613099,4.422253237184911,-0.11243144424131624,-0.11243144424131624,20.393927793305988,25.82851325789922,23.829593623586838,,1,trailing_stop;ext_dev200,False,False,False,False,True,True,False,False,False,6058.T,2026-09-14,True,,1942.0,17.841066,4.0890837,108.85,474.923,91088420864.0,,1752127200.0,1752472800.0,True,,,True,1752127200.0,2025-07-10,-307.0
6,True,45.302013422818796,False,False,True,True,0.2505741060960397,1572.0,1572.0,1045416440.0,1045.41644,1651.5,0.9518619436875567,-0.11909146715776553,0.030839268540109988,22.790422798692184,1.4497724426648972,-0.008827238335435084,-0.04813805631244328,10.500832557346055,23.89945126267338,17.67402572250661,,0,,False,False,False,False,False,False,False,False,False,9006.T,2026-09-14,True,,1572.0,15.426888,1.1085451,101.9,1418.075,414232182784.0,1785911400.0,1794292200.0,1794292200.0,True,,,True,1794292200.0,2026-11-10,41.0
6,True,49.72762645914396,False,False,True,False,0.4169296921929293,2994.0,2994.0,1035207627.5,1035.2076275,3253.59375,0.920213225759977,-0.15570282860298712,0.02644538270400587,67.77240521233097,2.2636073885214083,-0.035127296165001654,-0.038535645472061675,13.085107920629548,20.163140497363575,20.734738789485384,,0,,False,False,False,False,False,False,False,False,False,7240.T,2026-09-14,True,,2994.0,10.509688,0.75251424,284.88,3978.662,470553952256.0,1785997800.0,1794292200.0,1794292200.0,True,,,True,1794292200.0,2026-11-10,41.0
6,True,48.831587429492345,True,False,True,True,0.4866349733989691,5592.0,5592.0,1023583265.0,1023.583265,6372.0,0.8775894538606404,-0.2031451449060646,0.1992821897091186,195.74774310080258,3.500496121258988,-0.04573378839590447,-0.12241054613935964,11.870672664528453,15.959153652401929,21.957649372461397,,0,ext_dev200,False,False,False,False,False,True,False,False,False,5232.T,2026-09-14,True,,5592.0,16.005495,0.90905476,349.38,6151.445,177217552384.0,1785825000.0,1794292200.0,1794292200.0,True,,,True,1794292200.0,2026-11-10,41.0
6,True,43.4560327198364,False,False,True,True,0.30109053996232316,4083.0,4083.0,999311620.0,999.31162,4711.6865234375,0.8665686861147907,-0.27329630632940405,0.05054687340079611,112.84703535334874,2.763826484284809,-0.03200568990042674,-0.03200568990042674,14.886896755452145,24.29076995842513,19.622666066053736,,0,,False,False,False,False,False,False,False,False,False,3549.T,2026-09-14,True,,4083.0,23.093891,2.7491672,176.8,1485.177,387734175744.0,1790836200.0,1790836200.0,1790836200.0,True,,,True,1790836200.0,2026-10-01,13.0
6,True,78.2312925170068,True,False,True,False,0.5109184896630751,1108.0,1108.0,995167485.4510498,995.1674854510499,1119.1273193359375,0.9900571461855294,-0.28542535027957905,0.14354471112588474,29.34392053802015,2.6483682796047066,0.0,0.0,39.54716161146307,28.83186762878639,10.059502572766634,,0,,False,False,False,False,False,False,False,False,False,9505.T,2026-09-14,True,,1108.0,4.250259,0.49138895,260.69,2254.833,231466991616.0,1785306600.0,1793255400.0,1793255400.0,True,,,True,1793255400.0,2026-10-29,33.0
6,True,40.61662198391421,False,False,True,True,0.30175623542420676,2727.5,2727.5,975407402.5,975.4074025,2827.0,0.9648036788114609,-0.10118579396351013,0.08308088382880152,48.84030643947106,1.7906620142794154,-0.035196321188539104,-0.035196321188539104,18.90080028807966,25.054450951520874,23.71715531508372,,0,,False,False,False,False,False,False,False,False,False,9076.T,2026-09-14,True,,2727.5,18.776676,0.9647884,145.26,2827.045,443524710400.0,1785997800.0,1794465000.0,1794465000.0,True,,,True,1794465000.0,2026-11-12,43.0
6,True,44.46460980036297,False,True,False,False,0.45071947972979454,2109.0,2109.0,918067120.0,918.06712,2315.0,0.9110151187904968,-0.1950839269859691,0.054714667652199234,57.02184889182227,2.7037386861935646,-0.08898488120950321,-0.08898488120950321,16.95974544337195,21.477269514420776,25.61074544382999,,1,trailing_stop,False,False,False,False,True,False,False,False,False,8117.T,2026-09-14,True,,2109.0,12.084575,1.8388764,174.52,1146.896,116553547776.0,,1754284800.0,1754630400.0,True,,,True,1754284800.0,2025-08-04,-290.0
6,True,41.780821917808225,False,False,True,True,0.3480473136131972,5480.0,5480.0,895521150.0,895.52115,5890.0,0.9303904923599321,-0.1994275319397003,0.14755451176876822,169.41346728506232,3.0914866292894585,-0.0696095076400679,-0.0696095076400679,28.899313495787524,24.66511582960147,27.21395234468425,,2,macd_sell_like;di_bear,False,False,True,False,False,False,True,False,False,3097.T,2026-09-14,True,,5480.0,24.154802,4.462889,226.87,1227.904,210434457600.0,1794551400.0,1794551400.0,1794551400.0,True,,,True,1794551400.0,2026-11-13,44.0
6,True,47.21753794266442,False,False,True,False,0.433476155083914,2051.5,2051.5,886771752.5,886.7717525,2180.5,0.940839257051135,-0.12772299931208442,0.09407445061679098,41.11357313339298,2.0040737574161827,-0.032083038452465185,-0.04180289584306396,16.507822486459006,12.94258655094119,23.7294109037612,,0,,False,False,False,False,False,False,False,False,False,4272.T,2026-09-14,True,,2051.5,12.722481,1.0691243,161.25,1918.86,295802470400.0,1794292200.0,1794292200.0,1794292200.0,True,,,True,1794292200.0,2026-11-10,41.0
6,True,35.51401869158879,False,False,True,True,0.4519053877516569,3134.0,3134.0,883808860.0,883.80886,3402.95458984375,0.9209643905779832,-0.17630402463621986,0.019488401521033483,37.71807985775378,1.2035124396220096,-0.027614024201054965,-0.03152039555006181,20.10397918330611,19.45554127181753,24.272682064020586,,1,di_bear,False,False,False,False,False,False,True,False,False,7164.T,2026-09-14,True,,3134.0,12.857436,1.7137445,243.75,1828.744,417074315264.0,1793860200.0,1793860200.0,1793860200.0,True,,,True,1793860200.0,2026-11-05,38.0
6,True,36.56330749354005,False,False,True,False,0.5219253488828655,2997.0,2997.0,869079605.0,869.079605,3345.0,0.8959641255605382,-0.25324281402324744,0.12570289012735447,98.23084908335575,3.277639275387246,-0.08067484662576685,-0.10403587443946183,16.554580942184582,16.774441409587393,24.270779536139553,,1,trailing_stop,False,False,False,False,True,False,False,False,False,7716.T,2026-09-14,True,,2997.0,109.10084,2.0400732,27.47,1469.065,245176729600.0,1794551400.0,1794551400.0,1794551400.0,True,,,True,1794551400.0,2026-11-13,44.0
6,True,52.67770331788931,False,False,True,True,0.3977508915475795,899.2999877929688,899.2999877929688,842173446.4541626,842.1734464541626,948.6768188476562,0.9479518946034069,-0.18664314586497788,0.04421962290947401,16.371189809562523,1.8204370100949447,-0.032490599469640946,-0.032490599469640946,32.793382541124075,22.719637152823687,14.891651732238612,,1,macd_sell_like,False,False,True,False,False,False,False,False,False,7984.T,2026-09-14,True,,899.3,17.267664,1.4866822,52.08,604.904,372705951744.0,1793255400.0,1793255400.0,1793255400.0,True,,,True,1793255400.0,2026-10-29,33.0
6,True,37.99999999999999,False,False,True,True,0.34916755312106407,1305.0,1305.0,827453980.0,827.45398,1590.0,0.8207547169811321,-0.2132450331125828,0.026005597709436223,38.390238921068715,2.9417807602351504,-0.07838983050847459,-0.17924528301886788,17.0183413794199,15.236644557520071,22.485245392854583,,0,,False,False,False,False,False,False,False,False,False,3863.T,2026-09-14,True,,1305.0,12.830597,0.2920422,101.71,4468.532,150477602816.0,1785911400.0,1793860200.0,1793860200.0,True,,,True,1793860200.0,2026-11-05,38.0
6,True,50.143266475644694,False,False,True,True,0.4346759126133486,2278.5,2278.5,806958355.0,806.958355,2342.5,0.9726787620064035,-0.18647636651862265,0.15176660850527113,41.732966183649395,1.8315982525191745,-0.027321237993596537,-0.027321237993596537,23.96961315783438,24.004086897349307,13.043683806120196,,0,,False,False,False,False,False,False,False,False,False,9069.T,2026-09-14,True,,2278.5,20.101456,1.6513227,113.35,1379.803,381463298048.0,1794465000.0,1794465000.0,1794465000.0,True,,,True,1794465000.0,2026-11-12,43.0
6,True,54.166666666666664,False,False,True,True,0.5054519067342043,3964.0,3964.0,800451120.0,800.45112,4596.287109375,0.8624352451600923,-0.3211912298437215,0.03588729076373531,95.05874625665892,2.398051116464655,-0.027954879843060332,-0.027954879843060332,14.140089434683484,29.47333771998511,24.164416960930645,,0,,False,False,False,False,False,False,False,False,False,2327.T,2026-09-14,True,,3964.0,23.539194,2.6248317,168.4,1510.192,725338292224.0,1793601000.0,1793601000.0,1793601000.0,True,,,True,1793601000.0,2026-11-02,35.0
6,True,87.63440860215054,True,False,False,True,0.36547648522881493,3190.0,3190.0,774705855.0,774.705855,3268.0,0.9761321909424725,-0.19736842105263153,0.08151515477058835,58.45084199349006,1.832314796034171,0.0,-0.011159330440173587,26.887051024575406,26.36985391534675,9.082804308294678,,1,rsi_reversal,False,False,False,True,False,False,False,False,False,9044.T,2026-09-14,True,,3190.0,14.015202,1.0032371,227.61,3179.707,345156976640.0,1793601000.0,1793601000.0,1793601000.0,True,,,True,1793601000.0,2026-11-02,35.0
6,True,57.073170731707314,False,False,True,True,0.38542719113001933,4488.0,4488.0,773149270.0,773.14927,4591.0,0.9775648006970159,-0.10797260400927322,0.041468855538399296,61.97764342964371,1.3809635345286033,-0.002666666666666706,-0.0224351993029841,9.921594378970926,19.715285315526035,18.671154687043153,,0,,False,False,False,False,False,False,False,False,False,8424.T,2026-09-14,True,,4488.0,18.790035,0.7920978,238.85,5665.967,404824227840.0,1793946600.0,1793946600.0,1793946600.0,True,,,True,1793946600.0,2026-11-06,39.0
6,True,45.5421686746988,False,False,True,True,0.4258723409876929,3906.0,3906.0,767104495.0,767.104495,4160.31201171875,0.9388718896557746,-0.19201906376752953,0.015473541055537554,59.83515415253556,1.5318779864960461,-0.0300471815247082,-0.032928942807625705,24.710239975514348,24.950278118791815,23.773816676239377,,0,,False,False,False,False,False,False,False,False,False,6436.T,2026-09-14,True,,3906.0,13.640174,2.0659637,286.36,1890.643,270532460544.0,1785220200.0,1793255400.0,1793255400.0,True,,,True,1793255400.0,2026-10-29,33.0
6,True,36.29441624365482,False,True,False,True,0.42713273576692856,2042.5,2042.5,757592677.5,757.5926775,2158.5,0.9462589761408385,-0.18367344605152225,0.09396867124870423,38.07014428096099,1.8638993528010277,-0.04822926374650516,-0.05374102385916146,19.255982017412222,24.209981873302223,26.46821644642533,,0,,False,False,False,False,False,False,False,False,False,7616.T,2026-09-14,True,,2042.5,130.3446,2.576624,15.67,792.704,217129582592.0,1786516200.0,1793946600.0,1793946600.0,True,,,True,1793946600.0,2026-11-06,39.0
6,True,40.13377926421405,False,False,True,True,0.24352429990613747,3031.0,3031.0,744374285.0,744.374285,3195.0,0.9486697965571205,-0.208760527999449,0.021064451492541547,49.66489002193165,1.63856450088854,-0.02131094607684858,-0.05133020344287953,13.58830939814062,25.59958479328434,21.842956568097232,,0,,False,False,False,False,False,False,False,False,False,2229.T,2026-09-14,True,,3031.0,21.662378,1.7758441,139.92,1706.794,368532783104.0,1793946600.0,1793946600.0,1793946600.0,True,,,True,1793946600.0,2026-11-06,39.0
6,True,39.968152866242036,False,False,True,True,0.46231949743895445,2899.0,2899.0,713928950.0,713.92895,3290.0,0.8811550151975683,-0.21458966565349546,0.030181869449985133,85.30380535866054,2.9425251934688013,-0.07527910685805428,-0.07527910685805428,22.156565684029697,20.220172798601194,24.141554804315675,,2,macd_sell_like;di_bear,False,False,True,False,False,False,True,False,False,5703.T,2026-09-14,True,,2899.0,11.441765,0.7046059,253.37,4114.357,178552750080.0,1793601000.0,1793601000.0,1793601000.0,True,,,True,1793601000.0,2026-11-02,35.0
6,True,49.45652173913044,False,False,True,False,0.3649303623420063,5040.0,5040.0,691680725.0,691.680725,5200.0,0.9692307692307692,-0.21138625491705731,0.24829758499565346,127.22188423018893,2.524243734725971,-0.03076923076923077,-0.03076923076923077,26.809898691698432,18.80939886390266,17.44766497016501,,0,ext_dev200,False,False,False,False,False,True,False,False,False,4634.T,2026-09-14,True,,5040.0,12.805854,6.563594,393.57,767.872,236364365824.0,1794551400.0,1794551400.0,1794551400.0,True,,,True,1794551400.0,2026-11-13,44.0
6,True,54.77582846003899,True,False,True,True,0.45688062265536317,1407.0,1407.0,657596205.0,657.596205,1713.0,0.8213660245183888,-0.45845070422535217,0.22180491934958635,77.50925769871854,5.5088313929437485,-0.03959044368600684,-0.1786339754816112,13.763700199752305,24.16699330144752,23.75659115107056,,0,ext_dev200,False,False,False,False,False,True,False,False,False,4419.T,2026-09-14,True,,1407.0,48.234486,6.7288055,29.17,209.101,73020882944.0,,1747094400.0,1747094400.0,True,,,True,1747094400.0,2025-05-13,-349.0
6,True,36.25498007968128,False,False,True,True,0.3849973080992489,1365.5,1365.5,634653575.0,634.653575,1428.5,0.9558977948897445,-0.14029919190844764,0.04515934860146409,22.660308619376714,1.6594879984896898,-0.02880512091038412,-0.04410220511025553,17.85256275493816,23.19038678561686,24.382290151092555,,0,,False,False,False,False,False,False,False,False,False,4927.T,2026-09-14,True,,1365.5,26.628315,1.8679098,51.28,731.031,302162247680.0,1794205800.0,1794205800.0,1794205800.0,True,,,True,1794205800.0,2026-11-09,40.0
6,True,41.66666666666667,False,False,True,True,0.2659855034554838,2501.0,2501.0,604771850.0,604.77185,2667.0,0.9377577802774654,-0.1781027371578553,0.11319002828007285,45.90742885171031,1.8355629288968536,-0.023809523809523836,-0.040291634689178846,20.874194489304003,19.052553077127403,19.113097527667787,,1,di_bear,False,False,False,False,False,False,True,False,False,2730.T,2026-09-14,True,,2501.0,17.1231,1.1025913,146.06,2268.293,264455012352.0,1793860200.0,1793860200.0,1793860200.0,True,,,True,1793860200.0,2026-11-05,38.0
6,True,50.151057401812686,True,False,True,True,0.44762849426040996,2777.0,2777.0,596395285.0,596.395285,3390.0,0.8191740412979351,-0.2126843657817109,0.002463136087346829,81.06202946296462,2.9190503947772637,-0.03576388888888893,-0.18082595870206486,17.059402711536862,21.1673345963628,29.763469270130095,,0,,False,False,False,False,False,False,False,False,False,3433.T,2026-09-14,True,,2777.0,16.40768,2.4724839,169.25,1123.162,165144576000.0,1793860200.0,1793860200.0,1793860200.0,True,,,True,1793860200.0,2026-11-05,38.0
6,True,53.532857498396,False,False,True,True,0.16544181692199658,2715.0,2715.0,580419775.0,580.419775,2782.0,0.9759166067577283,-0.1392433181243078,0.07188117643360137,64.6138741274574,2.379884866573016,-0.02408339324227171,-0.02408339324227171,21.4334739690331,24.462841515078686,18.761733417834563,,0,,False,False,False,False,False,False,False,False,False,8194.T,2026-09-14,True,,2715.0,12.47989,1.4904054,217.55,1821.652,234895409152.0,,1751868000.0,1752213600.0,True,,,True,1751868000.0,2025-07-07,-310.0
6,True,55.75620767494357,True,True,False,False,0.308195091048336,1755.0,1755.0,557036710.0,557.03671,1902.0,0.9227129337539433,-0.30693866034355677,0.07302956344128253,44.71084555018763,2.547626527076218,-0.035184167124793886,-0.035184167124793886,12.301918143737378,28.054049886855896,17.903031372262998,,0,,False,False,False,False,False,False,False,False,False,5423.T,2026-09-14,True,,1755.0,15.586145,0.82315487,112.6,2132.041,178301239296.0,1792737000.0,1792737000.0,1792737000.0,True,,,True,1792737000.0,2026-10-23,29.0
6,True,40.053763440860216,False,False,True,True,0.3681961331947037,1809.0,1809.0,541858752.5,541.8587525,1963.528076171875,0.9213008064172195,-0.13551749549990666,0.0044444636576317365,24.583019806151995,1.358928679168159,-0.03416978109983981,-0.042857142857142816,18.560207916685258,20.064796118371987,25.15581996522171,,0,,False,False,False,False,False,False,False,False,False,7313.T,2026-09-14,True,,1809.0,29.945374,0.6780614,60.41,2667.9,211277185024.0,1786084200.0,1794551400.0,1794551400.0,True,,,True,1794551400.0,2026-11-13,44.0
6,True,51.72413793103448,False,False,True,True,0.4610088221500252,3050.0,3050.0,535215440.0,535.21544,3210.0,0.9501557632398754,-0.11722578213343382,0.2687271216379119,76.82815177038557,2.5189557957503466,-0.049844236760124616,-0.049844236760124616,28.53876933897733,21.345922028639816,19.91041587552081,,0,ext_dev200,False,False,False,False,False,True,False,False,False,6737.T,2026-09-14,True,,3050.0,16.88815,0.6005845,180.6,5078.386,120045453312.0,,1753772400.0,1754290800.0,True,,,True,1753772400.0,2025-07-29,-294.0
6,True,41.02564102564102,False,False,True,True,0.3618320339741246,6190.0,6190.0,525810650.0,525.81065,6870.0,0.901018922852984,-0.19941775836972342,0.13496857063898293,159.17091312368734,2.5714202443245124,-0.04475308641975306,-0.04475308641975306,16.646229899713777,24.97474241898636,21.38879439865122,,0,,False,False,False,False,False,False,False,False,False,9075.T,2026-09-14,True,,6190.0,16.746475,0.7676652,369.63,8063.411,218026131456.0,1785997800.0,1794292200.0,1794292200.0,True,,,True,1794292200.0,2026-11-10,41.0
6,True,52.9126213592233,False,False,True,False,0.525215279576692,1015.0,1015.0,522305475.0,522.305475,1064.908447265625,0.9531335793290255,-0.2655756343560013,0.10303474359361009,27.83348995611336,2.7422157592229914,-0.011684518013631906,-0.028708133971291905,19.40964650802839,31.468989824063716,23.825168588741374,,0,,False,False,False,False,False,False,False,False,False,2124.T,2026-09-14,True,,1015.0,17.872864,7.3935404,56.79,137.282,161337933824.0,1794551400.0,1794551400.0,1794551400.0,True,,,True,1794551400.0,2026-11-13,44.0
6,True,46.80365296803653,False,False,True,True,0.31745096880705437,2440.0,2440.0,513567220.0,513.56722,2554.0,0.9553641346906813,-0.14291988735389083,0.09739623066502467,48.426130816751176,1.9846774924898023,-0.044635865309318734,-0.044635865309318734,13.497025193545847,16.072842165919095,23.561348117934212,,0,,False,False,False,False,False,False,False,False,False,8511.T,2026-09-14,True,,2440.0,18.795254,1.4043319,129.82,1737.481,197067309056.0,,1753941600.0,1754287200.0,True,,,True,1753941600.0,2025-07-31,-292.0
6,True,51.965065502183414,False,False,True,True,0.4093820555625933,4035.0,4035.0,502961075.0,502.961075,4535.0,0.8897464167585446,-0.24973201381516996,0.1101561232111643,167.85264088613002,4.159916750585626,-0.060535506402793926,-0.1102535832414554,11.038622095438393,21.46387092884503,23.750014145645352,,1,macd_sell_like,False,False,True,False,False,False,False,False,False,2760.T,2026-09-14,True,,4035.0,15.1823015,2.226702,265.77,1812.097,118828654592.0,,1753770600.0,1754289000.0,True,,,True,1753770600.0,2025-07-29,-294.0
6,True,49.31972789115646,False,False,True,False,0.6100248901256206,1734.0,1734.0,494580710.0,494.58071,1909.0,0.9083289680460974,-0.2739654269250916,0.11447586894137007,42.47477034607109,2.4495253948137883,-0.025842696629213457,-0.025842696629213457,37.31778026299544,26.056953323807452,15.366207459711282,,0,,False,False,False,False,False,False,False,False,False,9119.T,2026-09-14,True,,1734.0,11.923263,1.0937932,145.43,1585.309,183462051840.0,1793860200.0,1793860200.0,1793860200.0,True,,,True,1793860200.0,2026-11-05,38.0
6,True,49.29577464788732,False,False,True,False,0.5960088763710283,712.0,712.0,491996400.0,491.9964,758.0,0.9393139841688655,-0.2038971996439215,0.08420023670139898,15.889903467488422,2.2317280150966883,-0.06068601583113453,-0.06068601583113453,26.863269180076085,22.176540212369638,20.1477762196655,,2,cross_sma25_down;macd_sell_like,False,True,True,False,False,False,False,False,False,8614.T,2026-09-14,True,,712.0,12.280097,1.693319,57.98,420.476,48356208640.0,,1753772400.0,1754290800.0,True,,,True,1753772400.0,2025-07-29,-294.0
6,True,48.32663989290495,False,False,True,True,0.3921646038849683,2519.0,2519.0,490573920.0,490.57392,2900.0,0.8686206896551724,-0.20175118569865014,0.11518419023161908,95.68844359611809,3.7986678680475623,-0.0856624319419238,-0.13137931034482764,9.353618566507693,21.31424643263226,28.276348990262772,,2,macd_sell_like;trailing_stop,False,False,True,False,True,False,False,False,False,5208.T,2026-09-14,True,,2519.0,16.72865,1.6629246,150.58,1514.801,82563457024.0,,1754463600.0,1754982000.0,True,,,True,1754463600.0,2025-08-06,-288.0
6,True,55.0,False,False,False,False,0.48070725938370795,2672.0,2672.0,489120600.0,489.1206,2809.898193359375,0.950924131811868,-0.18324443019901304,0.08159719874686955,95.99737865801453,3.592716267141262,-0.04775481111903068,-0.04775481111903068,12.421979693110458,26.808560215858137,22.131066956839245,,0,,False,False,False,False,False,False,False,False,False,7287.T,2026-09-14,True,,2672.0,18.689236,0.65760297,142.97,4063.242,153593020416.0,,1754456400.0,1754888400.0,True,,,True,1754456400.0,2025-08-06,-288.0
6,True,66.30824372759855,True,False,True,True,0.3273254181493862,1908.0,1908.0,474285330.0,474.28533,1940.0,0.9835051546391752,-0.12125532369618186,0.1258174636614786,43.71367620492986,2.2910731763590073,0.0,-0.016494845360824795,20.757898119795385,28.85998774233985,18.04558700461069,,0,,False,False,False,False,False,False,False,False,False,6454.T,2026-09-14,True,,1908.0,24.9314,3.031112,76.53,629.472,336812572672.0,1785393000.0,1793341800.0,1793341800.0,True,,,True,1793341800.0,2026-10-30,34.0
6,True,46.0,False,False,True,False,0.2985644932731045,5430.0,5430.0,465003500.0,465.0035,5750.0,0.9443478260869566,-0.1007194244604317,0.18432488751706333,127.52761055321156,2.34857477998548,-0.055652173913043446,-0.055652173913043446,30.986366037174847,19.973336103498294,11.574937871591489,,0,ext_dev200,False,False,False,False,False,True,False,False,False,9678.T,2026-09-14,True,,5430.0,14.776314,1.1997217,367.48,4526.05,184219746304.0,,1756965600.0,1757311200.0,True,,,True,1756965600.0,2025-09-04,-267.0
6,True,43.22033898305085,False,False,True,True,0.4207276570160146,3125.0,3125.0,460350875.0,460.350875,3416.501708984375,0.9146783072820327,-0.220547733666543,0.03725842430083315,81.11698931404968,2.5957436580495896,-0.07132243684992567,-0.07132243684992567,14.864789175766266,18.347134829469255,26.22954406143348,,1,macd_sell_like,False,False,True,False,False,False,False,False,False,5482.T,2026-09-14,True,,3125.0,18.306973,0.8483247,170.7,3683.731,200771256320.0,,1753762800.0,1754281200.0,True,,,True,1753762800.0,2025-07-29,-294.0
6,True,35.91397849462366,False,False,False,False,0.42981307808636,1796.0,1796.0,458815910.0,458.81591,1903.0,0.9437729900157645,-0.1362809052325188,0.04293859402963829,34.808351692026,1.9381042144780622,-0.056227009984235465,-0.056227009984235465,23.030252710524287,13.45408248402196,26.89451227281522,,1,di_bear,False,False,False,False,False,False,True,False,False,4045.T,2026-09-14,True,,1796.0,14.734597,0.865099,121.89,2076.063,189849092096.0,1793341800.0,1793341800.0,1793341800.0,True,,,True,1793341800.0,2026-10-30,34.0
6,True,45.843230403800476,False,True,False,True,0.2973045134154362,1873.5,1873.5,457012517.5,457.0125175,1901.5,0.9852747830660006,-0.17385138633785524,0.10354494231402667,31.589257117691243,1.6861092670238185,-0.014725216933999419,-0.014725216933999419,18.171352034745883,28.27142998537846,22.802803408364618,,0,,False,False,False,False,False,False,False,False,False,7458.T,2026-09-14,True,,1873.5,12.212372,1.5672158,153.41,1195.432,193676607488.0,1794205800.0,1794205800.0,1794205800.0,True,,,True,1794205800.0,2026-11-09,40.0
6,True,55.660377358490564,True,False,True,False,0.4699314340453816,3830.0,3830.0,453696550.0,453.69655,4239.23388671875,0.9034651312821277,-0.12955970380390303,0.015468572274861092,70.13446423473242,1.831187055737139,-0.015424164524421635,-0.06585365853658531,17.962881910189406,22.24492610208558,18.041910849278466,,0,,False,False,False,False,False,False,False,False,False,1926.T,2026-09-14,True,,3830.0,13.280626,1.8619846,288.39,2056.945,157232218112.0,,1754377200.0,1754982000.0,True,,,True,1754377200.0,2025-08-05,-289.0
6,True,46.07329842931937,False,False,True,False,0.3648878847204984,1341.0,1341.0,451245970.0,451.24597,1464.6236572265625,0.915593567933582,-0.20013473691088757,0.05940344742424486,45.24079080393521,3.373660760919852,-0.07389502762430944,-0.07389502762430944,21.520246567888925,19.63299034293872,21.149195593079806,,2,macd_sell_like;di_bear,False,False,True,False,False,False,True,False,False,6395.T,2026-09-14,True,,1341.0,6.740048,0.78151816,198.96,1715.891,169898999808.0,1785825000.0,1793946600.0,1793946600.0,True,,,True,1793946600.0,2026-11-06,39.0
6,True,45.04249291784703,False,False,True,True,0.2905256023784118,3015.0,3015.0,433270570.0,433.27057,3460.0,0.8713872832369942,-0.22890173410404624,0.04393598844042157,97.94156044719244,3.2484763000727184,-0.024271844660194164,-0.03520000000000001,9.772355889146183,19.462831170277912,21.098802880854663,,0,,False,False,False,False,False,False,False,False,False,6794.T,2026-09-14,True,,3015.0,13.645003,1.0065591,220.96,2995.353,67740442624.0,,1754460000.0,1754978400.0,True,,,True,1754460000.0,2025-08-06,-288.0
6,True,40.19138755980861,False,False,True,False,0.3322772706695267,3590.0,3590.0,428900400.0,428.9004,3985.0,0.9008782936010038,-0.2666080134055687,0.23120217163524726,132.82065334710825,3.699739647551762,-0.0991217063989962,-0.0991217063989962,35.266457019653316,27.31375627378125,26.861206469469646,,1,trailing_stop;ext_dev200,False,False,False,False,True,True,False,False,False,3932.T,2026-09-14,True,,3590.0,9.1598,1.1116905,391.93,3229.316,43195846656.0,,1754546460.0,1754978460.0,True,,,True,1754546460.0,2025-08-07,-287.0
6,True,48.167539267015705,False,False,True,False,0.3212825266283941,2675.0,2675.0,427190860.0,427.19086,2798.0,0.9560400285918513,-0.14616823942759283,0.08089532192775262,52.20150103422525,1.95145798258786,-0.022652539276580175,-0.030797101449275388,11.872471454182893,17.9834592891026,28.18594393462095,,0,,False,False,False,False,False,False,False,False,False,6371.T,2026-09-14,True,,2675.0,9.04633,0.917244,295.7,2916.345,270189641728.0,1793341800.0,1793341800.0,1793341800.0,True,,,True,1793341800.0,2026-10-30,34.0
6,True,40.27777777777778,False,True,False,True,0.4842629266888845,3690.0,3690.0,417380525.0,417.380525,4170.0,0.8848920863309353,-0.3499374096680783,0.09382179985644323,146.85757643672744,3.979880120236516,-0.1151079136690647,-0.1151079136690647,29.396362253231715,20.906274224569867,28.00090996568444,,5,cross_sma25_down;macd_sell_like;trailing_stop;di_bear;vol_distribution,False,True,True,False,True,False,True,True,False,3399.T,2026-09-14,True,,3690.0,15.188311,48.20568,242.95,76.547,72691875840.0,,1749812340.0,1749812340.0,True,,,True,1749812340.0,2025-06-13,-326.0
6,True,60.38338658146965,True,False,False,True,0.4741581731569636,3010.0,3010.0,412731790.0,412.73179,3010.0,1.0,-0.10485573539760729,0.12518306255756295,48.7118233654881,1.6183330021756845,0.0,0.0,24.54366275280884,29.245730122946696,16.8764500618936,,0,,False,False,False,False,False,False,False,False,False,2001.T,2026-09-14,True,,3010.0,11.716165,0.8846564,256.91,3402.451,248820252672.0,1785997800.0,1793860200.0,1793860200.0,True,,,True,1793860200.0,2026-11-05,38.0
6,True,37.5,False,True,False,False,0.4503548839298064,1147.0,1147.0,382692365.0,382.692365,1323.0,0.8669690098261527,-0.1613159410172571,0.1216105488963366,33.920034642807686,2.9572828808027625,-0.13303099017384734,-0.13303099017384734,39.283801110264314,19.518999959363356,29.55091315923863,,4,macd_sell_like;trailing_stop;di_bear;vol_distribution,False,False,True,False,True,False,True,True,False,4997.T,2026-09-14,True,,1147.0,12.432257,1.6005001,92.26,716.651,89839312896.0,,1754456400.0,1754974800.0,True,,,True,1754456400.0,2025-08-06,-288.0
6,True,45.82278481012658,False,False,True,True,0.3984595932625601,2086.0,2086.0,377594975.0,377.594975,2200.0,0.9481818181818182,-0.3368561535788299,0.09037614330725252,47.417806879353016,2.2731451044752164,-0.033364226135310426,-0.05181818181818176,13.796767819989288,27.260516357300112,29.132354573528087,,0,,False,False,False,False,False,False,False,False,False,7199.T,2026-09-14,True,,2086.0,13.295939,3.154913,156.89,661.191,80773103616.0,1786343400.0,1794292200.0,1794292200.0,True,,,True,1794292200.0,2026-11-10,41.0
6,True,38.21138211382113,False,False,True,False,0.3816477233726117,3805.0,3805.0,374461650.0,374.46165,4081.52490234375,0.9322496103882743,-0.16009557644889683,0.03674486331800941,69.94542401391601,1.8382503025996324,-0.06740196078431371,-0.06740196078431371,27.906433901931308,13.307636264260832,23.164152648940703,,2,macd_sell_like;di_bear,False,False,True,False,False,False,True,False,False,4041.T,2026-09-14,True,,3805.0,11.307915,0.96537906,336.49,3941.457,203961417728.0,1794465000.0,1794465000.0,1794465000.0,True,,,True,1794465000.0,2026-11-12,43.0
6,True,45.35104364326376,False,False,True,True,0.5369878591851573,1815.0,1815.0,374458365.0,374.458365,2053.0,0.8840720896249391,-0.33973591237830514,0.1341788269191111,68.16980304240275,3.7559120133555233,-0.0879396984924623,-0.1159279103750609,15.50241570317247,20.739249074868678,25.167383163725177,,1,trailing_stop,False,False,False,False,True,False,False,False,False,3663.T,2026-09-14,True,,1815.0,23.452642,9.9018,77.39,183.3,53848817664.0,,1753941600.0,1754287200.0,True,,,True,1753941600.0,2025-07-31,-292.0
6,True,45.38461538461539,False,False,True,False,0.3401306097515214,3550.0,3550.0,373551425.0,373.551425,3925.0,0.9044585987261147,-0.16824966078697423,0.11393380503214545,99.07131503197526,2.7907412685063453,-0.05585106382978722,-0.09554140127388533,15.272167835530425,18.44174090504432,24.56985953036768,,1,macd_sell_like,False,False,True,False,False,False,False,False,False,6652.T,2026-09-14,True,,3550.0,27.057928,1.4231526,131.2,2494.462,105222225920.0,,1753941600.0,1754287200.0,True,,,True,1753941600.0,2025-07-31,-292.0
6,True,50.5050505050505,False,False,False,True,0.2332991627553258,1110.0,1110.0,370997550.0,370.99755,1163.0,0.9544282029234737,-0.17469225774520625,0.08702764877601377,22.612200388384455,2.0371351701247256,-0.019434628975265045,-0.045571797076526255,10.645211656322978,15.958677423593116,15.850936035718755,,1,macd_sell_like,False,False,True,False,False,False,False,False,False,8818.T,2026-09-14,True,,1110.0,22.929148,1.2538973,48.41,885.24,105899180032.0,,1753684200.0,1754029800.0,True,,,True,1753684200.0,2025-07-28,-295.0
6,True,51.87499999999999,False,False,True,False,0.40486160958144973,3130.0,3130.0,368730600.0,368.7306,3345.0,0.9357249626307922,-0.1732309062750349,0.03115680392097331,78.00623638924449,2.492212025215479,-0.04134762633996936,-0.06427503736920781,12.607073052716752,19.01301764685693,18.928619872054288,,0,,False,False,False,False,False,False,False,False,False,6995.T,2026-09-14,True,,3130.0,9.041539,0.76341873,346.18,4099.978,271397863424.0,1785393000.0,1793860200.0,1793860200.0,True,,,True,1793860200.0,2026-11-05,38.0
6,True,50.26269702276707,False,False,True,False,0.38845077130000605,2166.0,2166.0,366790850.0,366.79085,2454.0,0.882640586797066,-0.19774722241833798,0.036543954587120675,64.86311057495145,2.9946034429802144,-0.06436285097192229,-0.06436285097192229,18.921276847177552,22.426307026402682,21.64431332576213,,2,cross_sma25_down;macd_sell_like,False,True,True,False,False,False,False,False,False,1946.T,2026-09-14,True,,2166.0,11.285953,1.2961274,191.92,1671.132,202446012416.0,,1753768800.0,1754287200.0,True,,,True,1753768800.0,2025-07-29,-294.0
6,False,43.56435643564357,False,False,True,True,0.5549130408869624,1361.0,1361.0,364799885.0,364.799885,1517.0,0.8971654581410679,-0.22214897824653923,0.02637578232065363,30.835096862241244,2.265620636461517,-0.04087385482734318,-0.04087385482734318,25.310706930099478,29.185672289331205,18.643138771055423,,1,trend_break,True,False,False,False,False,False,False,False,False,2220.T,2026-09-14,True,,1361.0,3.492161,0.825142,389.73,1649.413,86082093056.0,,1753941600.0,1754287200.0,True,,,True,1753941600.0,2025-07-31,-292.0
6,True,37.81512605042017,False,False,True,True,0.39545185851814457,2344.0,2344.0,361023180.0,361.02318,2511.0,0.9334926324173636,-0.09318996415770608,0.0035441681820929105,27.40955221921804,1.169349497406913,-0.03260420965744948,-0.03419859909353107,16.164490752284102,18.733020320828043,25.55234308804341,,0,,False,False,False,False,False,False,False,False,False,8803.T,2026-09-14,True,,2344.0,14.1426325,1.2520111,165.74,1872.188,154868678656.0,1793341800.0,1793341800.0,1793341800.0,True,,,True,1793341800.0,2026-10-30,34.0
6,True,44.70588235294118,False,False,True,True,0.53667701058614,3285.0,3285.0,358547625.0,358.547625,3355.0,0.9791356184798807,-0.24879280674219406,0.13010704766192482,59.09563376480041,1.7989538436773336,-0.02086438152011927,-0.02086438152011927,25.187431207822456,20.116013507932724,22.56350486378085,,1,di_bear,False,False,False,False,False,False,True,False,False,7864.T,2026-09-14,True,,3285.0,8.477419,1.0649848,387.5,3084.551,175234596864.0,1794378600.0,1794378600.0,1794378600.0,True,,,True,1794378600.0,2026-11-11,42.0
6,True,46.85314685314686,False,False,False,False,0.4116664734183553,1240.0,1240.0,350139540.0,350.13954,1343.0,0.9233060312732688,-0.19583023082650786,0.0603589793357131,38.72610808469904,3.1230732326370196,-0.05918057663125953,-0.05918057663125953,15.199633599850234,25.528102761404618,26.389657673051083,,2,cross_sma25_down;macd_sell_like,False,True,True,False,False,False,False,False,False,6118.T,2026-09-14,True,,1240.0,15.82642,0.7763951,78.35,1597.125,67432267776.0,,1754550000.0,1754982000.0,True,,,True,1754550000.0,2025-08-07,-287.0
6,True,40.79320113314448,False,False,True,False,0.34248995248941716,1508.0,1508.0,350085860.0,350.08586,1676.0,0.8997613365155132,-0.19157893413903015,0.12438166691746333,48.22755660134828,3.1981138329806558,-0.09211318482841657,-0.10023866348448685,29.46650863387595,18.80283480377894,26.331616666423958,,2,trailing_stop;di_bear,False,False,False,False,True,False,True,False,False,7613.T,2026-09-14,True,,1508.0,18.14681,0.6460582,83.1,2334.155,71101284352.0,,1754546400.0,1754978400.0,True,,,True,1754546400.0,2025-08-07,-287.0
6,True,54.02684563758389,False,False,True,True,0.44404648815899833,2009.0,2009.0,347487650.0,347.48765,2041.0,0.9843214110730034,-0.19805452724243666,0.15464017123999452,45.15751656588953,2.247760904225462,-0.015678588926996584,-0.015678588926996584,26.723387163251,28.073749146252574,19.56313925320366,,0,,False,False,False,False,False,False,False,False,False,6750.T,2026-09-14,True,,2009.0,7.755559,1.4761075,259.04,1361.012,161802076160.0,1794465000.0,1794465000.0,1794465000.0,True,,,True,1794465000.0,2026-11-12,43.0
6,True,53.846153846153854,False,False,True,False,0.5594571838592726,997.0,997.0,346110775.0,346.110775,1040.0,0.9586538461538462,-0.2100600386969549,0.17762880019240423,23.079867329081058,2.3149315274905775,-0.04134615384615381,-0.04134615384615381,38.14321025367102,26.064958976080042,23.44860206095149,,1,macd_sell_like,False,False,True,False,False,False,False,False,False,7246.T,2026-09-14,True,,997.0,11.617338,0.80824494,85.82,1233.537,97260281856.0,,1754456400.0,1754888400.0,True,,,True,1754456400.0,2025-08-06,-288.0
6,True,53.63636363636364,False,False,True,True,0.4543772652701552,1180.0,1180.0,340158500.0,340.1585,1255.08447265625,0.9401757616383049,-0.18897138319795304,0.06516296436562263,16.669354411107257,1.4126571534836658,-0.007569386038687953,-0.007569386038687953,22.73824224851476,26.020823422523065,18.617118236510123,,0,,False,False,False,False,False,False,False,False,False,9757.T,2026-09-14,True,,1180.0,13.555428,3.9511135,87.05,298.65,110175993856.0,1786084200.0,1794205800.0,1794205800.0,True,,,True,1794205800.0,2026-11-09,40.0
6,True,38.877338877338886,False,False,True,False,0.3725905967687458,2552.0,2552.0,338445505.0,338.445505,2699.0,0.9455353834753613,-0.19770456917530044,0.07253729713597656,59.70525527973477,2.3395476206792623,-0.053763440860215006,-0.05446461652463874,18.30240299265652,12.702360262435988,22.92654141452565,,0,,False,False,False,False,False,False,False,False,False,4633.T,2026-09-14,True,,2552.0,10.379469,0.9867225,245.87,2586.34,124412895232.0,,1754546400.0,1754978400.0,True,,,True,1754546400.0,2025-08-07,-287.0
6,True,38.05496828752643,False,False,True,False,0.3634853692543646,2666.0,2666.0,335218250.0,335.21825,2977.3173828125,0.8954369511931521,-0.20757826181221106,0.010390657494237177,64.05548290443912,2.402681279236276,-0.06192821956368755,-0.07237299930410579,21.639720983294975,21.85614568866964,30.251764948625386,,1,di_bear,False,False,False,False,False,False,True,False,False,5851.T,2026-09-14,True,,2666.0,7.947059,0.45171735,335.47,5901.921,84804050944.0,1793860200.0,1793860200.0,1793860200.0,True,,,True,1793860200.0,2026-11-05,38.0
6,True,49.6969696969697,False,False,True,False,0.4619995678623606,2992.0,2992.0,329256710.0,329.25671,3395.314453125,0.8812144033511256,-0.1838752968964008,0.018078117841650254,64.75844341449366,2.164386477757141,-0.02857142857142858,-0.033279483037156665,12.184702478555762,19.950178041845305,20.163323621790884,,0,,False,False,False,False,False,False,False,False,False,6486.T,2026-09-14,True,,2992.0,13.802648,1.0096714,216.77,2963.34,136733769728.0,,1753941600.0,1754287200.0,True,,,True,1753941600.0,2025-07-31,-292.0
6,True,44.44444444444444,False,False,True,False,0.408581439479626,1087.0,1087.0,322642140.0,322.64214,1145.9669189453125,0.9485439605886856,-0.19020350006780107,0.06665091732085915,20.831757936321917,1.9164450723387227,-0.04649122807017547,-0.04649122807017547,29.83965949216263,25.843098161776247,25.826083307344934,,0,,False,False,False,False,False,False,False,False,False,7241.T,2026-09-14,True,,1087.0,6.062465,0.6971376,179.3,1559.233,97072406528.0,,1753687200.0,1754032800.0,True,,,True,1753687200.0,2025-07-28,-295.0
6,True,37.29729729729729,False,False,True,True,0.28009446618125,4875.0,4875.0,322364300.0,322.3643,5240.0,0.9303435114503816,-0.17529880478087645,0.14337823853640552,132.9606045284455,2.7273970159681125,-0.06965648854961837,-0.06965648854961837,28.86527168094783,28.740255329429687,23.390166301737157,,0,,False,False,False,False,False,False,False,False,False,2384.T,2026-09-14,True,,4875.0,9.71735,1.851674,501.68,2632.753,193622163456.0,,1754452800.0,1754971200.0,True,,,True,1754452800.0,2025-08-06,-288.0
6,True,37.41935483870968,False,True,False,False,0.37523226011298116,1282.0,1282.0,318429590.0,318.42959,1364.0023193359375,0.9398810997800501,-0.17228879746359083,0.03353514573888683,21.069432102804544,1.6434814432764855,-0.042569081404032816,-0.042569081404032816,30.51852112764909,25.175064610460858,25.778943279858684,,1,di_bear,False,False,False,False,False,False,True,False,False,3284.T,2026-09-14,True,,1282.0,7.355979,1.0259225,174.28,1249.607,52435935232.0,,1754463600.0,1754982000.0,True,,,True,1754463600.0,2025-08-06,-288.0
6,True,42.244224422442244,False,False,True,False,0.35636402785825244,886.0,886.0,310836495.0,310.836495,963.0,0.9200415368639667,-0.26116293984043826,0.1340463037632258,30.80477634411006,3.4768370591546347,-0.07995846313603328,-0.07995846313603328,21.67412378342929,29.093668316939176,24.379929922009417,,0,,False,False,False,False,False,False,False,False,False,6071.T,2026-09-14,True,,886.0,15.127198,3.0480044,58.57,290.682,33601187840.0,,1754548200.0,1754980200.0,True,,,True,1754548200.0,2025-08-07,-287.0
6,True,48.24561403508772,False,False,True,True,0.26694824269997786,2085.0,2085.0,296768715.0,296.768715,2418.1005859375,0.86224700995705,-0.25211433342689316,0.02458136331338534,32.54724564767243,1.5610189759075508,-0.02478952291861558,-0.03203342618384397,9.278900115883193,17.55697853650395,19.936344205081806,,2,cross_sma25_down;macd_sell_like,False,True,True,False,False,False,False,False,False,7172.T,2026-09-14,True,,2085.0,10.315655,1.5724183,202.12,1325.983,129477623808.0,,1753768800.0,1754287200.0,True,,,True,1753768800.0,2025-07-29,-294.0
6,False,46.494464944649444,False,False,True,False,0.49616836530360264,2134.0,2134.0,296630310.0,296.63031,2465.037353515625,0.8657069625969355,-0.2746560219665789,0.016083329756832354,34.986802273674975,1.639494014698921,-0.05071174377224197,-0.05071174377224197,33.706974234527515,28.221709699100707,22.467481739607937,,1,trend_break,True,False,False,False,False,False,False,False,False,1870.T,2026-09-14,True,,2134.0,10.847905,1.2135501,196.72,1758.477,92149735424.0,,1754456400.0,1754974800.0,True,,,True,1754456400.0,2025-08-06,-288.0
6,True,36.898395721925134,False,False,True,True,0.298400172951837,4250.0,4250.0,292940125.0,292.940125,4675.0,0.9090909090909091,-0.126984161979661,0.06807637368216501,118.22281888385268,2.781713385502416,-0.08798283261802575,-0.09090909090909094,22.923783414307866,13.746697320823678,27.56835891417367,,2,trailing_stop;di_bear,False,False,False,False,True,False,True,False,False,4044.T,2026-09-14,True,,4250.0,12.594458,0.8248618,337.45,5152.378,105369329664.0,1794465000.0,1794465000.0,1794465000.0,True,,,True,1794465000.0,2026-11-12,43.0
6,True,52.34657039711192,False,False,True,True,0.31449596011254216,10790.0,10790.0,290594500.0,290.5945,11550.0,0.9341991341991343,-0.22510822510822515,0.1397358588887605,352.2994612485636,3.2650552479014237,-0.054338299737072715,-0.054338299737072715,15.024226035520096,19.766020677249152,20.68072743656522,,1,macd_sell_like,False,False,True,False,False,False,False,False,False,3106.T,2026-09-14,True,,10790.0,13.804485,1.2596192,781.63,8566.081,169522315264.0,,1754368200.0,1754973000.0,True,,,True,1754368200.0,2025-08-05,-289.0
6,True,54.34782608695652,False,False,True,True,0.5852342614692154,1192.0,1192.0,290181090.0,290.18109,1201.0,0.9925062447960034,-0.2637653100561764,0.1495055304695272,25.50304881557265,2.1395175180849537,-0.007493755203996644,-0.007493755203996644,52.02580457845742,29.465157312750506,12.999139284307457,,0,,False,False,False,False,False,False,False,False,False,9511.T,2026-09-14,True,,1192.0,10.388705,0.5267295,114.74,2263.021,64743555072.0,,1753768800.0,1754287200.0,True,,,True,1753768800.0,2025-07-29,-294.0
6,True,42.56756756756757,False,False,True,False,0.4168565783137106,1990.0,1990.0,287601450.0,287.60145,2082.0,0.9558117195004803,-0.1635273656349049,0.08283738510220218,36.85871322401031,1.8521966444226285,-0.04418828049951973,-0.04418828049951973,22.075193788587583,20.5392916955256,31.06410584348755,,1,di_bear,False,False,False,False,False,False,True,False,False,2154.T,2026-09-14,True,,1990.0,14.333046,2.1072474,138.84,944.36,169070755840.0,1786084200.0,1793946600.0,1793946600.0,True,,,True,1793946600.0,2026-11-06,39.0
6,True,40.476190476190474,False,False,True,True,0.3729986017294823,1759.0,1759.0,287565115.0,287.565115,1881.0,0.9351408825093036,-0.16666670236233194,0.057647900730949386,24.543350910205927,1.3953013593067611,-0.023320377568017747,-0.0648591174906964,15.669063767591014,22.743505200586416,26.85263544660776,,0,,False,False,False,False,False,False,False,False,False,9882.T,2026-09-14,True,,1759.0,12.80297,1.2014534,137.39,1464.06,147685654528.0,,1753768800.0,1754287200.0,True,,,True,1753768800.0,2025-07-29,-294.0
6,True,51.28205128205128,False,False,True,True,0.5688603412468196,4115.0,4115.0,281178025.0,281.178025,4276.00537109375,0.9623467799684811,-0.25863361536522433,0.07789133779997015,76.1583390190888,1.8507494293824738,-0.016726403823178027,-0.016726403823178027,25.927958151226182,25.08322138505119,17.527221494637857,,0,,False,False,False,False,False,False,False,False,False,9746.T,2026-09-14,True,,4115.0,15.310489,1.8439643,268.77,2231.605,201647669248.0,1786084200.0,1794378600.0,1794378600.0,True,,,True,1794378600.0,2026-11-11,42.0
6,True,48.167539267015705,False,False,True,False,0.36777380755463757,2898.0,2898.0,273712820.0,273.71282,2990.0,0.9692307692307692,-0.14862872436648944,0.12399590412180217,51.95104421591038,1.792651629258467,-0.03076923076923077,-0.03076923076923077,13.686714495685717,19.81140412613536,28.90893021412795,,0,,False,False,False,False,False,False,False,False,False,6282.T,2026-09-14,True,,2898.0,16.885159,1.0531745,171.63,2751.681,83297083392.0,,1754373600.0,1754978400.0,True,,,True,1754373600.0,2025-08-05,-289.0
6,True,49.18032786885246,False,False,True,False,0.4141949009710334,3260.0,3260.0,273450650.0,273.45065,3486.11181640625,0.9351392530376885,-0.23499027476392687,0.05084973783837188,69.58867500405776,2.1346219326398086,-0.04817518248175179,-0.04817518248175179,16.21057907674036,24.470777464852496,30.844651364280896,,0,,False,False,False,False,False,False,False,False,False,4481.T,2026-09-14,True,,3260.0,14.709864,3.9007814,221.62,835.73,59167023104.0,,1754978400.0,1755496800.0,True,,,True,1754978400.0,2025-08-12,-284.0
6,True,37.80487804878049,False,False,True,True,0.33760138627732905,1769.0,1769.0,261465620.0,261.46562,1899.0,0.9315429173249078,-0.18422504368919645,0.01663876809864062,32.24596387180013,1.8228357191520705,-0.050965665236051505,-0.0684570826750922,28.54696543051592,21.272720009022898,25.31592957314591,,1,di_bear,False,False,False,False,False,False,True,False,False,8771.T,2026-09-14,True,,1769.0,22.938276,4.0091925,77.12,441.236,78700453888.0,1794551400.0,1794551400.0,1794551400.0,True,,,True,1794551400.0,2026-11-13,44.0
6,True,51.71475783842849,False,False,True,True,0.2880992983029048,1415.0,1415.0,260725550.0,260.72555,1465.3035888671875,0.9656701933651328,-0.1727783213137769,0.07783885589874351,32.7472210413437,2.3142912396709328,-0.03432980663486718,-0.03432980663486718,14.112594362548192,17.540367494323057,18.76334360070264,,0,,False,False,False,False,False,False,False,False,False,8167.T,2026-09-14,True,,1415.0,11.823195,0.66668206,119.68,2122.451,58688094208.0,,1752472800.0,1752818400.0,True,,,True,1752472800.0,2025-07-14,-305.0
6,True,60.0,True,False,False,True,0.2918795143790515,2288.0,2288.0,248828920.0,248.82892,2443.0,0.9365534179287761,-0.13221449038067945,0.028979837701698985,31.672108450801858,1.384270474248333,0.0,-0.04983388704318936,11.590325083809827,21.54597123100002,14.771885835538972,,0,,False,False,False,False,False,False,False,False,False,2288.T,2026-09-14,True,,2288.0,5.7230043,0.7393149,399.79,3094.757,54846078976.0,,1754373600.0,1754978400.0,True,,,True,1754373600.0,2025-08-05,-289.0
6,False,52.4822695035461,False,False,True,True,0.42135198789472816,2466.0,2466.0,245618220.0,245.61822,2638.363525390625,0.9346702894685047,-0.14947277795323421,0.009053957030744186,32.64811565457728,1.3239300752058913,-0.00764587525150906,-0.032182103610675084,22.86875698349671,21.23294177661966,11.722635886148979,,1,trend_break,True,False,False,False,False,False,False,False,False,8160.T,2026-09-14,True,,2466.0,40.11713,2.230546,61.47,1105.559,69442068480.0,,1754545200.0,1754977200.0,True,,,True,1754545200.0,2025-08-07,-287.0
6,True,40.67796610169491,False,False,True,True,0.334181364229734,4270.0,4270.0,245346750.0,245.34675,4590.0,0.9302832244008714,-0.09783343475586814,0.06550274975823478,76.32293508446125,1.7874223673175937,-0.047937569676700154,-0.06971677559912859,28.302070725432984,21.987191765561313,29.59015376920059,,1,di_bear,False,False,False,False,False,False,True,False,False,5192.T,2026-09-14,True,,4270.0,16.222172,1.1683831,263.22,3654.623,119182557184.0,,1754456400.0,1754888400.0,True,,,True,1754456400.0,2025-08-06,-288.0
6,True,58.035714285714285,True,True,False,True,0.4620304010755749,2950.0,2950.0,245338365.0,245.338365,3050.0,0.9672131147540983,-0.14524590163934425,0.05492560727162932,40.28834291063896,1.3657065393436936,0.0,0.0,29.87588194706647,33.02702909857314,11.727340298223188,,0,,False,False,False,False,False,False,False,False,False,9347.T,2026-09-14,True,,2950.0,15.045647,1.3983449,196.07,2109.637,107146797056.0,,1746701940.0,1746701940.0,True,,,True,1746701940.0,2025-05-08,-352.0
6,True,53.17220543806647,False,False,True,True,0.35725431949223346,2385.0,2385.0,233365685.0,233.365685,2679.690673828125,0.8900281003675925,-0.20522251568032945,0.025851566912802104,47.945720364150326,2.0103027406352334,-0.026530612244897944,-0.026530612244897944,17.839389983397556,15.279642440194582,23.935598401783388,,0,,False,False,False,False,False,False,False,False,False,9830.T,2026-09-14,True,,2385.0,9.624698,0.813504,247.8,2931.762,157250732032.0,1793341800.0,1793341800.0,1793341800.0,True,,,True,1793341800.0,2026-10-30,34.0
6,True,42.42424242424243,False,False,True,True,0.23722724263848113,3365.0,3365.0,230546900.0,230.5469,3525.0,0.9546099290780142,-0.11468537748314778,0.02845903390223392,51.16695789518578,1.5205633847009148,-0.023222060957910018,-0.04539007092198577,13.722131759025604,18.785213976077284,21.282028208167933,,0,,False,False,False,False,False,False,False,False,False,3148.T,2026-09-14,True,,3365.0,12.787384,1.4086741,263.15,2388.771,217386614784.0,,1751846400.0,1752192000.0,True,,,True,1751846400.0,2025-07-07,-310.0
6,True,51.36986301369863,False,False,True,True,0.4511042288085745,3405.0,3405.0,229906575.0,229.906575,3835.0,0.8878748370273793,-0.18904823989569752,0.1469865522548195,111.97825077627537,3.2886417261754883,-0.04084507042253516,-0.10512483574244413,13.041433022013782,20.490487125424757,22.88478451030479,,0,,False,False,False,False,False,False,False,False,False,4064.T,2026-09-14,True,,3405.0,12.171146,0.81949794,279.76,4154.983,31753099264.0,,1754377200.0,1754982000.0,True,,,True,1754377200.0,2025-08-05,-289.0
6,True,46.03174603174603,False,False,False,True,0.48168953337187237,3315.0,3315.0,229563375.0,229.563375,3435.0,0.9650655021834061,-0.17065976745159595,0.10738574127903178,52.734375098025865,1.590780545943465,-0.03493449781659386,-0.03493449781659386,22.258388694938485,24.120300769823228,19.072021204878027,,0,,False,False,False,False,False,False,False,False,False,4526.T,2026-09-14,True,,3315.0,13.909868,1.140973,238.32,2905.415,96249036800.0,,1754550000.0,1754982000.0,True,,,True,1754550000.0,2025-08-07,-287.0
6,True,46.610169491525426,False,False,False,False,0.3739149968365414,4850.0,4850.0,228531425.0,228.531425,5180.0,0.9362934362934363,-0.2583046929374089,0.048860788272905076,118.21519978976274,2.4374267997889225,-0.06370656370656369,-0.06370656370656369,17.067168966591705,26.50900902959481,29.79608775465799,,0,,False,False,False,False,False,False,False,False,False,6947.T,2026-09-14,True,,4850.0,19.15255,2.4893432,253.23,1948.305,102217416704.0,,1754287200.0,1754632800.0,True,,,True,1754287200.0,2025-08-04,-290.0
6,True,41.573715956700006,False,False,True,True,0.38152228901471064,2100.0,2100.0,228301615.0,228.301615,2164.0,0.9704251386321626,-0.08881044908711122,0.13976515620351382,38.26057943615468,1.821932354102604,-0.02957486136783738,-0.02957486136783738,20.982337133744043,19.694161373761826,24.17136616733307,,1,di_bear,False,False,False,False,False,False,True,False,False,8008.T,2026-09-14,True,,2100.0,25.13465,1.123667,83.55,1868.881,45097037824.0,,1752040800.0,1752472800.0,True,,,True,1752040800.0,2025-07-09,-308.0
6,True,45.48022598870056,False,False,True,True,0.4429323226936202,2801.0,2801.0,221849330.0,221.84933,3260.0,0.8592024539877301,-0.22165388208328762,0.07949435156822915,97.99194554432833,3.498462889836784,-0.03546831955922869,-0.1407975460122699,16.73585206267791,15.168734203252306,27.840693384695353,,1,macd_sell_like,False,False,True,False,False,False,False,False,False,7745.T,2026-09-14,True,,2801.0,12.947213,1.5424094,216.34,1815.99,76711886848.0,,1754289000.0,1754634600.0,True,,,True,1754289000.0,2025-08-04,-290.0
6,True,43.08943089430894,False,False,True,True,0.5377522622999087,3450.0,3450.0,217480050.0,217.48005,3675.0,0.9387755102040817,-0.37188938815249284,0.13646328916141748,81.80288106851633,2.3710980019859806,-0.034965034965035,-0.061224489795918324,17.429132828873673,25.86678357466001,18.812196435594082,,0,,False,False,False,False,False,False,False,False,False,9828.T,2026-09-14,True,,3450.0,17.436571,3.0669692,197.86,1124.889,60925366272.0,,1753689600.0,1754035200.0,True,,,True,1753689600.0,2025-07-28,-295.0
6,True,51.020408163265316,False,False,True,False,0.3860305848129797,598.0,598.0,215606835.0,215.606835,623.0,0.9598715890850722,-0.151280636578757,0.09277955824476547,13.37921459837157,2.2373268559149784,-0.0401284109149278,-0.0401284109149278,34.22158078640003,24.190617456973985,14.890366296593832,,0,,False,False,False,False,False,False,False,False,False,3232.T,2026-09-14,True,,598.0,9.609513,0.82161933,62.23,727.831,60257316864.0,,1754375400.0,1754980200.0,True,,,True,1754375400.0,2025-08-05,-289.0
6,True,43.38624338624338,False,False,True,True,0.3641374290421083,4795.0,4795.0,210691825.0,210.691825,5344.03564453125,0.8972619793258493,-0.2580513559901997,0.053695937382003844,136.49484111863043,2.846607739700322,-0.040040040040040026,-0.040040040040040026,30.910389533793854,24.14972608452108,14.726238222222083,,0,,False,False,False,False,False,False,False,False,False,3496.T,2026-09-14,True,,4795.0,28.387897,7.8448887,168.91,611.226,59147952128.0,,1753772400.0,1754290800.0,True,,,True,1753772400.0,2025-07-29,-294.0
6,True,51.85185185185185,False,False,True,True,0.31983845304640723,512.0,512.0,209729645.0,209.729645,560.6857299804688,0.9131675243774,-0.2544031071502706,0.13603333032427511,12.171951794035555,2.3773343347725695,-0.03759398496240607,-0.03759398496240607,14.467940981392111,23.082344881749876,21.859601931114884,,0,,False,False,False,False,False,False,False,False,False,4293.T,2026-09-14,True,,512.0,18.530582,1.6034273,27.63,319.316,106211893248.0,,1754287200.0,1754632800.0,True,,,True,1754287200.0,2025-08-04,-290.0
6,True,44.83925549915398,False,False,True,True,0.4275147119675663,1920.0,1920.0,209158275.0,209.158275,2228.0,0.8617594254937163,-0.3242966133352916,0.08787225955686595,79.01571741849804,4.115401948880106,-0.052319842053306975,-0.1382405745062837,13.933929904945295,19.654966755982603,25.710578375535388,,0,,False,False,False,False,False,False,False,False,False,6638.T,2026-09-14,True,,1920.0,8.241405,1.3538812,232.97,1418.145,55607779328.0,,1754373600.0,1754978400.0,True,,,True,1754373600.0,2025-08-05,-289.0
6,True,67.2514619883041,True,False,False,True,0.5413194317470256,1339.0,1339.0,202477420.0,202.47742,1339.0,1.0,-0.23698448809579087,0.14671994470104788,26.411551889988086,1.9724833375644575,0.0,0.0,32.395916953339054,37.955742175011345,14.972716372692476,,0,,False,False,False,False,False,False,False,False,False,8255.T,2026-09-14,True,,1339.0,13.481675,1.242319,99.32,1077.823,116280991744.0,,1754274600.0,1754620200.0,True,,,True,1754274600.0,2025-08-04,-290.0
6,True,39.67391304347826,False,False,True,True,0.3454461520490324,1817.0,1817.0,202237975.0,202.237975,1936.0811767578125,0.9384937066754466,-0.11419003470094058,0.004636657868066996,29.300402320317954,1.6125702983113899,-0.035562632696390706,-0.038115404976177825,13.470615271186924,12.11205677631046,21.167741485337956,,0,,False,False,False,False,False,False,False,False,False,9037.T,2026-09-14,True,,1817.0,12.546609,1.355524,144.82,1340.441,134538166272.0,,1753682400.0,1754028000.0,True,,,True,1753682400.0,2025-07-28,-295.0
6,True,45.07575757575758,False,False,True,False,0.37849798798283263,1526.0,1526.0,200689370.0,200.68937,1643.0,0.9287888009738283,-0.1844863953508914,0.12894346839011628,34.88765069680076,2.2862156419921864,-0.07121119902617168,-0.07121119902617168,22.723664642728053,17.524806585832945,31.926489765007453,,1,di_bear,False,False,False,False,False,False,True,False,False,6463.T,2026-09-14,True,,1526.0,10.663871,0.55528975,143.1,2748.115,97532411904.0,,1754546400.0,1754978400.0,True,,,True,1754546400.0,2025-08-07,-287.0
6,True,37.93103448275862,False,False,True,True,0.5549265393768507,2052.0,2052.0,200134095.0,200.134095,2450.611572265625,0.8373420019815286,-0.24467834031783164,0.004708684394854945,32.99871105744158,1.6081243205380888,-0.02285714285714291,-0.04911955514365152,13.249126507491447,21.128808116486816,21.451128294592774,,0,,False,False,False,False,False,False,False,False,False,5351.T,2026-09-14,True,,2052.0,3.5908654,0.84999,571.45,2414.146,93639163904.0,,1754289000.0,1754634600.0,True,,,True,1754289000.0,2025-08-04,-290.0
