score,gc_multi,rsi,macd_buy_like,vol_surge,vol_quiet,vol_down,hurst,close,close_adj,adv20,adv20_m,hh252,pct_of_52w_high,max_dd_252,dev200,atr14,natr14,pullback_20d,pullback_60d,adx14,plus_di14,minus_di14,skip_reason,sell_score,sell_reason,sell_trend_break,sell_cross_sma25_down,sell_macd_sell_like,sell_rsi_reversal,sell_trailing_stop,sell_ext_dev200,sell_di_bear,sell_vol_distribution,sell_natr_spike,ticker,skip_reason_yahoo,mkt_price,pe_ttm,pbr,eps_ttm,bps,market_cap,earn_ts,earn_start_ts,earn_end_ts,market_risk_on,market_close,market_ma200,fund_ok,earn_ts_pick,next_earn_date,days_to_earnings
1,False,35.50995024875621,False,True,False,False,0.29078374300600557,4168.0,4168.0,2218828355.0,2218.828355,6380.328125,0.6532579388305363,-0.3514440137042325,-0.15902208722026978,179.8369955188212,4.31470718615214,-0.18017309205350118,-0.18017309205350118,26.380378407623315,23.05722737856735,42.321419015532626,,6,trend_break;macd_sell_like;trailing_stop;di_bear;vol_distribution;natr_spike,True,False,True,False,True,False,True,True,True,8056.T,,4168.0,13.018898,2.2489321,320.15,1853.324,402694799360.0,1785911400.0,1793860200.0,1793860200.0,True,,,True,1793860200.0,2026-11-05,65.0
0,False,31.25,False,True,False,True,0.40770491221473437,443.0,443.0,135343460.0,135.34346,622.4418334960938,0.7117130889352091,-0.3364841857105161,-0.08164092112719668,18.6601295264049,4.212218854718939,-0.14971209213051828,-0.14971209213051828,27.301405763880922,15.186225875135264,36.901190972732486,"fund_low_adv20,fund_small_mcap",6,trend_break;macd_sell_like;trailing_stop;di_bear;vol_distribution;natr_spike,True,False,True,False,True,False,True,True,True,2533.T,,443.0,8.094281,0.93702674,54.73,472.772,24673804288.0,,1754370000.0,1754974800.0,True,,,False,1754370000.0,2025-08-05,-262.0
2,False,43.69747899159664,False,True,False,False,0.5747952299347281,1144.0,1144.0,120163985.0,120.163985,1836.404052734375,0.6229565864312938,-0.43498939298803185,-0.18419882309592162,40.68548317468139,3.556423354430191,-0.13855421686746983,-0.13855421686746983,32.419182667927004,20.064191999364432,45.66750854684521,"fund_low_adv20,fund_small_mcap",6,trend_break;cross_sma25_down;macd_sell_like;trailing_stop;di_bear;vol_distribution,True,True,True,False,True,False,True,True,False,3836.T,,1144.0,11.621292,2.7578027,98.44,414.823,,,,,True,,,False,,,
2,False,42.13075060532687,False,True,False,False,0.4604252163153086,943.0,943.0,110550230.0,110.55023,1421.2943115234375,0.6634797538795677,-0.4040643143838877,-0.13752762030677557,40.16808562533994,4.259606110852592,-0.16252220248667848,-0.16252220248667848,30.321160229057725,22.474944302012297,39.20270574815761,fund_low_adv20,6,trend_break;cross_sma25_down;macd_sell_like;trailing_stop;di_bear;natr_spike,True,True,True,False,True,False,True,False,True,4687.T,,943.0,11.485992,1.9037467,82.1,495.339,43954245632.0,,1754287200.0,1754632800.0,True,,,False,1754287200.0,2025-08-04,-263.0
2,False,49.79827089337176,False,True,False,False,0.5257288079748507,2515.0,2515.0,11976352415.0,11976.352415,3517.076171875,0.7150826075680983,-0.3494596397153842,-0.11908679155475987,87.36321220525777,3.4736863699903684,-0.11707916447252942,-0.11707916447252942,24.42167299117188,23.551418601832545,27.550761855945645,earnings_blackout,5,trend_break;cross_sma25_down;macd_sell_like;trailing_stop;di_bear,True,True,True,False,True,False,True,False,False,7270.T,,2515.0,20.038244,0.6471363,125.51,3886.353,1772007849984.0,1785911400.0,1785911400.0,1785911400.0,True,,,True,1785911400.0,2026-08-05,-1.0
1,False,24.768946395563773,False,True,False,True,0.46574824846014157,5135.0,5135.0,8973466845.0,8973.466845,7582.04150390625,0.6772582288496389,-0.32274177115036107,-0.12475679637263104,202.40785082564275,3.9417302984545812,-0.11693895098882201,-0.17536534446764096,23.976864914009322,10.74198383278027,29.705548074194205,earnings_blackout,5,trend_break;macd_sell_like;trailing_stop;di_bear;vol_distribution,True,False,True,False,True,False,True,True,False,1812.T,,5135.0,13.523122,1.690879,379.72,3036.882,2368773292032.0,1785911400.0,1785911400.0,1785911400.0,True,,,True,1785911400.0,2026-08-05,-1.0
2,False,42.93732460243218,False,True,False,False,0.4173852758094673,1892.5,1892.5,2866556047.5,2866.5560475,2499.77392578125,0.7570684614643863,-0.32836817079356984,-0.0352909221176384,59.04626034989022,3.12001375692947,-0.13188073394495414,-0.13188073394495414,39.02478677365329,22.297057040720272,33.796610596004115,,5,trend_break;macd_sell_like;trailing_stop;di_bear;natr_spike,True,False,True,False,True,False,True,False,True,9064.T,,1892.5,43.96051,1.0495213,43.05,1803.203,599310401536.0,1785738600.0,1793255400.0,1793255400.0,True,,,True,1793255400.0,2026-10-29,60.0
1,False,34.200260078023405,False,True,False,True,0.21582152207696673,4195.0,4195.0,2820825930.0,2820.82593,5593.69921875,0.7499509422920739,-0.25845136862275986,-0.08289737804480724,178.90666797880257,4.264759665764066,-0.12513034410844626,-0.19109139992286928,27.696554671032626,19.545816500439624,29.517516469149346,earnings_blackout,5,trend_break;macd_sell_like;trailing_stop;di_bear;vol_distribution,True,False,True,False,True,False,True,True,False,1969.T,,4195.0,14.67091,2.6261048,285.94,1597.423,548969545728.0,1785911400.0,1785911400.0,1785911400.0,True,,,True,1785911400.0,2026-08-05,-1.0
5,True,48.987854251012145,False,True,False,False,0.35034485146868816,1218.5,1218.5,1185165530.0,1185.16553,1392.5,0.8750448833034111,-0.18994352802938053,0.07760476415912843,52.59482325374249,4.316358084016618,-0.12495511669658887,-0.12495511669658887,27.117641487623168,23.36482300486365,35.630841969555014,earnings_blackout,5,cross_sma25_down;macd_sell_like;trailing_stop;di_bear;natr_spike,False,True,True,False,True,False,True,False,True,2433.T,,1218.5,26.471867,1.1242559,46.03,1083.828,437480521728.0,1785911400.0,1785911400.0,1785911400.0,True,,,True,1785911400.0,2026-08-05,-1.0
1,False,48.93009985734665,False,False,True,False,0.45873621468363995,2669.5,2669.5,863801665.0,863.801665,3510.086181640625,0.760522637296691,-0.32195397011945137,-0.08958352224935073,76.69724943168956,2.8730941911103036,-0.09920701872785553,-0.09920701872785553,23.816476160693092,28.5367887899255,28.737221982113375,,5,trend_break;cross_sma25_down;macd_sell_like;trailing_stop;di_bear,True,True,True,False,True,False,True,False,False,9759.T,,2669.5,15.6688385,2.9541926,170.37,903.631,202258006016.0,1785393000.0,1793341800.0,1793341800.0,True,,,True,1793341800.0,2026-10-30,61.0
0,False,28.965517241379317,False,True,False,False,0.37637452117480513,2078.0,2078.0,545866345.0,545.866345,3184.040771484375,0.6526298339550635,-0.41740695765801594,-0.12884062694980758,155.16703164478912,7.467133380403711,-0.211085801063022,-0.211085801063022,20.811786273569062,12.54141587450002,25.1762858001457,,5,trend_break;macd_sell_like;trailing_stop;di_bear;vol_distribution,True,False,True,False,True,False,True,True,False,6226.T,,2078.0,17.762201,2.4619365,116.99,844.051,73313853440.0,,1747047540.0,1747047540.0,True,,,True,1747047540.0,2025-05-12,-323.0
2,False,42.37288135593221,False,True,False,False,0.3496235117980912,819.0,819.0,509848315.0,509.848315,1222.82763671875,0.669759151173298,-0.38912077420457436,-0.10718708605101734,27.11367069774254,3.310582502776867,-0.1378947368421053,-0.1378947368421053,32.71369604022158,23.418498711878826,34.7493801166112,,5,trend_break;macd_sell_like;trailing_stop;di_bear;vol_distribution,True,False,True,False,True,False,True,True,False,9090.T,,819.0,15.701687,1.7679744,52.16,463.242,110305583104.0,1785911400.0,1793860200.0,1793860200.0,True,,,True,1793860200.0,2026-11-05,65.0
1,False,39.7887323943662,False,True,False,True,0.43177183944489184,1269.0,1269.0,304784405.0,304.784405,1657.1732177734375,0.7657618324926929,-0.39766303791891067,-0.023688563927706796,39.25901011833907,3.0936966208305017,-0.08639308855291572,-0.23423816750730708,17.47962449680837,16.66807221248868,33.256797046892714,,5,trend_break;cross_sma25_down;macd_sell_like;trailing_stop;vol_distribution,True,True,True,False,True,False,False,True,False,7915.T,,1269.0,60.227814,0.6745623,21.07,1881.22,60167663616.0,1785997800.0,1786602600.0,1786602600.0,True,,,True,1786602600.0,2026-08-13,5.0
1,False,37.3134328358209,False,True,False,False,0.36147313816288673,523.0,523.0,291949130.0,291.94913,1175.190185546875,0.44503434970112676,-0.5925463960971487,-0.22517073280334587,20.63391311043375,3.9452988738879062,-0.16185897435897434,-0.16185897435897434,25.864934095483815,22.276490005570114,39.67178720157827,,5,trend_break;cross_sma25_down;macd_sell_like;trailing_stop;di_bear,True,True,True,False,True,False,True,False,False,6088.T,,523.0,10.96896,3.262653,47.68,160.299,42216431616.0,,1754290800.0,1754636400.0,True,,,True,1754290800.0,2025-08-04,-263.0
1,False,21.212121212121204,False,True,False,False,0.3458992238521389,283.0,283.0,278293865.0,278.293865,398.8636474609375,0.7095156497753169,-0.468131885255026,-0.0627881286794778,9.434256980501347,3.3336597104245045,-0.11838006230529596,-0.11838006230529596,27.061657216902642,22.63214867972108,30.784752725215636,,5,trend_break;macd_sell_like;trailing_stop;di_bear;vol_distribution,True,False,True,False,True,False,True,True,False,4477.T,,283.0,14.989408,2.178733,18.88,129.892,32589535232.0,1785911400.0,1793860200.0,1793860200.0,True,,,True,1793860200.0,2026-11-05,65.0
4,False,44.98141263940521,False,False,True,False,0.5250848503227381,1173.0,1173.0,269000765.0,269.000765,1288.309326171875,0.9104956210209942,-0.23698448809579087,0.024021693895220242,33.014259038896675,2.81451483707559,-0.0892857142857143,-0.0892857142857143,36.55201708815225,27.73686203534631,27.8029329998246,,5,trend_break;cross_sma25_down;macd_sell_like;trailing_stop;di_bear,True,True,True,False,True,False,True,False,False,8255.T,,1173.0,11.805555,1.0913283,99.36,1074.837,103072292864.0,,1754274600.0,1754620200.0,True,,,True,1754274600.0,2025-08-04,-263.0
0,False,29.317269076305223,False,True,False,False,0.6033963630529099,2344.0,2344.0,223243795.0,223.243795,3143.240234375,0.745727283064662,-0.25427271693533804,-0.13423707989474443,58.14574708473308,2.48062060941694,-0.1214392803598201,-0.1214392803598201,21.045996820757928,15.945803947278062,42.573816402719636,,5,trend_break;macd_sell_like;trailing_stop;di_bear;vol_distribution,True,False,True,False,True,False,True,True,False,3395.T,,2344.0,18.735512,1.5958877,125.11,1468.775,50249736192.0,,1754287200.0,1754632800.0,True,,,True,1754287200.0,2025-08-04,-263.0
3,False,36.633663366336634,False,True,False,False,0.32796203912538285,2120.0,2120.0,207025725.0,207.025725,2443.0,0.8677855096193205,-0.13221449038067945,-0.026652882144613255,49.10409597447738,2.3162309421923295,-0.11960132890365449,-0.11960132890365449,24.425206950409713,20.985610909429024,38.37937186889276,,5,trend_break;macd_sell_like;trailing_stop;di_bear;vol_distribution,True,False,True,False,True,False,True,True,False,2288.T,,2120.0,5.3009276,0.6764205,399.93,3134.145,51034099712.0,,1754373600.0,1754978400.0,True,,,True,1754373600.0,2025-08-05,-262.0
3,False,45.564516129032256,False,True,False,False,0.36908639256205306,1075.0,1075.0,144967440.0,144.96744,1189.96435546875,0.9033884040808404,-0.2129629362077008,-0.033796685774515445,20.56186950857391,1.9127320473092009,-0.09511784511784516,-0.09511784511784516,24.256165901365325,26.177824961283324,25.666420691367474,fund_low_adv20,5,trend_break;macd_sell_like;trailing_stop;vol_distribution;natr_spike,True,False,True,False,True,False,False,True,True,2752.T,,1075.0,621.38727,6.2899337,1.73,170.908,55112523776.0,,1754978400.0,1755496800.0,True,,,False,1754978400.0,2025-08-12,-257.0
6,True,42.9553264604811,False,True,False,True,0.21644550936180942,1573.0,1573.0,136102000.0,136.102,1713.0,0.9182720373613543,-0.09473684210526312,0.10695070627445635,40.725856356416124,2.589056348151057,-0.08172796263864568,-0.08172796263864568,26.721836038113366,17.852954989895256,36.057515858086724,fund_low_adv20,5,cross_sma25_down;macd_sell_like;trailing_stop;di_bear;vol_distribution,False,True,True,False,True,False,True,True,False,3151.T,,1573.0,10.333728,0.64917105,152.22,2423.09,75619590144.0,,1754283600.0,1754629200.0,True,,,False,1754283600.0,2025-08-04,-263.0
0,False,23.125,False,False,True,False,0.3332915465054295,323.0,323.0,115469825.0,115.469825,1262.250732421875,0.2558921074105945,-0.7441078925894056,-0.4577534540937096,32.72445037146372,10.131408783734896,-0.3928571428571429,-0.42114695340501795,23.54996206356835,16.654889145092284,46.75209475482844,"fund_low_adv20,fund_small_mcap",5,trend_break;macd_sell_like;trailing_stop;di_bear;natr_spike,True,False,True,False,True,False,True,False,True,3856.T,,323.0,0.9075328,0.16453576,355.91,1963.099,6121060352.0,,1747306740.0,1747306740.0,True,,,False,1747306740.0,2025-05-15,-320.0
2,False,33.009708737864074,False,True,False,True,0.1718260826015982,695.0,695.0,94549840.0,94.54984,818.0,0.8496332518337408,-0.26706359003297653,-0.018484641612995678,13.648562199928204,1.963821899270245,-0.08432147562582348,-0.15036674816625917,22.005824739596545,14.911485890205345,33.05130757856046,fund_low_adv20,5,trend_break;macd_sell_like;trailing_stop;di_bear;vol_distribution,True,False,True,False,True,False,True,True,False,4548.T,,695.0,25.769375,0.50398326,26.97,1379.014,37948903424.0,,1754287200.0,1754632800.0,True,,,False,1754287200.0,2025-08-04,-263.0
5,True,49.333333333333336,False,False,False,False,0.4348310826954761,1860.0,1860.0,76745135.0,76.745135,2080.0,0.8942307692307693,-0.1970985581276784,0.09221759008109487,69.1357596487576,3.716976325202021,-0.10576923076923073,-0.10576923076923073,39.166637499119666,25.444361259214528,25.813997492328173,fund_low_adv20,5,cross_sma25_down;macd_sell_like;trailing_stop;di_bear;natr_spike,False,True,True,False,True,False,True,False,True,4326.T,,1860.0,26.230433,2.7224069,70.91,683.219,71071211520.0,,1754373600.0,1754978400.0,True,,,False,1754373600.0,2025-08-05,-262.0
1,False,41.9753086419753,False,False,True,False,0.4360915420536569,129.0,129.0,39430355.0,39.430355,235.0,0.548936170212766,-0.625,-0.17938931297709915,8.268110749598895,6.409388177983639,-0.15131578947368418,-0.15131578947368418,32.255811382886364,30.043440263276022,33.3711577672574,"fund_neg_eps,fund_low_adv20,fund_small_mcap",5,trend_break;macd_sell_like;trailing_stop;di_bear;natr_spike,True,False,True,False,True,False,True,False,True,2721.T,,129.0,-4.340511440107671,9.153481,-29.72,14.093,1327213952.0,,1754982000.0,1755500400.0,True,,,False,1754982000.0,2025-08-12,-257.0
2,False,16.393442622950815,False,False,False,False,0.15969911195235773,887.0,887.0,35245445.0,35.245445,1100.47265625,0.8060173008046968,-0.2321481181736541,-0.16192994471734812,26.61522871694112,3.0005894833079054,-0.18772893772893773,-0.18772893772893773,29.413477665374423,7.709921711023128,64.43054158889441,"fund_low_adv20,fund_small_mcap",5,trend_break;macd_sell_like;trailing_stop;di_bear;natr_spike,True,False,True,False,True,False,True,False,True,9625.T,,887.0,6.3370724,0.49736738,139.97,1783.39,4862331904.0,,1747206000.0,1747206000.0,True,,,False,1747206000.0,2025-05-14,-321.0
1,False,25.776397515527947,False,True,False,True,0.5899922427667825,1691.0,1691.0,34397700.0,34.3977,2218.0,0.7623985572587917,-0.2376014427412083,-0.00012260787893580982,46.448271283768236,2.74679309779824,-0.10053191489361701,-0.14466363176530095,22.80057104199913,9.397851710816173,31.07664420803721,fund_low_adv20,5,trend_break;macd_sell_like;trailing_stop;di_bear;vol_distribution,True,False,True,False,True,False,True,True,False,9319.T,,1691.0,14.928931,0.6209025,113.27,2723.455,30061082624.0,,1754463600.0,1754982000.0,True,,,False,1754463600.0,2025-08-06,-261.0
0,False,31.578947368421055,False,True,False,False,0.24246856142361714,564.0,564.0,25877325.0,25.877325,913.1416625976562,0.617647866811337,-0.45121262860793343,-0.14913273870421406,18.303869390308265,3.2453669131752245,-0.11737089201877937,-0.11737089201877937,34.45031537186563,19.435425037088752,31.253204860825402,fund_low_adv20,5,trend_break;macd_sell_like;trailing_stop;di_bear;vol_distribution,True,False,True,False,True,False,True,True,False,9438.T,,564.0,8.915586,1.5818924,63.26,356.535,31324663808.0,,1754287200.0,1754632800.0,True,,,False,1754287200.0,2025-08-04,-263.0
6,True,39.23076923076923,False,True,False,False,0.3340699813868247,1434.0,1434.0,16964805.0,16.964805,1586.2734375,0.9040055554734712,-0.19382716961431812,0.04897140902650232,43.094578383363654,3.0052007240839367,-0.0825335892514395,-0.0825335892514395,25.59909458848473,15.455991300874064,25.429964765719713,"fund_low_adv20,fund_small_mcap",5,macd_sell_like;trailing_stop;di_bear;vol_distribution;natr_spike,False,False,True,False,True,False,True,True,True,5391.T,,1434.0,6.331685,0.46196282,226.48,3104.146,7929592832.0,,1754287200.0,1754632800.0,True,,,False,1754287200.0,2025-08-04,-263.0
3,False,44.764397905759154,False,False,True,False,0.3911858555210592,699.0,699.0,16886450.0,16.88645,956.5651245117188,0.7307395827929712,-0.3790281656952432,0.019686926251753167,35.14399080908425,5.027752619325358,-0.19655172413793098,-0.19655172413793098,54.19795852620256,29.368710573502614,23.003050589181136,"fund_low_adv20,fund_small_mcap",5,trend_break;cross_sma25_down;macd_sell_like;trailing_stop;natr_spike,True,True,True,False,True,False,False,False,True,3306.T,,699.0,5.657171,1.2632058,123.56,553.354,3079694848.0,,1747206000.0,1747206000.0,True,,,False,1747206000.0,2025-05-14,-321.0
0,False,34.773662551440324,False,True,False,True,0.24897378899255856,1374.0,1374.0,16823650.0,16.82365,1719.0,0.7993019197207679,-0.25727590221187424,-0.06205841997119277,59.082759664040054,4.300055288503643,-0.12484076433121016,-0.13257575757575757,13.573844411157097,17.65351882918063,37.074692013163954,"fund_low_adv20,fund_small_mcap",5,trend_break;cross_sma25_down;macd_sell_like;trailing_stop;vol_distribution,True,True,True,False,True,False,False,True,False,9272.T,,1374.0,21.682184,6.041685,63.37,227.42,13456749568.0,,1747206000.0,1747206000.0,True,,,False,1747206000.0,2025-05-14,-321.0
4,True,32.7683615819209,False,True,False,False,0.390826876037345,4395.0,4395.0,3514100.0,3.5141,5090.0,0.8634577603143418,-0.13654223968565815,0.031520642148003875,83.60983316174335,1.9023852824059921,-0.11569416498993967,-0.13654223968565815,35.19352926617552,22.003532164436198,67.15924930081685,"fund_low_adv20,fund_small_mcap",5,macd_sell_like;trailing_stop;di_bear;vol_distribution;natr_spike,False,False,True,False,True,False,True,True,True,7446.T,,4395.0,7.122484,0.46913397,617.06,9368.326,3959490560.0,,1753855200.0,1754287200.0,True,,,False,1753855200.0,2025-07-30,-266.0
2,False,51.64021164021164,False,False,True,True,0.5687006982540878,3460.0,3460.0,16022087510.0,16022.08751,4821.03857421875,0.7176876821734813,-0.3354129093399323,-0.0066050697944217696,98.83486840482367,2.8564990868446145,-0.08003190640787028,-0.11929135945215219,18.65647161025945,22.247644717802213,31.455018966427073,earnings_blackout,4,trend_break;cross_sma25_down;macd_sell_like;trailing_stop;before_earnings,True,True,True,False,True,False,False,False,False,1605.T,,3460.0,10.466454,0.8223368,330.58,4207.522,4021176762368.0,1786084200.0,1786084200.0,1786084200.0,True,,,True,1786084200.0,2026-08-07,1.0
3,False,38.801711840228236,False,False,True,False,0.427031808258619,1674.5,1674.5,4067762172.5,4067.7621725,1982.0638427734375,0.8448264701993284,-0.19427418757340842,-0.05116176893294078,36.68959236647691,2.1910774778427533,-0.09314920119144332,-0.09314920119144332,21.020036544193452,24.961033939024567,29.738530225621478,earnings_blackout,4,trend_break;macd_sell_like;trailing_stop;di_bear;before_earnings,True,False,True,False,True,False,True,False,False,9005.T,,1674.5,10.99547,1.0454745,152.29,1601.665,944490348544.0,1786084200.0,1786084200.0,1786084200.0,True,,,True,1786084200.0,2026-08-07,1.0
5,True,47.87045817521692,False,True,False,False,0.4740152978478258,669.5,669.5,3876350287.968445,3876.3502879684447,764.7999877929688,0.8753922733864289,-0.12460772661357111,0.21498365099148575,22.307286291979175,3.3319322318116766,-0.12460772661357111,-0.12460772661357111,34.02610436415473,21.17465066259893,29.64949697362108,earnings_blackout,4,macd_sell_like;trailing_stop;ext_dev200;di_bear;vol_distribution;before_earnings,False,False,True,False,True,True,True,True,False,9831.T,,669.5,30.767464,0.6995404,21.76,957.057,445201055744.0,1785997800.0,1785997800.0,1785997800.0,True,,,True,1785997800.0,2026-08-06,0.0
2,False,44.64973056197075,False,True,False,False,0.4262233572936746,2318.0,2318.0,2014389410.0,2014.38941,3575.0,0.6483916083916084,-0.39132867132867133,-0.05058963104820924,136.57009452540672,5.89172107529796,-0.08198019801980194,-0.35160839160839163,28.900839119461267,20.6140385530401,27.29532502558396,"fund_neg_eps,earnings_blackout",4,trend_break;trailing_stop;di_bear;vol_distribution;before_earnings,True,False,False,False,True,False,True,True,False,5741.T,,2318.0,,1.209658,,1916.244,419718660096.0,1785997800.0,1785997800.0,1785997800.0,True,,,False,1785997800.0,2026-08-06,0.0
4,False,46.81372358357962,False,False,True,False,0.3096933838866241,769.0,769.0,1814100039.5239258,1814.1000395239257,840.7999877929688,0.9146051512424045,-0.16132789137455072,-0.003554960945159835,19.407853137891845,2.5237780413383413,-0.08539484875759551,-0.08539484875759551,25.768830633151197,25.70227107819756,26.2365607377308,earnings_blackout,4,trend_break;macd_sell_like;trailing_stop;di_bear;before_earnings,True,False,True,False,True,False,True,False,False,9008.T,,769.0,10.534246,1.0029776,73.0,766.717,447629623296.0,1785997800.0,1785997800.0,1785997800.0,True,,,True,1785997800.0,2026-08-06,0.0
1,False,40.76782449725778,False,False,True,False,0.4528153396640654,4908.0,4908.0,919547495.0,919.547495,6550.9501953125,0.7492042915410798,-0.26636596879657104,-0.14420511535706393,118.60615539338423,2.4165883331985376,-0.0885793871866295,-0.09245562130177509,21.57753918207445,20.15982371883229,33.5611673187658,earnings_blackout,4,trend_break;macd_sell_like;trailing_stop;di_bear;before_earnings,True,False,True,False,True,False,True,False,False,9987.T,,4908.0,8.996755,0.7982344,545.53,6148.57,331966545920.0,1786084200.0,1786084200.0,1786084200.0,True,,,True,1786084200.0,2026-08-07,1.0
2,False,35.01199040767386,False,False,True,False,0.4561369562925384,3840.0,3840.0,14051479685.0,14051.479685,5280.33544921875,0.7272265250814975,-0.2992869419787654,-0.06055030216309154,119.70659828756483,3.117359330405334,-0.09880309786435104,-0.11886186324001835,23.155316867514376,16.997475916497223,33.73382227477039,earnings_blackout,3,trend_break;trailing_stop;di_bear;before_earnings,True,False,False,False,True,False,True,False,False,8802.T,,3840.0,21.137226,1.7225724,181.67,2229.224,4620015370240.0,1786084200.0,1786084200.0,1786084200.0,True,,,True,1786084200.0,2026-08-07,1.0
1,False,40.40880503144655,False,False,True,True,0.4300511678006009,1488.0,1488.0,13477993152.5,13477.9931525,2124.775146484375,0.7003093962493044,-0.31851612515524674,-0.12341122637270507,38.159006465497484,2.5644493592404225,-0.0854333128457283,-0.0854333128457283,15.484659060573602,22.872708620868213,28.980482000805708,earnings_blackout,3,trend_break;macd_sell_like;trailing_stop;before_earnings,True,False,True,False,True,False,False,False,False,8801.T,,1488.0,14.726841,1.2335505,101.04,1206.274,4005969788928.0,1786084200.0,1786084200.0,1786084200.0,True,,,True,1786084200.0,2026-08-07,1.0
4,True,36.2802188106582,False,True,False,False,0.3242207819726692,8910.0,8910.0,10123491260.0,10123.49126,11578.5185546875,0.7695284986517412,-0.27831872786375433,0.09695951083423648,686.3091157751231,7.702683678733144,-0.20764784348599374,-0.23047150134825878,20.391778211799057,23.172683622992235,37.14579224661605,earnings_blackout,3,trailing_stop;di_bear;vol_distribution;before_earnings,False,False,False,False,True,False,True,True,False,4186.T,,8910.0,31.989372,2.604398,278.53,3421.136,1068313542656.0,1785997800.0,1785997800.0,1785997800.0,True,,,True,1785997800.0,2026-08-06,0.0
4,True,28.7286063569682,False,False,True,True,0.5179825671556498,5080.0,5080.0,5715462115.0,5715.462115,5588.0,0.9090909090909091,-0.1234425250232215,0.271095171767469,133.6735999443835,2.6313700776453444,-0.09090909090909094,-0.09090909090909094,23.798923077687185,14.400903645388519,27.387407458069497,earnings_blackout,3,macd_sell_like;trailing_stop;ext_dev200;di_bear;before_earnings,False,False,True,False,True,True,True,False,False,9147.T,,5080.0,468.63467,1.4914716,10.84,3406.032,1226255892480.0,1786084200.0,1786084200.0,1786084200.0,True,,,True,1786084200.0,2026-08-07,1.0
5,True,44.27294882209586,False,False,True,True,0.24898143036902087,1926.0,1926.0,2757472747.5,2757.4727475,2163.0,0.8904299583911235,-0.2517794146340734,0.13874546753499284,73.85706656176473,3.83473865845092,-0.10957004160887651,-0.10957004160887651,22.44283924027757,26.00896539537344,26.720578659091824,earnings_blackout,3,macd_sell_like;trailing_stop;di_bear;before_earnings,False,False,True,False,True,False,True,False,False,2501.T,,1926.0,49.9093,3.4935036,38.59,551.309,750834876416.0,1786084200.0,1786084200.0,1786084200.0,True,,,True,1786084200.0,2026-08-07,1.0
6,True,45.516458569807035,False,False,True,True,0.17658655941857723,1688.0,1688.0,2751622662.5,2751.6226625,1855.0,0.9099730458221025,-0.1272862182918687,0.014246261311559483,42.27688372602074,2.504554723105494,-0.09002695417789752,-0.09002695417789752,24.43756316521197,24.845532567909235,26.631331362166282,earnings_blackout,3,macd_sell_like;trailing_stop;di_bear;before_earnings,False,False,True,False,True,False,True,False,False,9007.T,,1688.0,15.586334,1.1480174,108.3,1470.361,581014847488.0,1786084200.0,1786084200.0,1786084200.0,True,,,True,1786084200.0,2026-08-07,1.0
3,False,50.08210180623974,False,False,True,True,0.5976937862952223,3811.0,3811.0,2267121855.0,2267.121855,4843.03173828125,0.7869037838171365,-0.2851585149370436,-0.05658844427430776,86.6076437741165,2.2725700281846364,-0.04438314944834498,-0.04438314944834498,26.13958587389765,14.205145360390889,22.499925260078932,earnings_blackout,3,trend_break;macd_sell_like;di_bear;before_earnings,True,False,True,False,False,False,True,False,False,5021.T,,3811.0,8.41299,0.99822986,452.99,3817.758,605146841088.0,1785997800.0,1785997800.0,1785997800.0,True,,,True,1785997800.0,2026-08-06,0.0
2,False,34.554973821989535,False,False,True,False,0.2694732394142158,703.0,703.0,2179294390.0,2179.29439,840.2625732421875,0.8366432379434036,-0.3818351533239255,0.007699888987457548,21.085999034615465,2.999430872633779,-0.08463541666666663,-0.08463541666666663,24.096212728116,19.297055129023597,24.037126172180784,earnings_blackout,3,trend_break;trailing_stop;di_bear;before_earnings,True,False,False,False,True,False,True,False,False,8698.T,,703.0,16.194426,1.3980451,43.41,502.845,176708665344.0,1785997800.0,1785997800.0,1785997800.0,True,,,True,1785997800.0,2026-08-06,0.0
1,False,27.245206861755804,False,False,True,False,0.5739168158271545,3539.0,3539.0,2070901135.0,2070.901135,5975.16748046875,0.5922846533704803,-0.43097829289075074,-0.21495322970671238,112.53896138559455,3.17996500100578,-0.1370397464033163,-0.1698334506216279,35.86407404950913,12.461590102824132,34.548163609002984,earnings_blackout,3,trend_break;trailing_stop;di_bear;before_earnings,True,False,False,False,True,False,True,False,False,4516.T,,3539.0,8.023669,0.818148,441.07,4325.623,238531887104.0,1785997800.0,1785997800.0,1785997800.0,True,,,True,1785997800.0,2026-08-06,0.0
4,False,43.652849740932645,False,False,False,False,0.3551166239600392,3763.0,3763.0,1517422875.0,1517.422875,4149.595703125,0.9068353326966624,-0.3056340201037834,-0.011934735353930748,79.2200775149863,2.105237244618291,-0.0697156983930779,-0.0697156983930779,22.75951662720804,24.593235167164625,24.95600455318275,earnings_blackout,3,trend_break;macd_sell_like;di_bear;before_earnings,True,False,True,False,False,False,True,False,False,4540.T,,3763.0,10.001861,0.87189984,376.23,4315.863,280514560000.0,1785997800.0,1785997800.0,1785997800.0,True,,,True,1785997800.0,2026-08-06,0.0
7,True,41.82098765432099,True,True,False,True,0.3146058494555193,1631.0,1631.0,1258416595.0,1258.416595,1915.0,0.8516971279373368,-0.2876489346397535,0.1407786662359678,89.46209350992123,5.48510689821712,-0.0811267605633803,-0.14830287206266324,21.154318620389937,20.756067815141236,29.51740207224948,earnings_blackout,3,trailing_stop;di_bear;vol_distribution;before_earnings,False,False,False,False,True,False,True,True,False,3101.T,,1631.0,12.876993,0.67472,126.66,2417.299,143927214080.0,1785997800.0,1785997800.0,1785997800.0,True,,,True,1785997800.0,2026-08-06,0.0
3,False,42.395693135935396,False,False,False,False,0.2435163865046037,3112.0,3112.0,983339575.0,983.339575,3469.76123046875,0.8968916859963826,-0.14742044368867702,-0.03862319063589059,70.17606328884239,2.2550148871735987,-0.09376820034944666,-0.09376820034944666,16.319424507036764,20.343401193629205,31.26777961308493,earnings_blackout,3,trend_break;macd_sell_like;trailing_stop;before_earnings,True,False,True,False,True,False,False,False,False,9045.T,,3112.0,9.357147,0.9202913,332.58,3381.538,314002472960.0,1786084200.0,1786084200.0,1786084200.0,True,,,True,1786084200.0,2026-08-07,1.0
0,False,28.07971014492753,False,False,True,True,0.19840011190874668,1620.0,1620.0,912506157.5,912.5061575,2063.48046875,0.7850813344413925,-0.25819630018060347,-0.05339700465992425,48.742832033894125,3.0088167922156868,-0.12926632625638268,-0.14353687549563843,15.527433014964508,16.789200061648213,25.88664552113879,earnings_blackout,3,trend_break;macd_sell_like;trailing_stop;before_earnings,True,False,True,False,True,False,False,False,False,6544.T,,1620.0,39.55078,11.778478,40.96,137.539,289597554688.0,1785997800.0,1785997800.0,1785997800.0,True,,,True,1785997800.0,2026-08-06,0.0
6,True,40.10989010989011,False,False,True,False,0.4697897961885857,2956.0,2956.0,606630965.0,606.630965,3245.0,0.910939907550077,-0.15780525502318388,0.04427299340417967,68.96628595221534,2.3330949239585705,-0.08906009244992297,-0.08906009244992297,27.66042069146205,21.924391442751617,29.996113312202656,earnings_blackout,3,macd_sell_like;trailing_stop;di_bear;before_earnings,False,False,True,False,True,False,True,False,False,9031.T,,2956.0,6.9923124,0.7857445,422.75,3762.037,223218253824.0,1785997800.0,1785997800.0,1785997800.0,True,,,True,1785997800.0,2026-08-06,0.0
3,False,74.11067193675889,True,True,False,True,0.504257431441999,2538.0,2538.0,542271325.0,542.271325,3714.35791015625,0.6832944108752393,-0.4322033441544997,0.030563846093147884,87.78697636882386,3.4589037182357707,-0.00314218381775333,-0.00314218381775333,19.917344138863612,25.862558263035275,13.478734862503089,earnings_blackout,3,trend_break;rsi_reversal;vol_distribution;before_earnings,True,False,False,True,False,False,False,True,False,5541.T,,2538.0,17.366909,0.70116484,146.14,3619.691,44129906688.0,1785997800.0,1785997800.0,1785997800.0,True,,,True,1785997800.0,2026-08-06,0.0
3,False,42.931937172774866,False,False,True,False,0.3670733867289277,1090.0,1090.0,487068405.0,487.068405,1255.08447265625,0.8684674408353833,-0.18897138319795304,-0.0184969000459404,20.64127793255875,1.8936952231705277,-0.06437768240343344,-0.06437768240343344,20.02410127764355,20.999544097747382,26.519719233178527,earnings_blackout,3,trend_break;macd_sell_like;di_bear;before_earnings,True,False,True,False,False,False,True,False,False,9757.T,,1090.0,15.62724,3.9089398,69.75,278.848,101772877824.0,1786084200.0,1786084200.0,1786084200.0,True,,,True,1786084200.0,2026-08-07,1.0
3,True,59.12332214765101,True,True,False,True,0.6000721220209345,3909.0,3909.0,75356187267.5,75356.1872675,6014.0,0.6499833721316928,-0.5389923511805786,0.41899264596620633,362.27961023865646,9.267833467348591,-0.002551671344730777,-0.35001662786830723,21.254808695033336,29.378635723234183,34.97731671807838,earnings_blackout,2,ext_dev200;di_bear;vol_distribution;before_earnings,False,False,False,False,False,True,True,True,False,5801.T,,3909.0,37.925682,6.593907,103.07,592.82,2749973921792.0,1785997800.0,1785997800.0,1785997800.0,True,,,True,1785997800.0,2026-08-06,0.0
4,True,39.1479937467431,False,True,False,False,0.3236923597091643,8224.0,8224.0,74899428725.0,74899.428725,12000.0,0.6853333333333333,-0.4959166666666667,0.2531736988456126,888.9107330501453,10.808739458294568,-0.24202764976958524,-0.31466666666666665,16.970434300594526,26.510965287995358,33.188428263741635,earnings_blackout,2,trailing_stop;ext_dev200;vol_distribution;before_earnings,False,False,False,False,True,True,False,True,False,6525.T,,8224.0,64.16478,8.762042,128.17,938.594,1920774307840.0,1785997800.0,1785997800.0,1785997800.0,True,,,True,1785997800.0,2026-08-06,0.0
5,True,49.44043321299639,True,False,True,False,0.4505565821387862,31970.0,31970.0,39553952625.0,39553.952625,54900.0,0.5823315118397085,-0.5325136612021858,0.0694489802956606,3013.1480226552735,9.424923436519467,-0.12314865606143721,-0.4062035661218425,23.09725363330371,27.0795334792286,32.473725116255864,earnings_blackout,2,trailing_stop;di_bear;before_earnings,False,False,False,False,True,False,True,False,False,5706.T,,31970.0,20.057468,4.438991,1593.92,7202.087,1829077385216.0,1786084200.0,1786084200.0,1786084200.0,True,,,True,1786084200.0,2026-08-07,1.0
6,True,43.73219373219373,False,True,False,False,0.38972704363312394,4980.0,4980.0,12338095975.0,12338.095975,5980.0,0.8327759197324415,-0.33287910792372644,0.1109394033801816,473.23519193167954,9.502714697423285,-0.13989637305699487,-0.16722408026755853,13.921990837478186,23.54294180222109,27.341417383392763,earnings_blackout,2,trailing_stop;vol_distribution;before_earnings,False,False,False,False,True,False,False,True,False,6590.T,,4980.0,29.233929,5.8800197,170.35,846.936,326882230272.0,1785997800.0,1785997800.0,1785997800.0,True,,,True,1785997800.0,2026-08-06,0.0
6,True,41.21561668145519,True,False,False,False,0.30842445467641155,6177.0,6177.0,10831720180.0,10831.72018,7710.05517578125,0.8011615817488741,-0.2645967025228887,0.0464008559696536,260.6727701142739,4.2200545590784175,-0.1004805591961555,-0.17246051335920165,28.68738244355474,22.639450812632997,35.044671909729466,earnings_blackout,2,trailing_stop;di_bear;before_earnings,False,False,False,False,True,False,True,False,False,6383.T,,6177.0,30.512745,4.9557695,202.44,1246.426,2271343804416.0,1785997800.0,1785997800.0,1785997800.0,True,,,True,1785997800.0,2026-08-06,0.0
5,True,47.06906558328497,True,False,False,True,0.5710287428708498,23790.0,23790.0,10170636200.0,10170.6362,43450.0,0.5475258918296892,-0.5753739930955121,0.11962060398819707,2250.72765588843,9.460814022229634,-0.116598588934274,-0.45247410817031075,23.364022249925206,24.680380889398254,27.45448702264859,earnings_blackout,2,trailing_stop;di_bear;before_earnings,False,False,False,False,True,False,True,False,False,6787.T,,23790.0,31.34883,4.4809895,758.88,5309.095,610611101696.0,1785997800.0,1785997800.0,1785997800.0,True,,,True,1785997800.0,2026-08-06,0.0
3,False,49.42767950052029,False,False,True,False,0.4620522066217818,4588.0,4588.0,9651411465.0,9651.411465,5596.70654296875,0.8197678339529866,-0.251881447087804,-0.06973770156610348,95.49652501263311,2.0814412600835466,-0.06539009981666322,-0.06539009981666322,22.596494969868807,27.103298178167567,25.651458782924134,earnings_blackout,2,trend_break;macd_sell_like;before_earnings,True,False,True,False,False,False,False,False,False,1925.T,,4588.0,8.100569,0.98095167,566.38,4677.091,2841564413952.0,1785997800.0,1785997800.0,1785997800.0,True,,,True,1785997800.0,2026-08-06,0.0
1,False,32.31939163498099,False,False,True,True,0.5465838944045037,3546.0,3546.0,9301754985.0,9301.754985,5313.5859375,0.6673459395799977,-0.3571196476014462,-0.12895569029272735,102.77628604024119,2.8983724207625827,-0.08372093023255811,-0.19737437754640108,16.10679678407606,20.07649647717894,28.47304507801883,earnings_blackout,2,trend_break;trailing_stop;before_earnings,True,False,False,False,True,False,False,False,False,8830.T,,3546.0,15.528793,1.3255876,228.35,2675.04,3275143512064.0,1785997800.0,1785997800.0,1785997800.0,True,,,True,1785997800.0,2026-08-06,0.0
4,True,50.96491228070175,False,True,False,True,0.498678825717021,4962.0,4962.0,6937334200.0,6937.3342,5176.0,0.9586553323029366,-0.1799751594108776,0.2481688836254543,134.79563959321987,2.7165586375094692,-0.04134466769706335,-0.04134466769706335,15.547090249553767,19.82272059838501,26.729326955427148,earnings_blackout,2,macd_sell_like;ext_dev200;vol_distribution;before_earnings,False,False,True,False,False,True,False,True,False,8795.T,,4962.0,17.735363,1.4769919,279.78,3359.531,2374712950784.0,1786084200.0,1786084200.0,1786084200.0,True,,,True,1786084200.0,2026-08-07,1.0
5,True,47.73203070481507,True,True,False,False,0.40748923159064254,18230.0,18230.0,6491551000.0,6491.551,26353.23828125,0.6917555939594117,-0.4835549295782998,0.27660529957651914,1687.9903056829144,9.259409246752135,-0.1306628516928946,-0.30824440604058834,25.315466690233638,28.11849929038838,26.499149353548752,earnings_blackout,2,trailing_stop;ext_dev200;vol_distribution;before_earnings,False,False,False,False,True,True,False,True,False,6278.T,,18230.0,51.591904,3.851057,353.35,4733.765,350262558720.0,1785997800.0,1785997800.0,1785997800.0,True,,,True,1785997800.0,2026-08-06,0.0
5,True,26.254480286738357,False,False,True,True,0.4925390239575674,2549.0,2549.0,4505442560.0,4505.44256,2915.5,0.8742925741725261,-0.1922563605134835,0.13623258553602335,79.29026992622514,3.110642209738138,-0.12570742582747385,-0.12570742582747385,27.366480376042283,15.082820080126998,28.047850217792163,earnings_blackout,2,trailing_stop;di_bear;before_earnings,False,False,False,False,True,False,True,False,False,5076.T,,2549.0,9.877548,1.0548877,258.06,2416.371,644115398656.0,1786084200.0,1786084200.0,1786084200.0,True,,,True,1786084200.0,2026-08-07,1.0
2,False,49.221789883268485,False,False,True,True,0.5259495131061853,1258.5,1258.5,4482079037.5,4482.0790375,1659.0,0.7585895117540687,-0.28481012658227844,-0.02050783293797409,30.83598678242032,2.450217463839517,-0.05624296962879638,-0.11869747899159666,16.096096269333543,20.112761437526004,27.997251195624855,earnings_blackout,2,trend_break;macd_sell_like;before_earnings,True,False,True,False,False,False,False,False,False,5019.T,,1258.5,8.966229,0.79932016,140.36,1574.463,1508250353664.0,1786084200.0,1786084200.0,1786084200.0,True,,,True,1786084200.0,2026-08-07,1.0
4,False,41.92913385826771,False,False,True,False,0.4381502430546484,1290.5,1290.5,3901926292.5,3901.9262925,1551.80029296875,0.8316147418242483,-0.18836205553844187,-0.04937013634913978,27.89766079462422,2.161771468006526,-0.07952924393723249,-0.07952924393723249,13.63547104642477,24.051367773542164,31.393236331203322,earnings_blackout,2,trend_break;macd_sell_like;before_earnings,True,False,True,False,False,False,False,False,False,3289.T,,1290.5,9.528204,1.0241673,135.44,1260.048,919783473152.0,1785997800.0,1785997800.0,1785997800.0,True,,,True,1785997800.0,2026-08-06,0.0
5,True,32.54198031268095,False,False,False,True,0.21201159566400452,1996.0,1996.0,3849296857.5,3849.2968575,2326.5,0.8579411132602622,-0.2873501705383229,0.03833262484219002,95.27386326588818,4.773239642579568,-0.13122959738846574,-0.14205888673973777,23.855286231336777,22.706856548651803,28.36129013113992,"fund_neg_eps,earnings_blackout",2,trailing_stop;di_bear;before_earnings,False,False,False,False,True,False,True,False,False,7731.T,,1996.0,-7.629386132558673,1.1205136,-261.62,1781.326,657515872256.0,1785997800.0,1785997800.0,1785997800.0,True,,,False,1785997800.0,2026-08-06,0.0
4,False,59.69827586206897,False,False,False,True,0.4012605696824115,4199.0,4199.0,2939035440.0,2939.03544,4745.75830078125,0.8847901081074352,-0.2660037288643755,0.049059452965403594,107.87870854645723,2.569152382625797,-0.018925233644859762,-0.018925233644859762,22.03715261570642,27.839687697064054,18.315099072449932,earnings_blackout,2,trend_break;macd_sell_like;before_earnings,True,False,True,False,False,False,False,False,False,5105.T,,4199.0,10.160673,1.2137094,413.26,3459.642,646627917824.0,1786084200.0,1786084200.0,1786084200.0,True,,,True,1786084200.0,2026-08-07,1.0
3,False,43.61140443505808,True,False,True,True,0.43934549095159803,1549.5,1549.5,2705743400.0,2705.7434,2183.36474609375,0.7096844458866549,-0.3388644739352137,-0.07061096617372553,62.92549883830563,4.061019608796749,-0.05171358629130962,-0.2174242424242424,21.586841946445105,23.60102682251889,30.572094515268823,earnings_blackout,2,trend_break;di_bear;before_earnings,True,False,False,False,False,False,True,False,False,1893.T,,1549.5,12.337766,2.1342418,125.59,726.019,420184424448.0,1786084200.0,1786084200.0,1786084200.0,True,,,True,1786084200.0,2026-08-07,1.0
5,True,43.50877192982457,False,True,False,False,0.31941496109029677,6430.0,6430.0,2556761250.0,2556.76125,7310.0,0.8796169630642955,-0.19972640218878246,0.2809263757162541,360.8807204442429,5.612452884047324,-0.07080924855491333,-0.12038303693570451,16.525909621145907,26.239908683630485,27.256429852009113,earnings_blackout,2,ext_dev200;vol_distribution;natr_spike;before_earnings,False,False,False,False,False,True,False,True,True,7966.T,,6430.0,24.324734,1.6352556,264.34,3932.107,421045600256.0,1785997800.0,1785997800.0,1785997800.0,True,,,True,1785997800.0,2026-08-06,0.0
3,False,54.08450704225353,False,True,False,True,0.6800362280356096,1718.0,1718.0,2526946435.0,2526.946435,2694.0,0.637713437268003,-0.41759465478841873,-0.06255574718506929,54.22811285524905,3.1564675701541938,-0.041829336307863896,-0.14992577931716977,18.83699804469772,19.009316787132477,29.600020447316545,earnings_blackout,2,trend_break;macd_sell_like;before_earnings,True,False,True,False,False,False,False,False,False,1662.T,,1718.0,8.233095,0.70084745,208.67,2451.318,439806984192.0,1785997800.0,1785997800.0,1785997800.0,True,,,True,1785997800.0,2026-08-06,0.0
3,False,38.095238095238095,False,False,True,True,0.33894005795865667,3170.0,3170.0,2215336725.0,2215.336725,3935.0,0.8055908513341804,-0.20203303684879292,-0.06996645019604408,107.88152180067802,3.4032025804630286,-0.07309941520467833,-0.18717948717948718,19.352227557569158,18.941916437477698,27.29864865596329,earnings_blackout,2,trend_break;macd_sell_like;before_earnings,True,False,True,False,False,False,False,False,False,9956.T,,3170.0,10.136216,0.90137094,312.74,3516.865,181857107968.0,1786084200.0,1786084200.0,1786084200.0,True,,,True,1786084200.0,2026-08-07,1.0
5,True,23.07692307692308,False,False,True,True,0.267432768044267,1876.0,1876.0,2208708200.0,2208.7082,2236.0,0.8389982110912343,-0.19551339252453892,0.07297162685210523,54.42547766667306,2.9011448649612506,-0.13608104996546166,-0.1610017889087657,25.553447170039494,18.886316844927002,29.564660083739163,earnings_blackout,2,trailing_stop;di_bear;before_earnings,False,False,False,False,True,False,True,False,False,4536.T,,1876.0,16.493757,2.0319588,113.74,923.247,603485437952.0,1785997800.0,1785997800.0,1785997800.0,True,,,True,1785997800.0,2026-08-06,0.0
3,False,48.09288065460405,False,False,True,False,0.48419689446730174,260.0,260.0,2121018556.4324188,2121.018556432419,291.6011657714844,0.8916288085204402,-0.2489274150259958,0.02696982701816064,6.096883791524603,2.3449553044325397,-0.060693600194571595,-0.060693600194571595,14.992607740777407,29.50566369671902,28.5825945790759,earnings_blackout,2,trend_break;macd_sell_like;before_earnings,True,False,True,False,False,False,False,False,False,2181.T,,260.0,13.562859,2.6422763,19.17,98.4,579974922240.0,1786084200.0,1786084200.0,1786084200.0,True,,,True,1786084200.0,2026-08-07,1.0
5,True,38.61386138613861,False,False,True,False,0.4930632923024046,4365.0,4365.0,1320334675.0,1320.334675,4965.0,0.879154078549849,-0.1631419939577039,0.18486799149094257,148.44877346196293,3.400888280915531,-0.08777429467084641,-0.12084592145015105,25.221915709485092,19.747090145338284,25.09340115491,earnings_blackout,2,trailing_stop;ext_dev200;di_bear;before_earnings,False,False,False,False,True,True,True,False,False,1979.T,,4365.0,17.793812,1.7082978,245.31,2555.175,274993250304.0,1786084200.0,1786084200.0,1786084200.0,True,,,True,1786084200.0,2026-08-07,1.0
3,False,48.32298136645962,False,False,True,False,0.4937644030172268,2227.5,2227.5,1227139712.5,1227.1397125,2729.59521484375,0.8160550648267123,-0.24915606942206658,-0.05227691936294232,46.21632590389516,2.0748069990525324,-0.05972984381595614,-0.05972984381595614,20.16175799173727,24.519256044046298,27.94714824598083,earnings_blackout,2,trend_break;di_bear;before_earnings,True,False,False,False,False,False,True,False,False,3291.T,,2227.5,9.721131,0.6028867,229.14,3694.724,615525580800.0,1786084200.0,1786084200.0,1786084200.0,True,,,True,1786084200.0,2026-08-07,1.0
3,False,53.846153846153854,False,False,True,True,0.53244156044178,182.0,182.0,1061965660.0,1061.96566,213.7044219970703,0.8516435846259421,-0.2091880999901966,-0.025392829110131854,3.9545171489246767,2.1728116202882837,-0.0267379679144385,-0.0267379679144385,13.98239973256695,13.1901180932072,16.832243023638,earnings_blackout,2,trend_break;macd_sell_like;before_earnings,True,False,True,False,False,False,False,False,False,2146.T,,182.0,15.608919,3.3694968,11.66,54.014,103276085248.0,1786084200.0,1786084200.0,1786084200.0,True,,,True,1786084200.0,2026-08-07,1.0
3,False,48.489208633093526,False,False,True,False,0.4189430410807264,1542.5,1542.5,1057942095.0,1057.942095,1839.051025390625,0.8387477991114272,-0.3352848261314447,-0.019926222863446585,35.493842668561975,2.3010594922892693,-0.07022302591922847,-0.07022302591922847,28.49260859507181,30.85913986259387,27.7768061593982,earnings_blackout,2,trend_break;macd_sell_like;before_earnings,True,False,True,False,False,False,False,False,False,6849.T,,1542.5,17.282913,1.3729881,89.25,1123.462,246757556224.0,1785997800.0,1785997800.0,1785997800.0,True,,,True,1785997800.0,2026-08-06,0.0
2,False,33.66013071895425,False,False,False,True,0.48735545878913245,3500.0,3500.0,930912565.0,930.912565,4181.0,0.8371203061468548,-0.18129634058837596,-0.02914762995612208,79.97040794051658,2.2848687983004736,-0.06914893617021278,-0.1338777530314279,46.2338822888334,11.958342282945763,30.197582647884243,earnings_blackout,2,trend_break;di_bear;before_earnings,True,False,False,False,False,False,True,False,False,1417.T,,3500.0,13.380739,1.110547,261.57,3151.6,304797876224.0,1786084200.0,1786084200.0,1786084200.0,True,,,True,1786084200.0,2026-08-07,1.0
1,False,52.99806576402321,False,True,False,True,0.6079651901110269,2066.0,2066.0,798396645.0,798.396645,4532.8037109375,0.4557885431956413,-0.5620811915569468,-0.24830021629071497,78.67040807216615,3.807860990908333,-0.03050211168465511,-0.2044666923373123,13.10162782233113,23.68421863475694,25.361448096841077,earnings_blackout,2,trend_break;vol_distribution;before_earnings,True,False,False,False,False,False,False,True,False,1885.T,,2066.0,8.314887,1.3707045,248.47,1507.254,159736479744.0,1785997800.0,1785997800.0,1785997800.0,True,,,True,1785997800.0,2026-08-06,0.0
4,False,45.140562248995984,False,False,True,False,0.31147743750223966,2598.0,2598.0,790441597.5,790.4415975,2862.0,0.9077568134171907,-0.16944382798964353,-0.01944950944997892,61.5820592145597,2.370364096018464,-0.07214285714285718,-0.07214285714285718,26.206379022272593,25.656853953182647,27.043065373522946,earnings_blackout,2,trend_break;di_bear;before_earnings,True,False,False,False,False,False,True,False,False,2201.T,,2598.0,12.307547,1.5367625,211.09,1690.567,218152665088.0,1785997800.0,1785997800.0,1785997800.0,True,,,True,1785997800.0,2026-08-06,0.0
5,False,53.47222222222222,False,False,True,True,0.5136848437007412,2300.0,2300.0,750975070.0,750.97507,2705.04833984375,0.8502620696726083,-0.1852271297572049,-0.019122388024801595,41.517101882457276,1.8050913861937947,-0.027072758037225086,-0.029535864978902926,14.090819098181882,13.862756732717967,17.929030699600556,earnings_blackout,2,trend_break;macd_sell_like;before_earnings,True,False,True,False,False,False,False,False,False,7994.T,,2300.0,9.712428,1.0667285,236.81,2156.125,217749192704.0,1786084200.0,1786084200.0,1786084200.0,True,,,True,1786084200.0,2026-08-07,1.0
3,False,49.6551724137931,False,False,True,False,0.4083330569039037,668.0,668.0,685718290.0,685.71829,774.6892700195312,0.8622812085459226,-0.21387835927475018,0.013885407835187324,14.501093249566992,2.1708223427495494,-0.04022988505747127,-0.04022988505747127,17.46028945055191,22.941702852967154,20.587719179900315,earnings_blackout,2,trend_break;macd_sell_like;before_earnings,True,False,True,False,False,False,False,False,False,8848.T,,668.0,15.957954,5.2169566,41.86,128.044,212226015232.0,1786084200.0,1786084200.0,1786084200.0,True,,,True,1786084200.0,2026-08-07,1.0
4,True,31.967213114754102,False,False,True,True,0.3489344134030957,5650.0,5650.0,684091250.0,684.09125,6870.0,0.8224163027656477,-0.19941775836972342,0.10009547410623432,181.73263117302506,3.2165067464252224,-0.11302982731554156,-0.1775836972343523,18.566271830706672,18.76698837212299,24.4545878066185,earnings_blackout,2,macd_sell_like;trailing_stop;before_earnings,False,False,True,False,True,False,False,False,False,9075.T,,5650.0,15.297558,0.705464,369.34,8008.913,199000391680.0,1785997800.0,1785997800.0,1785997800.0,True,,,True,1785997800.0,2026-08-06,0.0
4,False,62.786259541984734,False,False,True,True,0.4962274276598183,2451.5,2451.5,643202350.0,643.20235,2748.146728515625,0.8920557168809342,-0.2786047486369765,0.024742204497375964,58.96425574562547,2.4052317252957565,-0.051277089783281715,-0.051277089783281715,38.785922362912665,27.28019490691855,20.551915186997206,earnings_blackout,2,trend_break;macd_sell_like;before_earnings,True,False,True,False,False,False,False,False,False,3360.T,,2451.5,17.006592,1.4932445,144.15,1641.727,224681525248.0,1786084200.0,1786084200.0,1786084200.0,True,,,True,1786084200.0,2026-08-07,1.0
3,False,54.26229508196721,False,False,True,True,0.4657802708509668,5321.0,5321.0,611317845.0,611.317845,6721.43017578125,0.791646994886996,-0.2265039040748934,-0.05056354336541857,95.69884425718251,1.7985123897234074,-0.018989675516224214,-0.051515151515151514,20.42268842944982,13.411247805856569,23.826576757109358,earnings_blackout,2,trend_break;di_bear;before_earnings,True,False,False,False,False,False,True,False,False,1820.T,,5321.0,8.728102,1.0779661,609.64,4936.148,210096668672.0,1786084200.0,1786084200.0,1786084200.0,True,,,True,1786084200.0,2026-08-07,1.0
3,False,47.99999999999999,False,False,True,True,0.42051635960012285,2331.0,2331.0,610569195.0,610.569195,2888.33203125,0.8070401791691517,-0.30592006177943676,-0.04394089933753109,62.9280316668236,2.6996152581219905,-0.07829181494661919,-0.07829181494661919,18.68381369830886,26.897067855577166,24.55346017872573,earnings_blackout,2,trend_break;macd_sell_like;before_earnings,True,False,True,False,False,False,False,False,False,3765.T,,2331.0,91.05469,1.0685054,25.6,2181.552,122067206144.0,1786084200.0,1786084200.0,1786084200.0,True,,,True,1786084200.0,2026-08-07,1.0
3,False,57.590759075907584,False,False,True,False,0.3467297423589309,1810.5,1810.5,578175902.5,578.1759025,1963.528076171875,0.9220647374341492,-0.13551749549990666,0.00784871944199561,29.347181241035237,1.6209434543515735,-0.042063492063492025,-0.042063492063492025,16.727273812686565,31.548086011281733,22.48693376560973,earnings_blackout,2,trend_break;macd_sell_like;before_earnings,True,False,True,False,False,False,False,False,False,7313.T,,1810.5,29.990063,0.68176705,60.37,2655.599,211258474496.0,1786084200.0,1786084200.0,1786084200.0,True,,,True,1786084200.0,2026-08-07,1.0
1,False,32.47422680412372,True,False,True,True,0.36467330130244646,869.0,869.0,525803345.0,525.803345,1242.0,0.6996779388083736,-0.5008665511265165,-0.058749620900307664,32.643528627338966,3.756447483007936,-0.07847295864262993,-0.2685185185185185,24.352369871572144,18.12721771269342,23.510396443324453,"fund_neg_eps,earnings_blackout",2,trend_break;di_bear;before_earnings,True,False,False,False,False,False,True,False,False,4565.T,,869.0,-6.261258015707184,1.2348064,-138.79,703.754,79714369536.0,1786084200.0,1786084200.0,1786084200.0,True,,,False,1786084200.0,2026-08-07,1.0
7,True,52.38095238095237,False,False,True,True,0.41131055041209835,3950.0,3950.0,497716275.0,497.716275,4192.3212890625,0.9421987790643096,-0.12816796519492368,0.06184562152349948,82.90055245525537,2.0987481634241867,-0.04589371980676327,-0.04589371980676327,28.069677123175747,21.101334861340256,16.74899683641458,earnings_blackout,2,cross_sma25_down;macd_sell_like;before_earnings,False,True,True,False,False,False,False,False,False,9303.T,,3950.0,17.122545,0.9590684,230.69,4118.58,299622236160.0,1786084200.0,1786084200.0,1786084200.0,True,,,True,1786084200.0,2026-08-07,1.0
3,False,53.684210526315795,False,False,True,True,0.4383006810840125,5260.0,5260.0,470743600.0,470.7436,6595.22119140625,0.7975471704958009,-0.2530920108290118,-0.02352563172360589,112.5486154601844,2.1397075182544563,-0.06071428571428572,-0.06071428571428572,20.973198173351427,28.773637115348176,26.01116032354216,earnings_blackout,2,trend_break;macd_sell_like;before_earnings,True,False,True,False,False,False,False,False,False,2815.T,,5260.0,17.715208,1.2565426,296.92,4186.09,167521992704.0,1786084200.0,1786084200.0,1786084200.0,True,,,True,1786084200.0,2026-08-07,1.0
2,False,57.95454545454546,False,False,True,False,0.43094411647482533,3740.0,3740.0,363396450.0,363.39645,4464.72900390625,0.837676821309384,-0.25863361536522433,-0.019746524723032288,90.58518228986584,2.4220636975899956,-0.07654320987654317,-0.07654320987654317,28.680647884674542,30.426590583654,24.91453893401773,earnings_blackout,2,trend_break;macd_sell_like;before_earnings,True,False,True,False,False,False,False,False,False,9746.T,,3740.0,13.904897,1.7231776,268.97,2170.409,186230669312.0,1786084200.0,1786084200.0,1786084200.0,True,,,True,1786084200.0,2026-08-07,1.0
3,False,50.0,False,False,True,True,0.45174382567231386,482.0,482.0,344152060.0,344.15206,699.0,0.6895565092989986,-0.42060085836909866,-0.07049396881719383,1.5268636317947872,0.3167766870943542,-0.004132231404958664,-0.004132231404958664,23.13059652685514,15.316041361676005,13.42457095183351,earnings_blackout,2,trend_break;macd_sell_like;before_earnings,True,False,True,False,False,False,False,False,False,5202.T,,482.0,15.741345,0.45349678,30.62,1062.852,68590305280.0,1786084200.0,1786084200.0,1786084200.0,True,,,True,1786084200.0,2026-08-07,1.0
5,True,48.77300613496933,False,False,True,True,0.4795333796681138,1964.0,1964.0,333376220.0,333.37622,2080.0,0.9442307692307692,-0.1835302021395292,0.09716280147647827,39.1966680142844,1.99575702720389,-0.05576923076923079,-0.05576923076923079,27.564885964179535,22.79407907597517,23.67942931148261,earnings_blackout,2,macd_sell_like;di_bear;before_earnings,False,False,True,False,False,False,True,False,False,2154.T,,1964.0,12.883758,2.1408095,152.44,917.41,166835486720.0,1786084200.0,1786084200.0,1786084200.0,True,,,True,1786084200.0,2026-08-07,1.0
3,False,42.038216560509554,False,False,False,False,0.3377836945205641,4670.0,4670.0,291273225.0,291.273225,5258.431640625,0.8880975011486388,-0.1594451916323375,-0.01935694512339814,93.32494588801528,1.9983928455677789,-0.04401228249744116,-0.04401228249744116,21.065892725129004,24.70094391284736,25.61275150827649,earnings_blackout,2,trend_break;di_bear;before_earnings,True,False,False,False,False,False,True,False,False,8850.T,,4670.0,8.866528,1.1713763,526.7,3986.763,221097295872.0,1786084200.0,1786084200.0,1786084200.0,True,,,True,1786084200.0,2026-08-07,1.0
3,False,36.53846153846153,False,False,True,True,0.46674581265196247,3500.0,3500.0,285048450.0,285.04845,4286.953125,0.8164306671769358,-0.20106427569114138,-0.06843847727535723,72.9347122999287,2.083848922855106,-0.05405405405405406,-0.05405405405405406,15.581910387588206,16.930636984060097,28.61052334105262,earnings_blackout,2,trend_break;macd_sell_like;before_earnings,True,False,True,False,False,False,False,False,False,4694.T,,3500.0,17.197327,1.0276237,203.52,3405.916,131192602624.0,1786084200.0,1786084200.0,1786084200.0,True,,,True,1786084200.0,2026-08-07,1.0
4,False,58.536585365853654,False,True,False,False,0.451527027739916,6330.0,6330.0,242325300.0,242.3253,6950.0,0.9107913669064748,-0.17410071942446048,0.01490838058103372,142.4387076811693,2.2502165510453285,-0.040909090909090895,-0.040909090909090895,30.01642595490591,23.374361850985224,16.65623831047113,earnings_blackout,2,trend_break;macd_sell_like;before_earnings,True,False,True,False,False,False,False,False,False,9869.T,,6330.0,13.047242,1.0861375,485.16,5827.991,191054839808.0,1786084200.0,1786084200.0,1786084200.0,True,,,True,1786084200.0,2026-08-07,1.0
5,False,53.5031847133758,False,True,False,True,0.4877657356834481,972.0,972.0,231108425.0,231.108425,1189.9520263671875,0.8168396527441744,-0.24786883826539508,0.00848694694477703,21.988855475393905,2.262227929567274,-0.04518664047151277,-0.04518664047151277,21.377909749504212,23.9959400293874,16.0955997235625,earnings_blackout,2,trend_break;macd_sell_like;before_earnings,True,False,True,False,False,False,False,False,False,3880.T,,972.0,18.10056,0.6606111,53.7,1471.365,149898592256.0,1785997800.0,1785997800.0,1785997800.0,True,,,True,1785997800.0,2026-08-06,0.0
1,False,57.26495726495726,False,False,True,True,0.44950923889846045,1278.0,1278.0,220994660.0,220.99466,1762.2392578125,0.7252136702404445,-0.41879390689683504,-0.01152414713776928,34.33691100964955,2.686769249581342,-0.0390977443609023,-0.0390977443609023,23.814362182529226,25.627075662253144,19.981817184031673,earnings_blackout,2,trend_break;macd_sell_like;before_earnings,True,False,True,False,False,False,False,False,False,4849.T,,1278.0,19.634354,1.5164694,65.09,842.747,48254074880.0,1785997800.0,1785997800.0,1785997800.0,True,,,True,1785997800.0,2026-08-06,0.0
5,True,46.94393382352941,True,False,True,False,0.49077898472678916,5695.0,5695.0,299949833860.0,299949.83386,8632.0,0.6597544022242817,-0.4864359953363172,0.11239373407864695,474.96201837981266,8.339982763473444,-0.1337085488287192,-0.3402455977757183,17.623573871456994,23.847482457840655,27.24619510100059,earnings_blackout,1,trailing_stop;before_earnings,False,False,False,False,True,False,False,False,False,9984.T,,5695.0,6.5290914,1.8417712,872.25,3092.132,32455369162752.0,1785997800.0,1785997800.0,1785997800.0,True,,,True,1785997800.0,2026-08-06,0.0
5,True,47.59405074365704,True,False,False,True,0.33745899019965,4596.0,4596.0,198304389230.0,198304.38923,7855.0,0.5851050286441757,-0.5264162953532782,0.10057409591951272,408.5010155094292,8.888185716045022,-0.10757281553398057,-0.2915060891012795,14.878833583759198,30.883373852596097,31.651564931049247,earnings_blackout,1,trailing_stop;before_earnings,False,False,False,False,True,False,False,False,False,5803.T,,4596.0,48.44524,13.579353,94.87,338.455,7609599918080.0,1786084200.0,1786084200.0,1786084200.0,True,,,True,1786084200.0,2026-08-07,1.0
5,True,45.82646897309171,True,False,True,False,0.25310024608981496,43330.0,43330.0,162806708700.0,162806.7087,57263.48828125,0.7566776195537446,-0.5096480107790737,0.20615471419702835,3643.250989477087,8.408149064105901,-0.12799356007244922,-0.24332238044625543,12.46582814221722,32.4423726621105,28.451041706355724,earnings_blackout,1,trailing_stop;ext_dev200;before_earnings,False,False,False,False,True,True,False,False,False,6920.T,,43330.0,44.87923,17.223518,965.48,2515.746,3883696914432.0,1785997800.0,1785997800.0,1785997800.0,True,,,True,1785997800.0,2026-08-06,0.0
2,True,32.99968223705116,False,False,True,False,0.4226108009134107,3544.0,3544.0,85126728787.5,85126.7287875,5307.0,0.6677972489165254,-0.5409177419616251,0.5090660698777396,407.82377349609686,11.507442818738625,-0.33220275108347463,-0.33220275108347463,16.118413907705722,27.962283098562153,32.71964676970458,"fund_neg_eps,earnings_blackout",1,trailing_stop;ext_dev200;before_earnings,False,False,False,False,True,True,False,False,False,3436.T,,3544.0,-105.69639129138085,2.176836,-33.53,1628.051,1239383670784.0,1785997800.0,1785997800.0,1785997800.0,True,,,False,1785997800.0,2026-08-06,0.0
1,False,60.525328330206385,False,False,True,False,0.3580292423168604,7641.0,7641.0,71408117130.0,71408.11713,14327.0712890625,0.5333260263619441,-0.5401014019501571,-0.18031368260739256,259.6706877983859,3.398386177180813,-0.06187845303867401,-0.06187845303867401,22.858893709524033,33.378976825823074,21.94784362921152,earnings_blackout,1,trend_break;before_earnings,True,False,False,False,False,False,False,False,False,7974.T,,7641.0,20.950893,2.9819536,364.71,2562.414,8809103753216.0,1785997800.0,1785997800.0,1785997800.0,True,,,True,1785997800.0,2026-08-06,0.0
3,False,56.382979874661686,False,False,False,False,0.17773848506202264,154.5,154.5,38424095636.94061,38424.09563694061,160.3000030517578,0.9638178231981375,-0.10767298706219697,0.01742400629018559,2.8653264097662077,1.8545802004959273,-0.03618217680186253,-0.03618217680186253,26.713634995593473,35.19185403068861,21.537704880801343,earnings_blackout,1,trend_break;before_earnings,True,False,False,False,False,False,False,False,False,9432.T,,154.5,12.252181,1.2937207,12.61,119.423,12545865809920.0,1785997800.0,1785997800.0,1785997800.0,True,,,True,1785997800.0,2026-08-06,0.0
7,True,54.896907216494846,False,False,True,False,0.3451869339243864,2901.0,2901.0,25176416130.0,25176.41613,3108.0,0.9333976833976834,-0.12050254098303559,0.09390870369754256,71.73443991058947,2.472748704260237,-0.06660231660231664,-0.06660231660231664,28.830081325938416,27.887950003847077,22.097851038770497,earnings_blackout,1,macd_sell_like;before_earnings,False,False,True,False,False,False,False,False,False,9433.T,,2901.0,15.794632,2.175478,183.67,1333.5,11045090361344.0,1786084200.0,1786084200.0,1786084200.0,True,,,True,1786084200.0,2026-08-07,1.0
6,True,44.14478353442158,True,False,False,True,0.4605916772255791,5196.0,5196.0,21049127385.0,21049.127385,6175.0,0.8414574898785425,-0.2564217824169577,0.16247174490035876,222.89469220512748,4.28973618562601,-0.0933519455592392,-0.15854251012145748,19.51347900136038,30.663561784780335,26.03332048464861,earnings_blackout,1,trailing_stop;before_earnings,False,False,False,False,True,False,False,False,False,2802.T,,5196.0,37.61946,6.460766,138.12,804.239,4959902892032.0,1785997800.0,1785997800.0,1785997800.0,True,,,True,1785997800.0,2026-08-06,0.0
5,True,50.63752276867031,False,False,True,False,0.48558724809770965,2395.0,2395.0,13267761255.0,13267.761255,2521.5,0.9498314495340076,-0.15897678855468877,0.2807726803483783,61.62881898381253,2.5732283500548028,-0.050168550465992445,-0.050168550465992445,20.110973219910548,22.701846695949957,28.33420552686794,earnings_blackout,1,ext_dev200;di_bear;before_earnings,False,False,False,False,False,True,True,False,False,6178.T,,2395.0,18.542892,0.69186556,129.16,3461.655,6721129414656.0,1786084200.0,1786084200.0,1786084200.0,True,,,True,1786084200.0,2026-08-07,1.0
6,True,42.897065673032145,True,False,True,False,0.27883339338474555,2860.0,2860.0,13039311565.0,13039.311565,3540.0,0.807909604519774,-0.4422281908833926,0.08238347863013984,227.4278765030459,7.952023653952654,-0.1588235294117647,-0.192090395480226,12.073855423523414,29.900466284386557,30.679102399983453,earnings_blackout,1,trailing_stop;before_earnings,False,False,False,False,True,False,False,False,False,6315.T,,2860.0,46.686256,3.0389066,61.26,941.128,214580133888.0,1785997800.0,1785997800.0,1785997800.0,True,,,True,1785997800.0,2026-08-06,0.0
3,False,73.55973317161916,True,True,False,False,0.3972423755303821,4885.0,4885.0,11825051715.0,11825.051715,5555.701171875,0.8792769533267312,-0.35399693234603113,0.19162601720393369,170.97632335774182,3.50002709023013,0.0,0.0,46.378993593598935,46.86795934530956,13.941912941389528,earnings_blackout,1,trend_break;ext_dev200;before_earnings,True,False,False,False,False,True,False,False,False,7832.T,,4885.0,22.438105,3.6398072,217.71,1342.104,3133072736256.0,1785997800.0,1785997800.0,1785997800.0,True,,,True,1785997800.0,2026-08-06,0.0
6,True,49.27835051546392,True,False,True,True,0.32024661422097883,7130.0,7130.0,11174938000.0,11174.938,8890.0,0.8020247469066367,-0.5510675697863875,0.4882758780192611,623.154935856949,8.739900923659874,-0.09517766497461932,-0.19797525309336328,16.10795773211268,27.878975460852338,23.970034517188825,earnings_blackout,1,trailing_stop;ext_dev200;before_earnings,False,False,False,False,True,True,False,False,False,6324.T,,7130.0,419.41177,8.396246,17.0,849.189,674974203904.0,1786084200.0,1786084200.0,1786084200.0,True,,,True,1786084200.0,2026-08-07,1.0
4,False,68.14494321254733,True,False,False,False,0.36408922635336133,2750.0,2750.0,9037378042.5,9037.3780425,3411.97998046875,0.8059836270264972,-0.46705068598182675,0.05525535312425656,102.88560207276012,3.7412946208276407,0.0,0.0,23.407147011952475,35.35544539419382,16.042743523028918,earnings_blackout,1,trend_break;before_earnings,True,False,False,False,False,False,False,False,False,9843.T,,2750.0,17.406164,1.5718912,157.99,1749.485,1553907318784.0,1786084200.0,1786084200.0,1786084200.0,True,,,True,1786084200.0,2026-08-07,1.0
2,False,44.590163934426236,False,True,False,True,0.4939639513611802,13575.0,13575.0,8868085375.0,8868.085375,20163.443359375,0.6732481034142563,-0.3632040038424271,-0.08185388439110752,557.2091670372995,4.104671580385263,-0.040296924708377535,-0.15394203801807416,17.173348853046445,17.703792489019822,23.777068708471788,earnings_blackout,1,trend_break;before_earnings,True,False,False,False,False,False,False,False,False,1801.T,,13575.0,13.239898,2.3340464,1025.31,5816.08,2212848730112.0,1785997800.0,1785997800.0,1785997800.0,True,,,True,1785997800.0,2026-08-06,0.0
5,True,51.66139240506329,False,False,True,True,0.3460902219323242,6720.0,6720.0,8864656480.0,8864.65648,7172.0,0.9369771332961517,-0.1160961224055832,0.13522525860264012,160.12036409362645,2.3827435132980126,-0.06302286670384827,-0.06302286670384827,17.868370333799618,23.132676051213462,22.8036814051182,earnings_blackout,1,macd_sell_like;before_earnings,False,False,True,False,False,False,False,False,False,9735.T,,6720.0,24.328434,2.0675976,276.22,3250.149,2694316032000.0,1786084200.0,1786084200.0,1786084200.0,True,,,True,1786084200.0,2026-08-07,1.0
2,False,40.75829383886256,False,False,False,True,0.5838869878814658,3163.0,3163.0,7488936710.0,7488.93671,4362.78173828125,0.7249961583560875,-0.2986126321310061,-0.062248504896076695,89.19449139476443,2.819933335275511,-0.05043530471329927,-0.11101742551995508,12.37045238164588,17.41728673968228,25.751868546447493,earnings_blackout,1,trend_break;before_earnings,True,False,False,False,False,False,False,False,False,1802.T,,3163.0,12.686507,1.7279961,249.32,1830.444,2174314217472.0,1786084200.0,1786084200.0,1786084200.0,True,,,True,1786084200.0,2026-08-07,1.0
3,False,67.5561797752809,True,False,True,True,0.5152074570040095,1872.0,1872.0,7392013082.5,7392.0130825,2074.509765625,0.9023818692104404,-0.39115884446936666,0.06584978879776493,52.83560740836506,2.8224149256605267,0.0,-0.008474576271186418,16.229020718197262,29.857746999102382,18.76850929636243,earnings_blackout,1,trend_break;before_earnings,True,False,False,False,False,False,False,False,False,7733.T,,1872.0,30.558277,2.5383773,61.26,737.479,1989598380032.0,1786084200.0,1786084200.0,1786084200.0,True,,,True,1786084200.0,2026-08-07,1.0
3,False,43.33593141075604,False,False,False,False,0.4565603009967905,1841.0,1841.0,6945794025.0,6945.794025,2700.4384765625,0.6817411379590048,-0.5135975096636867,0.0023727309558940757,72.66349306628717,3.9469577982774133,-0.07207661290322576,-0.07207661290322576,28.908150289939442,29.04551966188489,28.648908805148082,earnings_blackout,1,trend_break;before_earnings,True,False,False,False,False,False,False,False,False,2413.T,,1841.0,25.3861,3.0099897,72.52,611.63,1228738002944.0,1785997800.0,1785997800.0,1785997800.0,True,,,True,1785997800.0,2026-08-06,0.0
6,True,52.7681660899654,False,False,True,False,0.4583628381754344,1427.5,1427.5,6274054050.0,6274.05405,1518.0,0.9403820816864296,-0.17012858555885257,0.06362577984922058,27.978635349062085,1.959974455275803,-0.05961791831357044,-0.05961791831357044,22.256626964799768,26.598113404093105,24.254036854790176,earnings_blackout,1,macd_sell_like;before_earnings,False,False,True,False,False,False,False,False,False,8593.T,,1427.5,12.660754,1.0298761,112.75,1386.089,2049778384896.0,1786084200.0,1786084200.0,1786084200.0,True,,,True,1786084200.0,2026-08-07,1.0
3,False,71.19325030132583,False,False,True,True,0.385879590148447,10255.0,10255.0,5686695100.0,5686.6951,10405.166015625,0.9855681288122168,-0.2851627750263025,0.14817075239902078,313.8350023660976,3.0603120659785237,-0.006779661016949157,-0.006779661016949157,42.39588878257354,37.494071268012966,12.653427881133783,earnings_blackout,1,trend_break;before_earnings,True,False,False,False,False,False,False,False,False,7550.T,,10255.0,37.155796,4.705864,276.0,2179.196,1604520771584.0,1786084200.0,1786084200.0,1786084200.0,True,,,True,1786084200.0,2026-08-07,1.0
1,False,49.1670873296315,False,False,True,True,0.24087895508871263,5520.0,5520.0,5630012735.0,5630.012735,9087.0,0.6074612083195774,-0.5050071530758227,-0.15807840547371055,225.2975042033484,4.081476525422978,-0.04975038733000514,-0.18427663661888571,14.007063660958902,24.99817452903957,18.536114645995525,earnings_blackout,1,trend_break;before_earnings,True,False,False,False,False,False,False,False,False,5838.T,,5520.0,13.2070055,2.5888326,417.96,2132.235,963298131968.0,1785997800.0,1785997800.0,1785997800.0,True,,,True,1785997800.0,2026-08-06,0.0
4,False,47.89377289377289,False,True,False,False,0.3802313553123719,4567.0,4567.0,5479972370.0,5479.97237,5175.298828125,0.8824611199609926,-0.20762623912492972,-0.006011573947341753,120.25822831210161,2.633199656494452,-0.07737373737373743,-0.07737373737373743,28.201155965287956,31.623132629056027,25.000640138232505,earnings_blackout,1,trend_break;before_earnings,True,False,False,False,False,False,False,False,False,2587.T,,4567.0,15.893509,1.0730721,287.35,4256.005,1411201368064.0,1785997800.0,1785997800.0,1785997800.0,True,,,True,1785997800.0,2026-08-06,0.0
3,False,60.928961748633874,True,False,True,True,0.41490823733450083,4360.0,4360.0,5314287550.0,5314.28755,5691.884765625,0.7660028583732665,-0.4000229905172695,0.02715854698655651,241.3793405392287,5.536223406863043,-0.022421524663677084,-0.022421524663677084,16.43318217875781,29.558353911739683,19.897613311060596,earnings_blackout,1,trend_break;before_earnings,True,False,False,False,False,False,False,False,False,7014.T,,4360.0,14.141611,2.2111866,308.31,1971.792,303217475584.0,1785997800.0,1785997800.0,1785997800.0,True,,,True,1785997800.0,2026-08-06,0.0
4,False,58.31005586592178,False,True,False,False,0.5609783795591288,2341.5,2341.5,5228779152.5,5228.7791525,2738.58837890625,0.8550025327045165,-0.3170993749096258,0.08007288838572846,76.9138779540167,3.284812212428644,0.0,0.0,11.824621271828258,29.889332637601008,22.930484629310737,earnings_blackout,1,trend_break;before_earnings,True,False,False,False,False,False,False,False,False,5110.T,,2341.5,12.218222,0.8480254,191.64,2761.12,615429963776.0,1785997800.0,1785997800.0,1785997800.0,True,,,True,1785997800.0,2026-08-06,0.0
1,False,57.283142389525366,False,False,True,False,0.4082383727911239,11960.0,11960.0,5087302550.0,5087.30255,19030.0,0.6284813452443511,-0.4498160798738834,-0.024109005477584544,772.0623083335856,6.455370471016603,-0.061960784313725537,-0.29605650382577986,15.74642376075482,30.08383405523931,28.19470527906435,earnings_blackout,1,trend_break;before_earnings,True,False,False,False,False,False,False,False,False,5805.T,,11960.0,18.798233,3.5999103,636.23,3322.305,354354364416.0,1786084200.0,1786084200.0,1786084200.0,True,,,True,1786084200.0,2026-08-07,1.0
4,True,31.912964641885765,False,False,True,True,0.31030038213737604,2998.5,2998.5,5009849005.0,5009.849005,3272.044189453125,0.9163996041572886,-0.2226571975407492,0.05951938200140994,84.1247709470458,2.805561812474431,-0.06734059097978229,-0.06734059097978229,24.044096649442803,18.294168409732542,25.6478932745474,earnings_blackout,1,di_bear;before_earnings,False,False,False,False,False,False,True,False,False,7912.T,,2998.5,12.738975,1.0866411,235.38,2759.421,1285932974080.0,1786084200.0,1786084200.0,1786084200.0,True,,,True,1786084200.0,2026-08-07,1.0
4,True,47.867298578199055,True,False,True,False,0.3872447643071371,4498.0,4498.0,4786108765.0,4786.108765,5665.0,0.7939982347749338,-0.32568402471315094,0.16922565893615893,264.254176756124,5.874926117299334,-0.0554388912221756,-0.2060017652250662,25.22393275927947,28.130954132224602,30.18919717678784,"fund_neg_eps,earnings_blackout",1,di_bear;before_earnings,False,False,False,False,False,False,True,False,False,4182.T,,4498.0,-21.743123700874946,1.355081,-206.87,3319.359,877212139520.0,1786084200.0,1786084200.0,1786084200.0,True,,,False,1786084200.0,2026-08-07,1.0
2,False,56.40945861854387,True,False,True,True,0.5461947639976054,10285.0,10285.0,4690852515.0,4690.852515,15963.6767578125,0.6442751351105002,-0.43490461897600174,-0.15259882164790972,417.0795572299195,4.05522175235702,-0.020476190476190426,-0.15062052742330867,12.743080569089653,26.486519916521218,21.067507642071472,earnings_blackout,1,trend_break;before_earnings,True,False,False,False,False,False,False,False,False,6269.T,,10285.0,12.357026,2.9418857,832.32,3496.057,702883758080.0,1786084200.0,1786084200.0,1786084200.0,True,,,True,1786084200.0,2026-08-07,1.0
2,False,47.706422018348626,False,False,True,False,0.3929087701736745,1353.0,1353.0,4665854402.5,4665.8544025,1794.763671875,0.7538596981888501,-0.3470353756990714,-0.0817247207614793,32.53287323093666,2.404499130150529,-0.038037682189832944,-0.038037682189832944,12.523311594220408,30.083529534734282,27.287151359025565,earnings_blackout,1,trend_break;before_earnings,True,False,False,False,False,False,False,False,False,1911.T,,1353.0,7.7709494,0.6678883,174.11,2025.788,829619765248.0,1786084200.0,1786084200.0,1786084200.0,True,,,True,1786084200.0,2026-08-07,1.0
6,True,50.03270111183781,True,True,False,False,0.3095887646560732,8975.0,8975.0,4512198830.0,4512.19883,9563.0,0.9385130189271149,-0.23837206322845872,0.17375636379106196,373.6823607731356,4.163591763488976,-0.03182308522114352,-0.06148698107288508,14.90979703692902,25.980148086222215,29.070378147158138,earnings_blackout,1,vol_distribution;before_earnings,False,False,False,False,False,False,False,True,False,6370.T,,8975.0,24.797613,2.8788354,361.93,3117.58,970601398272.0,1785997800.0,1785997800.0,1785997800.0,True,,,True,1785997800.0,2026-08-06,0.0
6,False,45.970937912813746,False,False,True,True,0.4675777805433961,4142.0,4142.0,3893333925.0,3893.333925,4422.28857421875,0.9366191125896242,-0.323763765178012,0.028568054928061803,103.36346976572077,2.4954966143341566,-0.030884417407580744,-0.030884417407580744,22.928147253195295,29.176255580283133,21.943052901706345,earnings_blackout,1,trend_break;before_earnings,True,False,False,False,False,False,False,False,False,7701.T,,4142.0,19.787884,2.117628,209.32,1955.962,1196790382592.0,1785997800.0,1785997800.0,1785997800.0,True,,,True,1785997800.0,2026-08-06,0.0
3,False,40.89068825910931,False,False,True,True,0.5381983627644958,3308.0,3308.0,3274642445.0,3274.642445,4293.5859375,0.7704515638334071,-0.29012349680391714,-0.03301481802740136,86.97648421938004,2.6292770320247896,-0.06235827664399096,-0.06235827664399096,14.554217229963918,20.94921158071742,22.55433363356187,earnings_blackout,1,trend_break;before_earnings,True,False,False,False,False,False,False,False,False,8804.T,,3308.0,11.681616,1.1616416,283.18,2847.694,686804238336.0,1785997800.0,1785997800.0,1785997800.0,True,,,True,1785997800.0,2026-08-06,0.0
3,False,62.45989304812834,False,False,True,False,0.36386048970019597,2714.5,2714.5,2722199395.0,2722.199395,3373.079833984375,0.8047541515771234,-0.41160967667578796,0.09499356004885717,97.5135464178277,3.592320737440696,-0.07085401334930685,-0.07085401334930685,37.77947109723028,36.61282264605515,21.154434718621008,"fund_neg_eps,earnings_blackout",1,trend_break;before_earnings,True,False,False,False,False,False,False,False,False,6460.T,,2714.5,-99.54162082874954,1.5499569,-27.27,1751.339,550840500224.0,1786084200.0,1786084200.0,1786084200.0,True,,,False,1786084200.0,2026-08-07,1.0
7,True,46.95493300852619,True,False,True,False,0.306182634670345,3759.0,3759.0,2655679490.0,2655.67949,4533.0,0.8292521508934481,-0.2819324950363997,0.13429180236150629,192.6594244502837,5.125283970478417,-0.08205128205128209,-0.17074784910655194,24.40142951411132,28.256651867204564,27.97222362255117,earnings_blackout,1,trailing_stop;before_earnings,False,False,False,False,True,False,False,False,False,4061.T,,3759.0,20.660658,1.0428593,181.94,3604.513,324024729600.0,1786084200.0,1786084200.0,1786084200.0,True,,,True,1786084200.0,2026-08-07,1.0
3,False,38.55650522317189,False,False,True,True,0.5607593379811417,2688.5,2688.5,2605274285.0,2605.274285,3438.560791015625,0.78186781138917,-0.23878036216806675,-0.06359559680756655,61.91437718269932,2.3029338732638767,-0.07372954349698535,-0.07372954349698535,13.439533218791786,19.558337338525927,29.842770689005516,earnings_blackout,1,trend_break;before_earnings,True,False,False,False,False,False,False,False,False,1808.T,,2688.5,13.145413,1.2643541,204.52,2126.382,711496499200.0,1785997800.0,1785997800.0,1785997800.0,True,,,True,1785997800.0,2026-08-06,0.0
3,False,44.623655913978496,False,False,False,False,0.262119832274906,2362.5,2362.5,2588134510.0,2588.13451,2661.12890625,0.8877811196787078,-0.4208521899039456,-0.030489803248040737,68.60815661683122,2.9040489573261894,-0.06417112299465244,-0.07858814352574106,11.481249737592325,27.938927191990672,29.13041494393977,earnings_blackout,1,trend_break;before_earnings,True,False,False,False,False,False,False,False,False,4527.T,,2362.5,16.26506,1.7686971,145.25,1335.729,533840625664.0,1785997800.0,1785997800.0,1785997800.0,True,,,True,1785997800.0,2026-08-06,0.0
6,True,40.775193798449614,False,False,True,True,0.3280738397864039,1532.0,1532.0,2163815077.5,2163.8150775,1695.254638671875,0.9036990461800035,-0.1856680592353166,0.031821117778978225,36.57607500818504,2.387472259019911,-0.07710843373493981,-0.07710843373493981,22.258542299439313,20.73528276536554,23.836581770574682,earnings_blackout,1,di_bear;before_earnings,False,False,False,False,False,False,True,False,False,9143.T,,1532.0,15.613534,1.6737462,98.12,915.312,914195218432.0,1786084200.0,1786084200.0,1786084200.0,True,,,True,1786084200.0,2026-08-07,1.0
3,False,50.28451268195528,True,False,True,True,0.3474260782959889,634.9000244140625,634.9000244140625,2018791026.5289307,2018.7910265289306,889.7999877929688,0.7135311678176667,-0.42842699409942075,-0.07426304858029009,21.780126149239887,3.430481227235794,-0.020669387060339495,-0.05464555167658569,18.865783642523347,21.404820025525424,15.894765511824154,earnings_blackout,1,trend_break;before_earnings,True,False,False,False,False,False,False,False,False,6753.T,,634.9,8.692497,1.4626437,73.04,434.077,412244836352.0,1786084200.0,1786084200.0,1786084200.0,True,,,True,1786084200.0,2026-08-07,1.0
3,False,45.82456140350877,False,False,True,True,0.49897102377618036,8430.0,8430.0,2003981550.0,2003.98155,11630.970703125,0.724789032246039,-0.29722116849595226,-0.06716929544389894,199.11536360272373,2.3619853333656433,-0.043349977303676845,-0.07056229327453145,11.187572955441171,20.92677335350448,22.755445643404745,earnings_blackout,1,trend_break;before_earnings,True,False,False,False,False,False,False,False,False,3288.T,,8430.0,8.59932,1.612732,980.31,5227.155,931092037632.0,1786084200.0,1786084200.0,1786084200.0,True,,,True,1786084200.0,2026-08-07,1.0
5,True,31.28679562657696,False,False,True,True,0.29620724834425727,5867.0,5867.0,1907485810.0,1907.48581,6556.0,0.8949054301403294,-0.1301812495881961,0.011892082146210514,148.36600936780545,2.5288223856793155,-0.09571516646115907,-0.10509456985967058,19.784914401787468,15.812406756399099,32.093216166288265,earnings_blackout,1,trailing_stop;before_earnings,False,False,False,False,True,False,False,False,False,9401.T,,5867.0,17.687138,0.8157488,331.71,7192.165,920461705216.0,1785997800.0,1785997800.0,1785997800.0,True,,,True,1785997800.0,2026-08-06,0.0
6,True,47.2,True,False,True,False,0.41298523845010837,2367.0,2367.0,1873228515.0,1873.228515,2718.0,0.8708609271523179,-0.37250514299796367,0.23454563366402148,148.2986004576884,6.265255617139349,-0.10914565299209633,-0.1291390728476821,17.87604499969791,26.073591049036605,26.922483878139346,earnings_blackout,1,trailing_stop;ext_dev200;before_earnings,False,False,False,False,True,True,False,False,False,6055.T,,2367.0,22.964975,3.8833134,103.07,609.531,243266469888.0,1786084200.0,1786084200.0,1786084200.0,True,,,True,1786084200.0,2026-08-07,1.0
2,False,76.53061224489795,True,True,False,False,0.40688707259658674,1894.5,1894.5,1807336160.0,1807.33616,2901.81396484375,0.6528674901121756,-0.47291590069856293,-0.10122662976087904,53.92852406310875,2.846583481821523,-0.014820592823712953,-0.014820592823712953,38.80576912276778,37.127722587379516,12.009947945722548,earnings_blackout,1,trend_break;before_earnings,True,False,False,False,False,False,False,False,False,6417.T,,1894.5,8.428616,1.4958311,224.77,1266.52,374189752320.0,1785997800.0,1785997800.0,1785997800.0,True,,,True,1785997800.0,2026-08-06,0.0
3,False,63.19317489335771,False,False,False,False,0.4099666788436681,5815.0,5815.0,1624178650.0,1624.17865,6174.7509765625,0.9417383829845112,-0.42983498761740313,0.06253284877672294,163.48263985784115,2.8113953543910775,-0.03709223381354532,-0.03709223381354532,26.727010451741577,32.88455125855726,19.14956503658536,earnings_blackout,1,trend_break;before_earnings,True,False,False,False,False,False,False,False,False,4922.T,,5815.0,21.970755,1.1835755,264.67,4913.079,329920643072.0,1785997800.0,1785997800.0,1785997800.0,True,,,True,1785997800.0,2026-08-06,0.0
6,True,45.070422535211264,False,False,True,True,0.4751297584929483,1495.0,1495.0,1497769150.0,1497.76915,1633.5,0.9152127333945516,-0.13341737669479126,0.08347377450595972,34.888625238375035,2.333687306914718,-0.058860560276990825,-0.08478726660544844,20.707835248029205,14.495536683328602,20.613001503220822,earnings_blackout,1,di_bear;before_earnings,False,False,False,False,False,False,True,False,False,1860.T,,1495.0,12.126865,1.1324445,123.28,1320.153,442579845120.0,1786084200.0,1786084200.0,1786084200.0,True,,,True,1786084200.0,2026-08-07,1.0
4,False,48.45070422535212,False,True,False,False,0.4872697162192592,3596.0,3596.0,1247467050.0,1247.46705,4252.54833984375,0.8456106110088631,-0.21411828086996088,-0.029782999684860645,76.324180367047,2.122474426224889,-0.04892885480031739,-0.04892885480031739,15.668787086727113,34.062913096666016,28.027453743466435,earnings_blackout,1,trend_break;before_earnings,True,False,False,False,False,False,False,False,False,5947.T,,3596.0,13.828111,1.13552,260.05,3166.831,496508305408.0,1785997800.0,1785997800.0,1785997800.0,True,,,True,1785997800.0,2026-08-06,0.0
6,True,72.98701298701299,True,False,False,False,0.4626027484830143,4045.0,4045.0,1217951360.0,1217.95136,4045.0,1.0,-0.14533971476379892,0.1365916083899803,96.11700682450243,2.376192999369652,0.0,0.0,23.713674130820944,44.91742190317505,13.844815323806248,earnings_blackout,1,natr_spike;before_earnings,False,False,False,False,False,False,False,False,True,4206.T,,4045.0,14.667489,1.3218336,275.78,3060.143,255950045184.0,1786084200.0,1786084200.0,1786084200.0,True,,,True,1786084200.0,2026-08-07,1.0
4,True,47.62702400893356,True,False,True,False,0.40062404234292903,3275.0,3275.0,1157889345.0,1157.889345,4785.9189453125,0.6842990943688363,-0.43500923628295163,0.18184130568388546,235.04636100769918,7.176988122372493,-0.09530386740331487,-0.23738227646029497,16.051122417840286,26.098627722738314,26.426969541780558,earnings_blackout,1,trailing_stop;ext_dev200;before_earnings,False,False,False,False,True,True,False,False,False,6235.T,,3275.0,44.838444,1.6220725,73.04,2019.022,130653265920.0,1786084200.0,1786084200.0,1786084200.0,True,,,True,1786084200.0,2026-08-07,1.0
6,True,50.27932960893854,False,False,True,True,0.4433447177691831,2981.0,2981.0,1143335547.5,1143.3355475,3253.59375,0.9162176439513999,-0.15570282860298712,0.04172118969721539,67.2843157012351,2.257105525033046,-0.02962239583333337,-0.02962239583333337,8.376772981490857,21.311926629509408,20.199630366385954,earnings_blackout,1,macd_sell_like;before_earnings,False,False,True,False,False,False,False,False,False,7240.T,,2981.0,10.46479,0.75780225,284.86,3933.744,473517195264.0,1785997800.0,1785997800.0,1785997800.0,True,,,True,1785997800.0,2026-08-06,0.0
4,False,59.230769230769226,False,False,True,True,0.5417275947205571,4350.0,4350.0,1101714600.0,1101.7146,4785.10009765625,0.9090718921701633,-0.24661973074173826,0.0777670706707363,90.76633120514205,2.0865823265549897,-0.0011481056257175437,-0.0011481056257175437,23.452583799922053,28.5059640476881,17.160951731307,"fund_neg_eps,earnings_blackout",1,trend_break;before_earnings,True,False,False,False,False,False,False,False,False,4023.T,,4350.0,-16.291524661997677,1.0061684,-267.01,4323.332,166252199936.0,1786084200.0,1786084200.0,1786084200.0,True,,,False,1786084200.0,2026-08-07,1.0
5,True,32.8548644338118,False,False,True,False,0.4245364476794838,2591.5,2591.5,1085482525.0,1085.482525,2762.5,0.9380995475113122,-0.10118579396351013,0.06308319903631077,56.67384516168392,2.186912798058419,-0.04899082568807345,-0.06190045248868781,10.395414587936132,17.895015182510793,19.04398286328376,earnings_blackout,1,macd_sell_like;before_earnings,False,False,True,False,False,False,False,False,False,9076.T,,2591.5,17.815893,0.9484027,145.46,2732.489,420723851264.0,1785997800.0,1785997800.0,1785997800.0,True,,,True,1785997800.0,2026-08-06,0.0
5,True,36.377245508982035,True,False,True,True,0.4707960266331245,5243.0,5243.0,1070991605.0,1070.991605,6506.0,0.8058715032277898,-0.22825084537350138,0.1792592567699025,159.94364654854513,3.050613132720678,-0.04342273307790545,-0.19412849677221022,34.482791611998685,16.06553193164359,25.422017809260524,earnings_blackout,1,di_bear;before_earnings,False,False,False,False,False,False,True,False,False,9072.T,,5243.0,34.24559,2.5711555,153.1,2039.161,611639296000.0,1786084200.0,1786084200.0,1786084200.0,True,,,True,1786084200.0,2026-08-07,1.0
3,False,37.36842105263158,False,False,True,True,0.6112907552005695,1429.0,1429.0,990740630.0,990.74063,2007.237060546875,0.7119238818810304,-0.33141927957708694,-0.07096485104622363,33.95642116751121,2.376236610742562,-0.04093959731543628,-0.041582830315224695,13.580151816059516,18.216820199843266,19.171832725074044,earnings_blackout,1,trend_break;before_earnings,True,False,False,False,False,False,False,False,False,1861.T,,1429.0,12.2136755,1.2924817,117.0,1105.625,242812157952.0,1786084200.0,1786084200.0,1786084200.0,True,,,True,1786084200.0,2026-08-07,1.0
2,False,50.909090909090914,False,False,False,False,0.43499067678495257,2284.0,2284.0,960553865.0,960.553865,3114.91455078125,0.7332464383098892,-0.33176337069087813,-0.05403424354006536,51.86488991015847,2.2707920275901254,-0.05853256389117889,-0.05853256389117889,20.55977777106522,24.837298746301915,19.200944558203147,earnings_blackout,1,trend_break;before_earnings,True,False,False,False,False,False,False,False,False,8111.T,,2284.0,12.992036,2.4139426,175.8,946.17,312381145088.0,1785997800.0,1785997800.0,1785997800.0,True,,,True,1785997800.0,2026-08-06,0.0
5,True,42.38773274917853,False,False,True,True,0.4645721927232461,2093.5,2093.5,940110452.5,940.1104525,2322.5,0.9013993541442411,-0.23476362723091138,0.19009298251988782,66.30964631811766,3.1674060815914813,-0.04797635288767621,-0.0986006458557589,20.063531963765396,21.428351353395545,29.437742465801076,earnings_blackout,1,ext_dev200;di_bear;before_earnings,False,False,False,False,False,True,True,False,False,2531.T,,2093.5,34.59187,1.5569687,60.52,1344.6,400788750336.0,1786084200.0,1786084200.0,1786084200.0,True,,,True,1786084200.0,2026-08-07,1.0
5,True,82.84313725490196,True,False,True,True,0.28856817570585575,4751.0,4751.0,934982925.0,934.982925,4751.0,1.0,-0.13081789426118395,0.18362134431588872,98.52490222420018,2.073771884323304,0.0,0.0,36.714241672179156,37.743624431686236,9.880248792309738,earnings_blackout,1,rsi_reversal;ext_dev200;before_earnings,False,False,False,True,False,True,False,False,False,6457.T,,4751.0,17.242506,1.1801361,275.54,4025.807,245342240768.0,1786084200.0,1786084200.0,1786084200.0,True,,,True,1786084200.0,2026-08-07,1.0
5,False,51.698113207547166,False,False,True,False,0.3241305354375142,1335.5,1335.5,842002650.0,842.00265,1399.0,0.9546104360257327,-0.16113040899956843,0.03347343718367157,28.791691978628542,2.15587360379098,-0.0453895639742673,-0.0453895639742673,18.977382550401014,28.98662071543318,25.899787619491576,earnings_blackout,1,trend_break;before_earnings,True,False,False,False,False,False,False,False,False,4927.T,,1335.5,31.225157,1.8715439,42.77,713.582,295522205696.0,1785997800.0,1785997800.0,1785997800.0,True,,,True,1785997800.0,2026-08-06,0.0
4,True,88.00959232613909,False,False,True,False,0.21105616450074718,1442.0,1442.0,834847330.0,834.84733,1442.0,1.0,-0.22875014143564054,0.37378208841361626,46.73607365333395,3.2410591992603295,0.0,0.0,29.053301779825702,42.351743312083514,13.007517662760492,earnings_blackout,1,rsi_reversal;ext_dev200;before_earnings,False,False,False,True,False,True,False,False,False,7740.T,,1442.0,19.821306,2.7398458,72.75,526.307,232515207168.0,1786084200.0,1786084200.0,1786084200.0,True,,,True,1786084200.0,2026-08-07,1.0
3,True,31.756756756756758,False,False,True,True,0.5570786892651649,925.0,925.0,734246855.0,734.246855,1375.0,0.6727272727272727,-0.40581818181818186,0.06239411950498175,41.8193444814565,4.521010214211514,-0.106280193236715,-0.32727272727272727,13.930034948098937,21.09294858514579,26.150724864901015,earnings_blackout,1,trailing_stop;before_earnings,False,False,False,False,True,False,False,False,False,9519.T,,925.0,25.266321,0.68062997,36.61,1359.035,83615375360.0,1785997800.0,1785997800.0,1785997800.0,True,,,True,1785997800.0,2026-08-06,0.0
5,False,65.55323590814196,True,True,False,False,0.4438832736411259,3145.0,3145.0,623031900.0,623.0319,3272.587158203125,0.96101336586764,-0.1367685982270006,0.03878787201418499,52.81126333409334,1.6792134605435085,-0.0015873015873015817,-0.0015873015873015817,27.825770913341053,40.40171340229287,17.819088562205575,earnings_blackout,1,trend_break;before_earnings,True,False,False,False,False,False,False,False,False,8130.T,,3145.0,12.632551,1.521146,248.96,2067.52,184899911680.0,1785997800.0,1785997800.0,1785997800.0,True,,,True,1785997800.0,2026-08-06,0.0
3,False,60.78431372549019,True,False,True,True,0.6132635658414197,5790.0,5790.0,614866850.0,614.86685,7188.73291015625,0.805427058198237,-0.24047811092186977,-0.021305746095226508,112.98954108972691,1.9514601224477877,-0.01025641025641022,-0.0317725752508361,9.394658263565772,20.672462928693392,16.163005784661316,earnings_blackout,1,trend_break;before_earnings,True,False,False,False,False,False,False,False,False,1833.T,,5790.0,11.3083725,1.0547625,512.01,5489.387,207858548736.0,1786084200.0,1786084200.0,1786084200.0,True,,,True,1786084200.0,2026-08-07,1.0
2,False,39.495798319327726,False,True,False,True,0.24635393345150336,3050.0,3050.0,586608225.0,586.608225,3669.230712890625,0.8312369100380733,-0.17966455763455713,-0.06584835037992098,75.87453010113674,2.48768951151268,-0.06584992343032159,-0.1055718475073314,14.91850820032662,20.512040245623364,29.60831563293043,earnings_blackout,1,trend_break;before_earnings,True,False,False,False,False,False,False,False,False,9409.T,,3050.0,10.3582945,0.6590646,294.45,4627.771,306644975616.0,1786084200.0,1786084200.0,1786084200.0,True,,,True,1786084200.0,2026-08-07,1.0
6,True,44.146341463414636,False,False,True,False,0.49850336905494036,1856.0,1856.0,518329240.0,518.32924,2007.0,0.9247633283507724,-0.14737448237293738,0.023784851765093817,38.943606324993205,2.0982546511310995,-0.07523667164922765,-0.07523667164922765,27.902513804233198,27.33206323737658,35.61613322454371,earnings_blackout,1,di_bear;before_earnings,False,False,False,False,False,False,True,False,False,2602.T,,1856.0,7.297892,0.8075794,254.32,2298.226,169770123264.0,1786084200.0,1786084200.0,1786084200.0,True,,,True,1786084200.0,2026-08-07,1.0
4,False,45.45454545454546,False,False,True,True,0.49731397776768516,3825.0,3825.0,509146575.0,509.146575,4335.9814453125,0.8821532214200531,-0.2263471304403386,-0.027940912220180802,63.875510130797686,1.6699479772757566,-0.041353383458646586,-0.09467455621301779,11.653042433835695,19.58179027177723,21.228974568128297,earnings_blackout,1,trend_break;before_earnings,True,False,False,False,False,False,False,False,False,4521.T,,3825.0,67.72309,0.9812238,56.48,3898.193,144846307328.0,1786084200.0,1786084200.0,1786084200.0,True,,,True,1786084200.0,2026-08-07,1.0
7,True,46.19640387275242,False,False,True,False,0.2651752028853247,1746.5,1746.5,482048450.0,482.04845,1878.0,0.929978700745474,-0.17385138633785524,0.051988817923313224,37.763640763282396,2.1622468229763756,-0.07002129925452605,-0.07002129925452605,27.852003719602777,30.28380009060697,29.868707938387384,earnings_blackout,1,macd_sell_like;before_earnings,False,False,True,False,False,False,False,False,False,7458.T,,1746.5,11.384525,1.4548457,153.41,1200.471,180547747840.0,1785997800.0,1785997800.0,1785997800.0,True,,,True,1785997800.0,2026-08-06,0.0
4,False,65.51724137931035,False,False,True,True,0.3982256573677393,4500.0,4500.0,437165175.0,437.165175,5202.873046875,0.8649067466104777,-0.2677122878697955,0.04180542180128399,106.59087415748002,2.3686860923884447,-0.01207464324917673,-0.01207464324917673,25.90867982854056,28.260460129851378,16.027429619331965,earnings_blackout,1,trend_break;before_earnings,True,False,False,False,False,False,False,False,False,7242.T,,4500.0,7.121718,0.7777226,631.87,5786.125,181038252032.0,1785997800.0,1785997800.0,1785997800.0,True,,,True,1785997800.0,2026-08-06,0.0
4,False,50.0,False,False,False,True,0.46211953669057687,3745.0,3745.0,431769150.0,431.76915,4323.6376953125,0.8661687828423196,-0.22056373880410762,-0.0504910739310529,73.76682790498823,1.9697417331105003,-0.02853437094682232,-0.07644882860665847,22.18326591478272,29.002343127439723,20.710248248971105,earnings_blackout,1,trend_break;before_earnings,True,False,False,False,False,False,False,False,False,8584.T,,3745.0,9.862011,0.5651067,379.74,6627.067,167690911744.0,1785997800.0,1785997800.0,1785997800.0,True,,,True,1785997800.0,2026-08-06,0.0
2,False,56.87203791469194,False,True,False,True,0.47396832505669223,1972.0,1972.0,395517350.0,395.51735,2780.0,0.7093525179856115,-0.36798561151079134,-0.09237060667505037,63.832309881555894,3.2369325497746395,-0.02279484638255702,-0.02279484638255702,25.255780691068512,25.595698212933694,14.143050301232806,earnings_blackout,1,trend_break;before_earnings,True,False,False,False,False,False,False,False,False,9722.T,,1972.0,12.7827835,2.9863856,154.27,660.33,118159302656.0,1785997800.0,1785997800.0,1785997800.0,True,,,True,1785997800.0,2026-08-06,0.0
4,True,45.21841794569067,False,False,False,False,0.3879459294160906,2585.0,2585.0,345577315.0,345.577315,2790.0,0.9265232974910395,-0.2206732712626488,0.2497780867399917,99.36142125588219,3.843768713960626,-0.07347670250896055,-0.07347670250896055,19.60970730674757,19.382396934557615,24.1852293397921,earnings_blackout,1,macd_sell_like;ext_dev200;before_earnings,False,False,True,False,False,True,False,False,False,8337.T,,2585.0,24.511663,0.7697402,105.46,3358.276,148414365696.0,1785997800.0,1785997800.0,1785997800.0,True,,,True,1785997800.0,2026-08-06,0.0
3,False,45.51724137931034,False,False,True,False,0.1902006974406528,4645.0,4645.0,334503725.0,334.503725,5376.001953125,0.8640249837148817,-0.15550625918932992,-0.03765908484424518,87.91448554194479,1.8926692258760986,-0.045220966084275394,-0.045220966084275394,13.382829843834067,20.813192155168938,27.161476340671314,earnings_blackout,1,trend_break;before_earnings,True,False,False,False,False,False,False,False,False,4985.T,,4645.0,19.350943,1.3277718,240.04,3498.342,101481619456.0,1785997800.0,1785997800.0,1785997800.0,True,,,True,1785997800.0,2026-08-06,0.0
1,False,66.66666666666666,True,False,True,False,0.5532479460871581,4070.0,4070.0,334066875.0,334.066875,5287.177734375,0.7697868701365147,-0.35499056162923637,-0.0340246555629613,99.73934172619443,2.4505980768106737,-0.004889975550122272,-0.0332541567695962,16.072254768561653,30.949506351506557,20.084060554558626,earnings_blackout,1,trend_break;before_earnings,True,False,False,False,False,False,False,False,False,4686.T,,4070.0,17.319885,2.2023537,234.99,1848.023,261390778368.0,1786084200.0,1786084200.0,1786084200.0,True,,,True,1786084200.0,2026-08-07,1.0
4,False,62.65432098765432,True,False,True,True,0.3295190206129261,2450.0,2450.0,329724870.0,329.72487,2682.71435546875,0.9132541431426128,-0.20522245371891334,0.05521852318053089,46.18922497131249,1.8852744886249995,0.0,0.0,16.92310094774133,25.308466304954173,16.076352200368323,earnings_blackout,1,trend_break;before_earnings,True,False,False,False,False,False,False,False,False,9830.T,,2450.0,10.1735735,0.85670507,240.82,2859.794,161553170432.0,1786084200.0,1786084200.0,1786084200.0,True,,,True,1786084200.0,2026-08-07,1.0
4,False,57.142857142857146,False,False,True,True,0.4442609798062334,1733.0,1733.0,326010415.0,326.010415,1832.1832275390625,0.9458660978616846,-0.19112893420022126,0.04257294980470072,28.53606379535529,1.646628032045891,-0.019796380090497778,-0.019796380090497778,30.22792030653776,29.355793792962327,16.24212614733475,earnings_blackout,1,trend_break;before_earnings,True,False,False,False,False,False,False,False,False,8214.T,,1733.0,15.411294,1.0065206,112.45,1721.773,145845862400.0,1786084200.0,1786084200.0,1786084200.0,True,,,True,1786084200.0,2026-08-07,1.0
2,False,52.631578947368425,True,False,True,True,0.5671263814984697,4170.0,4170.0,300616900.0,300.6169,5740.0,0.7264808362369338,-0.2987804878048781,-0.10194625337776497,91.58002748586965,2.1961637286779294,-0.017667844522968212,-0.20419847328244278,16.78177253200752,19.063427402735442,17.422621340381898,earnings_blackout,1,trend_break;before_earnings,True,False,False,False,False,False,False,False,False,1835.T,,4170.0,11.184723,1.0826006,372.83,3851.836,143622144000.0,1785997800.0,1785997800.0,1785997800.0,True,,,True,1785997800.0,2026-08-06,0.0
6,True,46.19565217391304,False,True,False,True,0.2526418182006405,1088.0,1088.0,275792065.0,275.792065,1160.111083984375,0.9378412248793356,-0.19039741064834503,0.03536199671174178,27.65958780032086,2.5422415257647852,-0.025962399283795845,-0.025962399283795845,18.663989708384097,18.517386336762375,25.98696730348049,earnings_blackout,1,macd_sell_like;before_earnings,False,False,True,False,False,False,False,False,False,6523.T,,1088.0,281.13696,0.85140616,3.87,1277.886,137648750592.0,1785997800.0,1785997800.0,1785997800.0,True,,,True,1785997800.0,2026-08-06,0.0
6,True,41.48936170212766,False,False,True,False,0.43651526162166343,1114.0,1114.0,271203015.0,271.203015,1200.0,0.9283333333333333,-0.1106852453134195,0.00262630559991317,21.931184514653612,1.9686880174733943,-0.0708924103419516,-0.0708924103419516,18.226424687052305,20.696437765150957,27.90712445128997,earnings_blackout,1,macd_sell_like;before_earnings,False,False,True,False,False,False,False,False,False,3167.T,,1114.0,13.501393,1.408839,82.51,790.722,143590293504.0,1785997800.0,1785997800.0,1785997800.0,True,,,True,1785997800.0,2026-08-06,0.0
5,False,45.8128078817734,False,False,True,True,0.3576312983817919,912.0,912.0,210102450.0,210.10245,1038.2001953125,0.8784432945762319,-0.5146214580648779,0.006382497795300646,24.390226951142008,2.6743669902567992,-0.046025104602510414,-0.05590062111801242,14.33396408109061,18.650747660130527,21.33106943782912,earnings_blackout,1,trend_break;before_earnings,True,False,False,False,False,False,False,False,False,3865.T,,912.0,20.912634,0.5749674,43.61,1586.177,144827400192.0,1786084200.0,1786084200.0,1786084200.0,True,,,True,1786084200.0,2026-08-07,1.0
4,True,47.99999999999999,False,False,True,True,0.3266616227092882,396.0,396.0,207141630.0,207.14163,495.68182373046875,0.7988995784023915,-0.3706174332340648,0.0529621190247882,8.218797982721236,2.075454036040716,-0.014925373134328401,-0.014925373134328401,8.724885517167978,20.265531499745585,15.39638429165732,earnings_blackout,1,macd_sell_like;before_earnings,False,False,True,False,False,False,False,False,False,3632.T,,396.0,46.424385,0.7303484,8.53,542.207,68034138112.0,1786084200.0,1786084200.0,1786084200.0,True,,,True,1786084200.0,2026-08-07,1.0
2,False,55.02958579881657,False,False,False,True,0.3664525578124178,1202.0,1202.0,190895735.0,190.895735,1663.6636962890625,0.7225017908854771,-0.3538357527438537,-0.07723120574888853,24.637320991923943,2.0496939261168006,-0.014754098360655776,-0.014754098360655776,22.275821762725997,24.898858159970132,17.880464317397887,"fund_low_adv20,earnings_blackout",1,trend_break;before_earnings,True,False,False,False,False,False,False,False,False,4914.T,,1202.0,12.299191,0.7638822,97.73,1573.541,117190246400.0,1785997800.0,1785997800.0,1785997800.0,True,,,False,1785997800.0,2026-08-06,0.0
4,False,56.42458100558659,False,False,True,False,0.47487663345470477,1875.0,1875.0,83281295.0,83.281295,2067.676513671875,0.9068149623996496,-0.180114963704042,0.019422068743023546,24.08487578906054,1.2845267087498955,-0.004777070063694322,-0.004777070063694322,22.01694335545918,24.8912957617491,14.4127213015318,"fund_low_adv20,fund_small_mcap,earnings_blackout",1,trend_break;before_earnings,True,False,False,False,False,False,False,False,False,5185.T,,1875.0,25.475544,0.652498,73.6,2873.572,26666940416.0,1785997800.0,1785997800.0,1785997800.0,True,,,False,1785997800.0,2026-08-06,0.0
3,False,39.99999999999999,True,False,True,True,0.3056911328080787,49.0,49.0,64138765.0,64.138765,116.0,0.4224137931034483,-0.6206896551724138,-0.1709669232721428,1.996761543645538,4.075023558460281,-0.039215686274509776,-0.05769230769230771,30.091742138014975,20.005135765671046,10.742535154483567,"fund_neg_eps,fund_low_adv20,fund_small_mcap,earnings_blackout",1,trend_break;before_earnings,True,False,False,False,False,False,False,False,False,4563.T,,49.0,-3.393351800554017,9.600313,-14.44,5.104,19385688064.0,1786084200.0,1786084200.0,1786084200.0,True,,,False,1786084200.0,2026-08-07,1.0
3,True,55.66406250000001,True,False,True,False,0.4838243248838567,4142.0,4142.0,85272139345.0,85272.139345,5720.0,0.7241258741258741,,0.2757710090595551,302.9127353003278,7.313199789964457,-0.04781609195402303,-0.22361761949390813,16.765340180127602,30.600955673950995,24.613397277311236,earnings_blackout,0,ext_dev200;before_earnings,False,False,False,False,False,True,False,False,False,5016.T,,4142.0,36.765488,5.2802134,112.66,784.438,3845693112320.0,1785997800.0,1785997800.0,1785997800.0,True,,,True,1785997800.0,2026-08-06,0.0
5,True,53.29512893982808,False,False,True,True,0.6258444563574087,12845.0,12845.0,51620797050.0,51620.79705,13100.0,0.9805343511450382,-0.43586423830178167,0.4675128762162639,442.2515714533958,3.442986153782762,-0.019465648854961826,-0.019465648854961826,34.84951173498495,30.227929165839345,17.359234260561514,earnings_blackout,0,ext_dev200;before_earnings,False,False,False,False,False,True,False,False,False,6098.T,,12845.0,36.989574,11.327051,347.26,1134.011,17882442366976.0,1786084200.0,1786084200.0,1786084200.0,True,,,True,1786084200.0,2026-08-07,1.0
5,True,51.20259019426457,True,False,True,False,0.4472324892208586,15155.0,15155.0,36788107150.0,36788.10715,19450.0,0.7791773778920309,-0.37660668380462725,0.33893506828725606,1211.214992069267,7.9921807460855625,-0.06306027820710969,-0.2208226221079691,20.780234325570788,28.955443509264274,28.14291029820342,earnings_blackout,0,ext_dev200;before_earnings,False,False,False,False,False,True,False,False,False,4004.T,,15155.0,94.64185,3.863176,160.13,3922.938,2742805331968.0,1785997800.0,1785997800.0,1785997800.0,True,,,True,1785997800.0,2026-08-06,0.0
5,True,57.797619047619044,True,False,True,True,0.38706502231871803,2868.5,2868.5,35483542987.5,35483.5429875,3651.781982421875,0.7855069152013288,-0.2867865572104372,0.03517826363001131,133.9704056823336,4.6703993614200305,-0.01898084815321477,-0.14678762641284948,14.781695140447644,28.294806535273302,24.53137884885456,earnings_blackout,0,before_earnings,False,False,False,False,False,False,False,False,False,7012.T,,2868.5,22.145449,2.7304096,129.53,1050.575,2504768618496.0,1786084200.0,1786084200.0,1786084200.0,True,,,True,1786084200.0,2026-08-07,1.0
5,True,48.57768052516412,False,False,True,False,0.5526975919833949,3232.0,3232.0,22336697525.0,22336.697525,3447.0,0.9376269219611256,-0.2075949634733859,0.254334404158822,101.80108312830653,3.149785987880771,-0.062373078038874374,-0.062373078038874374,19.618112291558482,23.43741807692386,28.860368167519447,earnings_blackout,0,ext_dev200;before_earnings,False,False,False,False,False,True,False,False,False,7182.T,,3232.0,21.956522,1.2495008,147.2,2586.633,11512211046400.0,1786084200.0,1786084200.0,1786084200.0,True,,,True,1786084200.0,2026-08-07,1.0
4,True,49.94807892004154,False,False,True,False,0.4315178155272942,6513.0,6513.0,20864276340.0,20864.27634,6673.0,0.9760227783605575,-0.18796721276828077,0.2785757400827964,170.19127145491868,2.613101051050494,-0.023977221639442492,-0.023977221639442492,14.145343397217536,25.78977937102257,24.49170999908934,earnings_blackout,0,ext_dev200;before_earnings,False,False,False,False,False,True,False,False,False,8591.T,,6513.0,16.308186,1.5962288,399.37,4080.242,7074394144768.0,1785997800.0,1785997800.0,1785997800.0,True,,,True,1785997800.0,2026-08-06,0.0
5,True,53.3195020746888,True,False,True,True,0.2389716712439422,75350.0,75350.0,19664850850.0,19664.85085,84560.0,0.8910832544938505,-0.36153493064973086,0.17197812669203483,3287.3908287897816,4.36282790814835,-0.005805515239477477,-0.051843462941990714,12.719215538688635,28.83760181538429,26.93958449029976,earnings_blackout,0,before_earnings,False,False,False,False,False,False,False,False,False,6273.T,,75350.0,28.536695,2.2493267,2640.46,33498.914,4721460379648.0,1786084200.0,1786084200.0,1786084200.0,True,,,True,1786084200.0,2026-08-07,1.0
4,True,59.97638724911452,False,False,True,False,0.4522579058836322,1921.0,1921.0,19166802400.0,19166.8024,1959.0,0.9806023481368045,-0.15735569152164908,0.3171515711741655,48.31890304326347,2.5152994816899255,-0.01939765186319553,-0.01939765186319553,20.899060199743555,26.530303181172805,21.415339776385682,earnings_blackout,0,ext_dev200;before_earnings,False,False,False,False,False,True,False,False,False,8750.T,,1921.0,15.834158,1.6260191,121.32,1181.413,6918853623808.0,1786084200.0,1786084200.0,1786084200.0,True,,,True,1786084200.0,2026-08-07,1.0
4,True,66.06334841628959,False,False,False,False,0.3732798093683275,3989.0,3989.0,16855720500.0,16855.7205,4120.0,0.9682038834951456,-0.15352376077490815,0.1605107879844545,90.66067387018067,2.2727669558831955,-0.031796116504854366,-0.031796116504854366,31.10852672029529,39.595381859804654,20.163498415966217,earnings_blackout,0,before_earnings,False,False,False,False,False,False,False,False,False,5108.T,,3989.0,33.47319,1.3687043,119.17,2914.435,4964894113792.0,1786084200.0,1786084200.0,1786084200.0,True,,,True,1786084200.0,2026-08-07,1.0
5,True,73.53479853479854,False,False,True,True,0.6217453322625439,6036.0,6036.0,14393829580.0,14393.82958,6907.0,0.8738960474880556,-0.27160851310264944,0.14000839241518181,156.86988902088734,2.598904722016026,-0.0036315615714757055,-0.0036315615714757055,24.847052404420072,33.66962765827316,17.18076660362108,earnings_blackout,0,before_earnings,False,False,False,False,False,False,False,False,False,9104.T,,6036.0,9.740354,0.72152996,619.69,8365.557,2074066157568.0,1786084200.0,1786084200.0,1786084200.0,True,,,True,1786084200.0,2026-08-07,1.0
5,True,66.88829787234043,True,False,False,True,0.4198941578212176,3878.0,3878.0,14385983665.0,14385.983665,3878.0,1.0,-0.23302382928281262,0.18109330540063118,92.82665508898792,2.393673416425681,0.0,0.0,34.57038728255434,30.495150977200154,13.782338737442789,earnings_blackout,0,ext_dev200;before_earnings,False,False,False,False,False,True,False,False,False,4901.T,,3878.0,16.910866,1.2174001,229.32,3185.477,4638038818816.0,1785997800.0,1785997800.0,1785997800.0,True,,,True,1785997800.0,2026-08-06,0.0
6,True,54.97275204359673,False,False,True,False,0.223670032642466,2927.0,2927.0,11874044305.0,11874.044305,3133.0,0.9342483242898181,-0.12837347879883398,0.1670401726606181,76.22276651161135,2.604125948466394,-0.06575167571018192,-0.06575167571018192,24.0342203029282,30.5338534517415,23.878109890305936,earnings_blackout,0,before_earnings,False,False,False,False,False,False,False,False,False,2503.T,,2927.0,16.064764,1.792388,182.2,1633.017,2336734052352.0,1786084200.0,1786084200.0,1786084200.0,True,,,True,1786084200.0,2026-08-07,1.0
4,True,63.96903589021816,False,False,False,True,0.3137160483331148,5820.0,5820.0,10848079560.0,10848.07956,5901.0,0.9862735129639044,-0.2711461633950131,0.28350241786935304,223.80787375880715,3.845496112694281,-0.01372648703609558,-0.01372648703609558,33.01891620391386,34.15637686219275,11.899554989975911,earnings_blackout,0,ext_dev200;before_earnings,False,False,False,False,False,True,False,False,False,3563.T,,5820.0,46.304398,11.532928,125.69,504.642,1322435084288.0,1786084200.0,1786084200.0,1786084200.0,True,,,True,1786084200.0,2026-08-07,1.0
3,True,58.720930232558146,False,False,True,True,0.32560565914542616,2312.0,2312.0,9526955732.5,9526.9557325,2758.815185546875,0.8380409141258574,-0.3391411356467441,0.04002188634468884,72.26296297667702,3.1255606823822237,-0.0428482715793832,-0.0428482715793832,15.581167692887954,30.12513827738833,21.483977824276185,earnings_blackout,0,before_earnings,False,False,False,False,False,False,False,False,False,4543.T,,2312.0,25.073202,2.1523354,92.21,1074.182,3410391990272.0,1786084200.0,1786084200.0,1786084200.0,True,,,True,1786084200.0,2026-08-07,1.0
5,True,54.62633451957296,False,False,True,True,0.5409588528970081,1300.0,1300.0,8878098020.0,8878.09802,1525.7022705078125,0.8520666352336946,-0.2193758749512844,0.05726325985521452,31.777531534692848,2.4444255026686807,-0.027673896783844465,-0.06204906204906202,14.09933180280224,20.67963524217636,21.35784038537698,earnings_blackout,0,before_earnings,False,False,False,False,False,False,False,False,False,5020.T,,1300.0,13.545899,1.0377136,95.97,1252.754,3470252572672.0,1786084200.0,1786084200.0,1786084200.0,True,,,True,1786084200.0,2026-08-07,1.0
5,True,55.66087414428647,True,False,False,True,0.35837428141995303,2505.5,2505.5,7403334422.5,7403.3344225,2973.5,0.8426097191861442,-0.27804760777204496,0.23804647038509108,120.87115504827554,4.824232889573959,-0.017450980392156867,-0.15739028081385575,19.890445404663353,27.745492145599197,26.1817638118529,earnings_blackout,0,ext_dev200;before_earnings,False,False,False,False,False,True,False,False,False,6965.T,,2505.5,54.897022,2.2701285,45.64,1103.682,724316323840.0,1785997800.0,1785997800.0,1785997800.0,True,,,True,1785997800.0,2026-08-06,0.0
5,True,47.793567688855646,True,False,True,False,0.3402764093866916,27245.0,27245.0,6603203450.0,6603.20345,28880.0,0.9433864265927978,-0.18559556786703602,0.3600572665985049,1393.9673540284248,5.116415320346576,-0.05661357340720219,-0.05661357340720219,12.598637298054088,29.772907215294474,28.52548460823259,earnings_blackout,0,ext_dev200;before_earnings,False,False,False,False,False,True,False,False,False,6856.T,,27245.0,31.030397,3.3200471,878.01,8206.209,1144609439744.0,1786084200.0,1786084200.0,1786084200.0,True,,,True,1786084200.0,2026-08-07,1.0
6,True,53.21869488536155,True,False,True,False,0.3613007938504689,2939.5,2939.5,6437391990.0,6437.39199,3200.0,0.91859375,-0.18109375000000005,0.2492475180558289,131.12422291130633,4.4607662157273795,-0.024394291403916357,-0.08140625000000001,17.869667868551666,28.594541936642393,29.389283177299745,earnings_blackout,0,ext_dev200;before_earnings,False,False,False,False,False,True,False,False,False,6113.T,,2939.5,29.749014,1.7047013,98.81,1724.349,912193093632.0,1785997800.0,1785997800.0,1785997800.0,True,,,True,1785997800.0,2026-08-06,0.0
5,True,58.128078817734,True,False,True,True,0.5454099742310454,4457.0,4457.0,6383956970.0,6383.95697,6100.0,0.730655737704918,-0.35344262295081963,0.023110248740390693,191.74547614859267,4.302119725119871,0.0,-0.17918968692449355,20.44894352171652,30.059252520444694,27.145660686736388,earnings_blackout,0,before_earnings,False,False,False,False,False,False,False,False,False,5711.T,,4457.0,14.345951,0.7912249,310.68,5633.038,582429376512.0,1785997800.0,1785997800.0,1785997800.0,True,,,True,1785997800.0,2026-08-06,0.0
4,True,47.001223990208075,False,False,True,True,0.35469284460711165,1470.0,1470.0,5727871305.0,5727.871305,1809.812744140625,0.8122387273264658,-0.3214767638388435,0.05751781863569416,48.6655074472456,3.310578737907864,-0.06725888324873097,-0.06725888324873097,18.34266157795258,29.114090691952914,24.695203349107583,earnings_blackout,0,before_earnings,False,False,False,False,False,False,False,False,False,4751.T,,1470.0,18.292683,3.7537057,80.36,391.613,745435627520.0,1786084200.0,1786084200.0,1786084200.0,True,,,True,1786084200.0,2026-08-07,1.0
4,True,46.02510460251047,False,False,True,False,0.2754127746396445,3267.0,3267.0,5619803380.0,5619.80338,3463.0,0.9434016748483973,-0.20165389920839083,0.21979043713406243,106.31175930979758,3.254109559528545,-0.05659832515160268,-0.05659832515160268,18.229315892552506,24.831064330816126,26.170224555031506,earnings_blackout,0,ext_dev200;before_earnings,False,False,False,False,False,True,False,False,False,5831.T,,3267.0,19.505642,1.4070355,167.49,2321.903,1733308710912.0,1785997800.0,1785997800.0,1785997800.0,True,,,True,1785997800.0,2026-08-06,0.0
4,True,69.05444126074498,True,True,False,False,0.38639710384185966,1299.5,1299.5,5613122502.5,5613.1225025,1327.9820556640625,0.9785523791209514,-0.21716418191700593,0.1770149932766616,39.396730173511344,3.0316837378615884,0.0,0.0,13.14646371561435,37.68323798537604,16.554923078217293,earnings_blackout,0,before_earnings,False,False,False,False,False,False,False,False,False,3402.T,,1299.5,24.569862,1.0512164,52.89,1236.187,1893808734208.0,1785997800.0,1785997800.0,1785997800.0,True,,,True,1785997800.0,2026-08-06,0.0
5,True,80.0978792822186,True,False,True,False,0.36397484778739136,1266.0,1266.0,5256929590.0,5256.92959,1301.032470703125,0.9730733309951963,-0.274489029802615,0.22548972392834843,32.882401846671115,2.5973461174305776,0.0,0.0,27.986315441953174,39.97279983840677,16.34324618419399,earnings_blackout,0,ext_dev200;before_earnings,False,False,False,False,False,True,False,False,False,4612.T,,1266.0,23.62822,1.5434827,53.58,820.223,2936434589696.0,1786084200.0,1786084200.0,1786084200.0,True,,,True,1786084200.0,2026-08-07,1.0
6,True,42.714480254198826,False,False,True,False,0.3546600511290691,7563.0,7563.0,5141982370.0,5141.98237,8647.0,0.8746386029836938,-0.16729983221358724,0.19314328952482285,275.5233485523124,3.6430430854464158,-0.07293454278009315,-0.12536139701630622,26.614950940854683,25.374824252329155,22.410703264178508,earnings_blackout,0,ext_dev200;before_earnings,False,False,False,False,False,True,False,False,False,4021.T,,7563.0,20.519846,3.973389,368.57,1903.413,1009579065344.0,1786084200.0,1786084200.0,1786084200.0,True,,,True,1786084200.0,2026-08-07,1.0
4,True,53.296703296703285,False,False,False,False,0.34683059129283084,7654.0,7654.0,4910703775.0,4910.703775,7803.0,0.9809047802127386,-0.1916906630898112,0.27944138473768354,225.99451153566363,2.952632761113975,-0.019095219787261364,-0.019095219787261364,15.633782260671536,25.3624189222415,22.71049654676366,earnings_blackout,0,ext_dev200;before_earnings,False,False,False,False,False,True,False,False,False,8354.T,,7654.0,16.941124,1.3438045,451.8,5695.769,1446320144384.0,1786084200.0,1786084200.0,1786084200.0,True,,,True,1786084200.0,2026-08-07,1.0
5,True,63.574660633484164,False,False,True,False,0.36110324407190997,2206.5,2206.5,4734311572.5,4734.3115725,2354.0,0.9373406966864911,-0.2593004769475358,0.1355296541414408,73.73673143268208,3.3417961220340846,-0.06265930331350889,-0.06265930331350889,16.936713076952444,26.660659259531432,25.01899813163399,earnings_blackout,0,before_earnings,False,False,False,False,False,False,False,False,False,2871.T,,2206.5,20.233837,1.9311998,109.05,1142.554,552987066368.0,1786084200.0,1786084200.0,1786084200.0,True,,,True,1786084200.0,2026-08-07,1.0
5,True,69.28571428571428,False,False,True,True,0.5649612069212652,8050.0,8050.0,4532167250.0,4532.16725,8590.0,0.9371362048894063,-0.17345750873108268,0.11618914674907632,180.57331584839784,2.243146780725439,-0.020681265206812682,-0.03361344537815125,28.578226429710018,27.0918684867543,16.018166904097086,earnings_blackout,0,before_earnings,False,False,False,False,False,False,False,False,False,2702.T,,8050.0,31.58349,3.7684724,254.88,2136.144,1070317830144.0,1786084200.0,1786084200.0,1786084200.0,True,,,True,1786084200.0,2026-08-07,1.0
5,True,59.00581020012912,True,True,False,True,0.5642227451678553,8907.0,8907.0,4143895740.0,4143.89574,11640.0,0.7652061855670103,-0.32070446735395186,0.06894390928155025,343.68257456854013,3.8585671333618516,0.0,-0.23479381443298974,28.029290351332353,28.598474500041824,26.663943141207426,earnings_blackout,0,before_earnings,False,False,False,False,False,False,False,False,False,5714.T,,8907.0,8.481323,1.1564449,1050.19,7702.053,526833876992.0,1786084200.0,1786084200.0,1786084200.0,True,,,True,1786084200.0,2026-08-07,1.0
3,True,68.69772998805257,True,True,False,False,0.5478863722806637,1258.0,1258.0,4062095780.0,4062.09578,3745.0,0.3359145527369826,-0.7965287049399199,0.2658673656776869,101.46658316096847,8.065706133622296,0.0,-0.30688705234159774,19.778441597702876,42.23853439845681,17.578474014492045,"fund_small_mcap,earnings_blackout",0,ext_dev200;before_earnings,False,False,False,False,False,True,False,False,False,3103.T,,1258.0,4.053227,1.348515,310.37,932.878,,1785997800.0,1785997800.0,1785997800.0,True,,,False,1785997800.0,2026-08-06,0.0
3,True,59.43396226415094,False,False,True,False,0.3541662994906088,1641.0,1641.0,4024012052.5,4024.0120525,2461.913818359375,0.6665546079486918,-0.5516901462169781,0.10261448795098582,47.64044646926575,2.903135068206322,-0.01883408071748882,-0.01883408071748882,21.99121292538598,33.296791295393234,22.684001900938274,earnings_blackout,0,before_earnings,False,False,False,False,False,False,False,False,False,6869.T,,1641.0,28.824873,2.0195184,56.93,812.57,987950612480.0,1786084200.0,1786084200.0,1786084200.0,True,,,True,1786084200.0,2026-08-07,1.0
4,True,62.42527754056362,True,False,True,False,0.3339953271667697,3679.0,3679.0,3878755815.0,3878.755815,3785.0,0.971994715984148,-0.22792299375437264,0.26254857730967096,130.7080732195652,3.5528152546769554,-0.028005284015852006,-0.028005284015852006,17.71135822823534,30.515696531389114,20.548537118208728,earnings_blackout,0,ext_dev200;before_earnings,False,False,False,False,False,True,False,False,False,5830.T,,3679.0,14.49281,1.2077045,253.85,3046.275,1056237617152.0,1786084200.0,1786084200.0,1786084200.0,True,,,True,1786084200.0,2026-08-07,1.0
3,True,81.04477611940298,False,False,True,True,0.5504635918836952,3469.0,3469.0,3867137815.0,3867.137815,3605.60009765625,0.9621144625148407,-0.36595335420327146,0.2559015206863735,100.13480738869065,2.886561181570788,-0.0011517420097898468,-0.0011517420097898468,39.44081157904491,36.89425662626197,14.843283796751711,earnings_blackout,0,ext_dev200;before_earnings,False,False,False,False,False,True,False,False,False,9616.T,,3469.0,16.85617,2.167269,205.8,1600.632,315398389760.0,1786084200.0,1786084200.0,1786084200.0,True,,,True,1786084200.0,2026-08-07,1.0
5,True,59.72803347280335,False,False,True,True,0.3882301882066357,1750.5,1750.5,3866636145.0,3866.636145,1795.5,0.974937343358396,-0.19332350186629144,0.1373284533582113,48.33634887425211,2.7612881390603894,-0.02506265664160401,-0.02506265664160401,23.831984324561464,25.367068748548743,17.843127290587642,earnings_blackout,0,before_earnings,False,False,False,False,False,False,False,False,False,7181.T,,1750.5,11.480194,0.45667627,152.48,3833.131,1896863498240.0,1786084200.0,1786084200.0,1786084200.0,True,,,True,1786084200.0,2026-08-07,1.0
6,True,53.24324324324325,True,False,True,True,0.3445697824760949,2306.0,2306.0,3767754880.0,3767.75488,2863.0,0.8054488298987077,-0.23087670275934336,0.05829265254781513,83.12475126944985,3.604716013419334,-0.02741459299873472,-0.1945511701012923,14.681270867462887,22.45486477756888,25.24870097019369,earnings_blackout,0,before_earnings,False,False,False,False,False,False,False,False,False,1963.T,,2306.0,13.33719,1.2987524,172.9,1775.55,557707755520.0,1786084200.0,1786084200.0,1786084200.0,True,,,True,1786084200.0,2026-08-07,1.0
5,True,75.0402576489533,True,False,True,True,0.48298713222639605,4147.0,4147.0,3302686180.0,3302.68618,4147.0,1.0,-0.18864097379660705,0.28775369811580753,92.12619557625969,2.221514241047979,0.0,0.0,32.59074832987862,31.512651283631783,10.75199594672727,earnings_blackout,0,ext_dev200;before_earnings,False,False,False,False,False,True,False,False,False,6448.T,,4147.0,16.752848,1.3522834,247.54,3066.665,1025663041536.0,1785997800.0,1785997800.0,1785997800.0,True,,,True,1785997800.0,2026-08-06,0.0
5,True,65.02525252525253,False,False,True,False,0.42024083255757766,1885.5,1885.5,3237255867.5,3237.2558675,1891.0,0.9970914859862506,-0.34620444773087944,0.14888527801315976,44.41222078276384,2.35546119240328,-0.0029085140137493637,-0.0029085140137493637,27.34196608683666,32.39496529271829,20.78796460160065,earnings_blackout,0,before_earnings,False,False,False,False,False,False,False,False,False,3405.T,,1885.5,79.72516,0.7670287,23.65,2458.187,568095801344.0,1786084200.0,1786084200.0,1786084200.0,True,,,True,1786084200.0,2026-08-07,1.0
6,True,50.0,True,False,True,True,0.4943988147517206,3654.0,3654.0,3113555760.0,3113.55576,4243.0,0.8611831251473014,-0.23908449533067977,0.22413160627875128,193.19921169653847,5.287334748126395,-0.049180327868852514,-0.13881687485269856,14.332054177522803,28.462878708568613,26.12343776951254,earnings_blackout,0,ext_dev200;before_earnings,False,False,False,False,False,True,False,False,False,5991.T,,3654.0,26.603567,1.6915601,137.35,2160.136,740260511744.0,1785997800.0,1785997800.0,1785997800.0,True,,,True,1785997800.0,2026-08-06,0.0
4,True,49.3601462522852,False,False,True,True,0.49139629910200033,3280.0,3280.0,2893262395.0,2893.262395,3326.0,0.9861695730607336,-0.1806975121936425,0.23432543542069628,74.14293829660788,2.2604554358721916,-0.013830426939266394,-0.013830426939266394,17.522232432751665,25.309855905217077,22.937976357854104,earnings_blackout,0,ext_dev200;before_earnings,False,False,False,False,False,True,False,False,False,4208.T,,3280.0,13.353962,0.7287895,245.62,4500.614,318636228608.0,1786084200.0,1786084200.0,1786084200.0,True,,,True,1786084200.0,2026-08-07,1.0
4,True,65.5378486055777,True,False,False,False,0.3924961271100963,9300.0,9300.0,2820823350.0,2820.82335,9420.0,0.9872611464968153,-0.21497947780595417,0.7035044685704053,476.4368829034172,5.122977235520615,-0.01273885350318471,-0.01273885350318471,19.134683500424305,37.85058900284438,17.388060434515847,earnings_blackout,0,ext_dev200;before_earnings,False,False,False,False,False,True,False,False,False,8050.T,,9300.0,34.640743,4.324644,268.47,2150.466,760198725632.0,1786084200.0,1786084200.0,1786084200.0,True,,,True,1786084200.0,2026-08-07,1.0
6,True,47.826086956521735,True,False,True,False,0.3207464105522906,3975.0,3975.0,2820540425.0,2820.540425,4895.0,0.8120531154239019,-0.3258426966292135,0.33110234978745834,281.3303263008715,7.077492485556515,-0.07017543859649122,-0.1879468845760981,13.608685878874105,28.799886534323864,24.64849918401756,earnings_blackout,0,ext_dev200;before_earnings,False,False,False,False,False,True,False,False,False,4368.T,,3975.0,29.359629,3.5877397,135.39,1107.94,420540579840.0,1786084200.0,1786084200.0,1786084200.0,True,,,True,1786084200.0,2026-08-07,1.0
5,True,71.35826771653544,True,False,True,True,0.20322157727603082,5711.0,5711.0,2771690650.0,2771.69065,5968.04931640625,0.9569290897614371,-0.2330277595957606,0.09657226521294437,134.99363880961778,2.3637478341729605,-0.02275838466803559,-0.02275838466803559,17.860331860900658,30.24836176468531,22.561116390814014,earnings_blackout,0,before_earnings,False,False,False,False,False,False,False,False,False,6465.T,,5711.0,21.195814,2.0371,269.44,2803.495,802987245568.0,1785997800.0,1785997800.0,1785997800.0,True,,,True,1785997800.0,2026-08-06,0.0
7,True,51.09375,True,False,True,True,0.45501268707593795,5288.0,5288.0,2727800975.0,2727.800975,5903.0,0.8958156869388446,-0.14144395837367774,0.07026226343206288,131.48587232080058,2.4864953162027343,-0.011034224798952663,-0.08968841452917886,14.246197447784366,15.483632527369723,19.3453904540562,earnings_blackout,0,before_earnings,False,False,False,False,False,False,False,False,False,1721.T,,5288.0,17.062468,1.5260333,309.92,3465.193,610606645248.0,1786084200.0,1786084200.0,1786084200.0,True,,,True,1786084200.0,2026-08-07,1.0
5,True,81.49882903981265,True,False,True,True,0.4268240342598,2924.5,2924.5,2689073315.0,2689.073315,2924.5,1.0,-0.19626351602976,0.17813338034975224,58.04862886620629,1.984907808726493,0.0,0.0,34.74926006297946,37.259143662752244,14.735834357498875,earnings_blackout,0,before_earnings,False,False,False,False,False,False,False,False,False,4613.T,,2924.5,19.70953,1.7158319,148.38,1704.421,514845605888.0,1786084200.0,1786084200.0,1786084200.0,True,,,True,1786084200.0,2026-08-07,1.0
5,True,66.2882096069869,True,True,False,True,0.43483487178650315,4333.0,4333.0,2562915270.0,2562.91527,4755.0703125,0.9112378398715845,-0.3091436936559495,0.0922133282745985,137.45392972184246,3.172257782641183,0.0,-0.04348785871964678,15.062191363492893,33.37739869350786,20.335577874768276,earnings_blackout,0,before_earnings,False,False,False,False,False,False,False,False,False,5233.T,,4333.0,19.020237,0.71054536,227.81,6098.133,472110563328.0,1785997800.0,1785997800.0,1785997800.0,True,,,True,1785997800.0,2026-08-06,0.0
6,True,54.43609022556391,False,False,False,False,0.3647042973694919,1232.0,1232.0,2316256405.0,2316.256405,1321.5,0.9322739311388574,-0.15329626687847497,0.13206155703278055,44.292548382312845,3.595174381681238,-0.05630026809651478,-0.06772606886114263,13.766712726839742,25.350915620308466,22.477658604369534,earnings_blackout,0,before_earnings,False,False,False,False,False,False,False,False,False,2264.T,,1232.0,17.878391,1.4473293,68.91,851.223,397658226688.0,1786084200.0,1786084200.0,1786084200.0,True,,,True,1786084200.0,2026-08-07,1.0
4,True,64.01446654611212,True,False,False,True,0.3526615993866977,1731.0,1731.0,2258231940.0,2258.23194,1742.0,0.9936854190585533,-0.17602623123693217,0.1749521253280013,42.13621744033331,2.434212446004235,0.0,-0.006314580941446657,19.483136321144556,27.528673043086837,16.52770832226496,earnings_blackout,0,before_earnings,False,False,False,False,False,False,False,False,False,6845.T,,1731.0,22.848469,3.477943,75.76,497.708,869719015424.0,1785997800.0,1785997800.0,1785997800.0,True,,,True,1785997800.0,2026-08-06,0.0
5,True,66.48199738698676,True,False,True,False,0.4673785577707155,327.1000061035156,327.1000061035156,2238516192.337494,2238.516192337494,333.5,0.980809613503795,-0.20390097930117512,0.15024748440585212,7.103920159287595,2.171788452073417,-0.01919038649620497,-0.01919038649620497,39.364560794523705,33.297625781912345,16.6940360815237,earnings_blackout,0,before_earnings,False,False,False,False,False,False,False,False,False,8410.T,,327.1,26.9662,1.3620313,12.13,240.156,382047813632.0,1786084200.0,1786084200.0,1786084200.0,True,,,True,1786084200.0,2026-08-07,1.0
6,True,52.91411042944785,False,True,False,True,0.4633693631604639,1263.0,1263.0,2138321227.5,2138.3212275,1539.71826171875,0.8202799378310573,-0.23005394592342154,0.0037112513130281855,35.365293358088636,2.8001024036491398,-0.057814248414770564,-0.07268722466960353,10.830313482312967,27.156215638747355,23.61826766049982,earnings_blackout,0,before_earnings,False,False,False,False,False,False,False,False,False,1332.T,,1263.0,14.008429,1.2762591,90.16,989.611,383032328192.0,1785997800.0,1785997800.0,1785997800.0,True,,,True,1785997800.0,2026-08-06,0.0
6,True,47.65013054830287,True,False,True,False,0.2566916470827914,14020.0,14020.0,2110554550.0,2110.55455,16640.0,0.8425480769230769,-0.2830528846153846,0.16574549928240612,935.2329517923602,6.67070579024508,-0.06095110515740121,-0.15745192307692313,15.252268694536536,26.999067238329477,26.673276665816843,earnings_blackout,0,before_earnings,False,False,False,False,False,False,False,False,False,6507.T,,14020.0,27.263004,3.9996042,514.25,3505.347,395584897024.0,1786084200.0,1786084200.0,1786084200.0,True,,,True,1786084200.0,2026-08-07,1.0
4,True,57.86397449521785,True,True,False,False,0.3686237760737223,2494.5,2494.5,2091626480.0,2091.62648,2494.5,1.0,-0.1883281574719201,0.4566763857638432,125.26351839906843,5.021588230068889,0.0,0.0,16.9996119270642,36.60327903348217,20.216007996310246,earnings_blackout,0,ext_dev200;before_earnings,False,False,False,False,False,True,False,False,False,3105.T,,2494.5,27.98407,1.7109734,89.14,1457.942,389636980736.0,1785997800.0,1785997800.0,1785997800.0,True,,,True,1785997800.0,2026-08-06,0.0
5,True,49.202127659574465,False,False,True,False,0.3430760087026939,1533.5,1533.5,1921063720.0,1921.06372,1610.0,0.9524844720496894,-0.19807618307952635,0.2679076191724985,48.45393198868781,3.159695597566861,-0.047515527950310554,-0.047515527950310554,17.801811983231485,23.67707151614935,23.565769327976824,earnings_blackout,0,ext_dev200;before_earnings,False,False,False,False,False,True,False,False,False,7180.T,,1533.5,17.509705,0.8535563,87.58,1796.601,648608677888.0,1786084200.0,1786084200.0,1786084200.0,True,,,True,1786084200.0,2026-08-07,1.0
4,True,77.94417971409122,True,True,False,True,0.5947084637655273,3500.0,3500.0,1899362560.0,1899.36256,4418.4287109375,0.792136804501565,-0.5097804804141743,0.37044639214267905,171.95023167045747,4.912863762013071,0.0,0.0,20.209197375045385,43.14452609235887,14.506294178982055,earnings_blackout,0,ext_dev200;before_earnings,False,False,False,False,False,True,False,False,False,1515.T,,3500.0,19.623234,1.750646,178.36,1999.262,275387088896.0,1785997800.0,1785997800.0,1785997800.0,True,,,True,1785997800.0,2026-08-06,0.0
5,True,51.8140589569161,False,False,True,False,0.5167283116831218,2032.5,2032.5,1890846037.5,1890.8460375,2106.0,0.9650997150997151,-0.15943189067763042,0.18629474667517143,47.873311394195255,2.355390474499152,-0.03329369797859694,-0.03490028490028485,20.015061757138383,28.822889502593025,21.576125695896685,earnings_blackout,0,ext_dev200;before_earnings,False,False,False,False,False,True,False,False,False,7956.T,,2032.5,28.327526,2.980013,71.75,682.044,243178143744.0,1785997800.0,1785997800.0,1785997800.0,True,,,True,1785997800.0,2026-08-06,0.0
4,True,50.16722408026756,False,False,True,False,0.4142272979055265,3074.0,3074.0,1828308852.5,1828.3088525,3172.0,0.9691046658259773,-0.16634563623779708,0.24573375762563177,93.7891941593655,3.051047305119242,-0.03089533417402268,-0.03089533417402268,14.782255858605959,25.322783025542666,22.936271971065125,earnings_blackout,0,ext_dev200;before_earnings,False,False,False,False,False,True,False,False,False,8418.T,,3074.0,19.549732,0.94786876,157.24,3243.065,619508465664.0,1786084200.0,1786084200.0,1786084200.0,True,,,True,1786084200.0,2026-08-07,1.0
5,True,46.786248131539615,False,False,True,True,0.6384594614521575,3513.0,3513.0,1799818280.0,1799.81828,3611.0,0.9728607034062586,-0.2765229996583306,0.25691993515379763,89.07149050351016,2.535482223270998,-0.02713929659374137,-0.02713929659374137,29.384565370885184,27.75737064660429,19.279522220931522,earnings_blackout,0,ext_dev200;before_earnings,False,False,False,False,False,True,False,False,False,3774.T,,3513.0,25.847986,3.941098,135.91,891.376,622960312320.0,1786084200.0,1786084200.0,1786084200.0,True,,,True,1786084200.0,2026-08-07,1.0
5,True,58.299039780521255,False,False,False,False,0.38104894035049897,1742.5,1742.5,1793708327.5,1793.7083275,1856.021240234375,0.9388362386305236,-0.20770032657205828,0.06709093586377346,41.55220341598895,2.384631472940542,-0.018309859154929553,-0.018309859154929553,16.888310160500208,31.750742103574826,18.240772042335305,earnings_blackout,0,before_earnings,False,False,False,False,False,False,False,False,False,4912.T,,1742.5,17.493223,1.4918001,99.61,1168.052,482091597824.0,1786084200.0,1786084200.0,1786084200.0,True,,,True,1786084200.0,2026-08-07,1.0
4,True,68.61702127659575,False,False,True,False,0.4061036579465415,5732.0,5732.0,1739994555.0,1739.994555,5785.0,0.9908383751080381,-0.20242678561394079,0.15625347923465882,142.9342815036841,2.4936197052282645,-0.009161624891961928,-0.009161624891961928,33.65610706573834,29.233419666168786,15.232318363228567,earnings_blackout,0,before_earnings,False,False,False,False,False,False,False,False,False,9706.T,,5732.0,18.248964,2.5299015,314.1,2265.701,532068466688.0,1786084200.0,1786084200.0,1786084200.0,True,,,True,1786084200.0,2026-08-07,1.0
7,True,47.32905982905983,True,False,False,True,0.47597526924816,4120.0,4120.0,1665777200.0,1665.7772,4876.16845703125,0.8449256903869095,-0.25966462565613024,0.036520039070435883,130.87093599285535,3.1764790289527998,-0.035354717864668705,-0.09549945115257963,19.02414776276825,24.291661769802396,25.69987549333583,earnings_blackout,0,before_earnings,False,False,False,False,False,False,False,False,False,4401.T,,4120.0,14.830279,1.2863041,277.81,3202.975,399541010432.0,1786084200.0,1786084200.0,1786084200.0,True,,,True,1786084200.0,2026-08-07,1.0
6,True,52.032520325203244,True,False,False,True,0.424173778363292,2640.5,2640.5,1558423405.0,1558.423405,2992.0,0.8825200534759359,-0.14605614973262027,0.004620138940461649,61.73381835902237,2.3379594152252365,-0.02384473197781889,-0.09478916695234829,19.42390470413617,26.38025402267824,23.305216811881685,earnings_blackout,0,before_earnings,False,False,False,False,False,False,False,False,False,1951.T,,2640.5,17.47634,1.5750498,151.09,1676.455,536593498112.0,1786084200.0,1786084200.0,1786084200.0,True,,,True,1786084200.0,2026-08-07,1.0
5,True,62.00814111261872,True,False,True,True,0.21262767549467973,2054.0,2054.0,1556059872.5,1556.0598725,2113.0,0.972077614765736,-0.3683901193900829,0.11488256131920083,50.05866072481104,2.437130512405601,0.0,-0.027922385234264047,12.595794605816856,24.5692049886821,19.547923223376003,earnings_blackout,0,before_earnings,False,False,False,False,False,False,False,False,False,8088.T,,2054.0,9.920309,1.0816401,207.05,1898.968,472781586432.0,1785997800.0,1785997800.0,1785997800.0,True,,,True,1785997800.0,2026-08-06,0.0
5,True,53.617021276595736,True,False,False,False,0.36675051187669877,10610.0,10610.0,1498388850.0,1498.38885,11300.0,0.9389380530973451,-0.2889159185148191,0.4268106782560066,708.0324233959691,6.673255639924308,-0.06106194690265487,-0.06106194690265487,13.10496277530258,35.14130682422555,22.294649131420627,earnings_blackout,0,ext_dev200;before_earnings,False,False,False,False,False,True,False,False,False,6490.T,,10610.0,27.314386,3.0542111,388.44,3473.892,242559320064.0,1785997800.0,1785997800.0,1785997800.0,True,,,True,1785997800.0,2026-08-06,0.0
5,True,64.85714285714286,False,True,False,True,0.4402541254339093,1879.0,1879.0,1481051275.0,1481.051275,2138.5,0.878653261631985,-0.1716156184241291,0.091705862961865,53.94994800534425,2.871205322264196,-0.052445789208270255,-0.12134673836801502,19.01251759956445,18.245760805612417,22.150426417596186,earnings_blackout,0,before_earnings,False,False,False,False,False,False,False,False,False,8282.T,,1879.0,20.623423,1.1665547,91.11,1610.726,290325168128.0,1785997800.0,1785997800.0,1785997800.0,True,,,True,1785997800.0,2026-08-06,0.0
7,True,54.67980295566503,False,False,True,False,0.3586962510054309,5614.0,5614.0,1264134890.0,1264.13489,6067.66943359375,0.9252316826816567,-0.19181966141966145,0.023082611171358236,119.41396431384871,2.127074533556265,-0.04426285325161727,-0.0507141561466109,16.952825010886702,30.932471225092982,20.829537862231987,earnings_blackout,0,before_earnings,False,False,False,False,False,False,False,False,False,4967.T,,5614.0,114.57143,1.9976443,49.0,2810.31,417337835520.0,1785997800.0,1785997800.0,1785997800.0,True,,,True,1785997800.0,2026-08-06,0.0
7,True,45.65217391304348,False,False,True,True,0.20248266682894006,3200.0,3200.0,1201334500.0,1201.3345,3478.355224609375,0.9199750437678099,-0.28908790322345723,0.02100596104030883,63.672423461656805,1.9897632331767752,-0.01599015990159902,-0.05353445726116535,15.117127971004791,19.06041636941499,24.071637133757505,earnings_blackout,0,before_earnings,False,False,False,False,False,False,False,False,False,6005.T,,3200.0,13.403703,1.5227994,238.74,2101.393,370397937664.0,1786084200.0,1786084200.0,1786084200.0,True,,,True,1786084200.0,2026-08-07,1.0
6,True,50.46153846153845,True,True,False,True,0.49815452113780745,10020.0,10020.0,1194513800.0,1194.5138,13110.0,0.7643020594965675,-0.33943554538520215,0.10368102423123893,475.95738546116024,4.750073707197208,-0.04933586337760909,-0.2356979405034325,27.14126143996347,27.01922127159742,23.577470727873383,earnings_blackout,0,before_earnings,False,False,False,False,False,False,False,False,False,6875.T,,10020.0,17.325447,0.8113444,578.34,12349.873,141113098240.0,1785997800.0,1785997800.0,1785997800.0,True,,,True,1785997800.0,2026-08-06,0.0
4,True,51.06035889070147,False,True,False,True,0.31086475755978343,1846.5,1846.5,1159073125.0,1159.073125,1935.0,0.9542635658914729,-0.1791937581274382,0.20090674964560606,51.19622990406696,2.772609255568208,0.0,-0.045736434108527124,14.03998456903539,28.15583683611677,21.31857692186244,earnings_blackout,0,ext_dev200;before_earnings,False,False,False,False,False,True,False,False,False,5463.T,,1846.5,15.658921,1.171997,117.92,1575.516,408825561088.0,1786084200.0,1786084200.0,1786084200.0,True,,,True,1786084200.0,2026-08-07,1.0
5,True,67.71653543307087,True,False,False,True,0.6642951722737442,2212.5,2212.5,1125505000.0,1125.505,2476.861328125,0.8932676104539437,-0.19212271705385708,0.06689289260213283,38.108787916943584,1.7224310922912354,0.0,0.0,13.750982965575442,33.60697096248204,19.24659735479752,earnings_blackout,0,before_earnings,False,False,False,False,False,False,False,False,False,4114.T,,2212.5,19.73332,0.8241847,112.12,2684.471,326912081920.0,1786084200.0,1786084200.0,1786084200.0,True,,,True,1786084200.0,2026-08-07,1.0
5,True,49.70588235294118,False,False,True,True,0.3547258033981452,2005.5,2005.5,1064570080.0,1064.57008,2179.0,0.9203763194125746,-0.17732285278061588,0.10581974118813675,47.68721531335263,2.377821755839074,-0.05623529411764705,-0.07962368058742542,17.164787978960064,22.702988042030693,23.70992126918821,earnings_blackout,0,before_earnings,False,False,False,False,False,False,False,False,False,8876.T,,2005.5,15.359576,3.5917819,130.57,558.358,303749660672.0,1785997800.0,1785997800.0,1785997800.0,True,,,True,1785997800.0,2026-08-06,0.0
6,True,54.92505353319058,False,False,False,True,0.36077519042886663,4035.0,4035.0,1049223415.0,1049.223415,4228.68701171875,0.9541968910959845,-0.27045913035164515,0.10714685169277138,131.05989238309007,3.2480766389861233,-0.03330138955438433,-0.03330138955438433,15.823289197620998,29.629772178804515,21.925709744005296,earnings_blackout,0,before_earnings,False,False,False,False,False,False,False,False,False,2607.T,,4035.0,31.103062,1.4446237,129.73,2793.115,346939326464.0,1786084200.0,1786084200.0,1786084200.0,True,,,True,1786084200.0,2026-08-07,1.0
4,True,71.22302158273381,True,False,True,False,0.3365759105093733,3735.0,3735.0,1036224170.0,1036.22417,3748.0,0.9965314834578441,-0.13705909761016877,0.19003356503790148,89.4440473924235,2.394753611577604,-0.003468516542155853,-0.003468516542155853,15.98980199974533,33.33239616158252,14.742118499944857,earnings_blackout,0,ext_dev200;before_earnings,False,False,False,False,False,True,False,False,False,3107.T,,3735.0,10.315969,1.9114764,362.06,1953.987,322425323520.0,1785997800.0,1785997800.0,1785997800.0,True,,,True,1785997800.0,2026-08-06,0.0
6,True,52.17391304347826,True,False,True,True,0.4095343873254932,1232.0,1232.0,955099965.0,955.099965,1453.0,0.8479008947006194,-0.23446557533084833,0.10458677749964918,41.87191175364751,3.398694135848012,-0.009646302250803873,-0.15209910529938064,19.32162727596293,21.813165025866027,24.790742363275108,earnings_blackout,0,before_earnings,False,False,False,False,False,False,False,False,False,7004.T,,1232.0,18.607462,1.0530924,66.21,1169.888,207260073984.0,1785997800.0,1785997800.0,1785997800.0,True,,,True,1785997800.0,2026-08-06,0.0
5,True,61.11111111111111,True,False,True,True,0.3876823842165829,1756.0,1756.0,755731810.0,755.73181,1893.0,0.9276281035393555,-0.15942033820740564,0.12146461135031905,44.80776239246555,2.5516948970652362,0.0,-0.07237189646064446,11.251729382503077,25.114460687090435,24.399545085368562,earnings_blackout,0,before_earnings,False,False,False,False,False,False,False,False,False,8078.T,,1756.0,9.092321,0.79904264,193.13,2197.63,339610501120.0,1786084200.0,1786084200.0,1786084200.0,True,,,True,1786084200.0,2026-08-07,1.0
5,True,70.83333333333334,True,False,True,False,0.3499746695259283,4750.0,4750.0,744681100.0,744.6811,4750.0,1.0,-0.2325190907693756,0.2547998355037129,109.33226225360082,2.301731836917912,0.0,0.0,24.45960314132012,35.41529791884811,15.732097913935647,earnings_blackout,0,ext_dev200;before_earnings,False,False,False,False,False,True,False,False,False,4634.T,,4750.0,22.547112,6.185927,210.67,767.872,222764040192.0,1786084200.0,1786084200.0,1786084200.0,True,,,True,1786084200.0,2026-08-07,1.0
5,True,55.04587155963302,False,False,True,False,0.48164946464180525,2842.0,2842.0,726341580.0,726.34158,2956.0,0.9614343707713126,-0.10485573539760729,0.10026280843117963,64.47790348184586,2.2687510021761383,-0.03856562922868745,-0.03856562922868745,18.764626017692255,23.513378992593097,19.898231621147485,earnings_blackout,0,before_earnings,False,False,False,False,False,False,False,False,False,2001.T,,2842.0,11.056215,0.8317999,257.05,3416.687,234922786816.0,1785997800.0,1785997800.0,1785997800.0,True,,,True,1785997800.0,2026-08-06,0.0
7,True,51.11111111111111,False,False,False,False,0.3740025941912364,3685.0,3685.0,711516100.0,711.5161,4005.0,0.920099875156055,-0.10893856967894977,0.12610165155284925,102.14960577381808,2.7720381485432313,-0.07990012484394504,-0.07990012484394504,24.407972650114925,28.327346394179436,27.581298750016643,earnings_blackout,0,before_earnings,False,False,False,False,False,False,False,False,False,2270.T,,3685.0,7.022124,0.9392491,524.77,3923.347,221653155840.0,1786084200.0,1786084200.0,1786084200.0,True,,,True,1786084200.0,2026-08-07,1.0
4,True,56.41025641025641,True,False,False,False,0.5515476611196684,3130.0,3130.0,624974680.0,624.97468,3195.0,0.9796557120500783,-0.2768593916007642,0.24342367041118051,82.62590829488126,2.6398053768332668,-0.020344287949921713,-0.020344287949921713,16.778152065567518,24.688302453377723,14.451417957952184,"fund_neg_eps,earnings_blackout",0,ext_dev200;before_earnings,False,False,False,False,False,True,False,False,False,7716.T,,3130.0,-109.44055944055944,2.2330394,-28.6,1401.677,259951132672.0,1786084200.0,1786084200.0,1786084200.0,True,,,False,1786084200.0,2026-08-07,1.0
4,True,58.82352941176471,False,False,True,False,0.435473548223569,2111.0,2111.0,600475675.0,600.475675,2181.070068359375,0.9678735363086788,-0.20976023909939778,0.07198618141325297,38.74783057916011,1.8355201600739037,-0.031206975676915993,-0.031206975676915993,26.133319991787147,26.52271203360676,17.236333854440524,earnings_blackout,0,before_earnings,False,False,False,False,False,False,False,False,False,6412.T,,2111.0,17.842955,0.83722365,118.31,2521.429,208201613312.0,1786084200.0,1786084200.0,1786084200.0,True,,,True,1786084200.0,2026-08-07,1.0
7,True,51.65562913907284,True,False,True,False,0.33294707897382125,2401.0,2401.0,599542150.0,599.54215,2672.296142578125,0.8984782643452124,-0.25108410890285415,0.20019460270376022,109.22002796822929,4.548939107381478,-0.015580155801558027,-0.10152173565478761,22.34088886908022,30.896197936384333,27.36615112470226,earnings_blackout,0,ext_dev200;before_earnings,False,False,False,False,False,True,False,False,False,6498.T,,2401.0,18.196287,2.8970993,131.95,828.76,208706879488.0,1786084200.0,1786084200.0,1786084200.0,True,,,True,1786084200.0,2026-08-07,1.0
5,True,55.04587155963302,False,False,True,True,0.3621009470248786,3730.0,3730.0,586608925.0,586.608925,4240.8896484375,0.8795324352224703,-0.2713792962902324,0.12519460989693698,100.10691381397123,2.6838314695434646,-0.018421052631578894,-0.018421052631578894,27.722507461820086,28.680368855652894,17.818505887489884,earnings_blackout,0,before_earnings,False,False,False,False,False,False,False,False,False,8022.T,,3730.0,15.553981,1.6361105,239.81,2279.797,283641085952.0,1786084200.0,1786084200.0,1786084200.0,True,,,True,1786084200.0,2026-08-07,1.0
7,True,49.112426035502956,True,False,True,True,0.3087245526463981,3325.0,3325.0,563550250.0,563.55025,3750.0,0.8866666666666667,-0.15333333333333332,0.05055097000382425,113.59288743741777,3.4163274417268505,-0.02777777777777779,-0.11333333333333329,14.908777308845968,18.94241386886447,17.864545688184396,earnings_blackout,0,before_earnings,False,False,False,False,False,False,False,False,False,8919.T,,3325.0,20.872566,4.903074,159.3,678.146,260152016896.0,1786084200.0,1786084200.0,1786084200.0,True,,,True,1786084200.0,2026-08-07,1.0
6,True,53.10344827586207,True,False,True,True,0.4618582525546223,6830.0,6830.0,539565900.0,539.5659,6830.0,1.0,-0.10031678042115022,0.42389176543040397,208.66585439449082,3.05513696038786,0.0,0.0,25.55541081835533,34.08141997145434,15.955657728136451,earnings_blackout,0,ext_dev200;before_earnings,False,False,False,False,False,True,False,False,False,5186.T,,6830.0,13.91804,1.136672,490.73,6008.769,187368980480.0,1786084200.0,1786084200.0,1786084200.0,True,,,True,1786084200.0,2026-08-07,1.0
6,True,65.77480490523969,True,False,True,True,0.23199202191552312,3225.0,3225.0,527870170.0,527.87017,3271.803955078125,0.9856947556391693,-0.2966676183180279,0.10221122900618917,106.4728732956237,3.301484443275154,0.0,-0.013761467889908285,20.534644304707015,28.94199758070294,13.875745759157201,"fund_neg_eps,earnings_blackout",0,before_earnings,False,False,False,False,False,False,False,False,False,6588.T,,3225.0,-74.93029739776952,1.8165586,-43.04,1775.335,170885021696.0,1786084200.0,1786084200.0,1786084200.0,True,,,False,1786084200.0,2026-08-07,1.0
5,True,67.96116504854369,False,True,False,True,0.49471373276131064,3205.0,3205.0,487689915.0,487.689915,3296.028076171875,0.9723824936959887,-0.24879280674219406,0.1308324509655494,75.38252736040397,2.352028934801996,0.0,0.0,30.856205469528103,35.1149296281219,15.820155222598068,earnings_blackout,0,before_earnings,False,False,False,False,False,False,False,False,False,7864.T,,3205.0,8.273744,1.0601757,387.37,3023.084,170967089152.0,1785997800.0,1785997800.0,1785997800.0,True,,,True,1785997800.0,2026-08-06,0.0
6,True,35.05747126436782,False,False,True,True,0.4230835728486954,3940.0,3940.0,453667100.0,453.6671,4405.0,0.8944381384790011,-0.2633371169125993,0.062196225809265204,120.60973572798457,3.061160805278796,-0.07620164126611961,-0.07620164126611961,17.813546364517542,22.248783489572194,22.507564085716833,earnings_blackout,0,before_earnings,False,False,False,False,False,False,False,False,False,4553.T,,3940.0,36.898296,1.0890205,106.78,3617.93,193957806080.0,1785997800.0,1785997800.0,1785997800.0,True,,,True,1785997800.0,2026-08-06,0.0
4,True,67.41573033707866,False,False,True,True,0.3413762773038122,3855.0,3855.0,397597200.0,397.5972,4081.52490234375,0.9444999337836524,-0.16009557644889683,0.07294338802342137,64.35368902674222,1.669356394986828,-0.006443298969072142,-0.006443298969072142,18.50289575146596,19.413860791195003,13.432481112475081,earnings_blackout,0,before_earnings,False,False,False,False,False,False,False,False,False,4041.T,,3855.0,11.452763,1.0090567,336.6,3820.4,206641594368.0,1786084200.0,1786084200.0,1786084200.0,True,,,True,1786084200.0,2026-08-07,1.0
7,True,51.10294117647059,False,False,False,True,0.30801413688970053,1813.5,1813.5,356175510.0,356.17551,1858.0,0.9760495156081809,-0.12357646706283498,0.13146139747262997,34.91258513333731,1.9251494421470807,-0.023950484391819127,-0.023950484391819127,32.7194258940978,26.905791160747427,17.06983690198781,earnings_blackout,0,before_earnings,False,False,False,False,False,False,False,False,False,7846.T,,1813.5,17.166794,1.3929598,105.64,1301.904,190853562368.0,1785997800.0,1785997800.0,1785997800.0,True,,,True,1785997800.0,2026-08-06,0.0
5,True,60.044642857142854,True,False,True,False,0.5197990313590748,1815.0,1815.0,354673975.0,354.673975,1870.1458740234375,0.9705125280388975,-0.34916883989158354,0.14144833777453303,48.074477227220186,2.6487315276705337,0.0,0.0,19.63526928559444,32.11857160708137,15.859343109590426,earnings_blackout,0,before_earnings,False,False,False,False,False,False,False,False,False,7780.T,,1815.0,23.059332,1.4168872,78.71,1280.977,134684008448.0,1786084200.0,1786084200.0,1786084200.0,True,,,True,1786084200.0,2026-08-07,1.0
6,True,77.23577235772358,True,False,False,True,0.32592844101020185,4600.0,4600.0,352149650.0,352.14965,4940.0,0.9311740890688259,-0.1749717121531098,0.12671379328179233,122.62522181705545,2.6657656916751185,-0.0043290043290042934,-0.06882591093117407,21.337944511344734,36.37242832723896,12.655046914732154,earnings_blackout,0,before_earnings,False,False,False,False,False,False,False,False,False,6744.T,,4600.0,19.834425,1.954266,231.92,2353.825,270769455104.0,1785997800.0,1785997800.0,1785997800.0,True,,,True,1785997800.0,2026-08-06,0.0
6,True,72.31638418079096,True,False,True,True,0.36297906023416177,1710.0,1710.0,341949900.0,341.9499,1857.0,0.9208400646203554,-0.12170166935918147,0.14396371510996908,33.08154243989724,1.9345931251401896,0.0,-0.07915993537964461,10.54352673480905,23.925064633723114,19.015256467890527,earnings_blackout,0,before_earnings,False,False,False,False,False,False,False,False,False,4095.T,,1710.0,14.602903,0.91721225,117.1,1864.345,180721942528.0,1786084200.0,1786084200.0,1786084200.0,True,,,True,1786084200.0,2026-08-07,1.0
6,True,45.192307692307686,False,False,False,True,0.33397388197492334,1836.0,1836.0,184279975.0,184.279975,1899.0,0.966824644549763,-0.18753452188185393,0.07271673831243364,37.066933191140464,2.018896143308304,-0.033175355450236976,-0.033175355450236976,23.0035861440834,21.174500919364384,19.138113200142925,"fund_low_adv20,earnings_blackout",0,before_earnings,False,False,False,False,False,False,False,False,False,8771.T,,1836.0,23.825592,4.0016217,77.06,458.814,81549000704.0,1786084200.0,1786084200.0,1786084200.0,True,,,False,1786084200.0,2026-08-07,1.0
